{
	"start":	{
		"connected":	[{
				"socket":	8,
				"local_host":	"172.16.0.111",
				"local_port":	33626,
				"remote_host":	"172.17.0.111",
				"remote_port":	5201
			}],
		"version":	"iperf 3.16",
		"system_info":	"Linux h1 6.12.54-0b264c55b-l4steam-117 #1 SMP PREEMPT_DYNAMIC Fri Nov  7 18:07:57 UTC 2025 x86_64",
		"timestamp":	{
			"time":	"Sun, 22 Feb 2026 02:47:08 GMT",
			"timesecs":	1771728428
		},
		"connecting_to":	{
			"host":	"172.17.0.111",
			"port":	5201
		},
		"cookie":	"acss2gqjtctjyqsf7us52ejgugityzbes7s6",
		"tcp_mss_default":	1448,
		"target_bitrate":	0,
		"fq_rate":	0,
		"sock_bufsize":	0,
		"sndbuf_actual":	1000000,
		"rcvbuf_actual":	1000000,
		"test_start":	{
			"protocol":	"TCP",
			"num_streams":	1,
			"blksize":	131072,
			"omit":	0,
			"duration":	0,
			"bytes":	107374182,
			"blocks":	0,
			"reverse":	0,
			"tos":	0,
			"target_bitrate":	0,
			"bidir":	0,
			"fqrate":	0
		}
	},
	"intervals":	[{
			"streams":	[{
					"socket":	8,
					"start":	0,
					"end":	1.001064,
					"seconds":	1.0010639429092407,
					"bytes":	12451840,
					"bits_per_second":	99508848.266480163,
					"retransmits":	0,
					"snd_cwnd":	144800000,
					"snd_wnd":	22106112,
					"rtt":	116057,
					"rttvar":	6768,
					"pmtu":	1500,
					"omitted":	false,
					"sender":	true
				}],
			"sum":	{
				"start":	0,
				"end":	1.001064,
				"seconds":	1.0010639429092407,
				"bytes":	12451840,
				"bits_per_second":	99508848.266480163,
				"retransmits":	0,
				"omitted":	false,
				"sender":	true
			}
		}, {
			"streams":	[{
					"socket":	8,
					"start":	1.001064,
					"end":	2.001055,
					"seconds":	0.999990999698639,
					"bytes":	10878976,
					"bits_per_second":	87032591.3195501,
					"retransmits":	68,
					"snd_cwnd":	101387512,
					"snd_wnd":	43470848,
					"rtt":	109805,
					"rttvar":	5442,
					"pmtu":	1500,
					"omitted":	false,
					"sender":	true
				}],
			"sum":	{
				"start":	1.001064,
				"end":	2.001055,
				"seconds":	0.999990999698639,
				"bytes":	10878976,
				"bits_per_second":	87032591.3195501,
				"retransmits":	68,
				"omitted":	false,
				"sender":	true
			}
		}, {
			"streams":	[{
					"socket":	8,
					"start":	2.001055,
					"end":	3.001201,
					"seconds":	1.0001460313797,
					"bytes":	24248320,
					"bits_per_second":	193958236.01119116,
					"retransmits":	16,
					"snd_cwnd":	70989648,
					"snd_wnd":	64053248,
					"rtt":	170142,
					"rttvar":	7006,
					"pmtu":	1500,
					"omitted":	false,
					"sender":	true
				}],
			"sum":	{
				"start":	2.001055,
				"end":	3.001201,
				"seconds":	1.0001460313797,
				"bytes":	24248320,
				"bits_per_second":	193958236.01119116,
				"retransmits":	16,
				"omitted":	false,
				"sender":	true
			}
		}, {
			"streams":	[{
					"socket":	8,
					"start":	3.001201,
					"end":	4.001053,
					"seconds":	0.99985200166702271,
					"bytes":	0,
					"bits_per_second":	0,
					"retransmits":	6370,
					"snd_cwnd":	2048920,
					"snd_wnd":	70533120,
					"rtt":	304542,
					"rttvar":	3221,
					"pmtu":	1500,
					"omitted":	false,
					"sender":	true
				}],
			"sum":	{
				"start":	3.001201,
				"end":	4.001053,
				"seconds":	0.99985200166702271,
				"bytes":	0,
				"bits_per_second":	0,
				"retransmits":	6370,
				"omitted":	false,
				"sender":	true
			}
		}, {
			"streams":	[{
					"socket":	8,
					"start":	4.001053,
					"end":	5.001026,
					"seconds":	0.99997299909591675,
					"bytes":	14942208,
					"bits_per_second":	119540891.71215114,
					"retransmits":	3151,
					"snd_cwnd":	3796656,
					"snd_wnd":	71376896,
					"rtt":	72752,
					"rttvar":	1748,
					"pmtu":	1500,
					"omitted":	false,
					"sender":	true
				}],
			"sum":	{
				"start":	4.001053,
				"end":	5.001026,
				"seconds":	0.99997299909591675,
				"bytes":	14942208,
				"bits_per_second":	119540891.71215114,
				"retransmits":	3151,
				"omitted":	false,
				"sender":	true
			}
		}, {
			"streams":	[{
					"socket":	8,
					"start":	5.001026,
					"end":	6.005649,
					"seconds":	1.0046230554580688,
					"bytes":	44957696,
					"bits_per_second":	358006484.169337,
					"retransmits":	5432,
					"snd_cwnd":	4383096,
					"snd_wnd":	71405568,
					"rtt":	452144,
					"rttvar":	3033,
					"pmtu":	1500,
					"omitted":	false,
					"sender":	true
				}],
			"sum":	{
				"start":	5.001026,
				"end":	6.005649,
				"seconds":	1.0046230554580688,
				"bytes":	44957696,
				"bits_per_second":	358006484.169337,
				"retransmits":	5432,
				"omitted":	false,
				"sender":	true
			}
		}],
	"end":	{
		"streams":	[{
				"sender":	{
					"socket":	8,
					"start":	0,
					"end":	6.005972,
					"seconds":	6.005972,
					"bytes":	107479040,
					"bits_per_second":	143162891.86829376,
					"retransmits":	15037,
					"max_snd_cwnd":	144800000,
					"max_snd_wnd":	71405568,
					"max_rtt":	452144,
					"min_rtt":	72752,
					"mean_rtt":	239655,
					"sender":	true
				},
				"receiver":	{
					"socket":	8,
					"start":	0,
					"end":	6.07031,
					"seconds":	6.005972,
					"bytes":	60817408,
					"bits_per_second":	80150645.354191139,
					"sender":	true
				}
			}],
		"sum_sent":	{
			"start":	0,
			"end":	6.005972,
			"seconds":	6.005972,
			"bytes":	107479040,
			"bits_per_second":	143162891.86829376,
			"retransmits":	15037,
			"sender":	true
		},
		"sum_received":	{
			"start":	0,
			"end":	6.07031,
			"seconds":	6.07031,
			"bytes":	60817408,
			"bits_per_second":	80150645.354191139,
			"sender":	true
		},
		"cpu_utilization_percent":	{
			"host_total":	13.426139558885772,
			"host_user":	10.468181870998848,
			"host_system":	2.9579736053478847,
			"remote_total":	1.2244661277273896,
			"remote_user":	0,
			"remote_system":	1.2244990749250575
		},
		"sender_tcp_congestion":	"cubic",
		"receiver_tcp_congestion":	"cubic"
	}
}
