{
	"start":	{
		"connected":	[{
				"socket":	8,
				"local_host":	"172.16.0.113",
				"local_port":	36620,
				"remote_host":	"172.17.0.113",
				"remote_port":	5201
			}],
		"version":	"iperf 3.16",
		"system_info":	"Linux h1 6.12.54-0b264c55b-l4steam-117 #1 SMP PREEMPT_DYNAMIC Fri Nov  7 18:07:57 UTC 2025 x86_64",
		"timestamp":	{
			"time":	"Sun, 22 Feb 2026 02:47:08 GMT",
			"timesecs":	1771728428
		},
		"connecting_to":	{
			"host":	"172.17.0.113",
			"port":	5201
		},
		"cookie":	"ptdy4asu3tpi4xnn4rq34il3ttidokggh7sm",
		"tcp_mss_default":	1448,
		"target_bitrate":	0,
		"fq_rate":	0,
		"sock_bufsize":	0,
		"sndbuf_actual":	1000000,
		"rcvbuf_actual":	1000000,
		"test_start":	{
			"protocol":	"TCP",
			"num_streams":	1,
			"blksize":	131072,
			"omit":	0,
			"duration":	0,
			"bytes":	107374182,
			"blocks":	0,
			"reverse":	0,
			"tos":	0,
			"target_bitrate":	0,
			"bidir":	0,
			"fqrate":	0
		}
	},
	"intervals":	[{
			"streams":	[{
					"socket":	8,
					"start":	0,
					"end":	1.001051,
					"seconds":	1.00105094909668,
					"bytes":	14811136,
					"bits_per_second":	118364692.73309338,
					"retransmits":	93,
					"snd_cwnd":	101387512,
					"snd_wnd":	19865600,
					"rtt":	207265,
					"rttvar":	21316,
					"pmtu":	1500,
					"omitted":	false,
					"sender":	true
				}],
			"sum":	{
				"start":	0,
				"end":	1.001051,
				"seconds":	1.00105094909668,
				"bytes":	14811136,
				"bits_per_second":	118364692.73309338,
				"retransmits":	93,
				"omitted":	false,
				"sender":	true
			}
		}, {
			"streams":	[{
					"socket":	8,
					"start":	1.001051,
					"end":	2.001079,
					"seconds":	1.0000280141830444,
					"bytes":	10747904,
					"bits_per_second":	85980823.317477271,
					"retransmits":	0,
					"snd_cwnd":	101387512,
					"snd_wnd":	25411584,
					"rtt":	286955,
					"rttvar":	18564,
					"pmtu":	1500,
					"omitted":	false,
					"sender":	true
				}],
			"sum":	{
				"start":	1.001051,
				"end":	2.001079,
				"seconds":	1.0000280141830444,
				"bytes":	10747904,
				"bits_per_second":	85980823.317477271,
				"retransmits":	0,
				"omitted":	false,
				"sender":	true
			}
		}, {
			"streams":	[{
					"socket":	8,
					"start":	2.001079,
					"end":	3.001209,
					"seconds":	1.0001300573349,
					"bytes":	7602176,
					"bits_per_second":	60809499.27858723,
					"retransmits":	320,
					"snd_cwnd":	2998808,
					"snd_wnd":	25387008,
					"rtt":	280215,
					"rttvar":	29667,
					"pmtu":	1500,
					"omitted":	false,
					"sender":	true
				}],
			"sum":	{
				"start":	2.001079,
				"end":	3.001209,
				"seconds":	1.0001300573349,
				"bytes":	7602176,
				"bits_per_second":	60809499.27858723,
				"retransmits":	320,
				"omitted":	false,
				"sender":	true
			}
		}, {
			"streams":	[{
					"socket":	8,
					"start":	3.001209,
					"end":	4.001967,
					"seconds":	1.0007580518722534,
					"bytes":	13893632,
					"bits_per_second":	111064863.07260624,
					"retransmits":	124,
					"snd_cwnd":	34802680,
					"snd_wnd":	22884352,
					"rtt":	233883,
					"rttvar":	4342,
					"pmtu":	1500,
					"omitted":	false,
					"sender":	true
				}],
			"sum":	{
				"start":	3.001209,
				"end":	4.001967,
				"seconds":	1.0007580518722534,
				"bytes":	13893632,
				"bits_per_second":	111064863.07260624,
				"retransmits":	124,
				"omitted":	false,
				"sender":	true
			}
		}, {
			"streams":	[{
					"socket":	8,
					"start":	4.001967,
					"end":	5.002046,
					"seconds":	1.0000790357589722,
					"bytes":	9437184,
					"bits_per_second":	75491505.4715691,
					"retransmits":	16,
					"snd_cwnd":	2778712,
					"snd_wnd":	25387008,
					"rtt":	244506,
					"rttvar":	19133,
					"pmtu":	1500,
					"omitted":	false,
					"sender":	true
				}],
			"sum":	{
				"start":	4.001967,
				"end":	5.002046,
				"seconds":	1.0000790357589722,
				"bytes":	9437184,
				"bits_per_second":	75491505.4715691,
				"retransmits":	16,
				"omitted":	false,
				"sender":	true
			}
		}, {
			"streams":	[{
					"socket":	8,
					"start":	5.002046,
					"end":	6.003069,
					"seconds":	1.0010230541229248,
					"bytes":	18350080,
					"bits_per_second":	146650608.49035451,
					"retransmits":	3558,
					"snd_cwnd":	4529344,
					"snd_wnd":	25141248,
					"rtt":	352245,
					"rttvar":	8800,
					"pmtu":	1500,
					"omitted":	false,
					"sender":	true
				}],
			"sum":	{
				"start":	5.002046,
				"end":	6.003069,
				"seconds":	1.0010230541229248,
				"bytes":	18350080,
				"bits_per_second":	146650608.49035451,
				"retransmits":	3558,
				"omitted":	false,
				"sender":	true
			}
		}, {
			"streams":	[{
					"socket":	8,
					"start":	6.003069,
					"end":	7.003069,
					"seconds":	1,
					"bytes":	32636928,
					"bits_per_second":	261095424,
					"retransmits":	6209,
					"snd_cwnd":	10608048,
					"snd_wnd":	43065344,
					"rtt":	279754,
					"rttvar":	2850,
					"pmtu":	1500,
					"omitted":	false,
					"sender":	true
				}],
			"sum":	{
				"start":	6.003069,
				"end":	7.003069,
				"seconds":	1,
				"bytes":	32636928,
				"bits_per_second":	261095424,
				"retransmits":	6209,
				"omitted":	false,
				"sender":	true
			}
		}],
	"end":	{
		"streams":	[{
				"sender":	{
					"socket":	8,
					"start":	0,
					"end":	7.003332,
					"seconds":	7.003332,
					"bytes":	107479040,
					"bits_per_second":	122774747.79147983,
					"retransmits":	10320,
					"max_snd_cwnd":	101387512,
					"max_snd_wnd":	43065344,
					"max_rtt":	352245,
					"min_rtt":	207265,
					"mean_rtt":	270572,
					"sender":	true
				},
				"receiver":	{
					"socket":	8,
					"start":	0,
					"end":	7.072414,
					"seconds":	7.003332,
					"bytes":	80084992,
					"bits_per_second":	90588579.231928438,
					"sender":	true
				}
			}],
		"sum_sent":	{
			"start":	0,
			"end":	7.003332,
			"seconds":	7.003332,
			"bytes":	107479040,
			"bits_per_second":	122774747.79147983,
			"retransmits":	10320,
			"sender":	true
		},
		"sum_received":	{
			"start":	0,
			"end":	7.072414,
			"seconds":	7.072414,
			"bytes":	80084992,
			"bits_per_second":	90588579.231928438,
			"sender":	true
		},
		"cpu_utilization_percent":	{
			"host_total":	7.0625573942617343,
			"host_user":	2.6875993523929762,
			"host_system":	4.3749580418687577,
			"remote_total":	1.2141797393794975,
			"remote_user":	0,
			"remote_system":	1.2141938787932689
		},
		"sender_tcp_congestion":	"cubic",
		"receiver_tcp_congestion":	"cubic"
	}
}
