{
	"start":	{
		"connected":	[{
				"socket":	8,
				"local_host":	"172.16.0.124",
				"local_port":	56314,
				"remote_host":	"172.17.0.124",
				"remote_port":	5201
			}],
		"version":	"iperf 3.16",
		"system_info":	"Linux h1 6.12.54-0b264c55b-l4steam-117 #1 SMP PREEMPT_DYNAMIC Fri Nov  7 18:07:57 UTC 2025 x86_64",
		"timestamp":	{
			"time":	"Sun, 22 Feb 2026 02:47:08 GMT",
			"timesecs":	1771728428
		},
		"connecting_to":	{
			"host":	"172.17.0.124",
			"port":	5201
		},
		"cookie":	"3glikriayx2xrolbneth4bqh447cl4ifnqze",
		"tcp_mss_default":	1448,
		"target_bitrate":	0,
		"fq_rate":	0,
		"sock_bufsize":	0,
		"sndbuf_actual":	1000000,
		"rcvbuf_actual":	1000000,
		"test_start":	{
			"protocol":	"TCP",
			"num_streams":	1,
			"blksize":	131072,
			"omit":	0,
			"duration":	0,
			"bytes":	107374182,
			"blocks":	0,
			"reverse":	0,
			"tos":	0,
			"target_bitrate":	0,
			"bidir":	0,
			"fqrate":	0
		}
	},
	"intervals":	[{
			"streams":	[{
					"socket":	8,
					"start":	0,
					"end":	1.001041,
					"seconds":	1.001041054725647,
					"bytes":	13107200,
					"bits_per_second":	104748551.02594976,
					"retransmits":	0,
					"snd_cwnd":	144800000,
					"snd_wnd":	11554816,
					"rtt":	106333,
					"rttvar":	13310,
					"pmtu":	1500,
					"omitted":	false,
					"sender":	true
				}],
			"sum":	{
				"start":	0,
				"end":	1.001041,
				"seconds":	1.001041054725647,
				"bytes":	13107200,
				"bits_per_second":	104748551.02594976,
				"retransmits":	0,
				"omitted":	false,
				"sender":	true
			}
		}, {
			"streams":	[{
					"socket":	8,
					"start":	1.001041,
					"end":	2.00108,
					"seconds":	1.0000389814376831,
					"bytes":	11796480,
					"bits_per_second":	94368161.393397376,
					"retransmits":	0,
					"snd_cwnd":	144800000,
					"snd_wnd":	11554816,
					"rtt":	113748,
					"rttvar":	4041,
					"pmtu":	1500,
					"omitted":	false,
					"sender":	true
				}],
			"sum":	{
				"start":	1.001041,
				"end":	2.00108,
				"seconds":	1.0000389814376831,
				"bytes":	11796480,
				"bits_per_second":	94368161.393397376,
				"retransmits":	0,
				"omitted":	false,
				"sender":	true
			}
		}, {
			"streams":	[{
					"socket":	8,
					"start":	2.00108,
					"end":	3.001065,
					"seconds":	0.9999849796295166,
					"bytes":	24641536,
					"bits_per_second":	197135249.044476,
					"retransmits":	0,
					"snd_cwnd":	144800000,
					"snd_wnd":	11554816,
					"rtt":	190130,
					"rttvar":	5788,
					"pmtu":	1500,
					"omitted":	false,
					"sender":	true
				}],
			"sum":	{
				"start":	2.00108,
				"end":	3.001065,
				"seconds":	0.9999849796295166,
				"bytes":	24641536,
				"bits_per_second":	197135249.044476,
				"retransmits":	0,
				"omitted":	false,
				"sender":	true
			}
		}, {
			"streams":	[{
					"socket":	8,
					"start":	3.001065,
					"end":	4.002243,
					"seconds":	1.0011780261993408,
					"bytes":	0,
					"bits_per_second":	0,
					"retransmits":	5630,
					"snd_cwnd":	2179240,
					"snd_wnd":	8765440,
					"rtt":	277741,
					"rttvar":	14228,
					"pmtu":	1500,
					"omitted":	false,
					"sender":	true
				}],
			"sum":	{
				"start":	3.001065,
				"end":	4.002243,
				"seconds":	1.0011780261993408,
				"bytes":	0,
				"bits_per_second":	0,
				"retransmits":	5630,
				"omitted":	false,
				"sender":	true
			}
		}, {
			"streams":	[{
					"socket":	8,
					"start":	4.002243,
					"end":	5.003069,
					"seconds":	1.0008260011672974,
					"bytes":	10878976,
					"bits_per_second":	86959978.9558743,
					"retransmits":	1588,
					"snd_cwnd":	6540616,
					"snd_wnd":	27627520,
					"rtt":	414642,
					"rttvar":	10406,
					"pmtu":	1500,
					"omitted":	false,
					"sender":	true
				}],
			"sum":	{
				"start":	4.002243,
				"end":	5.003069,
				"seconds":	1.0008260011672974,
				"bytes":	10878976,
				"bits_per_second":	86959978.9558743,
				"retransmits":	1588,
				"omitted":	false,
				"sender":	true
			}
		}, {
			"streams":	[{
					"socket":	8,
					"start":	5.003069,
					"end":	6.00311,
					"seconds":	1.0000410079956055,
					"bytes":	31064064,
					"bits_per_second":	248502321.41789535,
					"retransmits":	4814,
					"snd_cwnd":	6977912,
					"snd_wnd":	53698560,
					"rtt":	436160,
					"rttvar":	2162,
					"pmtu":	1500,
					"omitted":	false,
					"sender":	true
				}],
			"sum":	{
				"start":	5.003069,
				"end":	6.00311,
				"seconds":	1.0000410079956055,
				"bytes":	31064064,
				"bits_per_second":	248502321.41789535,
				"retransmits":	4814,
				"omitted":	false,
				"sender":	true
			}
		}, {
			"streams":	[{
					"socket":	8,
					"start":	6.00311,
					"end":	7.001056,
					"seconds":	0.99794602394104,
					"bytes":	15990784,
					"bits_per_second":	128189570.30842187,
					"retransmits":	10149,
					"snd_cwnd":	34814264,
					"snd_wnd":	78163968,
					"rtt":	95064,
					"rttvar":	590,
					"pmtu":	1500,
					"omitted":	false,
					"sender":	true
				}],
			"sum":	{
				"start":	6.00311,
				"end":	7.001056,
				"seconds":	0.99794602394104,
				"bytes":	15990784,
				"bits_per_second":	128189570.30842187,
				"retransmits":	10149,
				"omitted":	false,
				"sender":	true
			}
		}],
	"end":	{
		"streams":	[{
				"sender":	{
					"socket":	8,
					"start":	0,
					"end":	7.017356,
					"seconds":	7.017356,
					"bytes":	107479040,
					"bits_per_second":	122529385.7116555,
					"retransmits":	22181,
					"max_snd_cwnd":	144800000,
					"max_snd_wnd":	78307328,
					"max_rtt":	436160,
					"min_rtt":	95064,
					"mean_rtt":	216510,
					"sender":	true
				},
				"receiver":	{
					"socket":	8,
					"start":	0,
					"end":	7.085359,
					"seconds":	7.017356,
					"bytes":	90177536,
					"bits_per_second":	101818452.38893329,
					"sender":	true
				}
			}],
		"sum_sent":	{
			"start":	0,
			"end":	7.017356,
			"seconds":	7.017356,
			"bytes":	107479040,
			"bits_per_second":	122529385.7116555,
			"retransmits":	22181,
			"sender":	true
		},
		"sum_received":	{
			"start":	0,
			"end":	7.085359,
			"seconds":	7.085359,
			"bytes":	90177536,
			"bits_per_second":	101818452.38893329,
			"sender":	true
		},
		"cpu_utilization_percent":	{
			"host_total":	3.6423134361931973,
			"host_user":	0.727228237194364,
			"host_system":	2.9150989151104367,
			"remote_total":	1.4278715962791504,
			"remote_user":	0.12978854600556555,
			"remote_system":	1.29806893668659
		},
		"sender_tcp_congestion":	"cubic",
		"receiver_tcp_congestion":	"cubic"
	}
}
