{
	"start":	{
		"connected":	[{
				"socket":	8,
				"local_host":	"172.16.0.74",
				"local_port":	49912,
				"remote_host":	"172.17.0.74",
				"remote_port":	5201
			}],
		"version":	"iperf 3.16",
		"system_info":	"Linux h1 6.12.54-0b264c55b-l4steam-117 #1 SMP PREEMPT_DYNAMIC Fri Nov  7 18:07:57 UTC 2025 x86_64",
		"timestamp":	{
			"time":	"Sun, 22 Feb 2026 02:47:08 GMT",
			"timesecs":	1771728428
		},
		"connecting_to":	{
			"host":	"172.17.0.74",
			"port":	5201
		},
		"cookie":	"jkcs7aulfyr6ddlx4rdja6w23cqzoeldcmtz",
		"tcp_mss_default":	1448,
		"target_bitrate":	0,
		"fq_rate":	0,
		"sock_bufsize":	0,
		"sndbuf_actual":	1000000,
		"rcvbuf_actual":	1000000,
		"test_start":	{
			"protocol":	"TCP",
			"num_streams":	1,
			"blksize":	131072,
			"omit":	0,
			"duration":	0,
			"bytes":	107374182,
			"blocks":	0,
			"reverse":	0,
			"tos":	0,
			"target_bitrate":	0,
			"bidir":	0,
			"fqrate":	0
		}
	},
	"intervals":	[{
			"streams":	[{
					"socket":	8,
					"start":	0,
					"end":	1.000598,
					"seconds":	1.0005979537963867,
					"bytes":	19005440,
					"bits_per_second":	151952659.33048227,
					"retransmits":	2330,
					"snd_cwnd":	1149712,
					"snd_wnd":	13578240,
					"rtt":	117653,
					"rttvar":	9842,
					"pmtu":	1500,
					"omitted":	false,
					"sender":	true
				}],
			"sum":	{
				"start":	0,
				"end":	1.000598,
				"seconds":	1.0005979537963867,
				"bytes":	19005440,
				"bits_per_second":	151952659.33048227,
				"retransmits":	2330,
				"omitted":	false,
				"sender":	true
			}
		}, {
			"streams":	[{
					"socket":	8,
					"start":	1.000598,
					"end":	2.000603,
					"seconds":	1.0000050067901611,
					"bytes":	0,
					"bits_per_second":	0,
					"retransmits":	384,
					"snd_cwnd":	4142728,
					"snd_wnd":	23732224,
					"rtt":	85576,
					"rttvar":	3108,
					"pmtu":	1500,
					"omitted":	false,
					"sender":	true
				}],
			"sum":	{
				"start":	1.000598,
				"end":	2.000603,
				"seconds":	1.0000050067901611,
				"bytes":	0,
				"bits_per_second":	0,
				"retransmits":	384,
				"omitted":	false,
				"sender":	true
			}
		}, {
			"streams":	[{
					"socket":	8,
					"start":	2.000603,
					"end":	3.000604,
					"seconds":	1.0000009536743164,
					"bytes":	22020096,
					"bits_per_second":	176160600.00016022,
					"retransmits":	0,
					"snd_cwnd":	4142728,
					"snd_wnd":	25706496,
					"rtt":	122851,
					"rttvar":	1929,
					"pmtu":	1500,
					"omitted":	false,
					"sender":	true
				}],
			"sum":	{
				"start":	2.000603,
				"end":	3.000604,
				"seconds":	1.0000009536743164,
				"bytes":	22020096,
				"bits_per_second":	176160600.00016022,
				"retransmits":	0,
				"omitted":	false,
				"sender":	true
			}
		}, {
			"streams":	[{
					"socket":	8,
					"start":	3.000604,
					"end":	4.000602,
					"seconds":	0.99999797344207764,
					"bytes":	131072,
					"bits_per_second":	1048578.1250043064,
					"retransmits":	0,
					"snd_cwnd":	4142728,
					"snd_wnd":	25706496,
					"rtt":	100582,
					"rttvar":	7198,
					"pmtu":	1500,
					"omitted":	false,
					"sender":	true
				}],
			"sum":	{
				"start":	3.000604,
				"end":	4.000602,
				"seconds":	0.99999797344207764,
				"bytes":	131072,
				"bits_per_second":	1048578.1250043064,
				"retransmits":	0,
				"omitted":	false,
				"sender":	true
			}
		}, {
			"streams":	[{
					"socket":	8,
					"start":	4.000602,
					"end":	5.001816,
					"seconds":	1.0012140274047852,
					"bytes":	8388608,
					"bits_per_second":	67027490.7893078,
					"retransmits":	0,
					"snd_cwnd":	5133160,
					"snd_wnd":	25706496,
					"rtt":	238346,
					"rttvar":	5798,
					"pmtu":	1500,
					"omitted":	false,
					"sender":	true
				}],
			"sum":	{
				"start":	4.000602,
				"end":	5.001816,
				"seconds":	1.0012140274047852,
				"bytes":	8388608,
				"bits_per_second":	67027490.7893078,
				"retransmits":	0,
				"omitted":	false,
				"sender":	true
			}
		}, {
			"streams":	[{
					"socket":	8,
					"start":	5.001816,
					"end":	6.000586,
					"seconds":	0.998769998550415,
					"bytes":	17432576,
					"bits_per_second":	139632356.00028932,
					"retransmits":	2376,
					"snd_cwnd":	2600608,
					"snd_wnd":	32440320,
					"rtt":	68550,
					"rttvar":	458,
					"pmtu":	1500,
					"omitted":	false,
					"sender":	true
				}],
			"sum":	{
				"start":	5.001816,
				"end":	6.000586,
				"seconds":	0.998769998550415,
				"bytes":	17432576,
				"bits_per_second":	139632356.00028932,
				"retransmits":	2376,
				"omitted":	false,
				"sender":	true
			}
		}, {
			"streams":	[{
					"socket":	8,
					"start":	6.000586,
					"end":	7.000584,
					"seconds":	0.99999797344207764,
					"bytes":	19398656,
					"bits_per_second":	155189562.50063735,
					"retransmits":	361,
					"snd_cwnd":	1446552,
					"snd_wnd":	64204800,
					"rtt":	91217,
					"rttvar":	848,
					"pmtu":	1500,
					"omitted":	false,
					"sender":	true
				}],
			"sum":	{
				"start":	6.000586,
				"end":	7.000584,
				"seconds":	0.99999797344207764,
				"bytes":	19398656,
				"bits_per_second":	155189562.50063735,
				"retransmits":	361,
				"omitted":	false,
				"sender":	true
			}
		}, {
			"streams":	[{
					"socket":	8,
					"start":	7.000584,
					"end":	8.000586,
					"seconds":	1.0000020265579224,
					"bytes":	21102592,
					"bits_per_second":	168820393.87569332,
					"retransmits":	69,
					"snd_cwnd":	1408904,
					"snd_wnd":	104120320,
					"rtt":	60908,
					"rttvar":	22,
					"pmtu":	1500,
					"omitted":	false,
					"sender":	true
				}],
			"sum":	{
				"start":	7.000584,
				"end":	8.000586,
				"seconds":	1.0000020265579224,
				"bytes":	21102592,
				"bits_per_second":	168820393.87569332,
				"retransmits":	69,
				"omitted":	false,
				"sender":	true
			}
		}],
	"end":	{
		"streams":	[{
				"sender":	{
					"socket":	8,
					"start":	0,
					"end":	8.000774,
					"seconds":	8.000774,
					"bytes":	107479040,
					"bits_per_second":	107468642.40884694,
					"retransmits":	5520,
					"max_snd_cwnd":	5133160,
					"max_snd_wnd":	104173568,
					"max_rtt":	238346,
					"min_rtt":	60908,
					"mean_rtt":	105177,
					"sender":	true
				},
				"receiver":	{
					"socket":	8,
					"start":	0,
					"end":	8.08022,
					"seconds":	8.000774,
					"bytes":	94109696,
					"bits_per_second":	93175379.878270641,
					"sender":	true
				}
			}],
		"sum_sent":	{
			"start":	0,
			"end":	8.000774,
			"seconds":	8.000774,
			"bytes":	107479040,
			"bits_per_second":	107468642.40884694,
			"retransmits":	5520,
			"sender":	true
		},
		"sum_received":	{
			"start":	0,
			"end":	8.08022,
			"seconds":	8.08022,
			"bytes":	94109696,
			"bits_per_second":	93175379.878270641,
			"sender":	true
		},
		"cpu_utilization_percent":	{
			"host_total":	0.95256287699064857,
			"host_user":	0.17109975129953789,
			"host_system":	0.781475169880277,
			"remote_total":	1.8259372191448913,
			"remote_user":	0,
			"remote_system":	1.8259248432656778
		},
		"sender_tcp_congestion":	"cubic",
		"receiver_tcp_congestion":	"cubic"
	}
}
