{
	"start":	{
		"connected":	[{
				"socket":	8,
				"local_host":	"172.16.0.84",
				"local_port":	51018,
				"remote_host":	"172.17.0.84",
				"remote_port":	5201
			}],
		"version":	"iperf 3.16",
		"system_info":	"Linux h1 6.12.54-0b264c55b-l4steam-117 #1 SMP PREEMPT_DYNAMIC Fri Nov  7 18:07:57 UTC 2025 x86_64",
		"timestamp":	{
			"time":	"Sun, 22 Feb 2026 02:47:08 GMT",
			"timesecs":	1771728428
		},
		"connecting_to":	{
			"host":	"172.17.0.84",
			"port":	5201
		},
		"cookie":	"ggulby6kbgrepx7uzpulkuw5z4czxfr6gfeo",
		"tcp_mss_default":	1448,
		"target_bitrate":	0,
		"fq_rate":	0,
		"sock_bufsize":	0,
		"sndbuf_actual":	1000000,
		"rcvbuf_actual":	1000000,
		"test_start":	{
			"protocol":	"TCP",
			"num_streams":	1,
			"blksize":	131072,
			"omit":	0,
			"duration":	0,
			"bytes":	107374182,
			"blocks":	0,
			"reverse":	0,
			"tos":	0,
			"target_bitrate":	0,
			"bidir":	0,
			"fqrate":	0
		}
	},
	"intervals":	[{
			"streams":	[{
					"socket":	8,
					"start":	0,
					"end":	1.001034,
					"seconds":	1.0010340213775635,
					"bytes":	13107200,
					"bits_per_second":	104749286.99795958,
					"retransmits":	2,
					"snd_cwnd":	144800000,
					"snd_wnd":	15044608,
					"rtt":	141318,
					"rttvar":	17865,
					"pmtu":	1500,
					"omitted":	false,
					"sender":	true
				}],
			"sum":	{
				"start":	0,
				"end":	1.001034,
				"seconds":	1.0010340213775635,
				"bytes":	13107200,
				"bits_per_second":	104749286.99795958,
				"retransmits":	2,
				"omitted":	false,
				"sender":	true
			}
		}, {
			"streams":	[{
					"socket":	8,
					"start":	1.001034,
					"end":	2.002716,
					"seconds":	1.0016820430755615,
					"bytes":	10092544,
					"bits_per_second":	80604771.3025733,
					"retransmits":	26,
					"snd_cwnd":	1591352,
					"snd_wnd":	15085568,
					"rtt":	158124,
					"rttvar":	18239,
					"pmtu":	1500,
					"omitted":	false,
					"sender":	true
				}],
			"sum":	{
				"start":	1.001034,
				"end":	2.002716,
				"seconds":	1.0016820430755615,
				"bytes":	10092544,
				"bits_per_second":	80604771.3025733,
				"retransmits":	26,
				"omitted":	false,
				"sender":	true
			}
		}, {
			"streams":	[{
					"socket":	8,
					"start":	2.002716,
					"end":	3.001034,
					"seconds":	0.99831801652908325,
					"bytes":	25296896,
					"bits_per_second":	202716133.18530583,
					"retransmits":	0,
					"snd_cwnd":	101387512,
					"snd_wnd":	15110144,
					"rtt":	168144,
					"rttvar":	9389,
					"pmtu":	1500,
					"omitted":	false,
					"sender":	true
				}],
			"sum":	{
				"start":	2.002716,
				"end":	3.001034,
				"seconds":	0.99831801652908325,
				"bytes":	25296896,
				"bits_per_second":	202716133.18530583,
				"retransmits":	0,
				"omitted":	false,
				"sender":	true
			}
		}, {
			"streams":	[{
					"socket":	8,
					"start":	3.001034,
					"end":	4.001034,
					"seconds":	1,
					"bytes":	2752512,
					"bits_per_second":	22020096,
					"retransmits":	6273,
					"snd_cwnd":	4710344,
					"snd_wnd":	25899008,
					"rtt":	419833,
					"rttvar":	20701,
					"pmtu":	1500,
					"omitted":	false,
					"sender":	true
				}],
			"sum":	{
				"start":	3.001034,
				"end":	4.001034,
				"seconds":	1,
				"bytes":	2752512,
				"bits_per_second":	22020096,
				"retransmits":	6273,
				"omitted":	false,
				"sender":	true
			}
		}, {
			"streams":	[{
					"socket":	8,
					"start":	4.001034,
					"end":	5.002706,
					"seconds":	1.0016720294952393,
					"bytes":	10747904,
					"bits_per_second":	85839705.480573833,
					"retransmits":	2493,
					"snd_cwnd":	70999784,
					"snd_wnd":	49311744,
					"rtt":	394811,
					"rttvar":	8290,
					"pmtu":	1500,
					"omitted":	false,
					"sender":	true
				}],
			"sum":	{
				"start":	4.001034,
				"end":	5.002706,
				"seconds":	1.0016720294952393,
				"bytes":	10747904,
				"bits_per_second":	85839705.480573833,
				"retransmits":	2493,
				"omitted":	false,
				"sender":	true
			}
		}, {
			"streams":	[{
					"socket":	8,
					"start":	5.002706,
					"end":	6.00102,
					"seconds":	0.9983140230178833,
					"bytes":	13369344,
					"bits_per_second":	107135379.78428663,
					"retransmits":	2054,
					"snd_cwnd":	49727216,
					"snd_wnd":	54939648,
					"rtt":	353956,
					"rttvar":	15631,
					"pmtu":	1500,
					"omitted":	false,
					"sender":	true
				}],
			"sum":	{
				"start":	5.002706,
				"end":	6.00102,
				"seconds":	0.9983140230178833,
				"bytes":	13369344,
				"bits_per_second":	107135379.78428663,
				"retransmits":	2054,
				"omitted":	false,
				"sender":	true
			}
		}, {
			"streams":	[{
					"socket":	8,
					"start":	6.00102,
					"end":	7.002708,
					"seconds":	1.0016880035400391,
					"bytes":	32112640,
					"bits_per_second":	256468200.76919416,
					"retransmits":	6749,
					"snd_cwnd":	4789984,
					"snd_wnd":	55001088,
					"rtt":	269461,
					"rttvar":	7606,
					"pmtu":	1500,
					"omitted":	false,
					"sender":	true
				}],
			"sum":	{
				"start":	6.00102,
				"end":	7.002708,
				"seconds":	1.0016880035400391,
				"bytes":	32112640,
				"bits_per_second":	256468200.76919416,
				"retransmits":	6749,
				"omitted":	false,
				"sender":	true
			}
		}],
	"end":	{
		"streams":	[{
				"sender":	{
					"socket":	8,
					"start":	0,
					"end":	7.014841,
					"seconds":	7.014841,
					"bytes":	107479040,
					"bits_per_second":	122573315.63181546,
					"retransmits":	17759,
					"max_snd_cwnd":	144800000,
					"max_snd_wnd":	55001088,
					"max_rtt":	419833,
					"min_rtt":	141318,
					"mean_rtt":	271888,
					"sender":	true
				},
				"receiver":	{
					"socket":	8,
					"start":	0,
					"end":	7.085494,
					"seconds":	7.014841,
					"bytes":	76939264,
					"bits_per_second":	86869611.63187775,
					"sender":	true
				}
			}],
		"sum_sent":	{
			"start":	0,
			"end":	7.014841,
			"seconds":	7.014841,
			"bytes":	107479040,
			"bits_per_second":	122573315.63181546,
			"retransmits":	17759,
			"sender":	true
		},
		"sum_received":	{
			"start":	0,
			"end":	7.085494,
			"seconds":	7.085494,
			"bytes":	76939264,
			"bits_per_second":	86869611.63187775,
			"sender":	true
		},
		"cpu_utilization_percent":	{
			"host_total":	6.7129795074188241,
			"host_user":	3.5043688271907949,
			"host_system":	3.2085975901091057,
			"remote_total":	1.2093516760632794,
			"remote_user":	0,
			"remote_system":	1.2093234495306775
		},
		"sender_tcp_congestion":	"cubic",
		"receiver_tcp_congestion":	"cubic"
	}
}
