{
	"start":	{
		"connected":	[{
				"socket":	8,
				"local_host":	"172.16.0.87",
				"local_port":	52424,
				"remote_host":	"172.17.0.87",
				"remote_port":	5201
			}],
		"version":	"iperf 3.16",
		"system_info":	"Linux h1 6.12.54-0b264c55b-l4steam-117 #1 SMP PREEMPT_DYNAMIC Fri Nov  7 18:07:57 UTC 2025 x86_64",
		"timestamp":	{
			"time":	"Sun, 22 Feb 2026 02:47:08 GMT",
			"timesecs":	1771728428
		},
		"connecting_to":	{
			"host":	"172.17.0.87",
			"port":	5201
		},
		"cookie":	"7v72yk573ls2lq3jy5vqpemadk46blarndls",
		"tcp_mss_default":	1448,
		"target_bitrate":	0,
		"fq_rate":	0,
		"sock_bufsize":	0,
		"sndbuf_actual":	1000000,
		"rcvbuf_actual":	1000000,
		"test_start":	{
			"protocol":	"TCP",
			"num_streams":	1,
			"blksize":	131072,
			"omit":	0,
			"duration":	0,
			"bytes":	107374182,
			"blocks":	0,
			"reverse":	0,
			"tos":	0,
			"target_bitrate":	0,
			"bidir":	0,
			"fqrate":	0
		}
	},
	"intervals":	[{
			"streams":	[{
					"socket":	8,
					"start":	0,
					"end":	1.001077,
					"seconds":	1.0010770559310913,
					"bytes":	19267584,
					"bits_per_second":	153974832.49342418,
					"retransmits":	1385,
					"snd_cwnd":	6678176,
					"snd_wnd":	23683072,
					"rtt":	441271,
					"rttvar":	11864,
					"pmtu":	1500,
					"omitted":	false,
					"sender":	true
				}],
			"sum":	{
				"start":	0,
				"end":	1.001077,
				"seconds":	1.0010770559310913,
				"bytes":	19267584,
				"bits_per_second":	153974832.49342418,
				"retransmits":	1385,
				"omitted":	false,
				"sender":	true
			}
		}, {
			"streams":	[{
					"socket":	8,
					"start":	1.001077,
					"end":	2.001053,
					"seconds":	0.99997597932815552,
					"bytes":	13107200,
					"bits_per_second":	104860118.81050353,
					"retransmits":	1287,
					"snd_cwnd":	101387512,
					"snd_wnd":	46280704,
					"rtt":	319217,
					"rttvar":	13542,
					"pmtu":	1500,
					"omitted":	false,
					"sender":	true
				}],
			"sum":	{
				"start":	1.001077,
				"end":	2.001053,
				"seconds":	0.99997597932815552,
				"bytes":	13107200,
				"bits_per_second":	104860118.81050353,
				"retransmits":	1287,
				"omitted":	false,
				"sender":	true
			}
		}, {
			"streams":	[{
					"socket":	8,
					"start":	2.001053,
					"end":	3.001069,
					"seconds":	1.0000159740448,
					"bytes":	9830400,
					"bits_per_second":	78641943.770067066,
					"retransmits":	4273,
					"snd_cwnd":	70999784,
					"snd_wnd":	68186112,
					"rtt":	161705,
					"rttvar":	4423,
					"pmtu":	1500,
					"omitted":	false,
					"sender":	true
				}],
			"sum":	{
				"start":	2.001053,
				"end":	3.001069,
				"seconds":	1.0000159740448,
				"bytes":	9830400,
				"bits_per_second":	78641943.770067066,
				"retransmits":	4273,
				"omitted":	false,
				"sender":	true
			}
		}, {
			"streams":	[{
					"socket":	8,
					"start":	3.001069,
					"end":	4.001036,
					"seconds":	0.99996697902679443,
					"bytes":	35389440,
					"bits_per_second":	283124869.058715,
					"retransmits":	6212,
					"snd_cwnd":	2765680,
					"snd_wnd":	87896064,
					"rtt":	518057,
					"rttvar":	5201,
					"pmtu":	1500,
					"omitted":	false,
					"sender":	true
				}],
			"sum":	{
				"start":	3.001069,
				"end":	4.001036,
				"seconds":	0.99996697902679443,
				"bytes":	35389440,
				"bits_per_second":	283124869.058715,
				"retransmits":	6212,
				"omitted":	false,
				"sender":	true
			}
		}, {
			"streams":	[{
					"socket":	8,
					"start":	4.001036,
					"end":	5.001028,
					"seconds":	0.9999920129776,
					"bytes":	0,
					"bits_per_second":	0,
					"retransmits":	7306,
					"snd_cwnd":	1589904,
					"snd_wnd":	96104448,
					"rtt":	143778,
					"rttvar":	401,
					"pmtu":	1500,
					"omitted":	false,
					"sender":	true
				}],
			"sum":	{
				"start":	4.001036,
				"end":	5.001028,
				"seconds":	0.9999920129776,
				"bytes":	0,
				"bits_per_second":	0,
				"retransmits":	7306,
				"omitted":	false,
				"sender":	true
			}
		}, {
			"streams":	[{
					"socket":	8,
					"start":	5.001028,
					"end":	6.001031,
					"seconds":	1.0000029802322388,
					"bytes":	28573696,
					"bits_per_second":	228588886.75203028,
					"retransmits":	3636,
					"snd_cwnd":	7738112,
					"snd_wnd":	116711424,
					"rtt":	463059,
					"rttvar":	4868,
					"pmtu":	1500,
					"omitted":	false,
					"sender":	true
				}],
			"sum":	{
				"start":	5.001028,
				"end":	6.001031,
				"seconds":	1.0000029802322388,
				"bytes":	28573696,
				"bits_per_second":	228588886.75203028,
				"retransmits":	3636,
				"omitted":	false,
				"sender":	true
			}
		}, {
			"streams":	[{
					"socket":	8,
					"start":	6.001031,
					"end":	7.001035,
					"seconds":	1.0000040531158447,
					"bytes":	0,
					"bits_per_second":	0,
					"retransmits":	8735,
					"snd_cwnd":	34815712,
					"snd_wnd":	129941504,
					"rtt":	88674,
					"rttvar":	5091,
					"pmtu":	1500,
					"omitted":	false,
					"sender":	true
				}],
			"sum":	{
				"start":	6.001031,
				"end":	7.001035,
				"seconds":	1.0000040531158447,
				"bytes":	0,
				"bits_per_second":	0,
				"retransmits":	8735,
				"omitted":	false,
				"sender":	true
			}
		}, {
			"streams":	[{
					"socket":	8,
					"start":	7.001035,
					"end":	8.001067,
					"seconds":	1.0000319480895996,
					"bytes":	1310720,
					"bits_per_second":	10485425.010702267,
					"retransmits":	9818,
					"snd_cwnd":	24377080,
					"snd_wnd":	147570688,
					"rtt":	64564,
					"rttvar":	240,
					"pmtu":	1500,
					"omitted":	false,
					"sender":	true
				}],
			"sum":	{
				"start":	7.001035,
				"end":	8.001067,
				"seconds":	1.0000319480895996,
				"bytes":	1310720,
				"bits_per_second":	10485425.010702267,
				"retransmits":	9818,
				"omitted":	false,
				"sender":	true
			}
		}],
	"end":	{
		"streams":	[{
				"sender":	{
					"socket":	8,
					"start":	0,
					"end":	8.001423,
					"seconds":	8.001423,
					"bytes":	107479040,
					"bits_per_second":	107459925.56574,
					"retransmits":	42652,
					"max_snd_cwnd":	101387512,
					"max_snd_wnd":	147570688,
					"max_rtt":	518057,
					"min_rtt":	64564,
					"mean_rtt":	251654,
					"sender":	true
				},
				"receiver":	{
					"socket":	8,
					"start":	0,
					"end":	8.08079,
					"seconds":	8.001423,
					"bytes":	107479040,
					"bits_per_second":	106404487.68004118,
					"sender":	true
				}
			}],
		"sum_sent":	{
			"start":	0,
			"end":	8.001423,
			"seconds":	8.001423,
			"bytes":	107479040,
			"bits_per_second":	107459925.56574,
			"retransmits":	42652,
			"sender":	true
		},
		"sum_received":	{
			"start":	0,
			"end":	8.08079,
			"seconds":	8.08079,
			"bytes":	107479040,
			"bits_per_second":	106404487.68004118,
			"sender":	true
		},
		"cpu_utilization_percent":	{
			"host_total":	10.658769162794572,
			"host_user":	8.93150708083292,
			"host_system":	1.7272862259661526,
			"remote_total":	1.2625955751487412,
			"remote_user":	0,
			"remote_system":	1.262546075185
		},
		"sender_tcp_congestion":	"cubic",
		"receiver_tcp_congestion":	"cubic"
	}
}
