{
	"start":	{
		"connected":	[{
				"socket":	8,
				"local_host":	"172.16.0.15",
				"local_port":	44792,
				"remote_host":	"172.17.0.15",
				"remote_port":	5201
			}],
		"version":	"iperf 3.16",
		"system_info":	"Linux h1 6.12.54-0b264c55b-l4steam-117 #1 SMP PREEMPT_DYNAMIC Fri Nov  7 18:07:57 UTC 2025 x86_64",
		"timestamp":	{
			"time":	"Sun, 22 Feb 2026 01:28:56 GMT",
			"timesecs":	1771723736
		},
		"connecting_to":	{
			"host":	"172.17.0.15",
			"port":	5201
		},
		"cookie":	"5cr7muu7mixgpmqc2qne6fiqwh5jqwfdriia",
		"tcp_mss_default":	1448,
		"target_bitrate":	0,
		"fq_rate":	0,
		"sock_bufsize":	0,
		"sndbuf_actual":	1000000,
		"rcvbuf_actual":	1000000,
		"test_start":	{
			"protocol":	"TCP",
			"num_streams":	1,
			"blksize":	131072,
			"omit":	0,
			"duration":	0,
			"bytes":	107374182,
			"blocks":	0,
			"reverse":	0,
			"tos":	0,
			"target_bitrate":	0,
			"bidir":	0,
			"fqrate":	0
		}
	},
	"intervals":	[{
			"streams":	[{
					"socket":	8,
					"start":	0,
					"end":	1.001046,
					"seconds":	1.0010459423065186,
					"bytes":	90963968,
					"bits_per_second":	726951394.78141546,
					"retransmits":	10148,
					"snd_cwnd":	13130464,
					"snd_wnd":	51716096,
					"rtt":	82525,
					"rttvar":	3554,
					"pmtu":	1500,
					"omitted":	false,
					"sender":	true
				}],
			"sum":	{
				"start":	0,
				"end":	1.001046,
				"seconds":	1.0010459423065186,
				"bytes":	90963968,
				"bits_per_second":	726951394.78141546,
				"retransmits":	10148,
				"omitted":	false,
				"sender":	true
			}
		}, {
			"streams":	[{
					"socket":	8,
					"start":	1.001046,
					"end":	2.001043,
					"seconds":	0.99999701976776123,
					"bytes":	0,
					"bits_per_second":	0,
					"retransmits":	4427,
					"snd_cwnd":	4677040,
					"snd_wnd":	51224576,
					"rtt":	78162,
					"rttvar":	479,
					"pmtu":	1500,
					"omitted":	false,
					"sender":	true
				}],
			"sum":	{
				"start":	1.001046,
				"end":	2.001043,
				"seconds":	0.99999701976776123,
				"bytes":	0,
				"bits_per_second":	0,
				"retransmits":	4427,
				"omitted":	false,
				"sender":	true
			}
		}, {
			"streams":	[{
					"socket":	8,
					"start":	2.001043,
					"end":	3.001045,
					"seconds":	1.0000020265579224,
					"bytes":	131072,
					"bits_per_second":	1048573.8750043064,
					"retransmits":	1960,
					"snd_cwnd":	2562960,
					"snd_wnd":	56774656,
					"rtt":	77094,
					"rttvar":	250,
					"pmtu":	1500,
					"omitted":	false,
					"sender":	true
				}],
			"sum":	{
				"start":	2.001043,
				"end":	3.001045,
				"seconds":	1.0000020265579224,
				"bytes":	131072,
				"bits_per_second":	1048573.8750043064,
				"retransmits":	1960,
				"omitted":	false,
				"sender":	true
			}
		}, {
			"streams":	[{
					"socket":	8,
					"start":	3.001045,
					"end":	4.001045,
					"seconds":	1,
					"bytes":	0,
					"bits_per_second":	0,
					"retransmits":	932,
					"snd_cwnd":	2102496,
					"snd_wnd":	56442880,
					"rtt":	79201,
					"rttvar":	6936,
					"pmtu":	1500,
					"omitted":	false,
					"sender":	true
				}],
			"sum":	{
				"start":	3.001045,
				"end":	4.001045,
				"seconds":	1,
				"bytes":	0,
				"bits_per_second":	0,
				"retransmits":	932,
				"omitted":	false,
				"sender":	true
			}
		}, {
			"streams":	[{
					"socket":	8,
					"start":	4.001045,
					"end":	5.001043,
					"seconds":	0.99999797344207764,
					"bytes":	16384000,
					"bits_per_second":	131072265.6255383,
					"retransmits":	961,
					"snd_cwnd":	2229920,
					"snd_wnd":	56266752,
					"rtt":	76082,
					"rttvar":	698,
					"pmtu":	1500,
					"omitted":	false,
					"sender":	true
				}],
			"sum":	{
				"start":	4.001045,
				"end":	5.001043,
				"seconds":	0.99999797344207764,
				"bytes":	16384000,
				"bits_per_second":	131072265.6255383,
				"retransmits":	961,
				"omitted":	false,
				"sender":	true
			}
		}],
	"end":	{
		"streams":	[{
				"sender":	{
					"socket":	8,
					"start":	0,
					"end":	5.001448,
					"seconds":	5.001448,
					"bytes":	107479040,
					"bits_per_second":	171916676.930361,
					"retransmits":	18428,
					"max_snd_cwnd":	13130464,
					"max_snd_wnd":	56774656,
					"max_rtt":	82525,
					"min_rtt":	76082,
					"mean_rtt":	78191,
					"sender":	true
				},
				"receiver":	{
					"socket":	8,
					"start":	0,
					"end":	5.078494,
					"seconds":	5.001448,
					"bytes":	96731136,
					"bits_per_second":	152377671.01821917,
					"sender":	true
				}
			}],
		"sum_sent":	{
			"start":	0,
			"end":	5.001448,
			"seconds":	5.001448,
			"bytes":	107479040,
			"bits_per_second":	171916676.930361,
			"retransmits":	18428,
			"sender":	true
		},
		"sum_received":	{
			"start":	0,
			"end":	5.078494,
			"seconds":	5.078494,
			"bytes":	96731136,
			"bits_per_second":	152377671.01821917,
			"sender":	true
		},
		"cpu_utilization_percent":	{
			"host_total":	4.2353216491381,
			"host_user":	3.2999715916956727,
			"host_system":	0.93536902159751767,
			"remote_total":	1.3006972324740322,
			"remote_user":	0.0695086173948367,
			"remote_system":	1.2312083059056531
		},
		"sender_tcp_congestion":	"bbr",
		"receiver_tcp_congestion":	"bbr"
	}
}
