{
	"start":	{
		"connected":	[{
				"socket":	8,
				"local_host":	"172.16.0.33",
				"local_port":	41888,
				"remote_host":	"172.17.0.33",
				"remote_port":	5201
			}],
		"version":	"iperf 3.16",
		"system_info":	"Linux h1 6.12.54-0b264c55b-l4steam-117 #1 SMP PREEMPT_DYNAMIC Fri Nov  7 18:07:57 UTC 2025 x86_64",
		"timestamp":	{
			"time":	"Sun, 22 Feb 2026 01:28:56 GMT",
			"timesecs":	1771723736
		},
		"connecting_to":	{
			"host":	"172.17.0.33",
			"port":	5201
		},
		"cookie":	"23z542yhnzc2vkaksrtcluroimoh7bipjxo5",
		"tcp_mss_default":	1448,
		"target_bitrate":	0,
		"fq_rate":	0,
		"sock_bufsize":	0,
		"sndbuf_actual":	1000000,
		"rcvbuf_actual":	1000000,
		"test_start":	{
			"protocol":	"TCP",
			"num_streams":	1,
			"blksize":	131072,
			"omit":	0,
			"duration":	0,
			"bytes":	107374182,
			"blocks":	0,
			"reverse":	0,
			"tos":	0,
			"target_bitrate":	0,
			"bidir":	0,
			"fqrate":	0
		}
	},
	"intervals":	[{
			"streams":	[{
					"socket":	8,
					"start":	0,
					"end":	1.001051,
					"seconds":	1.00105094909668,
					"bytes":	38666240,
					"bits_per_second":	309005171.29435885,
					"retransmits":	572,
					"snd_cwnd":	346072,
					"snd_wnd":	5218304,
					"rtt":	91494,
					"rttvar":	4318,
					"pmtu":	1500,
					"omitted":	false,
					"sender":	true
				}],
			"sum":	{
				"start":	0,
				"end":	1.001051,
				"seconds":	1.00105094909668,
				"bytes":	38666240,
				"bits_per_second":	309005171.29435885,
				"retransmits":	572,
				"omitted":	false,
				"sender":	true
			}
		}, {
			"streams":	[{
					"socket":	8,
					"start":	1.001051,
					"end":	2.001063,
					"seconds":	1.0000120401382446,
					"bytes":	0,
					"bits_per_second":	0,
					"retransmits":	2997,
					"snd_cwnd":	1572528,
					"snd_wnd":	17747968,
					"rtt":	79773,
					"rttvar":	386,
					"pmtu":	1500,
					"omitted":	false,
					"sender":	true
				}],
			"sum":	{
				"start":	1.001051,
				"end":	2.001063,
				"seconds":	1.0000120401382446,
				"bytes":	0,
				"bits_per_second":	0,
				"retransmits":	2997,
				"omitted":	false,
				"sender":	true
			}
		}, {
			"streams":	[{
					"socket":	8,
					"start":	2.001063,
					"end":	3.00105,
					"seconds":	0.999987006187439,
					"bytes":	0,
					"bits_per_second":	0,
					"retransmits":	417,
					"snd_cwnd":	1216320,
					"snd_wnd":	17747968,
					"rtt":	80773,
					"rttvar":	297,
					"pmtu":	1500,
					"omitted":	false,
					"sender":	true
				}],
			"sum":	{
				"start":	2.001063,
				"end":	3.00105,
				"seconds":	0.999987006187439,
				"bytes":	0,
				"bits_per_second":	0,
				"retransmits":	417,
				"omitted":	false,
				"sender":	true
			}
		}, {
			"streams":	[{
					"socket":	8,
					"start":	3.00105,
					"end":	4.00105,
					"seconds":	1,
					"bytes":	0,
					"bits_per_second":	0,
					"retransmits":	313,
					"snd_cwnd":	1187360,
					"snd_wnd":	18268160,
					"rtt":	81456,
					"rttvar":	1538,
					"pmtu":	1500,
					"omitted":	false,
					"sender":	true
				}],
			"sum":	{
				"start":	3.00105,
				"end":	4.00105,
				"seconds":	1,
				"bytes":	0,
				"bits_per_second":	0,
				"retransmits":	313,
				"omitted":	false,
				"sender":	true
			}
		}, {
			"streams":	[{
					"socket":	8,
					"start":	4.00105,
					"end":	5.00103,
					"seconds":	0.99997997283935547,
					"bytes":	6553600,
					"bits_per_second":	52429850.021028943,
					"retransmits":	218,
					"snd_cwnd":	1236592,
					"snd_wnd":	17997824,
					"rtt":	79374,
					"rttvar":	349,
					"pmtu":	1500,
					"omitted":	false,
					"sender":	true
				}],
			"sum":	{
				"start":	4.00105,
				"end":	5.00103,
				"seconds":	0.99997997283935547,
				"bytes":	6553600,
				"bits_per_second":	52429850.021028943,
				"retransmits":	218,
				"omitted":	false,
				"sender":	true
			}
		}, {
			"streams":	[{
					"socket":	8,
					"start":	5.00103,
					"end":	6.000246,
					"seconds":	0.99921602010726929,
					"bytes":	7208960,
					"bits_per_second":	57716928.911736973,
					"retransmits":	300,
					"snd_cwnd":	1749184,
					"snd_wnd":	18329600,
					"rtt":	69650,
					"rttvar":	535,
					"pmtu":	1500,
					"omitted":	false,
					"sender":	true
				}],
			"sum":	{
				"start":	5.00103,
				"end":	6.000246,
				"seconds":	0.99921602010726929,
				"bytes":	7208960,
				"bits_per_second":	57716928.911736973,
				"retransmits":	300,
				"omitted":	false,
				"sender":	true
			}
		}, {
			"streams":	[{
					"socket":	8,
					"start":	6.000246,
					"end":	7.001039,
					"seconds":	1.0007929801940918,
					"bytes":	12976128,
					"bits_per_second":	103726770.7252178,
					"retransmits":	20,
					"snd_cwnd":	2206752,
					"snd_wnd":	18329600,
					"rtt":	68545,
					"rttvar":	709,
					"pmtu":	1500,
					"omitted":	false,
					"sender":	true
				}],
			"sum":	{
				"start":	6.000246,
				"end":	7.001039,
				"seconds":	1.0007929801940918,
				"bytes":	12976128,
				"bits_per_second":	103726770.7252178,
				"retransmits":	20,
				"omitted":	false,
				"sender":	true
			}
		}, {
			"streams":	[{
					"socket":	8,
					"start":	7.001039,
					"end":	8.001527,
					"seconds":	1.0004880428314209,
					"bytes":	23330816,
					"bits_per_second":	186555480.93486747,
					"retransmits":	0,
					"snd_cwnd":	3116096,
					"snd_wnd":	18329600,
					"rtt":	65596,
					"rttvar":	86,
					"pmtu":	1500,
					"omitted":	false,
					"sender":	true
				}],
			"sum":	{
				"start":	7.001039,
				"end":	8.001527,
				"seconds":	1.0004880428314209,
				"bytes":	23330816,
				"bits_per_second":	186555480.93486747,
				"retransmits":	0,
				"omitted":	false,
				"sender":	true
			}
		}, {
			"streams":	[{
					"socket":	8,
					"start":	8.001527,
					"end":	9.00117,
					"seconds":	0.99964302778244019,
					"bytes":	18743296,
					"bits_per_second":	149999913.80186364,
					"retransmits":	237,
					"snd_cwnd":	3495472,
					"snd_wnd":	32034816,
					"rtt":	74927,
					"rttvar":	666,
					"pmtu":	1500,
					"omitted":	false,
					"sender":	true
				}],
			"sum":	{
				"start":	8.001527,
				"end":	9.00117,
				"seconds":	0.99964302778244019,
				"bytes":	18743296,
				"bits_per_second":	149999913.80186364,
				"retransmits":	237,
				"omitted":	false,
				"sender":	true
			}
		}],
	"end":	{
		"streams":	[{
				"sender":	{
					"socket":	8,
					"start":	0,
					"end":	9.006877,
					"seconds":	9.006877,
					"bytes":	107479040,
					"bits_per_second":	95463979.3571068,
					"retransmits":	5074,
					"max_snd_cwnd":	3495472,
					"max_snd_wnd":	32034816,
					"max_rtt":	91494,
					"min_rtt":	65596,
					"mean_rtt":	76614,
					"sender":	true
				},
				"receiver":	{
					"socket":	8,
					"start":	0,
					"end":	9.074877,
					"seconds":	9.006877,
					"bytes":	106561536,
					"bits_per_second":	93939817.366119668,
					"sender":	true
				}
			}],
		"sum_sent":	{
			"start":	0,
			"end":	9.006877,
			"seconds":	9.006877,
			"bytes":	107479040,
			"bits_per_second":	95463979.3571068,
			"retransmits":	5074,
			"sender":	true
		},
		"sum_received":	{
			"start":	0,
			"end":	9.074877,
			"seconds":	9.074877,
			"bytes":	106561536,
			"bits_per_second":	93939817.366119668,
			"sender":	true
		},
		"cpu_utilization_percent":	{
			"host_total":	9.4106076364185949,
			"host_user":	7.07057456799012,
			"host_system":	2.3400546437064,
			"remote_total":	1.5163591424473781,
			"remote_user":	0.0549317650507251,
			"remote_system":	1.4614273773966531
		},
		"sender_tcp_congestion":	"bbr",
		"receiver_tcp_congestion":	"bbr"
	}
}
