{
	"start":	{
		"connected":	[{
				"socket":	8,
				"local_host":	"172.16.0.64",
				"local_port":	42562,
				"remote_host":	"172.17.0.64",
				"remote_port":	5201
			}],
		"version":	"iperf 3.16",
		"system_info":	"Linux h1 6.12.54-0b264c55b-l4steam-117 #1 SMP PREEMPT_DYNAMIC Fri Nov  7 18:07:57 UTC 2025 x86_64",
		"timestamp":	{
			"time":	"Sun, 22 Feb 2026 01:28:57 GMT",
			"timesecs":	1771723737
		},
		"connecting_to":	{
			"host":	"172.17.0.64",
			"port":	5201
		},
		"cookie":	"ehyaurqcijwlkuamnnylxylxei2cjiksas2o",
		"tcp_mss_default":	1448,
		"target_bitrate":	0,
		"fq_rate":	0,
		"sock_bufsize":	0,
		"sndbuf_actual":	1000000,
		"rcvbuf_actual":	1000000,
		"test_start":	{
			"protocol":	"TCP",
			"num_streams":	1,
			"blksize":	131072,
			"omit":	0,
			"duration":	0,
			"bytes":	107374182,
			"blocks":	0,
			"reverse":	0,
			"tos":	0,
			"target_bitrate":	0,
			"bidir":	0,
			"fqrate":	0
		}
	},
	"intervals":	[{
			"streams":	[{
					"socket":	8,
					"start":	0,
					"end":	1.001057,
					"seconds":	1.0010570287704468,
					"bytes":	21495808,
					"bits_per_second":	171784882.43693635,
					"retransmits":	386,
					"snd_cwnd":	544448,
					"snd_wnd":	4861952,
					"rtt":	80062,
					"rttvar":	5320,
					"pmtu":	1500,
					"omitted":	false,
					"sender":	true
				}],
			"sum":	{
				"start":	0,
				"end":	1.001057,
				"seconds":	1.0010570287704468,
				"bytes":	21495808,
				"bits_per_second":	171784882.43693635,
				"retransmits":	386,
				"omitted":	false,
				"sender":	true
			}
		}, {
			"streams":	[{
					"socket":	8,
					"start":	1.001057,
					"end":	2.001037,
					"seconds":	0.99997997283935547,
					"bytes":	0,
					"bits_per_second":	0,
					"retransmits":	1189,
					"snd_cwnd":	2140144,
					"snd_wnd":	24326144,
					"rtt":	75610,
					"rttvar":	261,
					"pmtu":	1500,
					"omitted":	false,
					"sender":	true
				}],
			"sum":	{
				"start":	1.001057,
				"end":	2.001037,
				"seconds":	0.99997997283935547,
				"bytes":	0,
				"bits_per_second":	0,
				"retransmits":	1189,
				"omitted":	false,
				"sender":	true
			}
		}, {
			"streams":	[{
					"socket":	8,
					"start":	2.001037,
					"end":	3.000739,
					"seconds":	0.999701976776123,
					"bytes":	10878976,
					"bits_per_second":	87057753.232281774,
					"retransmits":	956,
					"snd_cwnd":	2296528,
					"snd_wnd":	26910720,
					"rtt":	74505,
					"rttvar":	367,
					"pmtu":	1500,
					"omitted":	false,
					"sender":	true
				}],
			"sum":	{
				"start":	2.001037,
				"end":	3.000739,
				"seconds":	0.999701976776123,
				"bytes":	10878976,
				"bits_per_second":	87057753.232281774,
				"retransmits":	956,
				"omitted":	false,
				"sender":	true
			}
		}, {
			"streams":	[{
					"socket":	8,
					"start":	3.000739,
					"end":	4.001042,
					"seconds":	1.0003030300140381,
					"bytes":	12189696,
					"bits_per_second":	97488026.202051446,
					"retransmits":	1115,
					"snd_cwnd":	2933648,
					"snd_wnd":	25853952,
					"rtt":	74442,
					"rttvar":	226,
					"pmtu":	1500,
					"omitted":	false,
					"sender":	true
				}],
			"sum":	{
				"start":	3.000739,
				"end":	4.001042,
				"seconds":	1.0003030300140381,
				"bytes":	12189696,
				"bits_per_second":	97488026.202051446,
				"retransmits":	1115,
				"omitted":	false,
				"sender":	true
			}
		}, {
			"streams":	[{
					"socket":	8,
					"start":	4.001042,
					"end":	5.001025,
					"seconds":	0.999983012676239,
					"bytes":	36569088,
					"bits_per_second":	292557673.77192312,
					"retransmits":	1462,
					"snd_cwnd":	3524432,
					"snd_wnd":	26955776,
					"rtt":	73944,
					"rttvar":	465,
					"pmtu":	1500,
					"omitted":	false,
					"sender":	true
				}],
			"sum":	{
				"start":	4.001042,
				"end":	5.001025,
				"seconds":	0.999983012676239,
				"bytes":	36569088,
				"bits_per_second":	292557673.77192312,
				"retransmits":	1462,
				"omitted":	false,
				"sender":	true
			}
		}, {
			"streams":	[{
					"socket":	8,
					"start":	5.001025,
					"end":	6.001021,
					"seconds":	0.9999960064888,
					"bytes":	25427968,
					"bits_per_second":	203424556.37824425,
					"retransmits":	751,
					"snd_cwnd":	4109424,
					"snd_wnd":	28614656,
					"rtt":	63379,
					"rttvar":	3160,
					"pmtu":	1500,
					"omitted":	false,
					"sender":	true
				}],
			"sum":	{
				"start":	5.001025,
				"end":	6.001021,
				"seconds":	0.9999960064888,
				"bytes":	25427968,
				"bits_per_second":	203424556.37824425,
				"retransmits":	751,
				"omitted":	false,
				"sender":	true
			}
		}],
	"end":	{
		"streams":	[{
				"sender":	{
					"socket":	8,
					"start":	0,
					"end":	6.034044,
					"seconds":	6.034044,
					"bytes":	107479040,
					"bits_per_second":	142496859.48594344,
					"retransmits":	5859,
					"max_snd_cwnd":	5603760,
					"max_snd_wnd":	28614656,
					"max_rtt":	80062,
					"min_rtt":	63379,
					"mean_rtt":	72188,
					"sender":	true
				},
				"receiver":	{
					"socket":	8,
					"start":	0,
					"end":	6.104747,
					"seconds":	6.034044,
					"bytes":	85065728,
					"bits_per_second":	111474861.12037076,
					"sender":	true
				}
			}],
		"sum_sent":	{
			"start":	0,
			"end":	6.034044,
			"seconds":	6.034044,
			"bytes":	107479040,
			"bits_per_second":	142496859.48594344,
			"retransmits":	5859,
			"sender":	true
		},
		"sum_received":	{
			"start":	0,
			"end":	6.104747,
			"seconds":	6.104747,
			"bytes":	85065728,
			"bits_per_second":	111474861.12037076,
			"sender":	true
		},
		"cpu_utilization_percent":	{
			"host_total":	1.2495553612568309,
			"host_user":	0.13052744623999574,
			"host_system":	1.1190279150168352,
			"remote_total":	1.0031997950453793,
			"remote_user":	0,
			"remote_system":	1.0031997950453793
		},
		"sender_tcp_congestion":	"bbr",
		"receiver_tcp_congestion":	"bbr"
	}
}
