{
	"start":	{
		"connected":	[{
				"socket":	8,
				"local_host":	"172.16.0.74",
				"local_port":	58288,
				"remote_host":	"172.17.0.74",
				"remote_port":	5201
			}],
		"version":	"iperf 3.16",
		"system_info":	"Linux h1 6.12.54-0b264c55b-l4steam-117 #1 SMP PREEMPT_DYNAMIC Fri Nov  7 18:07:57 UTC 2025 x86_64",
		"timestamp":	{
			"time":	"Sun, 22 Feb 2026 01:28:57 GMT",
			"timesecs":	1771723737
		},
		"connecting_to":	{
			"host":	"172.17.0.74",
			"port":	5201
		},
		"cookie":	"x3k6obxw5diluahsl27kiwdyirmapt43p5d6",
		"tcp_mss_default":	1448,
		"target_bitrate":	0,
		"fq_rate":	0,
		"sock_bufsize":	0,
		"sndbuf_actual":	1000000,
		"rcvbuf_actual":	1000000,
		"test_start":	{
			"protocol":	"TCP",
			"num_streams":	1,
			"blksize":	131072,
			"omit":	0,
			"duration":	0,
			"bytes":	107374182,
			"blocks":	0,
			"reverse":	0,
			"tos":	0,
			"target_bitrate":	0,
			"bidir":	0,
			"fqrate":	0
		}
	},
	"intervals":	[{
			"streams":	[{
					"socket":	8,
					"start":	0,
					"end":	1.001053,
					"seconds":	1.0010529756546021,
					"bytes":	17563648,
					"bits_per_second":	140361386.87677258,
					"retransmits":	3476,
					"snd_cwnd":	6970672,
					"snd_wnd":	23552000,
					"rtt":	80766,
					"rttvar":	364,
					"pmtu":	1500,
					"omitted":	false,
					"sender":	true
				}],
			"sum":	{
				"start":	0,
				"end":	1.001053,
				"seconds":	1.0010529756546021,
				"bytes":	17563648,
				"bits_per_second":	140361386.87677258,
				"retransmits":	3476,
				"omitted":	false,
				"sender":	true
			}
		}, {
			"streams":	[{
					"socket":	8,
					"start":	1.001053,
					"end":	2.001063,
					"seconds":	1.0000100135803223,
					"bytes":	20316160,
					"bits_per_second":	162527652.51629695,
					"retransmits":	5033,
					"snd_cwnd":	3092928,
					"snd_wnd":	64360448,
					"rtt":	72315,
					"rttvar":	231,
					"pmtu":	1500,
					"omitted":	false,
					"sender":	true
				}],
			"sum":	{
				"start":	1.001053,
				"end":	2.001063,
				"seconds":	1.0000100135803223,
				"bytes":	20316160,
				"bits_per_second":	162527652.51629695,
				"retransmits":	5033,
				"omitted":	false,
				"sender":	true
			}
		}, {
			"streams":	[{
					"socket":	8,
					"start":	2.001063,
					"end":	3.001157,
					"seconds":	1.0000940561294556,
					"bytes":	32768000,
					"bits_per_second":	262119346.06885335,
					"retransmits":	1289,
					"snd_cwnd":	2922064,
					"snd_wnd":	94171136,
					"rtt":	72500,
					"rttvar":	308,
					"pmtu":	1500,
					"omitted":	false,
					"sender":	true
				}],
			"sum":	{
				"start":	2.001063,
				"end":	3.001157,
				"seconds":	1.0000940561294556,
				"bytes":	32768000,
				"bits_per_second":	262119346.06885335,
				"retransmits":	1289,
				"omitted":	false,
				"sender":	true
			}
		}, {
			"streams":	[{
					"socket":	8,
					"start":	3.001157,
					"end":	4.001055,
					"seconds":	0.99989801645278931,
					"bytes":	10485760,
					"bits_per_second":	83894635.872558236,
					"retransmits":	1258,
					"snd_cwnd":	2884416,
					"snd_wnd":	126377984,
					"rtt":	71939,
					"rttvar":	137,
					"pmtu":	1500,
					"omitted":	false,
					"sender":	true
				}],
			"sum":	{
				"start":	3.001157,
				"end":	4.001055,
				"seconds":	0.99989801645278931,
				"bytes":	10485760,
				"bits_per_second":	83894635.872558236,
				"retransmits":	1258,
				"omitted":	false,
				"sender":	true
			}
		}, {
			"streams":	[{
					"socket":	8,
					"start":	4.001055,
					"end":	5.002825,
					"seconds":	1.00177001953125,
					"bytes":	26345472,
					"bits_per_second":	210391379.14969841,
					"retransmits":	729,
					"snd_cwnd":	2684592,
					"snd_wnd":	145305600,
					"rtt":	57539,
					"rttvar":	184,
					"pmtu":	1500,
					"omitted":	false,
					"sender":	true
				}],
			"sum":	{
				"start":	4.001055,
				"end":	5.002825,
				"seconds":	1.00177001953125,
				"bytes":	26345472,
				"bits_per_second":	210391379.14969841,
				"retransmits":	729,
				"omitted":	false,
				"sender":	true
			}
		}],
	"end":	{
		"streams":	[{
				"sender":	{
					"socket":	8,
					"start":	0,
					"end":	5.00997,
					"seconds":	5.00997,
					"bytes":	107479040,
					"bits_per_second":	171624245.25496161,
					"retransmits":	11785,
					"max_snd_cwnd":	6970672,
					"max_snd_wnd":	145305600,
					"max_rtt":	80766,
					"min_rtt":	57523,
					"mean_rtt":	68763,
					"sender":	true
				},
				"receiver":	{
					"socket":	8,
					"start":	0,
					"end":	5.651509,
					"seconds":	5.00997,
					"bytes":	85327872,
					"bits_per_second":	120785966.36756662,
					"sender":	true
				}
			}],
		"sum_sent":	{
			"start":	0,
			"end":	5.00997,
			"seconds":	5.00997,
			"bytes":	107479040,
			"bits_per_second":	171624245.25496161,
			"retransmits":	11785,
			"sender":	true
		},
		"sum_received":	{
			"start":	0,
			"end":	5.651509,
			"seconds":	5.651509,
			"bytes":	85327872,
			"bits_per_second":	120785966.36756662,
			"sender":	true
		},
		"cpu_utilization_percent":	{
			"host_total":	2.6919680247865476,
			"host_user":	1.5921932910398462,
			"host_system":	1.0997747337467012,
			"remote_total":	1.0795695028162375,
			"remote_user":	0,
			"remote_system":	1.0797287522348
		},
		"sender_tcp_congestion":	"bbr",
		"receiver_tcp_congestion":	"bbr"
	}
}
