{
	"start":	{
		"connected":	[{
				"socket":	8,
				"local_host":	"172.16.0.113",
				"local_port":	38152,
				"remote_host":	"172.17.0.113",
				"remote_port":	5201
			}],
		"version":	"iperf 3.16",
		"system_info":	"Linux h1 6.12.54-0b264c55b-l4steam-117 #1 SMP PREEMPT_DYNAMIC Fri Nov  7 18:07:57 UTC 2025 x86_64",
		"timestamp":	{
			"time":	"Sun, 22 Feb 2026 02:48:37 GMT",
			"timesecs":	1771728517
		},
		"connecting_to":	{
			"host":	"172.17.0.113",
			"port":	5201
		},
		"cookie":	"2ni7inee6ofiobnxlekairnhpcepxfvruyhv",
		"tcp_mss_default":	1448,
		"target_bitrate":	0,
		"fq_rate":	0,
		"sock_bufsize":	0,
		"sndbuf_actual":	1000000,
		"rcvbuf_actual":	1000000,
		"test_start":	{
			"protocol":	"TCP",
			"num_streams":	1,
			"blksize":	131072,
			"omit":	0,
			"duration":	0,
			"bytes":	107374182,
			"blocks":	0,
			"reverse":	0,
			"tos":	0,
			"target_bitrate":	0,
			"bidir":	0,
			"fqrate":	0
		}
	},
	"intervals":	[{
			"streams":	[{
					"socket":	8,
					"start":	0,
					"end":	1.003473,
					"seconds":	1.0034730434417725,
					"bytes":	107479040,
					"bits_per_second":	856856420.42849,
					"retransmits":	1611,
					"snd_cwnd":	3882088,
					"snd_wnd":	10375168,
					"rtt":	232780,
					"rttvar":	1293,
					"pmtu":	1500,
					"omitted":	false,
					"sender":	true
				}],
			"sum":	{
				"start":	0,
				"end":	1.003473,
				"seconds":	1.0034730434417725,
				"bytes":	107479040,
				"bits_per_second":	856856420.42849,
				"retransmits":	1611,
				"omitted":	false,
				"sender":	true
			}
		}],
	"end":	{
		"streams":	[{
				"sender":	{
					"socket":	8,
					"start":	0,
					"end":	1.003782,
					"seconds":	1.003782,
					"bytes":	107479040,
					"bits_per_second":	856592686.459809,
					"retransmits":	1611,
					"max_snd_cwnd":	3882088,
					"max_snd_wnd":	10375168,
					"max_rtt":	232780,
					"min_rtt":	232780,
					"mean_rtt":	232780,
					"sender":	true
				},
				"receiver":	{
					"socket":	8,
					"start":	0,
					"end":	1.062454,
					"seconds":	1.003782,
					"bytes":	1966080,
					"bits_per_second":	14804066.811363127,
					"sender":	true
				}
			}],
		"sum_sent":	{
			"start":	0,
			"end":	1.003782,
			"seconds":	1.003782,
			"bytes":	107479040,
			"bits_per_second":	856592686.459809,
			"retransmits":	1611,
			"sender":	true
		},
		"sum_received":	{
			"start":	0,
			"end":	1.062454,
			"seconds":	1.062454,
			"bytes":	1966080,
			"bits_per_second":	14804066.811363127,
			"sender":	true
		},
		"cpu_utilization_percent":	{
			"host_total":	20.63526674483213,
			"host_user":	19.951090516186937,
			"host_system":	0.68417622864519156,
			"remote_total":	0.19172143637662487,
			"remote_user":	0.0089413531938043,
			"remote_system":	0.18296832219742695
		},
		"sender_tcp_congestion":	"bbr",
		"receiver_tcp_congestion":	"bbr"
	}
}
