{
	"start":	{
		"connected":	[{
				"socket":	8,
				"local_host":	"172.16.0.116",
				"local_port":	57000,
				"remote_host":	"172.17.0.116",
				"remote_port":	5201
			}],
		"version":	"iperf 3.16",
		"system_info":	"Linux h1 6.12.54-0b264c55b-l4steam-117 #1 SMP PREEMPT_DYNAMIC Fri Nov  7 18:07:57 UTC 2025 x86_64",
		"timestamp":	{
			"time":	"Sun, 22 Feb 2026 02:48:37 GMT",
			"timesecs":	1771728517
		},
		"connecting_to":	{
			"host":	"172.17.0.116",
			"port":	5201
		},
		"cookie":	"joudlmplybkudtqxjjtbfz3o7enbysbklyhd",
		"tcp_mss_default":	1448,
		"target_bitrate":	0,
		"fq_rate":	0,
		"sock_bufsize":	0,
		"sndbuf_actual":	1000000,
		"rcvbuf_actual":	1000000,
		"test_start":	{
			"protocol":	"TCP",
			"num_streams":	1,
			"blksize":	131072,
			"omit":	0,
			"duration":	0,
			"bytes":	107374182,
			"blocks":	0,
			"reverse":	0,
			"tos":	0,
			"target_bitrate":	0,
			"bidir":	0,
			"fqrate":	0
		}
	},
	"intervals":	[{
			"streams":	[{
					"socket":	8,
					"start":	0,
					"end":	1.001072,
					"seconds":	1.00107204914093,
					"bytes":	14548992,
					"bits_per_second":	116267291.74976139,
					"retransmits":	1960,
					"snd_cwnd":	4280288,
					"snd_wnd":	13385728,
					"rtt":	354211,
					"rttvar":	4384,
					"pmtu":	1500,
					"omitted":	false,
					"sender":	true
				}],
			"sum":	{
				"start":	0,
				"end":	1.001072,
				"seconds":	1.00107204914093,
				"bytes":	14548992,
				"bits_per_second":	116267291.74976139,
				"retransmits":	1960,
				"omitted":	false,
				"sender":	true
			}
		}, {
			"streams":	[{
					"socket":	8,
					"start":	1.001072,
					"end":	2.00103,
					"seconds":	0.99995797872543335,
					"bytes":	12845056,
					"bits_per_second":	102764766.30646074,
					"retransmits":	2678,
					"snd_cwnd":	2009824,
					"snd_wnd":	23773184,
					"rtt":	65584,
					"rttvar":	364,
					"pmtu":	1500,
					"omitted":	false,
					"sender":	true
				}],
			"sum":	{
				"start":	1.001072,
				"end":	2.00103,
				"seconds":	0.99995797872543335,
				"bytes":	12845056,
				"bits_per_second":	102764766.30646074,
				"retransmits":	2678,
				"omitted":	false,
				"sender":	true
			}
		}, {
			"streams":	[{
					"socket":	8,
					"start":	2.00103,
					"end":	3.000236,
					"seconds":	0.999206006526947,
					"bytes":	15073280,
					"bits_per_second":	120682060.76856482,
					"retransmits":	0,
					"snd_cwnd":	2148832,
					"snd_wnd":	23777280,
					"rtt":	101364,
					"rttvar":	2030,
					"pmtu":	1500,
					"omitted":	false,
					"sender":	true
				}],
			"sum":	{
				"start":	2.00103,
				"end":	3.000236,
				"seconds":	0.999206006526947,
				"bytes":	15073280,
				"bits_per_second":	120682060.76856482,
				"retransmits":	0,
				"omitted":	false,
				"sender":	true
			}
		}, {
			"streams":	[{
					"socket":	8,
					"start":	3.000236,
					"end":	4.001036,
					"seconds":	1.0008000135421753,
					"bytes":	19267584,
					"bits_per_second":	154017455.949509,
					"retransmits":	0,
					"snd_cwnd":	1566736,
					"snd_wnd":	23777280,
					"rtt":	65015,
					"rttvar":	417,
					"pmtu":	1500,
					"omitted":	false,
					"sender":	true
				}],
			"sum":	{
				"start":	3.000236,
				"end":	4.001036,
				"seconds":	1.0008000135421753,
				"bytes":	19267584,
				"bits_per_second":	154017455.949509,
				"retransmits":	0,
				"omitted":	false,
				"sender":	true
			}
		}, {
			"streams":	[{
					"socket":	8,
					"start":	4.001036,
					"end":	5.001033,
					"seconds":	0.99999701976776123,
					"bytes":	13369344,
					"bits_per_second":	106955070.75094995,
					"retransmits":	0,
					"snd_cwnd":	1798416,
					"snd_wnd":	23777280,
					"rtt":	112813,
					"rttvar":	1076,
					"pmtu":	1500,
					"omitted":	false,
					"sender":	true
				}],
			"sum":	{
				"start":	4.001036,
				"end":	5.001033,
				"seconds":	0.99999701976776123,
				"bytes":	13369344,
				"bits_per_second":	106955070.75094995,
				"retransmits":	0,
				"omitted":	false,
				"sender":	true
			}
		}, {
			"streams":	[{
					"socket":	8,
					"start":	5.001033,
					"end":	6.000184,
					"seconds":	0.99915099143981934,
					"bytes":	13107200,
					"bits_per_second":	104946700.64721221,
					"retransmits":	0,
					"snd_cwnd":	1691264,
					"snd_wnd":	23777280,
					"rtt":	64767,
					"rttvar":	290,
					"pmtu":	1500,
					"omitted":	false,
					"sender":	true
				}],
			"sum":	{
				"start":	5.001033,
				"end":	6.000184,
				"seconds":	0.99915099143981934,
				"bytes":	13107200,
				"bits_per_second":	104946700.64721221,
				"retransmits":	0,
				"omitted":	false,
				"sender":	true
			}
		}, {
			"streams":	[{
					"socket":	8,
					"start":	6.000184,
					"end":	7.001024,
					"seconds":	1.0008399486541748,
					"bytes":	12845056,
					"bits_per_second":	102674206.9380639,
					"retransmits":	5,
					"snd_cwnd":	2053264,
					"snd_wnd":	23777280,
					"rtt":	65417,
					"rttvar":	275,
					"pmtu":	1500,
					"omitted":	false,
					"sender":	true
				}],
			"sum":	{
				"start":	6.000184,
				"end":	7.001024,
				"seconds":	1.0008399486541748,
				"bytes":	12845056,
				"bits_per_second":	102674206.9380639,
				"retransmits":	5,
				"omitted":	false,
				"sender":	true
			}
		}, {
			"streams":	[{
					"socket":	8,
					"start":	7.001024,
					"end":	8.005589,
					"seconds":	1.0045650005340576,
					"bytes":	6422528,
					"bits_per_second":	51146739.108653687,
					"retransmits":	0,
					"snd_cwnd":	2212544,
					"snd_wnd":	23777280,
					"rtt":	65091,
					"rttvar":	283,
					"pmtu":	1500,
					"omitted":	false,
					"sender":	true
				}],
			"sum":	{
				"start":	7.001024,
				"end":	8.005589,
				"seconds":	1.0045650005340576,
				"bytes":	6422528,
				"bits_per_second":	51146739.108653687,
				"retransmits":	0,
				"omitted":	false,
				"sender":	true
			}
		}],
	"end":	{
		"streams":	[{
				"sender":	{
					"socket":	8,
					"start":	0,
					"end":	8.018871,
					"seconds":	8.018871,
					"bytes":	107479040,
					"bits_per_second":	107226107.01681072,
					"retransmits":	4643,
					"max_snd_cwnd":	4280288,
					"max_snd_wnd":	23777280,
					"max_rtt":	354211,
					"min_rtt":	64648,
					"mean_rtt":	106545,
					"sender":	true
				},
				"receiver":	{
					"socket":	8,
					"start":	0,
					"end":	8.098519,
					"seconds":	8.018871,
					"bytes":	97779712,
					"bits_per_second":	96590215.569044173,
					"sender":	true
				}
			}],
		"sum_sent":	{
			"start":	0,
			"end":	8.018871,
			"seconds":	8.018871,
			"bytes":	107479040,
			"bits_per_second":	107226107.01681072,
			"retransmits":	4643,
			"sender":	true
		},
		"sum_received":	{
			"start":	0,
			"end":	8.098519,
			"seconds":	8.098519,
			"bytes":	97779712,
			"bits_per_second":	96590215.569044173,
			"sender":	true
		},
		"cpu_utilization_percent":	{
			"host_total":	4.4698037062355249,
			"host_user":	3.4404741918638679,
			"host_system":	1.029329514371657,
			"remote_total":	2.6396876274150358,
			"remote_user":	0,
			"remote_system":	2.6396876274150358
		},
		"sender_tcp_congestion":	"bbr",
		"receiver_tcp_congestion":	"bbr"
	}
}
