{
	"start":	{
		"connected":	[{
				"socket":	8,
				"local_host":	"172.16.0.126",
				"local_port":	45870,
				"remote_host":	"172.17.0.126",
				"remote_port":	5201
			}],
		"version":	"iperf 3.16",
		"system_info":	"Linux h1 6.12.54-0b264c55b-l4steam-117 #1 SMP PREEMPT_DYNAMIC Fri Nov  7 18:07:57 UTC 2025 x86_64",
		"timestamp":	{
			"time":	"Sun, 22 Feb 2026 02:48:38 GMT",
			"timesecs":	1771728518
		},
		"connecting_to":	{
			"host":	"172.17.0.126",
			"port":	5201
		},
		"cookie":	"yicdx6737equ4vl7eagq5wnvsx4gw5j5fqme",
		"tcp_mss_default":	1448,
		"target_bitrate":	0,
		"fq_rate":	0,
		"sock_bufsize":	0,
		"sndbuf_actual":	1000000,
		"rcvbuf_actual":	1000000,
		"test_start":	{
			"protocol":	"TCP",
			"num_streams":	1,
			"blksize":	131072,
			"omit":	0,
			"duration":	0,
			"bytes":	107374182,
			"blocks":	0,
			"reverse":	0,
			"tos":	0,
			"target_bitrate":	0,
			"bidir":	0,
			"fqrate":	0
		}
	},
	"intervals":	[{
			"streams":	[{
					"socket":	8,
					"start":	0,
					"end":	1.001055,
					"seconds":	1.0010550022125244,
					"bytes":	14811136,
					"bits_per_second":	118364213.4928813,
					"retransmits":	2818,
					"snd_cwnd":	2680248,
					"snd_wnd":	22155264,
					"rtt":	150947,
					"rttvar":	7266,
					"pmtu":	1500,
					"omitted":	false,
					"sender":	true
				}],
			"sum":	{
				"start":	0,
				"end":	1.001055,
				"seconds":	1.0010550022125244,
				"bytes":	14811136,
				"bits_per_second":	118364213.4928813,
				"retransmits":	2818,
				"omitted":	false,
				"sender":	true
			}
		}, {
			"streams":	[{
					"socket":	8,
					"start":	1.001055,
					"end":	2.001956,
					"seconds":	1.0009009838104248,
					"bytes":	15073280,
					"bits_per_second":	120477691.55039574,
					"retransmits":	1264,
					"snd_cwnd":	2143040,
					"snd_wnd":	46145536,
					"rtt":	68624,
					"rttvar":	136,
					"pmtu":	1500,
					"omitted":	false,
					"sender":	true
				}],
			"sum":	{
				"start":	1.001055,
				"end":	2.001956,
				"seconds":	1.0009009838104248,
				"bytes":	15073280,
				"bits_per_second":	120477691.55039574,
				"retransmits":	1264,
				"omitted":	false,
				"sender":	true
			}
		}, {
			"streams":	[{
					"socket":	8,
					"start":	2.001956,
					"end":	3.001081,
					"seconds":	0.99912500381469727,
					"bytes":	12582912,
					"bits_per_second":	100751453.13715872,
					"retransmits":	6,
					"snd_cwnd":	2377616,
					"snd_wnd":	71348224,
					"rtt":	120634,
					"rttvar":	1023,
					"pmtu":	1500,
					"omitted":	false,
					"sender":	true
				}],
			"sum":	{
				"start":	2.001956,
				"end":	3.001081,
				"seconds":	0.99912500381469727,
				"bytes":	12582912,
				"bits_per_second":	100751453.13715872,
				"retransmits":	6,
				"omitted":	false,
				"sender":	true
			}
		}, {
			"streams":	[{
					"socket":	8,
					"start":	3.001081,
					"end":	4.002332,
					"seconds":	1.0012509822845459,
					"bytes":	12582912,
					"bits_per_second":	100537525.33687149,
					"retransmits":	0,
					"snd_cwnd":	2325488,
					"snd_wnd":	71352320,
					"rtt":	201602,
					"rttvar":	733,
					"pmtu":	1500,
					"omitted":	false,
					"sender":	true
				}],
			"sum":	{
				"start":	3.001081,
				"end":	4.002332,
				"seconds":	1.0012509822845459,
				"bytes":	12582912,
				"bits_per_second":	100537525.33687149,
				"retransmits":	0,
				"omitted":	false,
				"sender":	true
			}
		}, {
			"streams":	[{
					"socket":	8,
					"start":	4.002332,
					"end":	5.001976,
					"seconds":	0.99964398145675659,
					"bytes":	9699328,
					"bits_per_second":	77622258.963559464,
					"retransmits":	441,
					"snd_cwnd":	1752080,
					"snd_wnd":	71352320,
					"rtt":	95591,
					"rttvar":	1575,
					"pmtu":	1500,
					"omitted":	false,
					"sender":	true
				}],
			"sum":	{
				"start":	4.002332,
				"end":	5.001976,
				"seconds":	0.99964398145675659,
				"bytes":	9699328,
				"bits_per_second":	77622258.963559464,
				"retransmits":	441,
				"omitted":	false,
				"sender":	true
			}
		}, {
			"streams":	[{
					"socket":	8,
					"start":	5.001976,
					"end":	6.005463,
					"seconds":	1.00348699092865,
					"bytes":	23199744,
					"bits_per_second":	184953022.48835671,
					"retransmits":	0,
					"snd_cwnd":	1888192,
					"snd_wnd":	71352320,
					"rtt":	71908,
					"rttvar":	251,
					"pmtu":	1500,
					"omitted":	false,
					"sender":	true
				}],
			"sum":	{
				"start":	5.001976,
				"end":	6.005463,
				"seconds":	1.00348699092865,
				"bytes":	23199744,
				"bits_per_second":	184953022.48835671,
				"retransmits":	0,
				"omitted":	false,
				"sender":	true
			}
		}, {
			"streams":	[{
					"socket":	8,
					"start":	6.005463,
					"end":	7.002671,
					"seconds":	0.997207999229431,
					"bytes":	13238272,
					"bits_per_second":	106202694.00349425,
					"retransmits":	0,
					"snd_cwnd":	2299424,
					"snd_wnd":	71352320,
					"rtt":	76070,
					"rttvar":	228,
					"pmtu":	1500,
					"omitted":	false,
					"sender":	true
				}],
			"sum":	{
				"start":	6.005463,
				"end":	7.002671,
				"seconds":	0.997207999229431,
				"bytes":	13238272,
				"bits_per_second":	106202694.00349425,
				"retransmits":	0,
				"omitted":	false,
				"sender":	true
			}
		}, {
			"streams":	[{
					"socket":	8,
					"start":	7.002671,
					"end":	8.001088,
					"seconds":	0.99841701984405518,
					"bytes":	6291456,
					"bits_per_second":	50411448.322326683,
					"retransmits":	0,
					"snd_cwnd":	5085376,
					"snd_wnd":	71352320,
					"rtt":	65752,
					"rttvar":	168,
					"pmtu":	1500,
					"omitted":	false,
					"sender":	true
				}],
			"sum":	{
				"start":	7.002671,
				"end":	8.001088,
				"seconds":	0.99841701984405518,
				"bytes":	6291456,
				"bits_per_second":	50411448.322326683,
				"retransmits":	0,
				"omitted":	false,
				"sender":	true
			}
		}],
	"end":	{
		"streams":	[{
				"sender":	{
					"socket":	8,
					"start":	0,
					"end":	8.007233,
					"seconds":	8.007233,
					"bytes":	107479040,
					"bits_per_second":	107381953.29148035,
					"retransmits":	4529,
					"max_snd_cwnd":	5137504,
					"max_snd_wnd":	71352320,
					"max_rtt":	201602,
					"min_rtt":	65752,
					"mean_rtt":	101884,
					"sender":	true
				},
				"receiver":	{
					"socket":	8,
					"start":	0,
					"end":	8.087641,
					"seconds":	8.007233,
					"bytes":	107479040,
					"bits_per_second":	106314352.97387706,
					"sender":	true
				}
			}],
		"sum_sent":	{
			"start":	0,
			"end":	8.007233,
			"seconds":	8.007233,
			"bytes":	107479040,
			"bits_per_second":	107381953.29148035,
			"retransmits":	4529,
			"sender":	true
		},
		"sum_received":	{
			"start":	0,
			"end":	8.087641,
			"seconds":	8.087641,
			"bytes":	107479040,
			"bits_per_second":	106314352.97387706,
			"sender":	true
		},
		"cpu_utilization_percent":	{
			"host_total":	5.8429609830455966,
			"host_user":	5.3065350670290359,
			"host_system":	0.53643691736840626,
			"remote_total":	2.8181221874573037,
			"remote_user":	0.045501446340131965,
			"remote_system":	2.7726331056406339
		},
		"sender_tcp_congestion":	"bbr",
		"receiver_tcp_congestion":	"bbr"
	}
}
