{
	"start":	{
		"connected":	[{
				"socket":	8,
				"local_host":	"172.16.0.102",
				"local_port":	42726,
				"remote_host":	"172.17.0.102",
				"remote_port":	5201
			}],
		"version":	"iperf 3.16",
		"system_info":	"Linux h1 6.12.54-0b264c55b-l4steam-117 #1 SMP PREEMPT_DYNAMIC Fri Nov  7 18:07:57 UTC 2025 x86_64",
		"timestamp":	{
			"time":	"Sun, 22 Feb 2026 02:13:49 GMT",
			"timesecs":	1771726429
		},
		"connecting_to":	{
			"host":	"172.17.0.102",
			"port":	5201
		},
		"cookie":	"lso2lokye7cxhjhe3nghpjnmc2wg3a7beqfj",
		"tcp_mss_default":	1448,
		"target_bitrate":	0,
		"fq_rate":	0,
		"sock_bufsize":	0,
		"sndbuf_actual":	1000000,
		"rcvbuf_actual":	1000000,
		"test_start":	{
			"protocol":	"TCP",
			"num_streams":	1,
			"blksize":	131072,
			"omit":	0,
			"duration":	0,
			"bytes":	107374182,
			"blocks":	0,
			"reverse":	0,
			"tos":	0,
			"target_bitrate":	0,
			"bidir":	0,
			"fqrate":	0
		}
	},
	"intervals":	[{
			"streams":	[{
					"socket":	8,
					"start":	0,
					"end":	1.001036,
					"seconds":	1.0010360479354858,
					"bytes":	17563648,
					"bits_per_second":	140363760.41580418,
					"retransmits":	3376,
					"snd_cwnd":	2224128,
					"snd_wnd":	21274624,
					"rtt":	78311,
					"rttvar":	1222,
					"pmtu":	1500,
					"omitted":	false,
					"sender":	true
				}],
			"sum":	{
				"start":	0,
				"end":	1.001036,
				"seconds":	1.0010360479354858,
				"bytes":	17563648,
				"bits_per_second":	140363760.41580418,
				"retransmits":	3376,
				"omitted":	false,
				"sender":	true
			}
		}, {
			"streams":	[{
					"socket":	8,
					"start":	1.001036,
					"end":	2.00105,
					"seconds":	1.0000139474868774,
					"bytes":	22282240,
					"bits_per_second":	178255433.78467646,
					"retransmits":	400,
					"snd_cwnd":	1468272,
					"snd_wnd":	42299392,
					"rtt":	65135,
					"rttvar":	364,
					"pmtu":	1500,
					"omitted":	false,
					"sender":	true
				}],
			"sum":	{
				"start":	1.001036,
				"end":	2.00105,
				"seconds":	1.0000139474868774,
				"bytes":	22282240,
				"bits_per_second":	178255433.78467646,
				"retransmits":	400,
				"omitted":	false,
				"sender":	true
			}
		}, {
			"streams":	[{
					"socket":	8,
					"start":	2.00105,
					"end":	3.000363,
					"seconds":	0.999312996864319,
					"bytes":	6684672,
					"bits_per_second":	53514140.382245883,
					"retransmits":	0,
					"snd_cwnd":	1482752,
					"snd_wnd":	62898176,
					"rtt":	79880,
					"rttvar":	265,
					"pmtu":	1500,
					"omitted":	false,
					"sender":	true
				}],
			"sum":	{
				"start":	2.00105,
				"end":	3.000363,
				"seconds":	0.999312996864319,
				"bytes":	6684672,
				"bits_per_second":	53514140.382245883,
				"retransmits":	0,
				"omitted":	false,
				"sender":	true
			}
		}, {
			"streams":	[{
					"socket":	8,
					"start":	3.000363,
					"end":	4.001056,
					"seconds":	1.0006929636001587,
					"bytes":	13238272,
					"bits_per_second":	105832837.69577533,
					"retransmits":	0,
					"snd_cwnd":	1517504,
					"snd_wnd":	82087936,
					"rtt":	65054,
					"rttvar":	211,
					"pmtu":	1500,
					"omitted":	false,
					"sender":	true
				}],
			"sum":	{
				"start":	3.000363,
				"end":	4.001056,
				"seconds":	1.0006929636001587,
				"bytes":	13238272,
				"bits_per_second":	105832837.69577533,
				"retransmits":	0,
				"omitted":	false,
				"sender":	true
			}
		}, {
			"streams":	[{
					"socket":	8,
					"start":	4.001056,
					"end":	5.001058,
					"seconds":	1.0000020265579224,
					"bytes":	6684672,
					"bits_per_second":	53477267.625219628,
					"retransmits":	0,
					"snd_cwnd":	1497232,
					"snd_wnd":	85073920,
					"rtt":	64981,
					"rttvar":	342,
					"pmtu":	1500,
					"omitted":	false,
					"sender":	true
				}],
			"sum":	{
				"start":	4.001056,
				"end":	5.001058,
				"seconds":	1.0000020265579224,
				"bytes":	6684672,
				"bits_per_second":	53477267.625219628,
				"retransmits":	0,
				"omitted":	false,
				"sender":	true
			}
		}, {
			"streams":	[{
					"socket":	8,
					"start":	5.001058,
					"end":	6.000111,
					"seconds":	0.99905300140380859,
					"bytes":	13238272,
					"bits_per_second":	106006564.06735887,
					"retransmits":	0,
					"snd_cwnd":	1552256,
					"snd_wnd":	85086208,
					"rtt":	65039,
					"rttvar":	441,
					"pmtu":	1500,
					"omitted":	false,
					"sender":	true
				}],
			"sum":	{
				"start":	5.001058,
				"end":	6.000111,
				"seconds":	0.99905300140380859,
				"bytes":	13238272,
				"bits_per_second":	106006564.06735887,
				"retransmits":	0,
				"omitted":	false,
				"sender":	true
			}
		}, {
			"streams":	[{
					"socket":	8,
					"start":	6.000111,
					"end":	7.00411,
					"seconds":	1.0039989948272705,
					"bytes":	13238272,
					"bits_per_second":	105484344.65138111,
					"retransmits":	0,
					"snd_cwnd":	2122768,
					"snd_wnd":	85086208,
					"rtt":	64538,
					"rttvar":	302,
					"pmtu":	1500,
					"omitted":	false,
					"sender":	true
				}],
			"sum":	{
				"start":	6.000111,
				"end":	7.00411,
				"seconds":	1.0039989948272705,
				"bytes":	13238272,
				"bits_per_second":	105484344.65138111,
				"retransmits":	0,
				"omitted":	false,
				"sender":	true
			}
		}, {
			"streams":	[{
					"socket":	8,
					"start":	7.00411,
					"end":	8.001868,
					"seconds":	0.99775797128677368,
					"bytes":	14548992,
					"bits_per_second":	116653476.44368441,
					"retransmits":	0,
					"snd_cwnd":	5264928,
					"snd_wnd":	85086208,
					"rtt":	61071,
					"rttvar":	230,
					"pmtu":	1500,
					"omitted":	false,
					"sender":	true
				}],
			"sum":	{
				"start":	7.00411,
				"end":	8.001868,
				"seconds":	0.99775797128677368,
				"bytes":	14548992,
				"bits_per_second":	116653476.44368441,
				"retransmits":	0,
				"omitted":	false,
				"sender":	true
			}
		}],
	"end":	{
		"streams":	[{
				"sender":	{
					"socket":	8,
					"start":	0,
					"end":	8.002074,
					"seconds":	8.002074,
					"bytes":	107479040,
					"bits_per_second":	107451183.28073446,
					"retransmits":	3776,
					"max_snd_cwnd":	5264928,
					"max_snd_wnd":	85086208,
					"max_rtt":	79880,
					"min_rtt":	61071,
					"mean_rtt":	67231,
					"sender":	true
				},
				"receiver":	{
					"socket":	8,
					"start":	0,
					"end":	8.069189,
					"seconds":	8.002074,
					"bytes":	104988672,
					"bits_per_second":	104088450.02886908,
					"sender":	true
				}
			}],
		"sum_sent":	{
			"start":	0,
			"end":	8.002074,
			"seconds":	8.002074,
			"bytes":	107479040,
			"bits_per_second":	107451183.28073446,
			"retransmits":	3776,
			"sender":	true
		},
		"sum_received":	{
			"start":	0,
			"end":	8.069189,
			"seconds":	8.069189,
			"bytes":	104988672,
			"bits_per_second":	104088450.02886908,
			"sender":	true
		},
		"cpu_utilization_percent":	{
			"host_total":	5.0282895688260121,
			"host_user":	2.6992714146304491,
			"host_system":	2.3290077427096953,
			"remote_total":	2.3777039966598976,
			"remote_user":	0.00521736134614367,
			"remote_system":	2.3724866353137539
		},
		"sender_tcp_congestion":	"bbr",
		"receiver_tcp_congestion":	"bbr"
	}
}
