{
	"start":	{
		"connected":	[{
				"socket":	8,
				"local_host":	"172.16.0.44",
				"local_port":	49980,
				"remote_host":	"172.17.0.44",
				"remote_port":	5201
			}],
		"version":	"iperf 3.16",
		"system_info":	"Linux h1 6.12.54-0b264c55b-l4steam-117 #1 SMP PREEMPT_DYNAMIC Fri Nov  7 18:07:57 UTC 2025 x86_64",
		"timestamp":	{
			"time":	"Sun, 22 Feb 2026 02:13:48 GMT",
			"timesecs":	1771726428
		},
		"connecting_to":	{
			"host":	"172.17.0.44",
			"port":	5201
		},
		"cookie":	"rncz45mpnpbz3tnhamhepd572cfc5muzwi3c",
		"tcp_mss_default":	1448,
		"target_bitrate":	0,
		"fq_rate":	0,
		"sock_bufsize":	0,
		"sndbuf_actual":	1000000,
		"rcvbuf_actual":	1000000,
		"test_start":	{
			"protocol":	"TCP",
			"num_streams":	1,
			"blksize":	131072,
			"omit":	0,
			"duration":	0,
			"bytes":	107374182,
			"blocks":	0,
			"reverse":	0,
			"tos":	0,
			"target_bitrate":	0,
			"bidir":	0,
			"fqrate":	0
		}
	},
	"intervals":	[{
			"streams":	[{
					"socket":	8,
					"start":	0,
					"end":	1.001055,
					"seconds":	1.0010550022125244,
					"bytes":	28049408,
					"bits_per_second":	224158775.99536812,
					"retransmits":	1105,
					"snd_cwnd":	259192,
					"snd_wnd":	8298496,
					"rtt":	119345,
					"rttvar":	6795,
					"pmtu":	1500,
					"omitted":	false,
					"sender":	true
				}],
			"sum":	{
				"start":	0,
				"end":	1.001055,
				"seconds":	1.0010550022125244,
				"bytes":	28049408,
				"bits_per_second":	224158775.99536812,
				"retransmits":	1105,
				"omitted":	false,
				"sender":	true
			}
		}, {
			"streams":	[{
					"socket":	8,
					"start":	1.001055,
					"end":	2.001052,
					"seconds":	0.99999701976776123,
					"bytes":	0,
					"bits_per_second":	0,
					"retransmits":	1494,
					"snd_cwnd":	1149712,
					"snd_wnd":	17788928,
					"rtt":	67998,
					"rttvar":	270,
					"pmtu":	1500,
					"omitted":	false,
					"sender":	true
				}],
			"sum":	{
				"start":	1.001055,
				"end":	2.001052,
				"seconds":	0.99999701976776123,
				"bytes":	0,
				"bits_per_second":	0,
				"retransmits":	1494,
				"omitted":	false,
				"sender":	true
			}
		}, {
			"streams":	[{
					"socket":	8,
					"start":	2.001052,
					"end":	3.001053,
					"seconds":	1.0000009536743164,
					"bytes":	0,
					"bits_per_second":	0,
					"retransmits":	0,
					"snd_cwnd":	912240,
					"snd_wnd":	20811776,
					"rtt":	64175,
					"rttvar":	182,
					"pmtu":	1500,
					"omitted":	false,
					"sender":	true
				}],
			"sum":	{
				"start":	2.001052,
				"end":	3.001053,
				"seconds":	1.0000009536743164,
				"bytes":	0,
				"bits_per_second":	0,
				"retransmits":	0,
				"omitted":	false,
				"sender":	true
			}
		}, {
			"streams":	[{
					"socket":	8,
					"start":	3.001053,
					"end":	4.001079,
					"seconds":	1.0000259876251221,
					"bytes":	9437184,
					"bits_per_second":	75495510.0509864,
					"retransmits":	7,
					"snd_cwnd":	1407456,
					"snd_wnd":	20815872,
					"rtt":	76472,
					"rttvar":	776,
					"pmtu":	1500,
					"omitted":	false,
					"sender":	true
				}],
			"sum":	{
				"start":	3.001053,
				"end":	4.001079,
				"seconds":	1.0000259876251221,
				"bytes":	9437184,
				"bits_per_second":	75495510.0509864,
				"retransmits":	7,
				"omitted":	false,
				"sender":	true
			}
		}, {
			"streams":	[{
					"socket":	8,
					"start":	4.001079,
					"end":	5.001068,
					"seconds":	0.99998897314071655,
					"bytes":	9437184,
					"bits_per_second":	75498304.509179965,
					"retransmits":	0,
					"snd_cwnd":	1456688,
					"snd_wnd":	20815872,
					"rtt":	64643,
					"rttvar":	971,
					"pmtu":	1500,
					"omitted":	false,
					"sender":	true
				}],
			"sum":	{
				"start":	4.001079,
				"end":	5.001068,
				"seconds":	0.99998897314071655,
				"bytes":	9437184,
				"bits_per_second":	75498304.509179965,
				"retransmits":	0,
				"omitted":	false,
				"sender":	true
			}
		}, {
			"streams":	[{
					"socket":	8,
					"start":	5.001068,
					"end":	6.001058,
					"seconds":	0.99998998641967773,
					"bytes":	9437184,
					"bits_per_second":	75498228.007570341,
					"retransmits":	0,
					"snd_cwnd":	1445104,
					"snd_wnd":	20815872,
					"rtt":	63709,
					"rttvar":	230,
					"pmtu":	1500,
					"omitted":	false,
					"sender":	true
				}],
			"sum":	{
				"start":	5.001068,
				"end":	6.001058,
				"seconds":	0.99998998641967773,
				"bytes":	9437184,
				"bits_per_second":	75498228.007570341,
				"retransmits":	0,
				"omitted":	false,
				"sender":	true
			}
		}, {
			"streams":	[{
					"socket":	8,
					"start":	6.001058,
					"end":	7.001051,
					"seconds":	0.99999302625656128,
					"bytes":	9568256,
					"bits_per_second":	76546581.8162227,
					"retransmits":	0,
					"snd_cwnd":	1531984,
					"snd_wnd":	20815872,
					"rtt":	63772,
					"rttvar":	237,
					"pmtu":	1500,
					"omitted":	false,
					"sender":	true
				}],
			"sum":	{
				"start":	6.001058,
				"end":	7.001051,
				"seconds":	0.99999302625656128,
				"bytes":	9568256,
				"bits_per_second":	76546581.8162227,
				"retransmits":	0,
				"omitted":	false,
				"sender":	true
			}
		}, {
			"streams":	[{
					"socket":	8,
					"start":	7.001051,
					"end":	8.004291,
					"seconds":	1.0032399892807007,
					"bytes":	14680064,
					"bits_per_second":	117061234.85388781,
					"retransmits":	0,
					"snd_cwnd":	1726016,
					"snd_wnd":	20815872,
					"rtt":	64887,
					"rttvar":	265,
					"pmtu":	1500,
					"omitted":	false,
					"sender":	true
				}],
			"sum":	{
				"start":	7.001051,
				"end":	8.004291,
				"seconds":	1.0032399892807007,
				"bytes":	14680064,
				"bits_per_second":	117061234.85388781,
				"retransmits":	0,
				"omitted":	false,
				"sender":	true
			}
		}, {
			"streams":	[{
					"socket":	8,
					"start":	8.004291,
					"end":	9.0003,
					"seconds":	0.99600899219512939,
					"bytes":	17563648,
					"bits_per_second":	141072204.268285,
					"retransmits":	0,
					"snd_cwnd":	2125664,
					"snd_wnd":	20815872,
					"rtt":	61324,
					"rttvar":	275,
					"pmtu":	1500,
					"omitted":	false,
					"sender":	true
				}],
			"sum":	{
				"start":	8.004291,
				"end":	9.0003,
				"seconds":	0.99600899219512939,
				"bytes":	17563648,
				"bits_per_second":	141072204.268285,
				"retransmits":	0,
				"omitted":	false,
				"sender":	true
			}
		}, {
			"streams":	[{
					"socket":	8,
					"start":	9.0003,
					"end":	10.000298,
					"seconds":	0.99999797344207764,
					"bytes":	9306112,
					"bits_per_second":	74449046.875305757,
					"retransmits":	0,
					"snd_cwnd":	3622896,
					"snd_wnd":	20815872,
					"rtt":	60952,
					"rttvar":	89,
					"pmtu":	1500,
					"omitted":	false,
					"sender":	true
				}],
			"sum":	{
				"start":	9.0003,
				"end":	10.000298,
				"seconds":	0.99999797344207764,
				"bytes":	9306112,
				"bits_per_second":	74449046.875305757,
				"retransmits":	0,
				"omitted":	false,
				"sender":	true
			}
		}],
	"end":	{
		"streams":	[{
				"sender":	{
					"socket":	8,
					"start":	0,
					"end":	10.000555,
					"seconds":	10.000555,
					"bytes":	107479040,
					"bits_per_second":	85978460.195459142,
					"retransmits":	2606,
					"max_snd_cwnd":	3634480,
					"max_snd_wnd":	20815872,
					"max_rtt":	119345,
					"min_rtt":	60952,
					"mean_rtt":	69839,
					"sender":	true
				},
				"receiver":	{
					"socket":	8,
					"start":	0,
					"end":	10.063779,
					"seconds":	10.000555,
					"bytes":	104595456,
					"bits_per_second":	83146067.4961165,
					"sender":	true
				}
			}],
		"sum_sent":	{
			"start":	0,
			"end":	10.000555,
			"seconds":	10.000555,
			"bytes":	107479040,
			"bits_per_second":	85978460.195459142,
			"retransmits":	2606,
			"sender":	true
		},
		"sum_received":	{
			"start":	0,
			"end":	10.063779,
			"seconds":	10.063779,
			"bytes":	104595456,
			"bits_per_second":	83146067.4961165,
			"sender":	true
		},
		"cpu_utilization_percent":	{
			"host_total":	4.5698316584038672,
			"host_user":	2.43390548623672,
			"host_system":	2.1359164250435962,
			"remote_total":	2.6302016804601767,
			"remote_user":	0.15103652291666234,