{
	"start":	{
		"connected":	[{
				"socket":	8,
				"local_host":	"172.16.0.48",
				"local_port":	46828,
				"remote_host":	"172.17.0.48",
				"remote_port":	5201
			}],
		"version":	"iperf 3.16",
		"system_info":	"Linux h1 6.12.54-0b264c55b-l4steam-117 #1 SMP PREEMPT_DYNAMIC Fri Nov  7 18:07:57 UTC 2025 x86_64",
		"timestamp":	{
			"time":	"Sun, 22 Feb 2026 02:13:48 GMT",
			"timesecs":	1771726428
		},
		"connecting_to":	{
			"host":	"172.17.0.48",
			"port":	5201
		},
		"cookie":	"mbwbzfvgn32yuklhopgl2jdlpatereeh73oy",
		"tcp_mss_default":	1448,
		"target_bitrate":	0,
		"fq_rate":	0,
		"sock_bufsize":	0,
		"sndbuf_actual":	1000000,
		"rcvbuf_actual":	1000000,
		"test_start":	{
			"protocol":	"TCP",
			"num_streams":	1,
			"blksize":	131072,
			"omit":	0,
			"duration":	0,
			"bytes":	107374182,
			"blocks":	0,
			"reverse":	0,
			"tos":	0,
			"target_bitrate":	0,
			"bidir":	0,
			"fqrate":	0
		}
	},
	"intervals":	[{
			"streams":	[{
					"socket":	8,
					"start":	0,
					"end":	1.000398,
					"seconds":	1.00039803981781,
					"bytes":	21495808,
					"bits_per_second":	171898041.734786,
					"retransmits":	9164,
					"snd_cwnd":	7357288,
					"snd_wnd":	38686720,
					"rtt":	118559,
					"rttvar":	1093,
					"pmtu":	1500,
					"omitted":	false,
					"sender":	true
				}],
			"sum":	{
				"start":	0,
				"end":	1.000398,
				"seconds":	1.00039803981781,
				"bytes":	21495808,
				"bits_per_second":	171898041.734786,
				"retransmits":	9164,
				"omitted":	false,
				"sender":	true
			}
		}, {
			"streams":	[{
					"socket":	8,
					"start":	1.000398,
					"end":	2.001043,
					"seconds":	1.0006450414657593,
					"bytes":	21102592,
					"bits_per_second":	168711909.82239711,
					"retransmits":	217,
					"snd_cwnd":	2536896,
					"snd_wnd":	67211264,
					"rtt":	70758,
					"rttvar":	841,
					"pmtu":	1500,
					"omitted":	false,
					"sender":	true
				}],
			"sum":	{
				"start":	1.000398,
				"end":	2.001043,
				"seconds":	1.0006450414657593,
				"bytes":	21102592,
				"bits_per_second":	168711909.82239711,
				"retransmits":	217,
				"omitted":	false,
				"sender":	true
			}
		}, {
			"streams":	[{
					"socket":	8,
					"start":	2.001043,
					"end":	3.001047,
					"seconds":	1.0000040531158447,
					"bytes":	10878976,
					"bits_per_second":	87031455.251429737,
					"retransmits":	769,
					"snd_cwnd":	2006928,
					"snd_wnd":	88920064,
					"rtt":	92590,
					"rttvar":	215,
					"pmtu":	1500,
					"omitted":	false,
					"sender":	true
				}],
			"sum":	{
				"start":	2.001043,
				"end":	3.001047,
				"seconds":	1.0000040531158447,
				"bytes":	10878976,
				"bits_per_second":	87031455.251429737,
				"retransmits":	769,
				"omitted":	false,
				"sender":	true
			}
		}, {
			"streams":	[{
					"socket":	8,
					"start":	3.001047,
					"end":	4.004387,
					"seconds":	1.0033400058746338,
					"bytes":	11665408,
					"bits_per_second":	93012601.365025848,
					"retransmits":	198,
					"snd_cwnd":	1552256,
					"snd_wnd":	110403584,
					"rtt":	133113,
					"rttvar":	1344,
					"pmtu":	1500,
					"omitted":	false,
					"sender":	true
				}],
			"sum":	{
				"start":	3.001047,
				"end":	4.004387,
				"seconds":	1.0033400058746338,
				"bytes":	11665408,
				"bits_per_second":	93012601.365025848,
				"retransmits":	198,
				"omitted":	false,
				"sender":	true
			}
		}, {
			"streams":	[{
					"socket":	8,
					"start":	4.004387,
					"end":	5.001038,
					"seconds":	0.996650993824005,
					"bytes":	11927552,
					"bits_per_second":	95741053.379062742,
					"retransmits":	0,
					"snd_cwnd":	1592800,
					"snd_wnd":	132083712,
					"rtt":	115588,
					"rttvar":	147,
					"pmtu":	1500,
					"omitted":	false,
					"sender":	true
				}],
			"sum":	{
				"start":	4.004387,
				"end":	5.001038,
				"seconds":	0.996650993824005,
				"bytes":	11927552,
				"bits_per_second":	95741053.379062742,
				"retransmits":	0,
				"omitted":	false,
				"sender":	true
			}
		}, {
			"streams":	[{
					"socket":	8,
					"start":	5.001038,
					"end":	6.002223,
					"seconds":	1.0011850595474243,
					"bytes":	14811136,
					"bits_per_second":	118348837.58009914,
					"retransmits":	0,
					"snd_cwnd":	1615968,
					"snd_wnd":	139837440,
					"rtt":	117491,
					"rttvar":	161,
					"pmtu":	1500,
					"omitted":	false,
					"sender":	true
				}],
			"sum":	{
				"start":	5.001038,
				"end":	6.002223,
				"seconds":	1.0011850595474243,
				"bytes":	14811136,
				"bits_per_second":	118348837.58009914,
				"retransmits":	0,
				"omitted":	false,
				"sender":	true
			}
		}, {
			"streams":	[{
					"socket":	8,
					"start":	6.002223,
					"end":	7.001777,
					"seconds":	0.99955397844314575,
					"bytes":	10092544,
					"bits_per_second":	80776380.006767675,
					"retransmits":	0,
					"snd_cwnd":	1838960,
					"snd_wnd":	139837440,
					"rtt":	99669,
					"rttvar":	268,
					"pmtu":	1500,
					"omitted":	false,
					"sender":	true
				}],
			"sum":	{
				"start":	6.002223,
				"end":	7.001777,
				"seconds":	0.99955397844314575,
				"bytes":	10092544,
				"bits_per_second":	80776380.006767675,
				"retransmits":	0,
				"omitted":	false,
				"sender":	true
			}
		}, {
			"streams":	[{
					"socket":	8,
					"start":	7.001777,
					"end":	8.002489,
					"seconds":	1.0007120370864868,
					"bytes":	5505024,
					"bits_per_second":	44008856.062349744,
					"retransmits":	0,
					"snd_cwnd":	1957696,
					"snd_wnd":	139837440,
					"rtt":	99862,
					"rttvar":	366,
					"pmtu":	1500,
					"omitted":	false,
					"sender":	true
				}],
			"sum":	{
				"start":	7.001777,
				"end":	8.002489,
				"seconds":	1.0007120370864868,
				"bytes":	5505024,
				"bits_per_second":	44008856.062349744,
				"retransmits":	0,
				"omitted":	false,
				"sender":	true
			}
		}],
	"end":	{
		"streams":	[{
				"sender":	{
					"socket":	8,
					"start":	0,
					"end":	8.014454,
					"seconds":	8.014454,
					"bytes":	107479040,
					"bits_per_second":	107285202.46045457,
					"retransmits":	10348,
					"max_snd_cwnd":	7357288,
					"max_snd_wnd":	139837440,
					"max_rtt":	133113,
					"min_rtt":	70758,
					"mean_rtt":	105185,
					"sender":	true
				},
				"receiver":	{
					"socket":	8,
					"start":	0,
					"end":	8.094932,
					"seconds":	8.014454,
					"bytes":	102367232,
					"bits_per_second":	101166736.91638176,
					"sender":	true
				}
			}],
		"sum_sent":	{
			"start":	0,
			"end":	8.014454,
			"seconds":	8.014454,
			"bytes":	107479040,
			"bits_per_second":	107285202.46045457,
			"retransmits":	10348,
			"sender":	true
		},
		"sum_received":	{
			"start":	0,
			"end":	8.094932,
			"seconds":	8.094932,
			"bytes":	102367232,
			"bits_per_second":	101166736.91638176,
			"sender":	true
		},
		"cpu_utilization_percent":	{
			"host_total":	10.6793576456644,
			"host_user":	9.41394562247951,
			"host_system":	1.2653879324882318,
			"remote_total":	2.4618474485965733,
			"remote_user":	0.21929756834426262,
			"remote_system":	2.2425745870536118
		},
		"sender_tcp_congestion":	"bbr",
		"receiver_tcp_congestion":	"bbr"
	}
}
