{
	"start":	{
		"connected":	[{
				"socket":	8,
				"local_host":	"172.16.0.53",
				"local_port":	56788,
				"remote_host":	"172.17.0.53",
				"remote_port":	5201
			}],
		"version":	"iperf 3.16",
		"system_info":	"Linux h1 6.12.54-0b264c55b-l4steam-117 #1 SMP PREEMPT_DYNAMIC Fri Nov  7 18:07:57 UTC 2025 x86_64",
		"timestamp":	{
			"time":	"Sun, 22 Feb 2026 02:13:48 GMT",
			"timesecs":	1771726428
		},
		"connecting_to":	{
			"host":	"172.17.0.53",
			"port":	5201
		},
		"cookie":	"4sr7hyh443mce22f6pjwqcx4urvvccwbf6mp",
		"tcp_mss_default":	1448,
		"target_bitrate":	0,
		"fq_rate":	0,
		"sock_bufsize":	0,
		"sndbuf_actual":	1000000,
		"rcvbuf_actual":	1000000,
		"test_start":	{
			"protocol":	"TCP",
			"num_streams":	1,
			"blksize":	131072,
			"omit":	0,
			"duration":	0,
			"bytes":	107374182,
			"blocks":	0,
			"reverse":	0,
			"tos":	0,
			"target_bitrate":	0,
			"bidir":	0,
			"fqrate":	0
		}
	},
	"intervals":	[{
			"streams":	[{
					"socket":	8,
					"start":	0,
					"end":	1.001065,
					"seconds":	1.0010650157928467,
					"bytes":	23724032,
					"bits_per_second":	189590339.2944802,
					"retransmits":	5264,
					"snd_cwnd":	5734080,
					"snd_wnd":	10883072,
					"rtt":	134781,
					"rttvar":	7037,
					"pmtu":	1500,
					"omitted":	false,
					"sender":	true
				}],
			"sum":	{
				"start":	0,
				"end":	1.001065,
				"seconds":	1.0010650157928467,
				"bytes":	23724032,
				"bits_per_second":	189590339.2944802,
				"retransmits":	5264,
				"omitted":	false,
				"sender":	true
			}
		}, {
			"streams":	[{
					"socket":	8,
					"start":	1.001065,
					"end":	2.001063,
					"seconds":	0.99999797344207764,
					"bytes":	14548992,
					"bits_per_second":	116392171.875478,
					"retransmits":	3180,
					"snd_cwnd":	2562960,
					"snd_wnd":	30113792,
					"rtt":	70139,
					"rttvar":	1054,
					"pmtu":	1500,
					"omitted":	false,
					"sender":	true
				}],
			"sum":	{
				"start":	1.001065,
				"end":	2.001063,
				"seconds":	0.99999797344207764,
				"bytes":	14548992,
				"bits_per_second":	116392171.875478,
				"retransmits":	3180,
				"omitted":	false,
				"sender":	true
			}
		}, {
			"streams":	[{
					"socket":	8,
					"start":	2.001063,
					"end":	3.00182,
					"seconds":	1.0007569789886475,
					"bytes":	8650752,
					"bits_per_second":	69153668.126240537,
					"retransmits":	702,
					"snd_cwnd":	1731808,
					"snd_wnd":	44724224,
					"rtt":	91813,
					"rttvar":	924,
					"pmtu":	1500,
					"omitted":	false,
					"sender":	true
				}],
			"sum":	{
				"start":	2.001063,
				"end":	3.00182,
				"seconds":	1.0007569789886475,
				"bytes":	8650752,
				"bits_per_second":	69153668.126240537,
				"retransmits":	702,
				"omitted":	false,
				"sender":	true
			}
		}, {
			"streams":	[{
					"socket":	8,
					"start":	3.00182,
					"end":	4.001265,
					"seconds":	0.99944502115249634,
					"bytes":	12189696,
					"bits_per_second":	97571718.239737645,
					"retransmits":	2244,
					"snd_cwnd":	2568752,
					"snd_wnd":	44490752,
					"rtt":	123175,
					"rttvar":	5369,
					"pmtu":	1500,
					"omitted":	false,
					"sender":	true
				}],
			"sum":	{
				"start":	3.00182,
				"end":	4.001265,
				"seconds":	0.99944502115249634,
				"bytes":	12189696,
				"bits_per_second":	97571718.239737645,
				"retransmits":	2244,
				"omitted":	false,
				"sender":	true
			}
		}, {
			"streams":	[{
					"socket":	8,
					"start":	4.001265,
					"end":	5.001068,
					"seconds":	0.99980300664901733,
					"bytes":	14811136,
					"bits_per_second":	118512434.1615386,
					"retransmits":	4249,
					"snd_cwnd":	2565856,
					"snd_wnd":	44142592,
					"rtt":	154446,
					"rttvar":	4340,
					"pmtu":	1500,
					"omitted":	false,
					"sender":	true
				}],
			"sum":	{
				"start":	4.001265,
				"end":	5.001068,
				"seconds":	0.99980300664901733,
				"bytes":	14811136,
				"bits_per_second":	118512434.1615386,
				"retransmits":	4249,
				"omitted":	false,
				"sender":	true
			}
		}, {
			"streams":	[{
					"socket":	8,
					"start":	5.001068,
					"end":	6.001337,
					"seconds":	1.0002690553665161,
					"bytes":	13500416,
					"bits_per_second":	107974276.94134323,
					"retransmits":	642,
					"snd_cwnd":	2568752,
					"snd_wnd":	45117440,
					"rtt":	227815,
					"rttvar":	272,
					"pmtu":	1500,
					"omitted":	false,
					"sender":	true
				}],
			"sum":	{
				"start":	5.001068,
				"end":	6.001337,
				"seconds":	1.0002690553665161,
				"bytes":	13500416,
				"bits_per_second":	107974276.94134323,
				"retransmits":	642,
				"omitted":	false,
				"sender":	true
			}
		}, {
			"streams":	[{
					"socket":	8,
					"start":	6.001337,
					"end":	7.001055,
					"seconds":	0.99971801042556763,
					"bytes":	16121856,
					"bits_per_second":	129011227.82123031,
					"retransmits":	1276,
					"snd_cwnd":	1613072,
					"snd_wnd":	45133824,
					"rtt":	123862,
					"rttvar":	1788,
					"pmtu":	1500,
					"omitted":	false,
					"sender":	true
				}],
			"sum":	{
				"start":	6.001337,
				"end":	7.001055,
				"seconds":	0.99971801042556763,
				"bytes":	16121856,
				"bits_per_second":	129011227.82123031,
				"retransmits":	1276,
				"omitted":	false,
				"sender":	true
			}
		}, {
			"streams":	[{
					"socket":	8,
					"start":	7.001055,
					"end":	8.001332,
					"seconds":	1.000277042388916,
					"bytes":	3145728,
					"bits_per_second":	25158853.931004565,
					"retransmits":	0,
					"snd_cwnd":	1613072,
					"snd_wnd":	45125632,
					"rtt":	93693,
					"rttvar":	218,
					"pmtu":	1500,
					"omitted":	false,
					"sender":	true
				}],
			"sum":	{
				"start":	7.001055,
				"end":	8.001332,
				"seconds":	1.000277042388916,
				"bytes":	3145728,
				"bits_per_second":	25158853.931004565,
				"retransmits":	0,
				"omitted":	false,
				"sender":	true
			}
		}],
	"end":	{
		"streams":	[{
				"sender":	{
					"socket":	8,
					"start":	0,
					"end":	8.001722,
					"seconds":	8.001722,
					"bytes":	107479040,
					"bits_per_second":	107455910.11534768,
					"retransmits":	17557,
					"max_snd_cwnd":	5734080,
					"max_snd_wnd":	45133824,
					"max_rtt":	227815,
					"min_rtt":	70139,
					"mean_rtt":	123711,
					"sender":	true
				},
				"receiver":	{
					"socket":	8,
					"start":	0,
					"end":	8.064209,
					"seconds":	8.001722,
					"bytes":	95158272,
					"bits_per_second":	94400600.9764876,
					"sender":	true
				}
			}],
		"sum_sent":	{
			"start":	0,
			"end":	8.001722,
			"seconds":	8.001722,
			"bytes":	107479040,
			"bits_per_second":	107455910.11534768,
			"retransmits":	17557,
			"sender":	true
		},
		"sum_received":	{
			"start":	0,
			"end":	8.064209,
			"seconds":	8.064209,
			"bytes":	95158272,
			"bits_per_second":	94400600.9764876,
			"sender":	true
		},
		"cpu_utilization_percent":	{
			"host_total":	5.6007095197984826,
			"host_user":	4.9304163486115673,
			"host_system":	0.67028105672511928,
			"remote_total":	1.7418549769047691,
			"remote_user":	0.12875394381030575,
			"remote_system":	1.6131878362926404
		},
		"sender_tcp_congestion":	"bbr",
		"receiver_tcp_congestion":	"bbr"
	}
}
