{
	"start":	{
		"connected":	[{
				"socket":	8,
				"local_host":	"172.16.0.94",
				"local_port":	38798,
				"remote_host":	"172.17.0.94",
				"remote_port":	5201
			}],
		"version":	"iperf 3.16",
		"system_info":	"Linux h1 6.12.54-0b264c55b-l4steam-117 #1 SMP PREEMPT_DYNAMIC Fri Nov  7 18:07:57 UTC 2025 x86_64",
		"timestamp":	{
			"time":	"Sun, 22 Feb 2026 02:13:48 GMT",
			"timesecs":	1771726428
		},
		"connecting_to":	{
			"host":	"172.17.0.94",
			"port":	5201
		},
		"cookie":	"evfpnykmnwheiep2fdp5pgei3ob4dd25jfwu",
		"tcp_mss_default":	1448,
		"target_bitrate":	0,
		"fq_rate":	0,
		"sock_bufsize":	0,
		"sndbuf_actual":	1000000,
		"rcvbuf_actual":	1000000,
		"test_start":	{
			"protocol":	"TCP",
			"num_streams":	1,
			"blksize":	131072,
			"omit":	0,
			"duration":	0,
			"bytes":	107374182,
			"blocks":	0,
			"reverse":	0,
			"tos":	0,
			"target_bitrate":	0,
			"bidir":	0,
			"fqrate":	0
		}
	},
	"intervals":	[{
			"streams":	[{
					"socket":	8,
					"start":	0,
					"end":	1.001038,
					"seconds":	1.0010379552841187,
					"bytes":	31457280,
					"bits_per_second":	251397300.84317666,
					"retransmits":	8990,
					"snd_cwnd":	7306608,
					"snd_wnd":	27934720,
					"rtt":	107518,
					"rttvar":	2534,
					"pmtu":	1500,
					"omitted":	false,
					"sender":	true
				}],
			"sum":	{
				"start":	0,
				"end":	1.001038,
				"seconds":	1.0010379552841187,
				"bytes":	31457280,
				"bits_per_second":	251397300.84317666,
				"retransmits":	8990,
				"omitted":	false,
				"sender":	true
			}
		}, {
			"streams":	[{
					"socket":	8,
					"start":	1.001038,
					"end":	2.00105,
					"seconds":	1.0000120401382446,
					"bytes":	11010048,
					"bits_per_second":	88079323.5127684,
					"retransmits":	2155,
					"snd_cwnd":	2528208,
					"snd_wnd":	54005760,
					"rtt":	88138,
					"rttvar":	3853,
					"pmtu":	1500,
					"omitted":	false,
					"sender":	true
				}],
			"sum":	{
				"start":	1.001038,
				"end":	2.00105,
				"seconds":	1.0000120401382446,
				"bytes":	11010048,
				"bits_per_second":	88079323.5127684,
				"retransmits":	2155,
				"omitted":	false,
				"sender":	true
			}
		}, {
			"streams":	[{
					"socket":	8,
					"start":	2.00105,
					"end":	3.001061,
					"seconds":	1.0000109672546387,
					"bytes":	10878976,
					"bits_per_second":	87030853.510468125,
					"retransmits":	734,
					"snd_cwnd":	1714432,
					"snd_wnd":	75702272,
					"rtt":	87218,
					"rttvar":	991,
					"pmtu":	1500,
					"omitted":	false,
					"sender":	true
				}],
			"sum":	{
				"start":	2.00105,
				"end":	3.001061,
				"seconds":	1.0000109672546387,
				"bytes":	10878976,
				"bits_per_second":	87030853.510468125,
				"retransmits":	734,
				"omitted":	false,
				"sender":	true
			}
		}, {
			"streams":	[{
					"socket":	8,
					"start":	3.001061,
					"end":	4.001041,
					"seconds":	0.99997997283935547,
					"bytes":	10878976,
					"bits_per_second":	87033551.034908041,
					"retransmits":	0,
					"snd_cwnd":	1482752,
					"snd_wnd":	97263616,
					"rtt":	64009,
					"rttvar":	155,
					"pmtu":	1500,
					"omitted":	false,
					"sender":	true
				}],
			"sum":	{
				"start":	3.001061,
				"end":	4.001041,
				"seconds":	0.99997997283935547,
				"bytes":	10878976,
				"bits_per_second":	87033551.034908041,
				"retransmits":	0,
				"omitted":	false,
				"sender":	true
			}
		}, {
			"streams":	[{
					"socket":	8,
					"start":	4.001041,
					"end":	5.001036,
					"seconds":	0.999994993209839,
					"bytes":	12451840,
					"bits_per_second":	99615218.752497151,
					"retransmits":	0,
					"snd_cwnd":	1479856,
					"snd_wnd":	118788096,
					"rtt":	64157,
					"rttvar":	180,
					"pmtu":	1500,
					"omitted":	false,
					"sender":	true
				}],
			"sum":	{
				"start":	4.001041,
				"end":	5.001036,
				"seconds":	0.999994993209839,
				"bytes":	12451840,
				"bits_per_second":	99615218.752497151,
				"retransmits":	0,
				"omitted":	false,
				"sender":	true
			}
		}, {
			"streams":	[{
					"socket":	8,
					"start":	5.001036,
					"end":	6.003273,
					"seconds":	1.0022369623184204,
					"bytes":	13893632,
					"bits_per_second":	110900974.69852331,
					"retransmits":	0,
					"snd_cwnd":	1607280,
					"snd_wnd":	131252224,
					"rtt":	72411,
					"rttvar":	1065,
					"pmtu":	1500,
					"omitted":	false,
					"sender":	true
				}],
			"sum":	{
				"start":	5.001036,
				"end":	6.003273,
				"seconds":	1.0022369623184204,
				"bytes":	13893632,
				"bits_per_second":	110900974.69852331,
				"retransmits":	0,
				"omitted":	false,
				"sender":	true
			}
		}, {
			"streams":	[{
					"socket":	8,
					"start":	6.003273,
					"end":	7.001022,
					"seconds":	0.9977489709854126,
					"bytes":	10223616,
					"bits_per_second":	81973452.620274141,
					"retransmits":	0,
					"snd_cwnd":	1720224,
					"snd_wnd":	131252224,
					"rtt":	91306,
					"rttvar":	1069,
					"pmtu":	1500,
					"omitted":	false,
					"sender":	true
				}],
			"sum":	{
				"start":	6.003273,
				"end":	7.001022,
				"seconds":	0.9977489709854126,
				"bytes":	10223616,
				"bits_per_second":	81973452.620274141,
				"retransmits":	0,
				"omitted":	false,
				"sender":	true
			}
		}, {
			"streams":	[{
					"socket":	8,
					"start":	7.001022,
					"end":	8.001024,
					"seconds":	1.0000020265579224,
					"bytes":	6684672,
					"bits_per_second":	53477267.625219628,
					"retransmits":	0,
					"snd_cwnd":	2351552,
					"snd_wnd":	131252224,
					"rtt":	67568,
					"rttvar":	979,
					"pmtu":	1500,
					"omitted":	false,
					"sender":	true
				}],
			"sum":	{
				"start":	7.001022,
				"end":	8.001024,
				"seconds":	1.0000020265579224,
				"bytes":	6684672,
				"bits_per_second":	53477267.625219628,
				"retransmits":	0,
				"omitted":	false,
				"sender":	true
			}
		}],
	"end":	{
		"streams":	[{
				"sender":	{
					"socket":	8,
					"start":	0,
					"end":	8.001321,
					"seconds":	8.001321,
					"bytes":	107479040,
					"bits_per_second":	107461295.45358822,
					"retransmits":	11879,
					"max_snd_cwnd":	7306608,
					"max_snd_wnd":	131252224,
					"max_rtt":	107518,
					"min_rtt":	64009,
					"mean_rtt":	78877,
					"sender":	true
				},
				"receiver":	{
					"socket":	8,
					"start":	0,
					"end":	8.349492,
					"seconds":	8.001321,
					"bytes":	103284736,
					"bits_per_second":	98961456.337702945,
					"sender":	true
				}
			}],
		"sum_sent":	{
			"start":	0,
			"end":	8.001321,
			"seconds":	8.001321,
			"bytes":	107479040,
			"bits_per_second":	107461295.45358822,
			"retransmits":	11879,
			"sender":	true
		},
		"sum_received":	{
			"start":	0,
			"end":	8.349492,
			"seconds":	8.349492,
			"bytes":	103284736,
			"bits_per_second":	98961456.337702945,
			"sender":	true
		},
		"cpu_utilization_percent":	{
			"host_total":	4.7557617454685115,
			"host_user":	4.4153961315076717,
			"host_system":	0.34036561396083964,
			"remote_total":	2.2534152926928357,
			"remote_user":	0.26047056208368785,
			"remote_system":	1.9929567073684855
		},
		"sender_tcp_congestion":	"bbr",
		"receiver_tcp_congestion":	"bbr"
	}
}
