{
	"start":	{
		"connected":	[{
				"socket":	8,
				"local_host":	"172.16.0.116",
				"local_port":	43178,
				"remote_host":	"172.17.0.116",
				"remote_port":	5201
			}],
		"version":	"iperf 3.16",
		"system_info":	"Linux h1 6.12.54-0b264c55b-l4steam-117 #1 SMP PREEMPT_DYNAMIC Fri Nov  7 18:07:57 UTC 2025 x86_64",
		"timestamp":	{
			"time":	"Sun, 22 Feb 2026 02:10:48 GMT",
			"timesecs":	1771726248
		},
		"connecting_to":	{
			"host":	"172.17.0.116",
			"port":	5201
		},
		"cookie":	"zxa76bvtuk5oddnjhz4aq7kwse7r267tvqtq",
		"tcp_mss_default":	1448,
		"target_bitrate":	0,
		"fq_rate":	0,
		"sock_bufsize":	0,
		"sndbuf_actual":	1000000,
		"rcvbuf_actual":	1000000,
		"test_start":	{
			"protocol":	"TCP",
			"num_streams":	1,
			"blksize":	131072,
			"omit":	0,
			"duration":	0,
			"bytes":	107374182,
			"blocks":	0,
			"reverse":	0,
			"tos":	0,
			"target_bitrate":	0,
			"bidir":	0,
			"fqrate":	0
		}
	},
	"intervals":	[{
			"streams":	[{
					"socket":	8,
					"start":	0,
					"end":	1.001039,
					"seconds":	1.0010390281677246,
					"bytes":	14811136,
					"bits_per_second":	118366102.28562146,
					"retransmits":	3414,
					"snd_cwnd":	2408024,
					"snd_wnd":	16084992,
					"rtt":	98821,
					"rttvar":	5047,
					"pmtu":	1500,
					"omitted":	false,
					"sender":	true
				}],
			"sum":	{
				"start":	0,
				"end":	1.001039,
				"seconds":	1.0010390281677246,
				"bytes":	14811136,
				"bits_per_second":	118366102.28562146,
				"retransmits":	3414,
				"omitted":	false,
				"sender":	true
			}
		}, {
			"streams":	[{
					"socket":	8,
					"start":	1.001039,
					"end":	2.001024,
					"seconds":	0.9999849796295166,
					"bytes":	11796480,
					"bits_per_second":	94373257.5212917,
					"retransmits":	2066,
					"snd_cwnd":	1721672,
					"snd_wnd":	31113216,
					"rtt":	88239,
					"rttvar":	2479,
					"pmtu":	1500,
					"omitted":	false,
					"sender":	true
				}],
			"sum":	{
				"start":	1.001039,
				"end":	2.001024,
				"seconds":	0.9999849796295166,
				"bytes":	11796480,
				"bits_per_second":	94373257.5212917,
				"retransmits":	2066,
				"omitted":	false,
				"sender":	true
			}
		}, {
			"streams":	[{
					"socket":	8,
					"start":	2.001024,
					"end":	3.001063,
					"seconds":	1.0000389814376831,
					"bytes":	51511296,
					"bits_per_second":	412074304.75116855,
					"retransmits":	2480,
					"snd_cwnd":	1395872,
					"snd_wnd":	32030720,
					"rtt":	101582,
					"rttvar":	805,
					"pmtu":	1500,
					"omitted":	false,
					"sender":	true
				}],
			"sum":	{
				"start":	2.001024,
				"end":	3.001063,
				"seconds":	1.0000389814376831,
				"bytes":	51511296,
				"bits_per_second":	412074304.75116855,
				"retransmits":	2480,
				"omitted":	false,
				"sender":	true
			}
		}, {
			"streams":	[{
					"socket":	8,
					"start":	3.001063,
					"end":	4.001606,
					"seconds":	1.0005429983139038,
					"bytes":	16646144,
					"bits_per_second":	133096880.61823843,
					"retransmits":	17,
					"snd_cwnd":	812328,
					"snd_wnd":	32014336,
					"rtt":	83164,
					"rttvar":	984,
					"pmtu":	1500,
					"omitted":	false,
					"sender":	true
				}],
			"sum":	{
				"start":	3.001063,
				"end":	4.001606,
				"seconds":	1.0005429983139038,
				"bytes":	16646144,
				"bits_per_second":	133096880.61823843,
				"retransmits":	17,
				"omitted":	false,
				"sender":	true
			}
		}, {
			"streams":	[{
					"socket":	8,
					"start":	4.001606,
					"end":	5.001033,
					"seconds":	0.99942702054977417,
					"bytes":	0,
					"bits_per_second":	0,
					"retransmits":	0,
					"snd_cwnd":	1406008,
					"snd_wnd":	32030720,
					"rtt":	70460,
					"rttvar":	458,
					"pmtu":	1500,
					"omitted":	false,
					"sender":	true
				}],
			"sum":	{
				"start":	4.001606,
				"end":	5.001033,
				"seconds":	0.99942702054977417,
				"bytes":	0,
				"bits_per_second":	0,
				"retransmits":	0,
				"omitted":	false,
				"sender":	true
			}
		}, {
			"streams":	[{
					"socket":	8,
					"start":	5.001033,
					"end":	6.00102,
					"seconds":	0.999987006187439,
					"bytes":	12713984,
					"bits_per_second":	101713193.64217317,
					"retransmits":	0,
					"snd_cwnd":	1406008,
					"snd_wnd":	32010240,
					"rtt":	65146,
					"rttvar":	78,
					"pmtu":	1500,
					"omitted":	false,
					"sender":	true
				}],
			"sum":	{
				"start":	5.001033,
				"end":	6.00102,
				"seconds":	0.999987006187439,
				"bytes":	12713984,
				"bits_per_second":	101713193.64217317,
				"retransmits":	0,
				"omitted":	false,
				"sender":	true
			}
		}],
	"end":	{
		"streams":	[{
				"sender":	{
					"socket":	8,
					"start":	0,
					"end":	6.00146,
					"seconds":	6.00146,
					"bytes":	107479040,
					"bits_per_second":	143270524.17245138,
					"retransmits":	7977,
					"max_snd_cwnd":	2408024,
					"max_snd_wnd":	32030720,
					"max_rtt":	101582,
					"min_rtt":	65146,
					"mean_rtt":	81794,
					"sender":	true
				},
				"receiver":	{
					"socket":	8,
					"start":	0,
					"end":	6.076594,
					"seconds":	6.00146,
					"bytes":	68026368,
					"bits_per_second":	89558549.4110681,
					"sender":	true
				}
			}],
		"sum_sent":	{
			"start":	0,
			"end":	6.00146,
			"seconds":	6.00146,
			"bytes":	107479040,
			"bits_per_second":	143270524.17245138,
			"retransmits":	7977,
			"sender":	true
		},
		"sum_received":	{
			"start":	0,
			"end":	6.076594,
			"seconds":	6.076594,
			"bytes":	68026368,
			"bits_per_second":	89558549.4110681,
			"sender":	true
		},
		"cpu_utilization_percent":	{
			"host_total":	7.4782357242139677,
			"host_user":	6.82614281748414,
			"host_system":	0.6520612340530052,
			"remote_total":	1.2663400171739476,
			"remote_user":	0.04668693881460266,
			"remote_system":	1.2196366219128119
		},
		"sender_tcp_congestion":	"cubic",
		"receiver_tcp_congestion":	"cubic"
	}
}
