{
	"start":	{
		"connected":	[{
				"socket":	8,
				"local_host":	"172.16.0.11",
				"local_port":	60980,
				"remote_host":	"172.17.0.11",
				"remote_port":	5201
			}],
		"version":	"iperf 3.16",
		"system_info":	"Linux h1 6.12.54-0b264c55b-l4steam-117 #1 SMP PREEMPT_DYNAMIC Fri Nov  7 18:07:57 UTC 2025 x86_64",
		"timestamp":	{
			"time":	"Sun, 22 Feb 2026 02:10:48 GMT",
			"timesecs":	1771726248
		},
		"connecting_to":	{
			"host":	"172.17.0.11",
			"port":	5201
		},
		"cookie":	"jx2fezhuzhvzwax3b345wkrxmvfir6eidxwc",
		"tcp_mss_default":	1448,
		"target_bitrate":	0,
		"fq_rate":	0,
		"sock_bufsize":	0,
		"sndbuf_actual":	1000000,
		"rcvbuf_actual":	1000000,
		"test_start":	{
			"protocol":	"TCP",
			"num_streams":	1,
			"blksize":	131072,
			"omit":	0,
			"duration":	0,
			"bytes":	107374182,
			"blocks":	0,
			"reverse":	0,
			"tos":	0,
			"target_bitrate":	0,
			"bidir":	0,
			"fqrate":	0
		}
	},
	"intervals":	[{
			"streams":	[{
					"socket":	8,
					"start":	0,
					"end":	1.001187,
					"seconds":	1.0011869668960571,
					"bytes":	47841280,
					"bits_per_second":	382276490.46068227,
					"retransmits":	5552,
					"snd_cwnd":	1571080,
					"snd_wnd":	30990336,
					"rtt":	135977,
					"rttvar":	6910,
					"pmtu":	1500,
					"omitted":	false,
					"sender":	true
				}],
			"sum":	{
				"start":	0,
				"end":	1.001187,
				"seconds":	1.0011869668960571,
				"bytes":	47841280,
				"bits_per_second":	382276490.46068227,
				"retransmits":	5552,
				"omitted":	false,
				"sender":	true
			}
		}, {
			"streams":	[{
					"socket":	8,
					"start":	1.001187,
					"end":	2.001134,
					"seconds":	0.99994701147079468,
					"bytes":	0,
					"bits_per_second":	0,
					"retransmits":	2351,
					"snd_cwnd":	334488,
					"snd_wnd":	41103360,
					"rtt":	101021,
					"rttvar":	5559,
					"pmtu":	1500,
					"omitted":	false,
					"sender":	true
				}],
			"sum":	{
				"start":	1.001187,
				"end":	2.001134,
				"seconds":	0.99994701147079468,
				"bytes":	0,
				"bits_per_second":	0,
				"retransmits":	2351,
				"omitted":	false,
				"sender":	true
			}
		}, {
			"streams":	[{
					"socket":	8,
					"start":	2.001134,
					"end":	3.001136,
					"seconds":	1.0000020265579224,
					"bytes":	0,
					"bits_per_second":	0,
					"retransmits":	3888,
					"snd_cwnd":	1246728,
					"snd_wnd":	48664576,
					"rtt":	114224,
					"rttvar":	2758,
					"pmtu":	1500,
					"omitted":	false,
					"sender":	true
				}],
			"sum":	{
				"start":	2.001134,
				"end":	3.001136,
				"seconds":	1.0000020265579224,
				"bytes":	0,
				"bits_per_second":	0,
				"retransmits":	3888,
				"omitted":	false,
				"sender":	true
			}
		}, {
			"streams":	[{
					"socket":	8,
					"start":	3.001136,
					"end":	4.001132,
					"seconds":	0.9999960064888,
					"bytes":	14155776,
					"bits_per_second":	113246660.25180607,
					"retransmits":	285,
					"snd_cwnd":	1141024,
					"snd_wnd":	49340416,
					"rtt":	82156,
					"rttvar":	328,
					"pmtu":	1500,
					"omitted":	false,
					"sender":	true
				}],
			"sum":	{
				"start":	3.001136,
				"end":	4.001132,
				"seconds":	0.9999960064888,
				"bytes":	14155776,
				"bits_per_second":	113246660.25180607,
				"retransmits":	285,
				"omitted":	false,
				"sender":	true
			}
		}, {
			"streams":	[{
					"socket":	8,
					"start":	4.001132,
					"end":	5.0011,
					"seconds":	0.99996799230575562,
					"bytes":	0,
					"bits_per_second":	0,
					"retransmits":	276,
					"snd_cwnd":	343176,
					"snd_wnd":	49340416,
					"rtt":	193399,
					"rttvar":	7589,
					"pmtu":	1500,
					"omitted":	false,
					"sender":	true
				}],
			"sum":	{
				"start":	4.001132,
				"end":	5.0011,
				"seconds":	0.99996799230575562,
				"bytes":	0,
				"bits_per_second":	0,
				"retransmits":	276,
				"omitted":	false,
				"sender":	true
			}
		}, {
			"streams":	[{
					"socket":	8,
					"start":	5.0011,
					"end":	6.001376,
					"seconds":	1.00027596950531,
					"bytes":	7077888,
					"bits_per_second":	56607482.061178729,
					"retransmits":	0,
					"snd_cwnd":	260640,
					"snd_wnd":	49336320,
					"rtt":	64519,
					"rttvar":	392,
					"pmtu":	1500,
					"omitted":	false,
					"sender":	true
				}],
			"sum":	{
				"start":	5.0011,
				"end":	6.001376,
				"seconds":	1.00027596950531,
				"bytes":	7077888,
				"bits_per_second":	56607482.061178729,
				"retransmits":	0,
				"omitted":	false,
				"sender":	true
			}
		}, {
			"streams":	[{
					"socket":	8,
					"start":	6.001376,
					"end":	7.000289,
					"seconds":	0.9989129900932312,
					"bytes":	0,
					"bits_per_second":	0,
					"retransmits":	15,
					"snd_cwnd":	141904,
					"snd_wnd":	49336320,
					"rtt":	61017,
					"rttvar":	88,
					"pmtu":	1500,
					"omitted":	false,
					"sender":	true
				}],
			"sum":	{
				"start":	6.001376,
				"end":	7.000289,
				"seconds":	0.9989129900932312,
				"bytes":	0,
				"bits_per_second":	0,
				"retransmits":	15,
				"omitted":	false,
				"sender":	true
			}
		}, {
			"streams":	[{
					"socket":	8,
					"start":	7.000289,
					"end":	8.003461,
					"seconds":	1.0031720399856567,
					"bytes":	0,
					"bits_per_second":	0,
					"retransmits":	0,
					"snd_cwnd":	152040,
					"snd_wnd":	49340416,
					"rtt":	60863,
					"rttvar":	50,
					"pmtu":	1500,
					"omitted":	false,
					"sender":	true
				}],
			"sum":	{
				"start":	7.000289,
				"end":	8.003461,
				"seconds":	1.0031720399856567,
				"bytes":	0,
				"bits_per_second":	0,
				"retransmits":	0,
				"omitted":	false,
				"sender":	true
			}
		}, {
			"streams":	[{
					"socket":	8,
					"start":	8.003461,
					"end":	9.000822,
					"seconds":	0.99736100435256958,
					"bytes":	7208960,
					"bits_per_second":	57824278.018005319,
					"retransmits":	0,
					"snd_cwnd":	160728,
					"snd_wnd":	49340416,
					"rtt":	60901,
					"rttvar":	54,
					"pmtu":	1500,
					"omitted":	false,
					"sender":	true
				}],
			"sum":	{
				"start":	8.003461,
				"end":	9.000822,
				"seconds":	0.99736100435256958,
				"bytes":	7208960,
				"bits_per_second":	57824278.018005319,
				"retransmits":	0,
				"omitted":	false,
				"sender":	true
			}
		}, {
			"streams":	[{
					"socket":	8,
					"start":	9.000822,
					"end":	10.001213,
					"seconds":	1.0003910064697266,
					"bytes":	0,
					"bits_per_second":	0,
					"retransmits":	0,
					"snd_cwnd":	172312,
					"snd_wnd":	49340416,
					"rtt":	60936,
					"rttvar":	150,
					"pmtu":	1500,
					"omitted":	false,
					"sender":	true
				}],
			"sum":	{
				"start":	9.000822,
				"end":	10.001213,
				"seconds":	1.0003910064697266,
				"bytes":	0,
				"bits_per_second":	0,
				"retransmits":	0,
				"omitted":	false,
				"sender":	true
			}
		}, {
			"streams":	[{
					"socket":	8,
					"start":	10.001213,
					"end":	11.001122,
					"seconds":	0.999908983707428,
					"bytes":	7077888,
					"bits_per_second":	56628258.09410654,
					"retransmits":	0,
					"snd_cwnd":	185344,
					"snd_wnd":	49340416,
					"rtt":	60892,
					"rttvar":	53,
					"pmtu":	1500,
					"omitted":	false,
					"sender":	true
				}],
			"sum":	{
				"start":	10.001213,
				"end":	11.001122,
				"seconds":	0.999908983707428,
				"bytes":	7077888,
				"bits_per_second":	56628258.09410654,
				"retransmits":	0,
				"omitted":	false,
				"sender":	true
			}
		}, {
			"streams":	[{
					"socket":	8,
					"start":	11.001122,
					"end":	12.000844,
					"seconds":	0.99972200393676758,
					"bytes":	0,
					"bits_per_second":	0,
					"retransmits":	0,
					"snd_cwnd":	196928,
					"snd_wnd":	49340416,
					"rtt":	60820,
					"rttvar":	41,
					"pmtu":	1500,
					"omitted":	false,
					"sender":	true
				}],
			"sum":	{
				"start":	11.001122,
				"end":	12.000844,
				"seconds":	0.99972200393676758,
				"bytes":	0,
				"bits_per_second":	0,
				"retransmits":	0,
				"omitted":	false,
				"sender":	true
			}
		}, {
			"streams":	[{
					"socket":	8,
					"start":	12.000844,
					"end":	13.001044,
					"seconds":	1.0002000331878662,
					"bytes":	0,
					"bits_per_second":	0,
					"retransmits":	0,