{
	"start":	{
		"connected":	[{
				"socket":	8,
				"local_host":	"172.16.0.122",
				"local_port":	46274,
				"remote_host":	"172.17.0.122",
				"remote_port":	5201
			}],
		"version":	"iperf 3.16",
		"system_info":	"Linux h1 6.12.54-0b264c55b-l4steam-117 #1 SMP PREEMPT_DYNAMIC Fri Nov  7 18:07:57 UTC 2025 x86_64",
		"timestamp":	{
			"time":	"Sun, 22 Feb 2026 02:10:48 GMT",
			"timesecs":	1771726248
		},
		"connecting_to":	{
			"host":	"172.17.0.122",
			"port":	5201
		},
		"cookie":	"hiesew6ckm4qqah2ruv3f4zvujgvaauwpnbf",
		"tcp_mss_default":	1448,
		"target_bitrate":	0,
		"fq_rate":	0,
		"sock_bufsize":	0,
		"sndbuf_actual":	1000000,
		"rcvbuf_actual":	1000000,
		"test_start":	{
			"protocol":	"TCP",
			"num_streams":	1,
			"blksize":	131072,
			"omit":	0,
			"duration":	0,
			"bytes":	107374182,
			"blocks":	0,
			"reverse":	0,
			"tos":	0,
			"target_bitrate":	0,
			"bidir":	0,
			"fqrate":	0
		}
	},
	"intervals":	[{
			"streams":	[{
					"socket":	8,
					"start":	0,
					"end":	1.001035,
					"seconds":	1.00103497505188,
					"bytes":	14811136,
					"bits_per_second":	118366581.54112862,
					"retransmits":	3802,
					"snd_cwnd":	2134352,
					"snd_wnd":	22179840,
					"rtt":	94372,
					"rttvar":	4189,
					"pmtu":	1500,
					"omitted":	false,
					"sender":	true
				}],
			"sum":	{
				"start":	0,
				"end":	1.001035,
				"seconds":	1.00103497505188,
				"bytes":	14811136,
				"bits_per_second":	118366581.54112862,
				"retransmits":	3802,
				"omitted":	false,
				"sender":	true
			}
		}, {
			"streams":	[{
					"socket":	8,
					"start":	1.001035,
					"end":	2.001037,
					"seconds":	1.0000020265579224,
					"bytes":	13500416,
					"bits_per_second":	108003109.12544356,
					"retransmits":	2835,
					"snd_cwnd":	1733256,
					"snd_wnd":	44761088,
					"rtt":	106668,
					"rttvar":	943,
					"pmtu":	1500,
					"omitted":	false,
					"sender":	true
				}],
			"sum":	{
				"start":	1.001035,
				"end":	2.001037,
				"seconds":	1.0000020265579224,
				"bytes":	13500416,
				"bits_per_second":	108003109.12544356,
				"retransmits":	2835,
				"omitted":	false,
				"sender":	true
			}
		}, {
			"streams":	[{
					"socket":	8,
					"start":	2.001037,
					"end":	3.004612,
					"seconds":	1.0035749673843384,
					"bytes":	13893632,
					"bits_per_second":	110753117.21823102,
					"retransmits":	474,
					"snd_cwnd":	485080,
					"snd_wnd":	46080000,
					"rtt":	61287,
					"rttvar":	166,
					"pmtu":	1500,
					"omitted":	false,
					"sender":	true
				}],
			"sum":	{
				"start":	2.001037,
				"end":	3.004612,
				"seconds":	1.0035749673843384,
				"bytes":	13893632,
				"bits_per_second":	110753117.21823102,
				"retransmits":	474,
				"omitted":	false,
				"sender":	true
			}
		}, {
			"streams":	[{
					"socket":	8,
					"start":	3.004612,
					"end":	4.005295,
					"seconds":	1.0006829500198364,
					"bytes":	7995392,
					"bits_per_second":	63919482.188371517,
					"retransmits":	0,
					"snd_cwnd":	531416,
					"snd_wnd":	46071808,
					"rtt":	62809,
					"rttvar":	480,
					"pmtu":	1500,
					"omitted":	false,
					"sender":	true
				}],
			"sum":	{
				"start":	3.004612,
				"end":	4.005295,
				"seconds":	1.0006829500198364,
				"bytes":	7995392,
				"bits_per_second":	63919482.188371517,
				"retransmits":	0,
				"omitted":	false,
				"sender":	true
			}
		}, {
			"streams":	[{
					"socket":	8,
					"start":	4.005295,
					"end":	5.000674,
					"seconds":	0.99537897109985352,
					"bytes":	10092544,
					"bits_per_second":	81115187.626261756,
					"retransmits":	0,
					"snd_cwnd":	558928,
					"snd_wnd":	46080000,
					"rtt":	61149,
					"rttvar":	121,
					"pmtu":	1500,
					"omitted":	false,
					"sender":	true
				}],
			"sum":	{
				"start":	4.005295,
				"end":	5.000674,
				"seconds":	0.99537897109985352,
				"bytes":	10092544,
				"bits_per_second":	81115187.626261756,
				"retransmits":	0,
				"omitted":	false,
				"sender":	true
			}
		}, {
			"streams":	[{
					"socket":	8,
					"start":	5.000674,
					"end":	6.000627,
					"seconds":	0.99995297193527222,
					"bytes":	4980736,
					"bits_per_second":	39847761.963128857,
					"retransmits":	32,
					"snd_cwnd":	296840,
					"snd_wnd":	46080000,
					"rtt":	60960,
					"rttvar":	35,
					"pmtu":	1500,
					"omitted":	false,
					"sender":	true
				}],
			"sum":	{
				"start":	5.000674,
				"end":	6.000627,
				"seconds":	0.99995297193527222,
				"bytes":	4980736,
				"bits_per_second":	39847761.963128857,
				"retransmits":	32,
				"omitted":	false,
				"sender":	true
			}
		}, {
			"streams":	[{
					"socket":	8,
					"start":	6.000627,
					"end":	7.003857,
					"seconds":	1.0032299757003784,
					"bytes":	5111808,
					"bits_per_second":	40762801.1428293,
					"retransmits":	0,
					"snd_cwnd":	320008,
					"snd_wnd":	46075904,
					"rtt":	60950,
					"rttvar":	76,
					"pmtu":	1500,
					"omitted":	false,
					"sender":	true
				}],
			"sum":	{
				"start":	6.000627,
				"end":	7.003857,
				"seconds":	1.0032299757003784,
				"bytes":	5111808,
				"bits_per_second":	40762801.1428293,
				"retransmits":	0,
				"omitted":	false,
				"sender":	true
			}
		}, {
			"streams":	[{
					"socket":	8,
					"start":	7.003857,
					"end":	8.000938,
					"seconds":	0.99708098173141479,
					"bytes":	4980736,
					"bits_per_second":	39962539.382516623,
					"retransmits":	0,
					"snd_cwnd":	331592,
					"snd_wnd":	46080000,
					"rtt":	60956,
					"rttvar":	119,
					"pmtu":	1500,
					"omitted":	false,
					"sender":	true
				}],
			"sum":	{
				"start":	7.003857,
				"end":	8.000938,
				"seconds":	0.99708098173141479,
				"bytes":	4980736,
				"bits_per_second":	39962539.382516623,
				"retransmits":	0,
				"omitted":	false,
				"sender":	true
			}
		}, {
			"streams":	[{
					"socket":	8,
					"start":	8.000938,
					"end":	9.000532,
					"seconds":	0.99959397315979,
					"bytes":	5111808,
					"bits_per_second":	40911074.994509615,
					"retransmits":	0,
					"snd_cwnd":	335936,
					"snd_wnd":	46080000,
					"rtt":	60864,
					"rttvar":	53,
					"pmtu":	1500,
					"omitted":	false,
					"sender":	true
				}],
			"sum":	{
				"start":	8.000938,
				"end":	9.000532,
				"seconds":	0.99959397315979,
				"bytes":	5111808,
				"bits_per_second":	40911074.994509615,
				"retransmits":	0,
				"omitted":	false,
				"sender":	true
			}
		}, {
			"streams":	[{
					"socket":	8,
					"start":	9.000532,
					"end":	10.000368,
					"seconds":	0.999836027622223,
					"bytes":	7471104,
					"bits_per_second":	59778634.044764586,
					"retransmits":	0,
					"snd_cwnd":	335936,
					"snd_wnd":	46080000,
					"rtt":	60795,
					"rttvar":	34,
					"pmtu":	1500,
					"omitted":	false,
					"sender":	true
				}],
			"sum":	{
				"start":	9.000532,
				"end":	10.000368,
				"seconds":	0.999836027622223,
				"bytes":	7471104,
				"bits_per_second":	59778634.044764586,
				"retransmits":	0,
				"omitted":	false,
				"sender":	true
			}
		}, {
			"streams":	[{
					"socket":	8,
					"start":	10.000368,
					"end":	11.000615,
					"seconds":	1.0002470016479492,
					"bytes":	5111808,
					"bits_per_second":	40884365.494347535,
					"retransmits":	0,
					"snd_cwnd":	346072,
					"snd_wnd":	46080000,
					"rtt":	60842,
					"rttvar":	44,
					"pmtu":	1500,
					"omitted":	false,
					"sender":	true
				}],
			"sum":	{
				"start":	10.000368,
				"end":	11.000615,
				"seconds":	1.0002470016479492,
				"bytes":	5111808,
				"bits_per_second":	40884365.494347535,
				"retransmits":	0,
				"omitted":	false,
				"sender":	true
			}
		}, {
			"streams":	[{
					"socket":	8,
					"start":	11.000615,
					"end":	12.000564,
					"seconds":	0.99994897842407227,
					"bytes":	4980736,
					"bits_per_second":	39847921.103732154,
					"retransmits":	0,
					"snd_cwnd":	357656,
					"snd_wnd":	46080000,
					"rtt":	60869,
					"rttvar":	97,
					"pmtu":	1500,
					"omitted":	false,
					"sender":	true
				}],
			"sum":	{
				"start":	11.000615,
				"end":	12.000564,
				"seconds":	0.99994897842407227,