{
	"start":	{
		"connected":	[{
				"socket":	8,
				"local_host":	"172.16.0.89",
				"local_port":	55142,
				"remote_host":	"172.17.0.89",
				"remote_port":	5201
			}],
		"version":	"iperf 3.16",
		"system_info":	"Linux h1 6.12.54-0b264c55b-l4steam-117 #1 SMP PREEMPT_DYNAMIC Fri Nov  7 18:07:57 UTC 2025 x86_64",
		"timestamp":	{
			"time":	"Sun, 22 Feb 2026 02:10:48 GMT",
			"timesecs":	1771726248
		},
		"connecting_to":	{
			"host":	"172.17.0.89",
			"port":	5201
		},
		"cookie":	"4x5ibgy37tsyua2gsjy2jcwvpr3ypzvpjwcp",
		"tcp_mss_default":	1448,
		"target_bitrate":	0,
		"fq_rate":	0,
		"sock_bufsize":	0,
		"sndbuf_actual":	1000000,
		"rcvbuf_actual":	1000000,
		"test_start":	{
			"protocol":	"TCP",
			"num_streams":	1,
			"blksize":	131072,
			"omit":	0,
			"duration":	0,
			"bytes":	107374182,
			"blocks":	0,
			"reverse":	0,
			"tos":	0,
			"target_bitrate":	0,
			"bidir":	0,
			"fqrate":	0
		}
	},
	"intervals":	[{
			"streams":	[{
					"socket":	8,
					"start":	0,
					"end":	1.001036,
					"seconds":	1.0010360479354858,
					"bytes":	17301504,
					"bits_per_second":	138268778.91706082,
					"retransmits":	2783,
					"snd_cwnd":	70989648,
					"snd_wnd":	22077440,
					"rtt":	90790,
					"rttvar":	2009,
					"pmtu":	1500,
					"omitted":	false,
					"sender":	true
				}],
			"sum":	{
				"start":	0,
				"end":	1.001036,
				"seconds":	1.0010360479354858,
				"bytes":	17301504,
				"bits_per_second":	138268778.91706082,
				"retransmits":	2783,
				"omitted":	false,
				"sender":	true
			}
		}, {
			"streams":	[{
					"socket":	8,
					"start":	1.001036,
					"end":	2.001058,
					"seconds":	1.0000220537185669,
					"bytes":	10223616,
					"bits_per_second":	81787124.2897785,
					"retransmits":	2510,
					"snd_cwnd":	712416,
					"snd_wnd":	39907328,
					"rtt":	79176,
					"rttvar":	889,
					"pmtu":	1500,
					"omitted":	false,
					"sender":	true
				}],
			"sum":	{
				"start":	1.001036,
				"end":	2.001058,
				"seconds":	1.0000220537185669,
				"bytes":	10223616,
				"bits_per_second":	81787124.2897785,
				"retransmits":	2510,
				"omitted":	false,
				"sender":	true
			}
		}, {
			"streams":	[{
					"socket":	8,
					"start":	2.001058,
					"end":	3.00104,
					"seconds":	0.99998199939727783,
					"bytes":	7471104,
					"bits_per_second":	59769907.894366749,
					"retransmits":	0,
					"snd_cwnd":	797848,
					"snd_wnd":	58585088,
					"rtt":	63332,
					"rttvar":	369,
					"pmtu":	1500,
					"omitted":	false,
					"sender":	true
				}],
			"sum":	{
				"start":	2.001058,
				"end":	3.00104,
				"seconds":	0.99998199939727783,
				"bytes":	7471104,
				"bits_per_second":	59769907.894366749,
				"retransmits":	0,
				"omitted":	false,
				"sender":	true
			}
		}, {
			"streams":	[{
					"socket":	8,
					"start":	3.00104,
					"end":	4.001032,
					"seconds":	0.9999920129776,
					"bytes":	12713984,
					"bits_per_second":	101712684.3814885,
					"retransmits":	0,
					"snd_cwnd":	831152,
					"snd_wnd":	70344704,
					"rtt":	61455,
					"rttvar":	254,
					"pmtu":	1500,
					"omitted":	false,
					"sender":	true
				}],
			"sum":	{
				"start":	3.00104,
				"end":	4.001032,
				"seconds":	0.9999920129776,
				"bytes":	12713984,
				"bits_per_second":	101712684.3814885,
				"retransmits":	0,
				"omitted":	false,
				"sender":	true
			}
		}, {
			"streams":	[{
					"socket":	8,
					"start":	4.001032,
					"end":	5.001025,
					"seconds":	0.99999302625656128,
					"bytes":	13369344,
					"bits_per_second":	106955497.88020158,
					"retransmits":	0,
					"snd_cwnd":	851424,
					"snd_wnd":	70356992,
					"rtt":	61219,
					"rttvar":	149,
					"pmtu":	1500,
					"omitted":	false,
					"sender":	true
				}],
			"sum":	{
				"start":	4.001032,
				"end":	5.001025,
				"seconds":	0.99999302625656128,
				"bytes":	13369344,
				"bits_per_second":	106955497.88020158,
				"retransmits":	0,
				"omitted":	false,
				"sender":	true
			}
		}, {
			"streams":	[{
					"socket":	8,
					"start":	5.001025,
					"end":	6.00133,
					"seconds":	1.0003050565719604,
					"bytes":	15597568,
					"bits_per_second":	124742490.4834753,
					"retransmits":	0,
					"snd_cwnd":	861560,
					"snd_wnd":	70356992,
					"rtt":	60947,
					"rttvar":	46,
					"pmtu":	1500,
					"omitted":	false,
					"sender":	true
				}],
			"sum":	{
				"start":	5.001025,
				"end":	6.00133,
				"seconds":	1.0003050565719604,
				"bytes":	15597568,
				"bits_per_second":	124742490.4834753,
				"retransmits":	0,
				"omitted":	false,
				"sender":	true
			}
		}, {
			"streams":	[{
					"socket":	8,
					"start":	6.00133,
					"end":	7.002047,
					"seconds":	1.0007170438766479,
					"bytes":	12845056,
					"bits_per_second":	102686817.04662424,
					"retransmits":	0,
					"snd_cwnd":	864456,
					"snd_wnd":	70356992,
					"rtt":	60958,
					"rttvar":	45,
					"pmtu":	1500,
					"omitted":	false,
					"sender":	true
				}],
			"sum":	{
				"start":	6.00133,
				"end":	7.002047,
				"seconds":	1.0007170438766479,
				"bytes":	12845056,
				"bits_per_second":	102686817.04662424,
				"retransmits":	0,
				"omitted":	false,
				"sender":	true
			}
		}, {
			"streams":	[{
					"socket":	8,
					"start":	7.002047,
					"end":	8.001629,
					"seconds":	0.99958199262619019,
					"bytes":	15073280,
					"bits_per_second":	120636667.01636468,
					"retransmits":	0,
					"snd_cwnd":	864456,
					"snd_wnd":	70356992,
					"rtt":	61006,
					"rttvar":	48,
					"pmtu":	1500,
					"omitted":	false,
					"sender":	true
				}],
			"sum":	{
				"start":	7.002047,
				"end":	8.001629,
				"seconds":	0.99958199262619019,
				"bytes":	15073280,
				"bits_per_second":	120636667.01636468,
				"retransmits":	0,
				"omitted":	false,
				"sender":	true
			}
		}, {
			"streams":	[{
					"socket":	8,
					"start":	8.001629,
					"end":	9.001022,
					"seconds":	0.99939298629760742,
					"bytes":	2883584,
					"bits_per_second":	23082683.505175631,
					"retransmits":	0,
					"snd_cwnd":	864456,
					"snd_wnd":	70356992,
					"rtt":	61082,
					"rttvar":	155,
					"pmtu":	1500,
					"omitted":	false,
					"sender":	true
				}],
			"sum":	{
				"start":	8.001629,
				"end":	9.001022,
				"seconds":	0.99939298629760742,
				"bytes":	2883584,
				"bits_per_second":	23082683.505175631,
				"retransmits":	0,
				"omitted":	false,
				"sender":	true
			}
		}],
	"end":	{
		"streams":	[{
				"sender":	{
					"socket":	8,
					"start":	0,
					"end":	9.001274,
					"seconds":	9.001274,
					"bytes":	107479040,
					"bits_per_second":	95523402.5761242,
					"retransmits":	5293,
					"max_snd_cwnd":	70989648,
					"max_snd_wnd":	70356992,
					"max_rtt":	90790,
					"min_rtt":	60947,
					"mean_rtt":	66104,
					"sender":	true
				},
				"receiver":	{
					"socket":	8,
					"start":	0,
					"end":	9.077059,
					"seconds":	9.001274,
					"bytes":	107479040,
					"bits_per_second":	94725871.0117451,
					"sender":	true
				}
			}],
		"sum_sent":	{
			"start":	0,
			"end":	9.001274,
			"seconds":	9.001274,
			"bytes":	107479040,
			"bits_per_second":	95523402.5761242,
			"retransmits":	5293,
			"sender":	true
		},
		"sum_received":	{
			"start":	0,
			"end":	9.077059,
			"seconds":	9.077059,
			"bytes":	107479040,
			"bits_per_second":	94725871.0117451,
			"sender":	true
		},
		"cpu_utilization_percent":	{
			"host_total":	7.8112565913935752,
			"host_user":	6.2232007371495053,
			"host_system":	1.5880450960784873,
			"remote_total":	2.56791860024574,
			"remote_user":	0,
			"remote_system":	2.5679296170056469
		},
		"sender_tcp_congestion":	"cubic",
		"receiver_tcp_congestion":	"cubic"
	}
}
