{
	"start":	{
		"connected":	[{
				"socket":	8,
				"local_host":	"172.16.0.37",
				"local_port":	35472,
				"remote_host":	"172.17.0.37",
				"remote_port":	5201
			}],
		"version":	"iperf 3.16",
		"system_info":	"Linux h1 6.12.54-0b264c55b-l4steam-117 #1 SMP PREEMPT_DYNAMIC Fri Nov  7 18:07:57 UTC 2025 x86_64",
		"timestamp":	{
			"time":	"Sun, 22 Feb 2026 01:26:46 GMT",
			"timesecs":	1771723606
		},
		"connecting_to":	{
			"host":	"172.17.0.37",
			"port":	5201
		},
		"cookie":	"6odjyx4by7iklvq7eee63366gfulr2gp5ahk",
		"tcp_mss_default":	1448,
		"target_bitrate":	0,
		"fq_rate":	0,
		"sock_bufsize":	0,
		"sndbuf_actual":	1000000,
		"rcvbuf_actual":	1000000,
		"test_start":	{
			"protocol":	"TCP",
			"num_streams":	1,
			"blksize":	131072,
			"omit":	0,
			"duration":	0,
			"bytes":	107374182,
			"blocks":	0,
			"reverse":	0,
			"tos":	0,
			"target_bitrate":	0,
			"bidir":	0,
			"fqrate":	0
		}
	},
	"intervals":	[{
			"streams":	[{
					"socket":	8,
					"start":	0,
					"end":	1.001058,
					"seconds":	1.0010579824447632,
					"bytes":	96468992,
					"bits_per_second":	770936298.92970169,
					"retransmits":	135,
					"snd_cwnd":	101387512,
					"snd_wnd":	57036800,
					"rtt":	306603,
					"rttvar":	3260,
					"pmtu":	1500,
					"omitted":	false,
					"sender":	true
				}],
			"sum":	{
				"start":	0,
				"end":	1.001058,
				"seconds":	1.0010579824447632,
				"bytes":	96468992,
				"bits_per_second":	770936298.92970169,
				"retransmits":	135,
				"omitted":	false,
				"sender":	true
			}
		}, {
			"streams":	[{
					"socket":	8,
					"start":	1.001058,
					"end":	2.001057,
					"seconds":	0.99999898672103882,
					"bytes":	0,
					"bits_per_second":	0,
					"retransmits":	0,
					"snd_cwnd":	101387512,
					"snd_wnd":	129036288,
					"rtt":	547574,
					"rttvar":	5338,
					"pmtu":	1500,
					"omitted":	false,
					"sender":	true
				}],
			"sum":	{
				"start":	1.001058,
				"end":	2.001057,
				"seconds":	0.99999898672103882,
				"bytes":	0,
				"bits_per_second":	0,
				"retransmits":	0,
				"omitted":	false,
				"sender":	true
			}
		}, {
			"streams":	[{
					"socket":	8,
					"start":	2.001057,
					"end":	3.001072,
					"seconds":	1.0000150203704834,
					"bytes":	11010048,
					"bits_per_second":	88079061.019871652,
					"retransmits":	0,
					"snd_cwnd":	101387512,
					"snd_wnd":	146866176,
					"rtt":	669966,
					"rttvar":	370,
					"pmtu":	1500,
					"omitted":	false,
					"sender":	true
				}],
			"sum":	{
				"start":	2.001057,
				"end":	3.001072,
				"seconds":	1.0000150203704834,
				"bytes":	11010048,
				"bits_per_second":	88079061.019871652,
				"retransmits":	0,
				"omitted":	false,
				"sender":	true
			}
		}],
	"end":	{
		"streams":	[{
				"sender":	{
					"socket":	8,
					"start":	0,
					"end":	3.001531,
					"seconds":	3.001531,
					"bytes":	107479040,
					"bits_per_second":	286464580.90887618,
					"retransmits":	135,
					"max_snd_cwnd":	101387512,
					"max_snd_wnd":	146866176,
					"max_rtt":	673467,
					"min_rtt":	306603,
					"mean_rtt":	549402,
					"sender":	true
				},
				"receiver":	{
					"socket":	8,
					"start":	0,
					"end":	3.808193,
					"seconds":	3.001531,
					"bytes":	107479040,
					"bits_per_second":	225784859.11822221,
					"sender":	true
				}
			}],
		"sum_sent":	{
			"start":	0,
			"end":	3.001531,
			"seconds":	3.001531,
			"bytes":	107479040,
			"bits_per_second":	286464580.90887618,
			"retransmits":	135,
			"sender":	true
		},
		"sum_received":	{
			"start":	0,
			"end":	3.808193,
			"seconds":	3.808193,
			"bytes":	107479040,
			"bits_per_second":	225784859.11822221,
			"sender":	true
		},
		"cpu_utilization_percent":	{
			"host_total":	20.024297863217321,
			"host_user":	17.342569067785124,
			"host_system":	2.681821206169587,
			"remote_total":	2.7233842313553138,
			"remote_user":	0.115671354704568,
			"remote_system":	2.6077391357551059
		},
		"sender_tcp_congestion":	"cubic",
		"receiver_tcp_congestion":	"cubic"
	}
}
