{
	"start":	{
		"connected":	[{
				"socket":	8,
				"local_host":	"172.16.0.43",
				"local_port":	34276,
				"remote_host":	"172.17.0.43",
				"remote_port":	5201
			}],
		"version":	"iperf 3.16",
		"system_info":	"Linux h1 6.12.54-0b264c55b-l4steam-117 #1 SMP PREEMPT_DYNAMIC Fri Nov  7 18:07:57 UTC 2025 x86_64",
		"timestamp":	{
			"time":	"Sun, 22 Feb 2026 01:26:46 GMT",
			"timesecs":	1771723606
		},
		"connecting_to":	{
			"host":	"172.17.0.43",
			"port":	5201
		},
		"cookie":	"zrs7kn4bvrmbyx7bc3z2b5hq3yd5sod54ap6",
		"tcp_mss_default":	1448,
		"target_bitrate":	0,
		"fq_rate":	0,
		"sock_bufsize":	0,
		"sndbuf_actual":	1000000,
		"rcvbuf_actual":	1000000,
		"test_start":	{
			"protocol":	"TCP",
			"num_streams":	1,
			"blksize":	131072,
			"omit":	0,
			"duration":	0,
			"bytes":	107374182,
			"blocks":	0,
			"reverse":	0,
			"tos":	0,
			"target_bitrate":	0,
			"bidir":	0,
			"fqrate":	0
		}
	},
	"intervals":	[{
			"streams":	[{
					"socket":	8,
					"start":	0,
					"end":	1.001073,
					"seconds":	1.0010730028152466,
					"bytes":	27525120,
					"bits_per_second":	219964937.00333989,
					"retransmits":	86,
					"snd_cwnd":	101391856,
					"snd_wnd":	12054528,
					"rtt":	331756,
					"rttvar":	1491,
					"pmtu":	1500,
					"omitted":	false,
					"sender":	true
				}],
			"sum":	{
				"start":	0,
				"end":	1.001073,
				"seconds":	1.0010730028152466,
				"bytes":	27525120,
				"bits_per_second":	219964937.00333989,
				"retransmits":	86,
				"omitted":	false,
				"sender":	true
			}
		}, {
			"streams":	[{
					"socket":	8,
					"start":	1.001073,
					"end":	2.001043,
					"seconds":	0.999970018863678,
					"bytes":	11534336,
					"bits_per_second":	92277454.5829453,
					"retransmits":	0,
					"snd_cwnd":	101397648,
					"snd_wnd":	55013376,
					"rtt":	521914,
					"rttvar":	1655,
					"pmtu":	1500,
					"omitted":	false,
					"sender":	true
				}],
			"sum":	{
				"start":	1.001073,
				"end":	2.001043,
				"seconds":	0.999970018863678,
				"bytes":	11534336,
				"bits_per_second":	92277454.5829453,
				"retransmits":	0,
				"omitted":	false,
				"sender":	true
			}
		}, {
			"streams":	[{
					"socket":	8,
					"start":	2.001043,
					"end":	3.001048,
					"seconds":	1.0000050067901611,
					"bytes":	19136512,
					"bits_per_second":	153091329.50383767,
					"retransmits":	0,
					"snd_cwnd":	101397648,
					"snd_wnd":	86634496,
					"rtt":	688579,
					"rttvar":	165,
					"pmtu":	1500,
					"omitted":	false,
					"sender":	true
				}],
			"sum":	{
				"start":	2.001043,
				"end":	3.001048,
				"seconds":	1.0000050067901611,
				"bytes":	19136512,
				"bits_per_second":	153091329.50383767,
				"retransmits":	0,
				"omitted":	false,
				"sender":	true
			}
		}, {
			"streams":	[{
					"socket":	8,
					"start":	3.001048,
					"end":	4.001047,
					"seconds":	0.99999898672103882,
					"bytes":	11010048,
					"bits_per_second":	88080473.250090435,
					"retransmits":	0,
					"snd_cwnd":	101397648,
					"snd_wnd":	109789184,
					"rtt":	786127,
					"rttvar":	908,
					"pmtu":	1500,
					"omitted":	false,
					"sender":	true
				}],
			"sum":	{
				"start":	3.001048,
				"end":	4.001047,
				"seconds":	0.99999898672103882,
				"bytes":	11010048,
				"bits_per_second":	88080473.250090435,
				"retransmits":	0,
				"omitted":	false,
				"sender":	true
			}
		}, {
			"streams":	[{
					"socket":	8,
					"start":	4.001047,
					"end":	5.001051,
					"seconds":	1.0000040531158447,
					"bytes":	36569088,
					"bits_per_second":	292551518.254806,
					"retransmits":	38,
					"snd_cwnd":	101397648,
					"snd_wnd":	140939264,
					"rtt":	794699,
					"rttvar":	525,
					"pmtu":	1500,
					"omitted":	false,
					"sender":	true
				}],
			"sum":	{
				"start":	4.001047,
				"end":	5.001051,
				"seconds":	1.0000040531158447,
				"bytes":	36569088,
				"bits_per_second":	292551518.254806,
				"retransmits":	38,
				"omitted":	false,
				"sender":	true
			}
		}, {
			"streams":	[{
					"socket":	8,
					"start":	5.001051,
					"end":	6.002144,
					"seconds":	1.0010930299758911,
					"bytes":	1703936,
					"bits_per_second":	13616604.642955391,
					"retransmits":	0,
					"snd_cwnd":	101397648,
					"snd_wnd":	147656704,
					"rtt":	895709,
					"rttvar":	243,
					"pmtu":	1500,
					"omitted":	false,
					"sender":	true
				}],
			"sum":	{
				"start":	5.001051,
				"end":	6.002144,
				"seconds":	1.0010930299758911,
				"bytes":	1703936,
				"bits_per_second":	13616604.642955391,
				"retransmits":	0,
				"omitted":	false,
				"sender":	true
			}
		}],
	"end":	{
		"streams":	[{
				"sender":	{
					"socket":	8,
					"start":	0,
					"end":	6.006428,
					"seconds":	6.006428,
					"bytes":	107479040,
					"bits_per_second":	143152023.13255066,
					"retransmits":	124,
					"max_snd_cwnd":	101397648,
					"max_snd_wnd":	147656704,
					"max_rtt":	895709,
					"min_rtt":	331756,
					"mean_rtt":	702070,
					"sender":	true
				},
				"receiver":	{
					"socket":	8,
					"start":	0,
					"end":	6.94931,
					"seconds":	6.006428,
					"bytes":	107347968,
					"bits_per_second":	123578275.25322658,
					"sender":	true
				}
			}],
		"sum_sent":	{
			"start":	0,
			"end":	6.006428,
			"seconds":	6.006428,
			"bytes":	107479040,
			"bits_per_second":	143152023.13255066,
			"retransmits":	124,
			"sender":	true
		},
		"sum_received":	{
			"start":	0,
			"end":	6.94931,
			"seconds":	6.94931,
			"bytes":	107347968,
			"bits_per_second":	123578275.25322658,
			"sender":	true
		},
		"cpu_utilization_percent":	{
			"host_total":	13.109526176024582,
			"host_user":	9.8673350303005165,
			"host_system":	3.2421911457240653,
			"remote_total":	1.5569299831911541,
			"remote_user":	0.0755182127970274,
			"remote_system":	1.4814117703941265
		},
		"sender_tcp_congestion":	"cubic",
		"receiver_tcp_congestion":	"cubic"
	}
}
