{
	"start":	{
		"connected":	[{
				"socket":	8,
				"local_host":	"172.16.0.117",
				"local_port":	60472,
				"remote_host":	"172.17.0.117",
				"remote_port":	5201
			}],
		"version":	"iperf 3.16",
		"system_info":	"Linux h1 6.12.54-0b264c55b-l4steam-117 #1 SMP PREEMPT_DYNAMIC Fri Nov  7 18:07:57 UTC 2025 x86_64",
		"timestamp":	{
			"time":	"Sun, 22 Feb 2026 02:11:46 GMT",
			"timesecs":	1771726306
		},
		"connecting_to":	{
			"host":	"172.17.0.117",
			"port":	5201
		},
		"cookie":	"h6jvsvnxvxnrr3qcfssagwzbehte7w2kncrc",
		"tcp_mss_default":	1448,
		"target_bitrate":	0,
		"fq_rate":	0,
		"sock_bufsize":	0,
		"sndbuf_actual":	1000000,
		"rcvbuf_actual":	1000000,
		"test_start":	{
			"protocol":	"TCP",
			"num_streams":	1,
			"blksize":	131072,
			"omit":	0,
			"duration":	0,
			"bytes":	107374182,
			"blocks":	0,
			"reverse":	0,
			"tos":	0,
			"target_bitrate":	0,
			"bidir":	0,
			"fqrate":	0
		}
	},
	"intervals":	[{
			"streams":	[{
					"socket":	8,
					"start":	0,
					"end":	1.001086,
					"seconds":	1.0010859966278076,
					"bytes":	17301504,
					"bits_per_second":	138261880.06449562,
					"retransmits":	991,
					"snd_cwnd":	2295080,
					"snd_wnd":	9527296,
					"rtt":	80946,
					"rttvar":	629,
					"pmtu":	1500,
					"omitted":	false,
					"sender":	true
				}],
			"sum":	{
				"start":	0,
				"end":	1.001086,
				"seconds":	1.0010859966278076,
				"bytes":	17301504,
				"bits_per_second":	138261880.06449562,
				"retransmits":	991,
				"omitted":	false,
				"sender":	true
			}
		}, {
			"streams":	[{
					"socket":	8,
					"start":	1.001086,
					"end":	2.001096,
					"seconds":	1.0000100135803223,
					"bytes":	9175040,
					"bits_per_second":	73399585.0073599,
					"retransmits":	0,
					"snd_cwnd":	1605832,
					"snd_wnd":	28614656,
					"rtt":	72461,
					"rttvar":	380,
					"pmtu":	1500,
					"omitted":	false,
					"sender":	true
				}],
			"sum":	{
				"start":	1.001086,
				"end":	2.001096,
				"seconds":	1.0000100135803223,
				"bytes":	9175040,
				"bits_per_second":	73399585.0073599,
				"retransmits":	0,
				"omitted":	false,
				"sender":	true
			}
		}, {
			"streams":	[{
					"socket":	8,
					"start":	2.001096,
					"end":	3.001069,
					"seconds":	0.99997299909591675,
					"bytes":	13893632,
					"bits_per_second":	111152057.20603527,
					"retransmits":	0,
					"snd_cwnd":	812328,
					"snd_wnd":	31223808,
					"rtt":	68401,
					"rttvar":	104,
					"pmtu":	1500,
					"omitted":	false,
					"sender":	true
				}],
			"sum":	{
				"start":	2.001096,
				"end":	3.001069,
				"seconds":	0.99997299909591675,
				"bytes":	13893632,
				"bits_per_second":	111152057.20603527,
				"retransmits":	0,
				"omitted":	false,
				"sender":	true
			}
		}, {
			"streams":	[{
					"socket":	8,
					"start":	3.001069,
					"end":	4.00122,
					"seconds":	1.0001510381698608,
					"bytes":	9175040,
					"bits_per_second":	73389235.424194038,
					"retransmits":	0,
					"snd_cwnd":	870248,
					"snd_wnd":	31223808,
					"rtt":	68499,
					"rttvar":	260,
					"pmtu":	1500,
					"omitted":	false,
					"sender":	true
				}],
			"sum":	{
				"start":	3.001069,
				"end":	4.00122,
				"seconds":	1.0001510381698608,
				"bytes":	9175040,
				"bits_per_second":	73389235.424194038,
				"retransmits":	0,
				"omitted":	false,
				"sender":	true
			}
		}, {
			"streams":	[{
					"socket":	8,
					"start":	4.00122,
					"end":	5.000768,
					"seconds":	0.99954801797866821,
					"bytes":	13893632,
					"bits_per_second":	111199316.09165782,
					"retransmits":	0,
					"snd_cwnd":	907896,
					"snd_wnd":	31223808,
					"rtt":	68017,
					"rttvar":	88,
					"pmtu":	1500,
					"omitted":	false,
					"sender":	true
				}],
			"sum":	{
				"start":	4.00122,
				"end":	5.000768,
				"seconds":	0.99954801797866821,
				"bytes":	13893632,
				"bits_per_second":	111199316.09165782,
				"retransmits":	0,
				"omitted":	false,
				"sender":	true
			}
		}, {
			"streams":	[{
					"socket":	8,
					"start":	5.000768,
					"end":	6.000545,
					"seconds":	0.99977701902389526,
					"bytes":	9306112,
					"bits_per_second":	74465500.389963076,
					"retransmits":	0,
					"snd_cwnd":	938304,
					"snd_wnd":	31223808,
					"rtt":	64779,
					"rttvar":	127,
					"pmtu":	1500,
					"omitted":	false,
					"sender":	true
				}],
			"sum":	{
				"start":	5.000768,
				"end":	6.000545,
				"seconds":	0.99977701902389526,
				"bytes":	9306112,
				"bits_per_second":	74465500.389963076,
				"retransmits":	0,
				"omitted":	false,
				"sender":	true
			}
		}, {
			"streams":	[{
					"socket":	8,
					"start":	6.000545,
					"end":	7.002812,
					"seconds":	1.0022670030593872,
					"bytes":	18481152,
					"bits_per_second":	147514799.4982326,
					"retransmits":	0,
					"snd_cwnd":	949888,
					"snd_wnd":	31223808,
					"rtt":	64619,
					"rttvar":	68,
					"pmtu":	1500,
					"omitted":	false,
					"sender":	true
				}],
			"sum":	{
				"start":	6.000545,
				"end":	7.002812,
				"seconds":	1.0022670030593872,
				"bytes":	18481152,
				"bits_per_second":	147514799.4982326,
				"retransmits":	0,
				"omitted":	false,
				"sender":	true
			}
		}, {
			"streams":	[{
					"socket":	8,
					"start":	7.002812,
					"end":	8.001127,
					"seconds":	0.99831497669219971,
					"bytes":	13893632,
					"bits_per_second":	111336660.86857621,
					"retransmits":	0,
					"snd_cwnd":	954232,
					"snd_wnd":	31223808,
					"rtt":	64581,
					"rttvar":	134,
					"pmtu":	1500,
					"omitted":	false,
					"sender":	true
				}],
			"sum":	{
				"start":	7.002812,
				"end":	8.001127,
				"seconds":	0.99831497669219971,
				"bytes":	13893632,
				"bits_per_second":	111336660.86857621,
				"retransmits":	0,
				"omitted":	false,
				"sender":	true
			}
		}, {
			"streams":	[{
					"socket":	8,
					"start":	8.001127,
					"end":	9.000169,
					"seconds":	0.999041974544525,
					"bytes":	2359296,
					"bits_per_second":	18892467.464747958,
					"retransmits":	0,
					"snd_cwnd":	954232,
					"snd_wnd":	31223808,
					"rtt":	64589,
					"rttvar":	240,
					"pmtu":	1500,
					"omitted":	false,
					"sender":	true
				}],
			"sum":	{
				"start":	8.001127,
				"end":	9.000169,
				"seconds":	0.999041974544525,
				"bytes":	2359296,
				"bits_per_second":	18892467.464747958,
				"retransmits":	0,
				"omitted":	false,
				"sender":	true
			}
		}],
	"end":	{
		"streams":	[{
				"sender":	{
					"socket":	8,
					"start":	0,
					"end":	9.000496,
					"seconds":	9.000496,
					"bytes":	107479040,
					"bits_per_second":	95531659.588538229,
					"retransmits":	991,
					"max_snd_cwnd":	2295080,
					"max_snd_wnd":	31223808,
					"max_rtt":	80946,
					"min_rtt":	64581,
					"mean_rtt":	68148,
					"sender":	true
				},
				"receiver":	{
					"socket":	8,
					"start":	0,
					"end":	9.067332,
					"seconds":	9.000496,
					"bytes":	107479040,
					"bits_per_second":	94827488.394601628,
					"sender":	true
				}
			}],
		"sum_sent":	{
			"start":	0,
			"end":	9.000496,
			"seconds":	9.000496,
			"bytes":	107479040,
			"bits_per_second":	95531659.588538229,
			"retransmits":	991,
			"sender":	true
		},
		"sum_received":	{
			"start":	0,
			"end":	9.067332,
			"seconds":	9.067332,
			"bytes":	107479040,
			"bits_per_second":	94827488.394601628,
			"sender":	true
		},
		"cpu_utilization_percent":	{
			"host_total":	7.7641705399500118,
			"host_user":	7.1277826866054026,
			"host_system":	0.63637814890779,
			"remote_total":	2.6589794527640982,
			"remote_user":	0.175056640026398,
			"remote_system":	2.48391178415835
		},
		"sender_tcp_congestion":	"cubic",
		"receiver_tcp_congestion":	"cubic"
	}
}
