{
	"start":	{
		"connected":	[{
				"socket":	8,
				"local_host":	"172.16.0.125",
				"local_port":	40116,
				"remote_host":	"172.17.0.125",
				"remote_port":	5201
			}],
		"version":	"iperf 3.16",
		"system_info":	"Linux h1 6.12.54-0b264c55b-l4steam-117 #1 SMP PREEMPT_DYNAMIC Fri Nov  7 18:07:57 UTC 2025 x86_64",
		"timestamp":	{
			"time":	"Sun, 22 Feb 2026 02:11:46 GMT",
			"timesecs":	1771726306
		},
		"connecting_to":	{
			"host":	"172.17.0.125",
			"port":	5201
		},
		"cookie":	"dx4w67ykka6frfkyiovbwkko4hx2dbt52p4z",
		"tcp_mss_default":	1448,
		"target_bitrate":	0,
		"fq_rate":	0,
		"sock_bufsize":	0,
		"sndbuf_actual":	1000000,
		"rcvbuf_actual":	1000000,
		"test_start":	{
			"protocol":	"TCP",
			"num_streams":	1,
			"blksize":	131072,
			"omit":	0,
			"duration":	0,
			"bytes":	107374182,
			"blocks":	0,
			"reverse":	0,
			"tos":	0,
			"target_bitrate":	0,
			"bidir":	0,
			"fqrate":	0
		}
	},
	"intervals":	[{
			"streams":	[{
					"socket":	8,
					"start":	0,
					"end":	1.001957,
					"seconds":	1.0019570589065552,
					"bytes":	786432,
					"bits_per_second":	6279167.299710352,
					"retransmits":	0,
					"snd_cwnd":	144800000,
					"snd_wnd":	2207744,
					"rtt":	65384,
					"rttvar":	1409,
					"pmtu":	1500,
					"omitted":	false,
					"sender":	true
				}],
			"sum":	{
				"start":	0,
				"end":	1.001957,
				"seconds":	1.0019570589065552,
				"bytes":	786432,
				"bits_per_second":	6279167.299710352,
				"retransmits":	0,
				"omitted":	false,
				"sender":	true
			}
		}, {
			"streams":	[{
					"socket":	8,
					"start":	1.001957,
					"end":	2.001046,
					"seconds":	0.999089002609253,
					"bytes":	1048576,
					"bits_per_second":	8396256.96819006,
					"retransmits":	0,
					"snd_cwnd":	144800000,
					"snd_wnd":	2277376,
					"rtt":	62486,
					"rttvar":	958,
					"pmtu":	1500,
					"omitted":	false,
					"sender":	true
				}],
			"sum":	{
				"start":	1.001957,
				"end":	2.001046,
				"seconds":	0.999089002609253,
				"bytes":	1048576,
				"bits_per_second":	8396256.96819006,
				"retransmits":	0,
				"omitted":	false,
				"sender":	true
			}
		}, {
			"streams":	[{
					"socket":	8,
					"start":	2.001046,
					"end":	3.001374,
					"seconds":	1.0003279447555542,
					"bytes":	1048576,
					"bits_per_second":	8385857.9018802559,
					"retransmits":	0,
					"snd_cwnd":	144800000,
					"snd_wnd":	2277376,
					"rtt":	58503,
					"rttvar":	1239,
					"pmtu":	1500,
					"omitted":	false,
					"sender":	true
				}],
			"sum":	{
				"start":	2.001046,
				"end":	3.001374,
				"seconds":	1.0003279447555542,
				"bytes":	1048576,
				"bits_per_second":	8385857.9018802559,
				"retransmits":	0,
				"omitted":	false,
				"sender":	true
			}
		}, {
			"streams":	[{
					"socket":	8,
					"start":	3.001374,
					"end":	4.001043,
					"seconds":	0.99966901540756226,
					"bytes":	1179648,
					"bits_per_second":	9440308.596693363,
					"retransmits":	0,
					"snd_cwnd":	144800000,
					"snd_wnd":	2277376,
					"rtt":	58239,
					"rttvar":	618,
					"pmtu":	1500,
					"omitted":	false,
					"sender":	true
				}],
			"sum":	{
				"start":	3.001374,
				"end":	4.001043,
				"seconds":	0.99966901540756226,
				"bytes":	1179648,
				"bits_per_second":	9440308.596693363,
				"retransmits":	0,
				"omitted":	false,
				"sender":	true
			}
		}, {
			"streams":	[{
					"socket":	8,
					"start":	4.001043,
					"end":	5.002781,
					"seconds":	1.0017379522323608,
					"bytes":	103415808,
					"bits_per_second":	825891104.71088076,
					"retransmits":	0,
					"snd_cwnd":	144800000,
					"snd_wnd":	3338240,
					"rtt":	125315,
					"rttvar":	13009,
					"pmtu":	1500,
					"omitted":	false,
					"sender":	true
				}],
			"sum":	{
				"start":	4.001043,
				"end":	5.002781,
				"seconds":	1.0017379522323608,
				"bytes":	103415808,
				"bits_per_second":	825891104.71088076,
				"retransmits":	0,
				"omitted":	false,
				"sender":	true
			}
		}],
	"end":	{
		"streams":	[{
				"sender":	{
					"socket":	8,
					"start":	0,
					"end":	5.019906,
					"seconds":	5.019906,
					"bytes":	107479040,
					"bits_per_second":	171284545.96560174,
					"retransmits":	0,
					"max_snd_cwnd":	144800000,
					"max_snd_wnd":	4579328,
					"max_rtt":	125315,
					"min_rtt":	58239,
					"mean_rtt":	82170,
					"sender":	true
				},
				"receiver":	{
					"socket":	8,
					"start":	0,
					"end":	5.093885,
					"seconds":	5.019906,
					"bytes":	8781824,
					"bits_per_second":	13791947.010974923,
					"sender":	true
				}
			}],
		"sum_sent":	{
			"start":	0,
			"end":	5.019906,
			"seconds":	5.019906,
			"bytes":	107479040,
			"bits_per_second":	171284545.96560174,
			"retransmits":	0,
			"sender":	true
		},
		"sum_received":	{
			"start":	0,
			"end":	5.093885,
			"seconds":	5.093885,
			"bytes":	8781824,
			"bits_per_second":	13791947.010974923,
			"sender":	true
		},
		"cpu_utilization_percent":	{
			"host_total":	3.3223900690110977,
			"host_user":	2.0611326982672593,
			"host_system":	1.2612761467192268,
			"remote_total":	0.25752385648944215,
			"remote_user":	0,
			"remote_system":	0.25752385648944215
		},
		"sender_tcp_congestion":	"cubic",
		"receiver_tcp_congestion":	"cubic"
	}
}
