{
	"start":	{
		"connected":	[{
				"socket":	8,
				"local_host":	"172.16.0.51",
				"local_port":	39216,
				"remote_host":	"172.17.0.51",
				"remote_port":	5201
			}],
		"version":	"iperf 3.16",
		"system_info":	"Linux h1 6.12.54-0b264c55b-l4steam-117 #1 SMP PREEMPT_DYNAMIC Fri Nov  7 18:07:57 UTC 2025 x86_64",
		"timestamp":	{
			"time":	"Sun, 22 Feb 2026 02:11:45 GMT",
			"timesecs":	1771726305
		},
		"connecting_to":	{
			"host":	"172.17.0.51",
			"port":	5201
		},
		"cookie":	"3y3emiw6q2qjjrvpxkf6pq7caj2aqj55y2cn",
		"tcp_mss_default":	1448,
		"target_bitrate":	0,
		"fq_rate":	0,
		"sock_bufsize":	0,
		"sndbuf_actual":	1000000,
		"rcvbuf_actual":	1000000,
		"test_start":	{
			"protocol":	"TCP",
			"num_streams":	1,
			"blksize":	131072,
			"omit":	0,
			"duration":	0,
			"bytes":	107374182,
			"blocks":	0,
			"reverse":	0,
			"tos":	0,
			"target_bitrate":	0,
			"bidir":	0,
			"fqrate":	0
		}
	},
	"intervals":	[{
			"streams":	[{
					"socket":	8,
					"start":	0,
					"end":	1.00104,
					"seconds":	1.001039981842041,
					"bytes":	32112640,
					"bits_per_second":	256634225.06588522,
					"retransmits":	3045,
					"snd_cwnd":	3033560,
					"snd_wnd":	30146560,
					"rtt":	92592,
					"rttvar":	6608,
					"pmtu":	1500,
					"omitted":	false,
					"sender":	true
				}],
			"sum":	{
				"start":	0,
				"end":	1.00104,
				"seconds":	1.001039981842041,
				"bytes":	32112640,
				"bits_per_second":	256634225.06588522,
				"retransmits":	3045,
				"omitted":	false,
				"sender":	true
			}
		}, {
			"streams":	[{
					"socket":	8,
					"start":	1.00104,
					"end":	2.001041,
					"seconds":	1.0000009536743164,
					"bytes":	12845056,
					"bits_per_second":	102760350.00009346,
					"retransmits":	5276,
					"snd_cwnd":	1408904,
					"snd_wnd":	58318848,
					"rtt":	92736,
					"rttvar":	618,
					"pmtu":	1500,
					"omitted":	false,
					"sender":	true
				}],
			"sum":	{
				"start":	1.00104,
				"end":	2.001041,
				"seconds":	1.0000009536743164,
				"bytes":	12845056,
				"bits_per_second":	102760350.00009346,
				"retransmits":	5276,
				"omitted":	false,
				"sender":	true
			}
		}, {
			"streams":	[{
					"socket":	8,
					"start":	2.001041,
					"end":	3.00105,
					"seconds":	1.0000089406967163,
					"bytes":	11010048,
					"bits_per_second":	88079596.507040739,
					"retransmits":	1799,
					"snd_cwnd":	1271344,
					"snd_wnd":	81895424,
					"rtt":	96729,
					"rttvar":	1838,
					"pmtu":	1500,
					"omitted":	false,
					"sender":	true
				}],
			"sum":	{
				"start":	2.001041,
				"end":	3.00105,
				"seconds":	1.0000089406967163,
				"bytes":	11010048,
				"bits_per_second":	88079596.507040739,
				"retransmits":	1799,
				"omitted":	false,
				"sender":	true
			}
		}, {
			"streams":	[{
					"socket":	8,
					"start":	3.00105,
					"end":	4.001068,
					"seconds":	1.0000180006027222,
					"bytes":	10878976,
					"bits_per_second":	87030241.4031997,
					"retransmits":	0,
					"snd_cwnd":	506800,
					"snd_wnd":	95027200,
					"rtt":	61207,
					"rttvar":	231,
					"pmtu":	1500,
					"omitted":	false,
					"sender":	true
				}],
			"sum":	{
				"start":	3.00105,
				"end":	4.001068,
				"seconds":	1.0000180006027222,
				"bytes":	10878976,
				"bits_per_second":	87030241.4031997,
				"retransmits":	0,
				"omitted":	false,
				"sender":	true
			}
		}, {
			"streams":	[{
					"socket":	8,
					"start":	4.001068,
					"end":	5.00106,
					"seconds":	0.9999920129776,
					"bytes":	5505024,
					"bits_per_second":	44040543.752809457,
					"retransmits":	0,
					"snd_cwnd":	544448,
					"snd_wnd":	95027200,
					"rtt":	61195,
					"rttvar":	93,
					"pmtu":	1500,
					"omitted":	false,
					"sender":	true
				}],
			"sum":	{
				"start":	4.001068,
				"end":	5.00106,
				"seconds":	0.9999920129776,
				"bytes":	5505024,
				"bits_per_second":	44040543.752809457,
				"retransmits":	0,
				"omitted":	false,
				"sender":	true
			}
		}, {
			"streams":	[{
					"socket":	8,
					"start":	5.00106,
					"end":	6.00106,
					"seconds":	1,
					"bytes":	11010048,
					"bits_per_second":	88080384,
					"retransmits":	0,
					"snd_cwnd":	567616,
					"snd_wnd":	95027200,
					"rtt":	61453,
					"rttvar":	216,
					"pmtu":	1500,
					"omitted":	false,
					"sender":	true
				}],
			"sum":	{
				"start":	5.00106,
				"end":	6.00106,
				"seconds":	1,
				"bytes":	11010048,
				"bits_per_second":	88080384,
				"retransmits":	0,
				"omitted":	false,
				"sender":	true
			}
		}, {
			"streams":	[{
					"socket":	8,
					"start":	6.00106,
					"end":	7.001717,
					"seconds":	1.0006569623947144,
					"bytes":	11010048,
					"bits_per_second":	88022556.490499124,
					"retransmits":	0,
					"snd_cwnd":	579200,
					"snd_wnd":	95027200,
					"rtt":	61131,
					"rttvar":	156,
					"pmtu":	1500,
					"omitted":	false,
					"sender":	true
				}],
			"sum":	{
				"start":	6.00106,
				"end":	7.001717,
				"seconds":	1.0006569623947144,
				"bytes":	11010048,
				"bits_per_second":	88022556.490499124,
				"retransmits":	0,
				"omitted":	false,
				"sender":	true
			}
		}, {
			"streams":	[{
					"socket":	8,
					"start":	7.001717,
					"end":	8.001036,
					"seconds":	0.999319016933441,
					"bytes":	5373952,
					"bits_per_second":	43020912.512929216,
					"retransmits":	0,
					"snd_cwnd":	583544,
					"snd_wnd":	95027200,
					"rtt":	60955,
					"rttvar":	68,
					"pmtu":	1500,
					"omitted":	false,
					"sender":	true
				}],
			"sum":	{
				"start":	7.001717,
				"end":	8.001036,
				"seconds":	0.999319016933441,
				"bytes":	5373952,
				"bits_per_second":	43020912.512929216,
				"retransmits":	0,
				"omitted":	false,
				"sender":	true
			}
		}, {
			"streams":	[{
					"socket":	8,
					"start":	8.001036,
					"end":	9.00104,
					"seconds":	1.0000040531158447,
					"bytes":	7733248,
					"bits_per_second":	61865733.251016311,
					"retransmits":	0,
					"snd_cwnd":	583544,
					"snd_wnd":	95027200,
					"rtt":	60820,
					"rttvar":	35,
					"pmtu":	1500,
					"omitted":	false,
					"sender":	true
				}],
			"sum":	{
				"start":	8.001036,
				"end":	9.00104,
				"seconds":	1.0000040531158447,
				"bytes":	7733248,
				"bits_per_second":	61865733.251016311,
				"retransmits":	0,
				"omitted":	false,
				"sender":	true
			}
		}],
	"end":	{
		"streams":	[{
				"sender":	{
					"socket":	8,
					"start":	0,
					"end":	9.001303,
					"seconds":	9.001303,
					"bytes":	107479040,
					"bits_per_second":	95523094.8230495,
					"retransmits":	10120,
					"max_snd_cwnd":	3033560,
					"max_snd_wnd":	95027200,
					"max_rtt":	96729,
					"min_rtt":	60817,
					"mean_rtt":	70963,
					"sender":	true
				},
				"receiver":	{
					"socket":	8,
					"start":	0,
					"end":	9.093107,
					"seconds":	9.001303,
					"bytes":	98566144,
					"bits_per_second":	86717241.092621043,
					"sender":	true
				}
			}],
		"sum_sent":	{
			"start":	0,
			"end":	9.001303,
			"seconds":	9.001303,
			"bytes":	107479040,
			"bits_per_second":	95523094.8230495,
			"retransmits":	10120,
			"sender":	true
		},
		"sum_received":	{
			"start":	0,
			"end":	9.093107,
			"seconds":	9.093107,
			"bytes":	98566144,
			"bits_per_second":	86717241.092621043,
			"sender":	true
		},
		"cpu_utilization_percent":	{
			"host_total":	3.6578296457743189,
			"host_user":	2.8240895121146283,
			"host_system":	0.8337508766260554,
			"remote_total":	1.5848575626407659,
			"remote_user":	0.0208179370777027,
			"remote_system":	1.5640396255630633
		},
		"sender_tcp_congestion":	"cubic",
		"receiver_tcp_congestion":	"cubic"
	}
}
