{
	"start":	{
		"connected":	[{
				"socket":	8,
				"local_host":	"172.16.0.59",
				"local_port":	55126,
				"remote_host":	"172.17.0.59",
				"remote_port":	5201
			}],
		"version":	"iperf 3.16",
		"system_info":	"Linux h1 6.12.54-0b264c55b-l4steam-117 #1 SMP PREEMPT_DYNAMIC Fri Nov  7 18:07:57 UTC 2025 x86_64",
		"timestamp":	{
			"time":	"Sun, 22 Feb 2026 02:11:45 GMT",
			"timesecs":	1771726305
		},
		"connecting_to":	{
			"host":	"172.17.0.59",
			"port":	5201
		},
		"cookie":	"g5g3fbm5dao3web36jcou6ziug4foqolj7pd",
		"tcp_mss_default":	1448,
		"target_bitrate":	0,
		"fq_rate":	0,
		"sock_bufsize":	0,
		"sndbuf_actual":	1000000,
		"rcvbuf_actual":	1000000,
		"test_start":	{
			"protocol":	"TCP",
			"num_streams":	1,
			"blksize":	131072,
			"omit":	0,
			"duration":	0,
			"bytes":	107374182,
			"blocks":	0,
			"reverse":	0,
			"tos":	0,
			"target_bitrate":	0,
			"bidir":	0,
			"fqrate":	0
		}
	},
	"intervals":	[{
			"streams":	[{
					"socket":	8,
					"start":	0,
					"end":	1.001039,
					"seconds":	1.0010390281677246,
					"bytes":	27525120,
					"bits_per_second":	219972402.4777036,
					"retransmits":	1749,
					"snd_cwnd":	2209648,
					"snd_wnd":	26099712,
					"rtt":	107556,
					"rttvar":	7119,
					"pmtu":	1500,
					"omitted":	false,
					"sender":	true
				}],
			"sum":	{
				"start":	0,
				"end":	1.001039,
				"seconds":	1.0010390281677246,
				"bytes":	27525120,
				"bits_per_second":	219972402.4777036,
				"retransmits":	1749,
				"omitted":	false,
				"sender":	true
			}
		}, {
			"streams":	[{
					"socket":	8,
					"start":	1.001039,
					"end":	2.004512,
					"seconds":	1.0034730434417725,
					"bytes":	4718592,
					"bits_per_second":	37618086.750519082,
					"retransmits":	2353,
					"snd_cwnd":	2085120,
					"snd_wnd":	44584960,
					"rtt":	121665,
					"rttvar":	2359,
					"pmtu":	1500,
					"omitted":	false,
					"sender":	true
				}],
			"sum":	{
				"start":	1.001039,
				"end":	2.004512,
				"seconds":	1.0034730434417725,
				"bytes":	4718592,
				"bits_per_second":	37618086.750519082,
				"retransmits":	2353,
				"omitted":	false,
				"sender":	true
			}
		}, {
			"streams":	[{
					"socket":	8,
					"start":	2.004512,
					"end":	3.000495,
					"seconds":	0.99598300457000732,
					"bytes":	11010048,
					"bits_per_second":	88435629.519628868,
					"retransmits":	1785,
					"snd_cwnd":	1298856,
					"snd_wnd":	66904064,
					"rtt":	92468,
					"rttvar":	1173,
					"pmtu":	1500,
					"omitted":	false,
					"sender":	true
				}],
			"sum":	{
				"start":	2.004512,
				"end":	3.000495,
				"seconds":	0.99598300457000732,
				"bytes":	11010048,
				"bits_per_second":	88435629.519628868,
				"retransmits":	1785,
				"omitted":	false,
				"sender":	true
			}
		}, {
			"streams":	[{
					"socket":	8,
					"start":	3.000495,
					"end":	4.001039,
					"seconds":	1.00054395198822,
					"bytes":	14155776,
					"bits_per_second":	113184640.98949777,
					"retransmits":	8,
					"snd_cwnd":	773232,
					"snd_wnd":	68763648,
					"rtt":	65034,
					"rttvar":	241,
					"pmtu":	1500,
					"omitted":	false,
					"sender":	true
				}],
			"sum":	{
				"start":	3.000495,
				"end":	4.001039,
				"seconds":	1.00054395198822,
				"bytes":	14155776,
				"bits_per_second":	113184640.98949777,
				"retransmits":	8,
				"omitted":	false,
				"sender":	true
			}
		}, {
			"streams":	[{
					"socket":	8,
					"start":	4.001039,
					"end":	5.001038,
					"seconds":	0.99999898672103882,
					"bytes":	9306112,
					"bits_per_second":	74448971.437576443,
					"retransmits":	0,
					"snd_cwnd":	821016,
					"snd_wnd":	68751360,
					"rtt":	65320,
					"rttvar":	322,
					"pmtu":	1500,
					"omitted":	false,
					"sender":	true
				}],
			"sum":	{
				"start":	4.001039,
				"end":	5.001038,
				"seconds":	0.99999898672103882,
				"bytes":	9306112,
				"bits_per_second":	74448971.437576443,
				"retransmits":	0,
				"omitted":	false,
				"sender":	true
			}
		}, {
			"streams":	[{
					"socket":	8,
					"start":	5.001038,
					"end":	6.001041,
					"seconds":	1.0000029802322388,
					"bytes":	14155776,
					"bits_per_second":	113245870.50100583,
					"retransmits":	0,
					"snd_cwnd":	849976,
					"snd_wnd":	68755456,
					"rtt":	65069,
					"rttvar":	153,
					"pmtu":	1500,
					"omitted":	false,
					"sender":	true
				}],
			"sum":	{
				"start":	5.001038,
				"end":	6.001041,
				"seconds":	1.0000029802322388,
				"bytes":	14155776,
				"bits_per_second":	113245870.50100583,
				"retransmits":	0,
				"omitted":	false,
				"sender":	true
			}
		}, {
			"streams":	[{
					"socket":	8,
					"start":	6.001041,
					"end":	7.001041,
					"seconds":	1,
					"bytes":	14024704,
					"bits_per_second":	112197632,
					"retransmits":	0,
					"snd_cwnd":	868800,
					"snd_wnd":	68763648,
					"rtt":	64875,
					"rttvar":	81,
					"pmtu":	1500,
					"omitted":	false,
					"sender":	true
				}],
			"sum":	{
				"start":	6.001041,
				"end":	7.001041,
				"seconds":	1,
				"bytes":	14024704,
				"bits_per_second":	112197632,
				"retransmits":	0,
				"omitted":	false,
				"sender":	true
			}
		}, {
			"streams":	[{
					"socket":	8,
					"start":	7.001041,
					"end":	8.00449,
					"seconds":	1.0034489631652832,
					"bytes":	12582912,
					"bits_per_second":	100317305.30914828,
					"retransmits":	0,
					"snd_cwnd":	876040,
					"snd_wnd":	68763648,
					"rtt":	64587,
					"rttvar":	78,
					"pmtu":	1500,
					"omitted":	false,
					"sender":	true
				}],
			"sum":	{
				"start":	7.001041,
				"end":	8.00449,
				"seconds":	1.0034489631652832,
				"bytes":	12582912,
				"bits_per_second":	100317305.30914828,
				"retransmits":	0,
				"omitted":	false,
				"sender":	true
			}
		}],
	"end":	{
		"streams":	[{
				"sender":	{
					"socket":	8,
					"start":	0,
					"end":	8.004696,
					"seconds":	8.004696,
					"bytes":	107479040,
					"bits_per_second":	107415986.81573917,
					"retransmits":	5895,
					"max_snd_cwnd":	2209648,
					"max_snd_wnd":	68763648,
					"max_rtt":	121665,
					"min_rtt":	64587,
					"mean_rtt":	79017,
					"sender":	true
				},
				"receiver":	{
					"socket":	8,
					"start":	0,
					"end":	8.075061,
					"seconds":	8.004696,
					"bytes":	96600064,
					"bits_per_second":	95702126.832230747,
					"sender":	true
				}
			}],
		"sum_sent":	{
			"start":	0,
			"end":	8.004696,
			"seconds":	8.004696,
			"bytes":	107479040,
			"bits_per_second":	107415986.81573917,
			"retransmits":	5895,
			"sender":	true
		},
		"sum_received":	{
			"start":	0,
			"end":	8.075061,
			"seconds":	8.075061,
			"bytes":	96600064,
			"bits_per_second":	95702126.832230747,
			"sender":	true
		},
		"cpu_utilization_percent":	{
			"host_total":	1.29338316295036,
			"host_user":	0.66890258211638831,
			"host_system":	0.62448058083397173,
			"remote_total":	2.2812385798444033,
			"remote_user":	0,
			"remote_system":	2.2812261960768967
		},
		"sender_tcp_congestion":	"cubic",
		"receiver_tcp_congestion":	"cubic"
	}
}
