{
	"start":	{
		"connected":	[{
				"socket":	8,
				"local_host":	"172.16.0.5",
				"local_port":	38596,
				"remote_host":	"172.17.0.5",
				"remote_port":	5201
			}],
		"version":	"iperf 3.16",
		"system_info":	"Linux h1 6.12.54-0b264c55b-l4steam-117 #1 SMP PREEMPT_DYNAMIC Fri Nov  7 18:07:57 UTC 2025 x86_64",
		"timestamp":	{
			"time":	"Sun, 22 Feb 2026 02:11:45 GMT",
			"timesecs":	1771726305
		},
		"connecting_to":	{
			"host":	"172.17.0.5",
			"port":	5201
		},
		"cookie":	"6eegfqjlid2bfw5zcx7cmfkr27kkewwbnvjh",
		"tcp_mss_default":	1448,
		"target_bitrate":	0,
		"fq_rate":	0,
		"sock_bufsize":	0,
		"sndbuf_actual":	1000000,
		"rcvbuf_actual":	1000000,
		"test_start":	{
			"protocol":	"TCP",
			"num_streams":	1,
			"blksize":	131072,
			"omit":	0,
			"duration":	0,
			"bytes":	107374182,
			"blocks":	0,
			"reverse":	0,
			"tos":	0,
			"target_bitrate":	0,
			"bidir":	0,
			"fqrate":	0
		}
	},
	"intervals":	[{
			"streams":	[{
					"socket":	8,
					"start":	0,
					"end":	1.000434,
					"seconds":	1.0004340410232544,
					"bytes":	73269248,
					"bits_per_second":	585899679.50358379,
					"retransmits":	4266,
					"snd_cwnd":	2697624,
					"snd_wnd":	49741824,
					"rtt":	113532,
					"rttvar":	9672,
					"pmtu":	1500,
					"omitted":	false,
					"sender":	true
				}],
			"sum":	{
				"start":	0,
				"end":	1.000434,
				"seconds":	1.0004340410232544,
				"bytes":	73269248,
				"bits_per_second":	585899679.50358379,
				"retransmits":	4266,
				"omitted":	false,
				"sender":	true
			}
		}, {
			"streams":	[{
					"socket":	8,
					"start":	1.000434,
					"end":	2.001039,
					"seconds":	1.00060498714447,
					"bytes":	0,
					"bits_per_second":	0,
					"retransmits":	4155,
					"snd_cwnd":	2946680,
					"snd_wnd":	67579904,
					"rtt":	97936,
					"rttvar":	3512,
					"pmtu":	1500,
					"omitted":	false,
					"sender":	true
				}],
			"sum":	{
				"start":	1.000434,
				"end":	2.001039,
				"seconds":	1.00060498714447,
				"bytes":	0,
				"bits_per_second":	0,
				"retransmits":	4155,
				"omitted":	false,
				"sender":	true
			}
		}, {
			"streams":	[{
					"socket":	8,
					"start":	2.001039,
					"end":	3.001042,
					"seconds":	1.0000029802322388,
					"bytes":	0,
					"bits_per_second":	0,
					"retransmits":	2542,
					"snd_cwnd":	1146816,
					"snd_wnd":	67584000,
					"rtt":	86825,
					"rttvar":	1163,
					"pmtu":	1500,
					"omitted":	false,
					"sender":	true
				}],
			"sum":	{
				"start":	2.001039,
				"end":	3.001042,
				"seconds":	1.0000029802322388,
				"bytes":	0,
				"bits_per_second":	0,
				"retransmits":	2542,
				"omitted":	false,
				"sender":	true
			}
		}, {
			"streams":	[{
					"socket":	8,
					"start":	3.001042,
					"end":	4.001061,
					"seconds":	1.0000189542770386,
					"bytes":	0,
					"bits_per_second":	0,
					"retransmits":	0,
					"snd_cwnd":	499560,
					"snd_wnd":	67584000,
					"rtt":	61087,
					"rttvar":	92,
					"pmtu":	1500,
					"omitted":	false,
					"sender":	true
				}],
			"sum":	{
				"start":	3.001042,
				"end":	4.001061,
				"seconds":	1.0000189542770386,
				"bytes":	0,
				"bits_per_second":	0,
				"retransmits":	0,
				"omitted":	false,
				"sender":	true
			}
		}, {
			"streams":	[{
					"socket":	8,
					"start":	4.001061,
					"end":	5.001056,
					"seconds":	0.999994993209839,
					"bytes":	7733248,
					"bits_per_second":	61866293.751550861,
					"retransmits":	0,
					"snd_cwnd":	540104,
					"snd_wnd":	67584000,
					"rtt":	61117,
					"rttvar":	79,
					"pmtu":	1500,
					"omitted":	false,
					"sender":	true
				}],
			"sum":	{
				"start":	4.001061,
				"end":	5.001056,
				"seconds":	0.999994993209839,
				"bytes":	7733248,
				"bits_per_second":	61866293.751550861,
				"retransmits":	0,
				"omitted":	false,
				"sender":	true
			}
		}, {
			"streams":	[{
					"socket":	8,
					"start":	5.001056,
					"end":	6.001037,
					"seconds":	0.99998098611831665,
					"bytes":	11141120,
					"bits_per_second":	89130654.7197232,
					"retransmits":	0,
					"snd_cwnd":	566168,
					"snd_wnd":	67584000,
					"rtt":	61286,
					"rttvar":	152,
					"pmtu":	1500,
					"omitted":	false,
					"sender":	true
				}],
			"sum":	{
				"start":	5.001056,
				"end":	6.001037,
				"seconds":	0.99998098611831665,
				"bytes":	11141120,
				"bits_per_second":	89130654.7197232,
				"retransmits":	0,
				"omitted":	false,
				"sender":	true
			}
		}, {
			"streams":	[{
					"socket":	8,
					"start":	6.001037,
					"end":	7.00104,
					"seconds":	1.0000029802322388,
					"bytes":	7602176,
					"bits_per_second":	60817226.750540167,
					"retransmits":	0,
					"snd_cwnd":	577752,
					"snd_wnd":	67579904,
					"rtt":	61009,
					"rttvar":	67,
					"pmtu":	1500,
					"omitted":	false,
					"sender":	true
				}],
			"sum":	{
				"start":	6.001037,
				"end":	7.00104,
				"seconds":	1.0000029802322388,
				"bytes":	7602176,
				"bits_per_second":	60817226.750540167,
				"retransmits":	0,
				"omitted":	false,
				"sender":	true
			}
		}, {
			"streams":	[{
					"socket":	8,
					"start":	7.00104,
					"end":	8.004419,
					"seconds":	1.0033789873123169,
					"bytes":	7733248,
					"bits_per_second":	61657643.604552858,
					"retransmits":	0,
					"snd_cwnd":	583544,
					"snd_wnd":	67584000,
					"rtt":	60923,
					"rttvar":	61,
					"pmtu":	1500,
					"omitted":	false,
					"sender":	true
				}],
			"sum":	{
				"start":	7.00104,
				"end":	8.004419,
				"seconds":	1.0033789873123169,
				"bytes":	7733248,
				"bits_per_second":	61657643.604552858,
				"retransmits":	0,
				"omitted":	false,
				"sender":	true
			}
		}],
	"end":	{
		"streams":	[{
				"sender":	{
					"socket":	8,
					"start":	0,
					"end":	8.00474,
					"seconds":	8.00474,
					"bytes":	107479040,
					"bits_per_second":	107415396.37764624,
					"retransmits":	10963,
					"max_snd_cwnd":	2946680,
					"max_snd_wnd":	67584000,
					"max_rtt":	113532,
					"min_rtt":	60923,
					"mean_rtt":	73849,
					"sender":	true
				},
				"receiver":	{
					"socket":	8,
					"start":	0,
					"end":	8.069284,
					"seconds":	8.00474,
					"bytes":	100532224,
					"bits_per_second":	99669040.276683778,
					"sender":	true
				}
			}],
		"sum_sent":	{
			"start":	0,
			"end":	8.00474,
			"seconds":	8.00474,
			"bytes":	107479040,
			"bits_per_second":	107415396.37764624,
			"retransmits":	10963,
			"sender":	true
		},
		"sum_received":	{
			"start":	0,
			"end":	8.069284,
			"seconds":	8.069284,
			"bytes":	100532224,
			"bits_per_second":	99669040.276683778,
			"sender":	true
		},
		"cpu_utilization_percent":	{
			"host_total":	1.21617395871052,
			"host_user":	0.032081675830524979,
			"host_system":	1.1841164954655274,
			"remote_total":	2.7108165352075635,
			"remote_user":	0.15373074973142042,
			"remote_system":	2.55707339283207
		},
		"sender_tcp_congestion":	"cubic",
		"receiver_tcp_congestion":	"cubic"
	}
}
