{
	"start":	{
		"connected":	[{
				"socket":	8,
				"local_host":	"172.16.0.73",
				"local_port":	54400,
				"remote_host":	"172.17.0.73",
				"remote_port":	5201
			}],
		"version":	"iperf 3.16",
		"system_info":	"Linux h1 6.12.54-0b264c55b-l4steam-117 #1 SMP PREEMPT_DYNAMIC Fri Nov  7 18:07:57 UTC 2025 x86_64",
		"timestamp":	{
			"time":	"Sun, 22 Feb 2026 02:11:46 GMT",
			"timesecs":	1771726306
		},
		"connecting_to":	{
			"host":	"172.17.0.73",
			"port":	5201
		},
		"cookie":	"zb3s2nsr7eowptmfshmywgckvq546kzcmm6a",
		"tcp_mss_default":	1448,
		"target_bitrate":	0,
		"fq_rate":	0,
		"sock_bufsize":	0,
		"sndbuf_actual":	1000000,
		"rcvbuf_actual":	1000000,
		"test_start":	{
			"protocol":	"TCP",
			"num_streams":	1,
			"blksize":	131072,
			"omit":	0,
			"duration":	0,
			"bytes":	107374182,
			"blocks":	0,
			"reverse":	0,
			"tos":	0,
			"target_bitrate":	0,
			"bidir":	0,
			"fqrate":	0
		}
	},
	"intervals":	[{
			"streams":	[{
					"socket":	8,
					"start":	0,
					"end":	1.001068,
					"seconds":	1.0010679960250854,
					"bytes":	12320768,
					"bits_per_second":	98460988.056130067,
					"retransmits":	1835,
					"snd_cwnd":	1465376,
					"snd_wnd":	15683584,
					"rtt":	128628,
					"rttvar":	5909,
					"pmtu":	1500,
					"omitted":	false,
					"sender":	true
				}],
			"sum":	{
				"start":	0,
				"end":	1.001068,
				"seconds":	1.0010679960250854,
				"bytes":	12320768,
				"bits_per_second":	98460988.056130067,
				"retransmits":	1835,
				"omitted":	false,
				"sender":	true
			}
		}, {
			"streams":	[{
					"socket":	8,
					"start":	1.001068,
					"end":	2.001069,
					"seconds":	1.0000009536743164,
					"bytes":	11272192,
					"bits_per_second":	90177450.000082,
					"retransmits":	3844,
					"snd_cwnd":	24368392,
					"snd_wnd":	19648512,
					"rtt":	98578,
					"rttvar":	4093,
					"pmtu":	1500,
					"omitted":	false,
					"sender":	true
				}],
			"sum":	{
				"start":	1.001068,
				"end":	2.001069,
				"seconds":	1.0000009536743164,
				"bytes":	11272192,
				"bits_per_second":	90177450.000082,
				"retransmits":	3844,
				"omitted":	false,
				"sender":	true
			}
		}, {
			"streams":	[{
					"socket":	8,
					"start":	2.001069,
					"end":	3.001062,
					"seconds":	0.99999302625656128,
					"bytes":	12976128,
					"bits_per_second":	103809747.94254859,
					"retransmits":	1788,
					"snd_cwnd":	2869936,
					"snd_wnd":	19656704,
					"rtt":	71475,
					"rttvar":	3403,
					"pmtu":	1500,
					"omitted":	false,
					"sender":	true
				}],
			"sum":	{
				"start":	2.001069,
				"end":	3.001062,
				"seconds":	0.99999302625656128,
				"bytes":	12976128,
				"bits_per_second":	103809747.94254859,
				"retransmits":	1788,
				"omitted":	false,
				"sender":	true
			}
		}, {
			"streams":	[{
					"socket":	8,
					"start":	3.001062,
					"end":	4.001069,
					"seconds":	1.0000070333480835,
					"bytes":	10616832,
					"bits_per_second":	84934058.6292015,
					"retransmits":	0,
					"snd_cwnd":	690696,
					"snd_wnd":	19656704,
					"rtt":	61262,
					"rttvar":	210,
					"pmtu":	1500,
					"omitted":	false,
					"sender":	true
				}],
			"sum":	{
				"start":	3.001062,
				"end":	4.001069,
				"seconds":	1.0000070333480835,
				"bytes":	10616832,
				"bits_per_second":	84934058.6292015,
				"retransmits":	0,
				"omitted":	false,
				"sender":	true
			}
		}, {
			"streams":	[{
					"socket":	8,
					"start":	4.001069,
					"end":	5.001091,
					"seconds":	1.0000220537185669,
					"bytes":	10747904,
					"bits_per_second":	85981335.79181844,
					"retransmits":	0,
					"snd_cwnd":	758752,
					"snd_wnd":	19656704,
					"rtt":	62423,
					"rttvar":	206,
					"pmtu":	1500,
					"omitted":	false,
					"sender":	true
				}],
			"sum":	{
				"start":	4.001069,
				"end":	5.001091,
				"seconds":	1.0000220537185669,
				"bytes":	10747904,
				"bits_per_second":	85981335.79181844,
				"retransmits":	0,
				"omitted":	false,
				"sender":	true
			}
		}, {
			"streams":	[{
					"socket":	8,
					"start":	5.001091,
					"end":	6.001065,
					"seconds":	0.999974012374878,
					"bytes":	12976128,
					"bits_per_second":	103811721.82010993,
					"retransmits":	0,
					"snd_cwnd":	800744,
					"snd_wnd":	19656704,
					"rtt":	60870,
					"rttvar":	199,
					"pmtu":	1500,
					"omitted":	false,
					"sender":	true
				}],
			"sum":	{
				"start":	5.001091,
				"end":	6.001065,
				"seconds":	0.999974012374878,
				"bytes":	12976128,
				"bits_per_second":	103811721.82010993,
				"retransmits":	0,
				"omitted":	false,
				"sender":	true
			}
		}, {
			"streams":	[{
					"socket":	8,
					"start":	6.001065,
					"end":	7.001163,
					"seconds":	1.0000979900360107,
					"bytes":	12845056,
					"bits_per_second":	102750379.486614,
					"retransmits":	0,
					"snd_cwnd":	822464,
					"snd_wnd":	19648512,
					"rtt":	57423,
					"rttvar":	89,
					"pmtu":	1500,
					"omitted":	false,
					"sender":	true
				}],
			"sum":	{
				"start":	6.001065,
				"end":	7.001163,
				"seconds":	1.0000979900360107,
				"bytes":	12845056,
				"bits_per_second":	102750379.486614,
				"retransmits":	0,
				"omitted":	false,
				"sender":	true
			}
		}, {
			"streams":	[{
					"socket":	8,
					"start":	7.001163,
					"end":	8.005353,
					"seconds":	1.0041899681091309,
					"bytes":	12845056,
					"bits_per_second":	102331681.51788633,
					"retransmits":	0,
					"snd_cwnd":	832600,
					"snd_wnd":	19656704,
					"rtt":	57339,
					"rttvar":	57,
					"pmtu":	1500,
					"omitted":	false,
					"sender":	true
				}],
			"sum":	{
				"start":	7.001163,
				"end":	8.005353,
				"seconds":	1.0041899681091309,
				"bytes":	12845056,
				"bits_per_second":	102331681.51788633,
				"retransmits":	0,
				"omitted":	false,
				"sender":	true
			}
		}, {
			"streams":	[{
					"socket":	8,
					"start":	8.005353,
					"end":	9.001085,
					"seconds":	0.995732009410858,
					"bytes":	10878976,
					"bits_per_second":	87404851.081862733,
					"retransmits":	0,
					"snd_cwnd":	835496,
					"snd_wnd":	19656704,
					"rtt":	57269,
					"rttvar":	61,
					"pmtu":	1500,
					"omitted":	false,
					"sender":	true
				}],
			"sum":	{
				"start":	8.005353,
				"end":	9.001085,
				"seconds":	0.995732009410858,
				"bytes":	10878976,
				"bits_per_second":	87404851.081862733,
				"retransmits":	0,
				"omitted":	false,
				"sender":	true
			}
		}],
	"end":	{
		"streams":	[{
				"sender":	{
					"socket":	8,
					"start":	0,
					"end":	9.001705,
					"seconds":	9.001705,
					"bytes":	107479040,
					"bits_per_second":	95518828.932963267,
					"retransmits":	7467,
					"max_snd_cwnd":	24368392,
					"max_snd_wnd":	19656704,
					"max_rtt":	128628,
					"min_rtt":	57269,
					"mean_rtt":	71253,
					"sender":	true
				},
				"receiver":	{
					"socket":	8,
					"start":	0,
					"end":	9.072024,
					"seconds":	9.001705,
					"bytes":	107216896,
					"bits_per_second":	94547277.211788669,
					"sender":	true
				}
			}],
		"sum_sent":	{
			"start":	0,
			"end":	9.001705,
			"seconds":	9.001705,
			"bytes":	107479040,
			"bits_per_second":	95518828.932963267,
			"retransmits":	7467,
			"sender":	true
		},
		"sum_received":	{
			"start":	0,
			"end":	9.072024,
			"seconds":	9.072024,
			"bytes":	107216896,
			"bits_per_second":	94547277.211788669,
			"sender":	true
		},
		"cpu_utilization_percent":	{
			"host_total":	2.5325293625737082,
			"host_user":	1.9433241406998925,
			"host_system":	0.58920522187381574,
			"remote_total":	2.6155189079240473,
			"remote_user":	0.063249259290327431,
			"remote_system":	2.55226964863372
		},
		"sender_tcp_congestion":	"cubic",
		"receiver_tcp_congestion":	"cubic"
	}
}
