{
	"start":	{
		"connected":	[{
				"socket":	8,
				"local_host":	"172.16.0.86",
				"local_port":	32806,
				"remote_host":	"172.17.0.86",
				"remote_port":	5201
			}],
		"version":	"iperf 3.16",
		"system_info":	"Linux h1 6.12.54-0b264c55b-l4steam-117 #1 SMP PREEMPT_DYNAMIC Fri Nov  7 18:07:57 UTC 2025 x86_64",
		"timestamp":	{
			"time":	"Sun, 22 Feb 2026 02:11:46 GMT",
			"timesecs":	1771726306
		},
		"connecting_to":	{
			"host":	"172.17.0.86",
			"port":	5201
		},
		"cookie":	"6nnbnsvqqlvzlg3cqdke3qiagov3i6q3ptf3",
		"tcp_mss_default":	1448,
		"target_bitrate":	0,
		"fq_rate":	0,
		"sock_bufsize":	0,
		"sndbuf_actual":	1000000,
		"rcvbuf_actual":	1000000,
		"test_start":	{
			"protocol":	"TCP",
			"num_streams":	1,
			"blksize":	131072,
			"omit":	0,
			"duration":	0,
			"bytes":	107374182,
			"blocks":	0,
			"reverse":	0,
			"tos":	0,
			"target_bitrate":	0,
			"bidir":	0,
			"fqrate":	0
		}
	},
	"intervals":	[{
			"streams":	[{
					"socket":	8,
					"start":	0,
					"end":	1.001036,
					"seconds":	1.0010360479354858,
					"bytes":	19267584,
					"bits_per_second":	153981140.15763593,
					"retransmits":	2700,
					"snd_cwnd":	2688936,
					"snd_wnd":	15826944,
					"rtt":	124922,
					"rttvar":	4604,
					"pmtu":	1500,
					"omitted":	false,
					"sender":	true
				}],
			"sum":	{
				"start":	0,
				"end":	1.001036,
				"seconds":	1.0010360479354858,
				"bytes":	19267584,
				"bits_per_second":	153981140.15763593,
				"retransmits":	2700,
				"omitted":	false,
				"sender":	true
			}
		}, {
			"streams":	[{
					"socket":	8,
					"start":	1.001036,
					"end":	2.001031,
					"seconds":	0.999994993209839,
					"bytes":	11927552,
					"bits_per_second":	95420893.752392,
					"retransmits":	1848,
					"snd_cwnd":	1828824,
					"snd_wnd":	16138240,
					"rtt":	117153,
					"rttvar":	5686,
					"pmtu":	1500,
					"omitted":	false,
					"sender":	true
				}],
			"sum":	{
				"start":	1.001036,
				"end":	2.001031,
				"seconds":	0.999994993209839,
				"bytes":	11927552,
				"bits_per_second":	95420893.752392,
				"retransmits":	1848,
				"omitted":	false,
				"sender":	true
			}
		}, {
			"streams":	[{
					"socket":	8,
					"start":	2.001031,
					"end":	3.001036,
					"seconds":	1.0000050067901611,
					"bytes":	74186752,
					"bits_per_second":	593491044.51487756,
					"retransmits":	3615,
					"snd_cwnd":	1685472,
					"snd_wnd":	15441920,
					"rtt":	111838,
					"rttvar":	1303,
					"pmtu":	1500,
					"omitted":	false,
					"sender":	true
				}],
			"sum":	{
				"start":	2.001031,
				"end":	3.001036,
				"seconds":	1.0000050067901611,
				"bytes":	74186752,
				"bits_per_second":	593491044.51487756,
				"retransmits":	3615,
				"omitted":	false,
				"sender":	true
			}
		}, {
			"streams":	[{
					"socket":	8,
					"start":	3.001036,
					"end":	4.001588,
					"seconds":	1.00055205821991,
					"bytes":	0,
					"bits_per_second":	0,
					"retransmits":	278,
					"snd_cwnd":	705176,
					"snd_wnd":	16138240,
					"rtt":	67428,
					"rttvar":	349,
					"pmtu":	1500,
					"omitted":	false,
					"sender":	true
				}],
			"sum":	{
				"start":	3.001036,
				"end":	4.001588,
				"seconds":	1.00055205821991,
				"bytes":	0,
				"bits_per_second":	0,
				"retransmits":	278,
				"omitted":	false,
				"sender":	true
			}
		}, {
			"streams":	[{
					"socket":	8,
					"start":	4.001588,
					"end":	5.001041,
					"seconds":	0.99945300817489624,
					"bytes":	2097152,
					"bits_per_second":	16786398.022491239,
					"retransmits":	0,
					"snd_cwnd":	758752,
					"snd_wnd":	16138240,
					"rtt":	65130,
					"rttvar":	95,
					"pmtu":	1500,
					"omitted":	false,
					"sender":	true
				}],
			"sum":	{
				"start":	4.001588,
				"end":	5.001041,
				"seconds":	0.99945300817489624,
				"bytes":	2097152,
				"bits_per_second":	16786398.022491239,
				"retransmits":	0,
				"omitted":	false,
				"sender":	true
			}
		}],
	"end":	{
		"streams":	[{
				"sender":	{
					"socket":	8,
					"start":	0,
					"end":	5.00124,
					"seconds":	5.00124,
					"bytes":	107479040,
					"bits_per_second":	171923826.890931,
					"retransmits":	8441,
					"max_snd_cwnd":	2688936,
					"max_snd_wnd":	16138240,
					"max_rtt":	124922,
					"min_rtt":	65130,
					"mean_rtt":	91933,
					"sender":	true
				},
				"receiver":	{
					"socket":	8,
					"start":	0,
					"end":	5.081504,
					"seconds":	5.00124,
					"bytes":	63438848,
					"bits_per_second":	99874128.604444668,
					"sender":	true
				}
			}],
		"sum_sent":	{
			"start":	0,
			"end":	5.00124,
			"seconds":	5.00124,
			"bytes":	107479040,
			"bits_per_second":	171923826.890931,
			"retransmits":	8441,
			"sender":	true
		},
		"sum_received":	{
			"start":	0,
			"end":	5.081504,
			"seconds":	5.081504,
			"bytes":	63438848,
			"bits_per_second":	99874128.604444668,
			"sender":	true
		},
		"cpu_utilization_percent":	{
			"host_total":	8.47614040772671,
			"host_user":	7.4076885629331182,
			"host_system":	1.0684329612135042,
			"remote_total":	1.7933410095127031,
			"remote_user":	0.1233685740942525,
			"remote_system":	1.6699527562712031
		},
		"sender_tcp_congestion":	"cubic",
		"receiver_tcp_congestion":	"cubic"
	}
}
