{
	"start":	{
		"connected":	[{
				"socket":	8,
				"local_host":	"172.16.0.31",
				"local_port":	38694,
				"remote_host":	"172.17.0.31",
				"remote_port":	5201
			}],
		"version":	"iperf 3.16",
		"system_info":	"Linux h1 6.12.54-0b264c55b-l4steam-117 #1 SMP PREEMPT_DYNAMIC Fri Nov  7 18:07:57 UTC 2025 x86_64",
		"timestamp":	{
			"time":	"Sun, 22 Feb 2026 01:28:38 GMT",
			"timesecs":	1771723718
		},
		"connecting_to":	{
			"host":	"172.17.0.31",
			"port":	5201
		},
		"cookie":	"e3jk36dio7te2zdjezz5islrg6ww3wlfw7e3",
		"tcp_mss_default":	1448,
		"target_bitrate":	0,
		"fq_rate":	0,
		"sock_bufsize":	0,
		"sndbuf_actual":	1000000,
		"rcvbuf_actual":	1000000,
		"test_start":	{
			"protocol":	"TCP",
			"num_streams":	1,
			"blksize":	131072,
			"omit":	0,
			"duration":	0,
			"bytes":	107374182,
			"blocks":	0,
			"reverse":	0,
			"tos":	0,
			"target_bitrate":	0,
			"bidir":	0,
			"fqrate":	0
		}
	},
	"intervals":	[{
			"streams":	[{
					"socket":	8,
					"start":	0,
					"end":	1.001065,
					"seconds":	1.0010650157928467,
					"bytes":	39059456,
					"bits_per_second":	312143210.55113316,
					"retransmits":	20,
					"snd_cwnd":	101387512,
					"snd_wnd":	6381568,
					"rtt":	334062,
					"rttvar":	16564,
					"pmtu":	1500,
					"omitted":	false,
					"sender":	true
				}],
			"sum":	{
				"start":	0,
				"end":	1.001065,
				"seconds":	1.0010650157928467,
				"bytes":	39059456,
				"bits_per_second":	312143210.55113316,
				"retransmits":	20,
				"omitted":	false,
				"sender":	true
			}
		}, {
			"streams":	[{
					"socket":	8,
					"start":	1.001065,
					"end":	2.003178,
					"seconds":	1.0021129846572876,
					"bytes":	5373952,
					"bits_per_second":	42900966.915125534,
					"retransmits":	0,
					"snd_cwnd":	101387512,
					"snd_wnd":	52723712,
					"rtt":	632985,
					"rttvar":	992,
					"pmtu":	1500,
					"omitted":	false,
					"sender":	true
				}],
			"sum":	{
				"start":	1.001065,
				"end":	2.003178,
				"seconds":	1.0021129846572876,
				"bytes":	5373952,
				"bits_per_second":	42900966.915125534,
				"retransmits":	0,
				"omitted":	false,
				"sender":	true
			}
		}, {
			"streams":	[{
					"socket":	8,
					"start":	2.003178,
					"end":	3.001073,
					"seconds":	0.9978950023651123,
					"bytes":	7208960,
					"bits_per_second":	57793334.833136022,
					"retransmits":	0,
					"snd_cwnd":	101387512,
					"snd_wnd":	85274624,
					"rtt":	631091,
					"rttvar":	118,
					"pmtu":	1500,
					"omitted":	false,
					"sender":	true
				}],
			"sum":	{
				"start":	2.003178,
				"end":	3.001073,
				"seconds":	0.9978950023651123,
				"bytes":	7208960,
				"bits_per_second":	57793334.833136022,
				"retransmits":	0,
				"omitted":	false,
				"sender":	true
			}
		}, {
			"streams":	[{
					"socket":	8,
					"start":	3.001073,
					"end":	4.002338,
					"seconds":	1.0012650489807129,
					"bytes":	11927552,
					"bits_per_second":	95299857.0130236,
					"retransmits":	392,
					"snd_cwnd":	4897136,
					"snd_wnd":	113864704,
					"rtt":	530572,
					"rttvar":	728,
					"pmtu":	1500,
					"omitted":	false,
					"sender":	true
				}],
			"sum":	{
				"start":	3.001073,
				"end":	4.002338,
				"seconds":	1.0012650489807129,
				"bytes":	11927552,
				"bits_per_second":	95299857.0130236,
				"retransmits":	392,
				"omitted":	false,
				"sender":	true
			}
		}, {
			"streams":	[{
					"socket":	8,
					"start":	4.002338,
					"end":	5.000465,
					"seconds":	0.998126983642578,
					"bytes":	8781824,
					"bits_per_second":	70386426.928978458,
					"retransmits":	0,
					"snd_cwnd":	5350360,
					"snd_wnd":	120463360,
					"rtt":	615385,
					"rttvar":	513,
					"pmtu":	1500,
					"omitted":	false,
					"sender":	true
				}],
			"sum":	{
				"start":	4.002338,
				"end":	5.000465,
				"seconds":	0.998126983642578,
				"bytes":	8781824,
				"bits_per_second":	70386426.928978458,
				"retransmits":	0,
				"omitted":	false,
				"sender":	true
			}
		}, {
			"streams":	[{
					"socket":	8,
					"start":	5.000465,
					"end":	6.004022,
					"seconds":	1.0035569667816162,
					"bytes":	17563648,
					"bits_per_second":	140011168.92308533,
					"retransmits":	105,
					"snd_cwnd":	3753216,
					"snd_wnd":	120463360,
					"rtt":	800318,
					"rttvar":	522,
					"pmtu":	1500,
					"omitted":	false,
					"sender":	true
				}],
			"sum":	{
				"start":	5.000465,
				"end":	6.004022,
				"seconds":	1.0035569667816162,
				"bytes":	17563648,
				"bits_per_second":	140011168.92308533,
				"retransmits":	105,
				"omitted":	false,
				"sender":	true
			}
		}, {
			"streams":	[{
					"socket":	8,
					"start":	6.004022,
					"end":	7.002043,
					"seconds":	0.99802100658416748,
					"bytes":	8912896,
					"bits_per_second":	71444556.3065277,
					"retransmits":	0,
					"snd_cwnd":	3835752,
					"snd_wnd":	122486784,
					"rtt":	909064,
					"rttvar":	3128,
					"pmtu":	1500,
					"omitted":	false,
					"sender":	true
				}],
			"sum":	{
				"start":	6.004022,
				"end":	7.002043,
				"seconds":	0.99802100658416748,
				"bytes":	8912896,
				"bits_per_second":	71444556.3065277,
				"retransmits":	0,
				"omitted":	false,
				"sender":	true
			}
		}, {
			"streams":	[{
					"socket":	8,
					"start":	7.002043,
					"end":	8.00104,
					"seconds":	0.99899697303771973,
					"bytes":	0,
					"bits_per_second":	0,
					"retransmits":	6,
					"snd_cwnd":	3554840,
					"snd_wnd":	122486784,
					"rtt":	812908,
					"rttvar":	937,
					"pmtu":	1500,
					"omitted":	false,
					"sender":	true
				}],
			"sum":	{
				"start":	7.002043,
				"end":	8.00104,
				"seconds":	0.99899697303771973,
				"bytes":	0,
				"bits_per_second":	0,
				"retransmits":	6,
				"omitted":	false,
				"sender":	true
			}
		}, {
			"streams":	[{
					"socket":	8,
					"start":	8.00104,
					"end":	9.00087,
					"seconds":	0.99983000755310059,
					"bytes":	0,
					"bits_per_second":	0,
					"retransmits":	67,
					"snd_cwnd":	2761336,
					"snd_wnd":	122486784,
					"rtt":	785245,
					"rttvar":	915,
					"pmtu":	1500,
					"omitted":	false,
					"sender":	true
				}],
			"sum":	{
				"start":	8.00104,
				"end":	9.00087,
				"seconds":	0.99983000755310059,
				"bytes":	0,
				"bits_per_second":	0,
				"retransmits":	67,
				"omitted":	false,
				"sender":	true
			}
		}, {
			"streams":	[{
					"socket":	8,
					"start":	9.00087,
					"end":	10.001054,
					"seconds":	1.0001840591430664,
					"bytes":	8650752,
					"bits_per_second":	69193280.3441139,
					"retransmits":	0,
					"snd_cwnd":	2128560,
					"snd_wnd":	122740736,
					"rtt":	825984,
					"rttvar":	1213,
					"pmtu":	1500,
					"omitted":	false,
					"sender":	true
				}],
			"sum":	{
				"start":	9.00087,
				"end":	10.001054,
				"seconds":	1.0001840591430664,
				"bytes":	8650752,
				"bits_per_second":	69193280.3441139,
				"retransmits":	0,
				"omitted":	false,
				"sender":	true
			}
		}],
	"end":	{
		"streams":	[{
				"sender":	{
					"socket":	8,
					"start":	0,
					"end":	10.001404,
					"seconds":	10.001404,
					"bytes":	107479040,
					"bits_per_second":	85971161.6489045,
					"retransmits":	590,
					"max_snd_cwnd":	101387512,
					"max_snd_wnd":	122740736,
					"max_rtt":	909064,
					"min_rtt":	334062,
					"mean_rtt":	700300,
					"sender":	true
				},
				"receiver":	{
					"socket":	8,
					"start":	0,
					"end":	10.314672,
					"seconds":	10.001404,
					"bytes":	88080384,
					"bits_per_second":	68314636.859029546,
					"sender":	true
				}
			}],
		"sum_sent":	{
			"start":	0,
			"end":	10.001404,
			"seconds":	10.001404,
			"bytes":	107479040,
			"bits_per_second":	85971161.6489045,
			"retransmits":	590,
			"sender":	true
		},
		"sum_received":	{
			"start":	0,
			"end":	10.314672,
			"seconds":	10.314672,
			"bytes":	88080384,
			"bits_per_second":	68314636.859029546,
			"sender":	true
		},
		"cpu_utilization_percent":	{
			"host_total":	7.2992161967122,
			"host_user":	5.89969892520026,
			"host_system":	1.399527009045487,
			"remote_total":	1.1949853640735779,
			"remote_user":	0,