{
	"start":	{
		"connected":	[{
				"socket":	8,
				"local_host":	"172.16.0.50",
				"local_port":	49864,
				"remote_host":	"172.17.0.50",
				"remote_port":	5201
			}],
		"version":	"iperf 3.16",
		"system_info":	"Linux h1 6.12.54-0b264c55b-l4steam-117 #1 SMP PREEMPT_DYNAMIC Fri Nov  7 18:07:57 UTC 2025 x86_64",
		"timestamp":	{
			"time":	"Sun, 22 Feb 2026 01:28:38 GMT",
			"timesecs":	1771723718
		},
		"connecting_to":	{
			"host":	"172.17.0.50",
			"port":	5201
		},
		"cookie":	"intrznmkab4lzbx3vveksy2roab6spesawsp",
		"tcp_mss_default":	1448,
		"target_bitrate":	0,
		"fq_rate":	0,
		"sock_bufsize":	0,
		"sndbuf_actual":	1000000,
		"rcvbuf_actual":	1000000,
		"test_start":	{
			"protocol":	"TCP",
			"num_streams":	1,
			"blksize":	131072,
			"omit":	0,
			"duration":	0,
			"bytes":	107374182,
			"blocks":	0,
			"reverse":	0,
			"tos":	0,
			"target_bitrate":	0,
			"bidir":	0,
			"fqrate":	0
		}
	},
	"intervals":	[{
			"streams":	[{
					"socket":	8,
					"start":	0,
					"end":	1.001107,
					"seconds":	1.0011069774627686,
					"bytes":	17432576,
					"bits_per_second":	139306398.95593634,
					"retransmits":	0,
					"snd_cwnd":	144800000,
					"snd_wnd":	2912256,
					"rtt":	567378,
					"rttvar":	16137,
					"pmtu":	1500,
					"omitted":	false,
					"sender":	true
				}],
			"sum":	{
				"start":	0,
				"end":	1.001107,
				"seconds":	1.0011069774627686,
				"bytes":	17432576,
				"bits_per_second":	139306398.95593634,
				"retransmits":	0,
				"omitted":	false,
				"sender":	true
			}
		}, {
			"streams":	[{
					"socket":	8,
					"start":	1.001107,
					"end":	2.001833,
					"seconds":	1.0007259845733643,
					"bytes":	0,
					"bits_per_second":	0,
					"retransmits":	0,
					"snd_cwnd":	144800000,
					"snd_wnd":	12386304,
					"rtt":	651216,
					"rttvar":	219,
					"pmtu":	1500,
					"omitted":	false,
					"sender":	true
				}],
			"sum":	{
				"start":	1.001107,
				"end":	2.001833,
				"seconds":	1.0007259845733643,
				"bytes":	0,
				"bits_per_second":	0,
				"retransmits":	0,
				"omitted":	false,
				"sender":	true
			}
		}, {
			"streams":	[{
					"socket":	8,
					"start":	2.001833,
					"end":	3.000229,
					"seconds":	0.99839597940444946,
					"bytes":	16252928,
					"bits_per_second":	130232319.32239944,
					"retransmits":	0,
					"snd_cwnd":	144800000,
					"snd_wnd":	50446336,
					"rtt":	529799,
					"rttvar":	259,
					"pmtu":	1500,
					"omitted":	false,
					"sender":	true
				}],
			"sum":	{
				"start":	2.001833,
				"end":	3.000229,
				"seconds":	0.99839597940444946,
				"bytes":	16252928,
				"bits_per_second":	130232319.32239944,
				"retransmits":	0,
				"omitted":	false,
				"sender":	true
			}
		}, {
			"streams":	[{
					"socket":	8,
					"start":	3.000229,
					"end":	4.000344,
					"seconds":	1.0001150369644165,
					"bytes":	13631488,
					"bits_per_second":	109039360.44297272,
					"retransmits":	0,
					"snd_cwnd":	144800000,
					"snd_wnd":	77467648,
					"rtt":	657701,
					"rttvar":	1710,
					"pmtu":	1500,
					"omitted":	false,
					"sender":	true
				}],
			"sum":	{
				"start":	3.000229,
				"end":	4.000344,
				"seconds":	1.0001150369644165,
				"bytes":	13631488,
				"bits_per_second":	109039360.44297272,
				"retransmits":	0,
				"omitted":	false,
				"sender":	true
			}
		}, {
			"streams":	[{
					"socket":	8,
					"start":	4.000344,
					"end":	5.024451,
					"seconds":	1.0241069793701172,
					"bytes":	12189696,
					"bits_per_second":	95222051.957871363,
					"retransmits":	0,
					"snd_cwnd":	144800000,
					"snd_wnd":	101990400,
					"rtt":	732561,
					"rttvar":	564,
					"pmtu":	1500,
					"omitted":	false,
					"sender":	true
				}],
			"sum":	{
				"start":	4.000344,
				"end":	5.024451,
				"seconds":	1.0241069793701172,
				"bytes":	12189696,
				"bits_per_second":	95222051.957871363,
				"retransmits":	0,
				"omitted":	false,
				"sender":	true
			}
		}, {
			"streams":	[{
					"socket":	8,
					"start":	5.024451,
					"end":	6.00058,
					"seconds":	0.97612899541854858,
					"bytes":	7340032,
					"bits_per_second":	60156246.024452627,
					"retransmits":	0,
					"snd_cwnd":	144800000,
					"snd_wnd":	106840064,
					"rtt":	887757,
					"rttvar":	1057,
					"pmtu":	1500,
					"omitted":	false,
					"sender":	true
				}],
			"sum":	{
				"start":	5.024451,
				"end":	6.00058,
				"seconds":	0.97612899541854858,
				"bytes":	7340032,
				"bits_per_second":	60156246.024452627,
				"retransmits":	0,
				"omitted":	false,
				"sender":	true
			}
		}, {
			"streams":	[{
					"socket":	8,
					"start":	6.00058,
					"end":	7.000201,
					"seconds":	0.99962097406387329,
					"bytes":	8257536,
					"bits_per_second":	66085336.056363,
					"retransmits":	0,
					"snd_cwnd":	144800000,
					"snd_wnd":	106860544,
					"rtt":	845250,
					"rttvar":	367,
					"pmtu":	1500,
					"omitted":	false,
					"sender":	true
				}],
			"sum":	{
				"start":	6.00058,
				"end":	7.000201,
				"seconds":	0.99962097406387329,
				"bytes":	8257536,
				"bits_per_second":	66085336.056363,
				"retransmits":	0,
				"omitted":	false,
				"sender":	true
			}
		}, {
			"streams":	[{
					"socket":	8,
					"start":	7.000201,
					"end":	8.001042,
					"seconds":	1.0008410215377808,
					"bytes":	8781824,
					"bits_per_second":	70195556.025526032,
					"retransmits":	0,
					"snd_cwnd":	144800000,
					"snd_wnd":	106835968,
					"rtt":	808703,
					"rttvar":	374,
					"pmtu":	1500,
					"omitted":	false,
					"sender":	true
				}],
			"sum":	{
				"start":	7.000201,
				"end":	8.001042,
				"seconds":	1.0008410215377808,
				"bytes":	8781824,
				"bits_per_second":	70195556.025526032,
				"retransmits":	0,
				"omitted":	false,
				"sender":	true
			}
		}, {
			"streams":	[{
					"socket":	8,
					"start":	8.001042,
					"end":	9.001607,
					"seconds":	1.0005650520324707,
					"bytes":	23592960,
					"bits_per_second":	188637090.22876689,
					"retransmits":	25,
					"snd_cwnd":	20134440,
					"snd_wnd":	106868736,
					"rtt":	776286,
					"rttvar":	4001,
					"pmtu":	1500,
					"omitted":	false,
					"sender":	true
				}],
			"sum":	{
				"start":	8.001042,
				"end":	9.001607,
				"seconds":	1.0005650520324707,
				"bytes":	23592960,
				"bits_per_second":	188637090.22876689,
				"retransmits":	25,
				"omitted":	false,
				"sender":	true
			}
		}],
	"end":	{
		"streams":	[{
				"sender":	{
					"socket":	8,
					"start":	0,
					"end":	9.002065,
					"seconds":	9.002065,
					"bytes":	107479040,
					"bits_per_second":	95515009.05625543,
					"retransmits":	25,
					"max_snd_cwnd":	144800000,
					"max_snd_wnd":	106868736,
					"max_rtt":	887757,
					"min_rtt":	529799,
					"mean_rtt":	723293,
					"sender":	true
				},
				"receiver":	{
					"socket":	8,
					"start":	0,
					"end":	9.501472,
					"seconds":	9.002065,
					"bytes":	107347968,
					"bits_per_second":	90384284.0351474,
					"sender":	true
				}
			}],
		"sum_sent":	{
			"start":	0,
			"end":	9.002065,
			"seconds":	9.002065,
			"bytes":	107479040,
			"bits_per_second":	95515009.05625543,
			"retransmits":	25,
			"sender":	true
		},
		"sum_received":	{
			"start":	0,
			"end":	9.501472,
			"seconds":	9.501472,
			"bytes":	107347968,
			"bits_per_second":	90384284.0351474,
			"sender":	true
		},
		"cpu_utilization_percent":	{
			"host_total":	3.533967449370746,
			"host_user":	1.582513229332027,
			"host_system":	1.95146454295396,
			"remote_total":	1.096049261331566,
			"remote_user":	0,
			"remote_system":	1.096049261331566
		},
		"sender_tcp_congestion":	"cubic",
		"receiver_tcp_congestion":	"cubic"
	}
}
