{
	"start":	{
		"connected":	[{
				"socket":	8,
				"local_host":	"172.16.0.84",
				"local_port":	43374,
				"remote_host":	"172.17.0.84",
				"remote_port":	5201
			}],
		"version":	"iperf 3.16",
		"system_info":	"Linux h1 6.12.54-0b264c55b-l4steam-117 #1 SMP PREEMPT_DYNAMIC Fri Nov  7 18:07:57 UTC 2025 x86_64",
		"timestamp":	{
			"time":	"Sun, 22 Feb 2026 01:28:39 GMT",
			"timesecs":	1771723719
		},
		"connecting_to":	{
			"host":	"172.17.0.84",
			"port":	5201
		},
		"cookie":	"l6czwsmlxkva6f3ipnczi3kbuiu2ikaynai7",
		"tcp_mss_default":	1448,
		"target_bitrate":	0,
		"fq_rate":	0,
		"sock_bufsize":	0,
		"sndbuf_actual":	1000000,
		"rcvbuf_actual":	1000000,
		"test_start":	{
			"protocol":	"TCP",
			"num_streams":	1,
			"blksize":	131072,
			"omit":	0,
			"duration":	0,
			"bytes":	107374182,
			"blocks":	0,
			"reverse":	0,
			"tos":	0,
			"target_bitrate":	0,
			"bidir":	0,
			"fqrate":	0
		}
	},
	"intervals":	[{
			"streams":	[{
					"socket":	8,
					"start":	0,
					"end":	1.001042,
					"seconds":	1.0010420083999634,
					"bytes":	17563648,
					"bits_per_second":	140362924.65346766,
					"retransmits":	0,
					"snd_cwnd":	144800000,
					"snd_wnd":	1167360,
					"rtt":	584022,
					"rttvar":	77426,
					"pmtu":	1500,
					"omitted":	false,
					"sender":	true
				}],
			"sum":	{
				"start":	0,
				"end":	1.001042,
				"seconds":	1.0010420083999634,
				"bytes":	17563648,
				"bits_per_second":	140362924.65346766,
				"retransmits":	0,
				"omitted":	false,
				"sender":	true
			}
		}, {
			"streams":	[{
					"socket":	8,
					"start":	1.001042,
					"end":	2.001907,
					"seconds":	1.0008649826049805,
					"bytes":	0,
					"bits_per_second":	0,
					"retransmits":	0,
					"snd_cwnd":	144800000,
					"snd_wnd":	9830400,
					"rtt":	561547,
					"rttvar":	218,
					"pmtu":	1500,
					"omitted":	false,
					"sender":	true
				}],
			"sum":	{
				"start":	1.001042,
				"end":	2.001907,
				"seconds":	1.0008649826049805,
				"bytes":	0,
				"bits_per_second":	0,
				"retransmits":	0,
				"omitted":	false,
				"sender":	true
			}
		}, {
			"streams":	[{
					"socket":	8,
					"start":	2.001907,
					"end":	3.000246,
					"seconds":	0.99833899736404419,
					"bytes":	0,
					"bits_per_second":	0,
					"retransmits":	98,
					"snd_cwnd":	9629200,
					"snd_wnd":	30859264,
					"rtt":	612090,
					"rttvar":	1480,
					"pmtu":	1500,
					"omitted":	false,
					"sender":	true
				}],
			"sum":	{
				"start":	2.001907,
				"end":	3.000246,
				"seconds":	0.99833899736404419,
				"bytes":	0,
				"bits_per_second":	0,
				"retransmits":	98,
				"omitted":	false,
				"sender":	true
			}
		}, {
			"streams":	[{
					"socket":	8,
					"start":	3.000246,
					"end":	4.003042,
					"seconds":	1.0027960538864136,
					"bytes":	8781824,
					"bits_per_second":	70058704.0881572,
					"retransmits":	485,
					"snd_cwnd":	6465320,
					"snd_wnd":	47239168,
					"rtt":	654243,
					"rttvar":	197,
					"pmtu":	1500,
					"omitted":	false,
					"sender":	true
				}],
			"sum":	{
				"start":	3.000246,
				"end":	4.003042,
				"seconds":	1.0027960538864136,
				"bytes":	8781824,
				"bits_per_second":	70058704.0881572,
				"retransmits":	485,
				"omitted":	false,
				"sender":	true
			}
		}, {
			"streams":	[{
					"socket":	8,
					"start":	4.003042,
					"end":	5.000353,
					"seconds":	0.997310996055603,
					"bytes":	8781824,
					"bits_per_second":	70444016.237521857,
					"retransmits":	0,
					"snd_cwnd":	70989648,
					"snd_wnd":	48631808,
					"rtt":	770797,
					"rttvar":	357,
					"pmtu":	1500,
					"omitted":	false,
					"sender":	true
				}],
			"sum":	{
				"start":	4.003042,
				"end":	5.000353,
				"seconds":	0.997310996055603,
				"bytes":	8781824,
				"bits_per_second":	70444016.237521857,
				"retransmits":	0,
				"omitted":	false,
				"sender":	true
			}
		}, {
			"streams":	[{
					"socket":	8,
					"start":	5.000353,
					"end":	6.004405,
					"seconds":	1.0040520429611206,
					"bytes":	5898240,
					"bits_per_second":	46995492.246438421,
					"retransmits":	0,
					"snd_cwnd":	70989648,
					"snd_wnd":	66207744,
					"rtt":	900859,
					"rttvar":	273,
					"pmtu":	1500,
					"omitted":	false,
					"sender":	true
				}],
			"sum":	{
				"start":	5.000353,
				"end":	6.004405,
				"seconds":	1.0040520429611206,
				"bytes":	5898240,
				"bits_per_second":	46995492.246438421,
				"retransmits":	0,
				"omitted":	false,
				"sender":	true
			}
		}, {
			"streams":	[{
					"socket":	8,
					"start":	6.004405,
					"end":	7.000626,
					"seconds":	0.99622100591659546,
					"bytes":	8781824,
					"bits_per_second":	70521090.7848311,
					"retransmits":	0,
					"snd_cwnd":	70989648,
					"snd_wnd":	77488128,
					"rtt":	759117,
					"rttvar":	936,
					"pmtu":	1500,
					"omitted":	false,
					"sender":	true
				}],
			"sum":	{
				"start":	6.004405,
				"end":	7.000626,
				"seconds":	0.99622100591659546,
				"bytes":	8781824,
				"bits_per_second":	70521090.7848311,
				"retransmits":	0,
				"omitted":	false,
				"sender":	true
			}
		}, {
			"streams":	[{
					"socket":	8,
					"start":	7.000626,
					"end":	8.00026,
					"seconds":	0.999634027481079,
					"bytes":	57671680,
					"bits_per_second":	461542351.81708318,
					"retransmits":	0,
					"snd_cwnd":	70989648,
					"snd_wnd":	102973440,
					"rtt":	778821,
					"rttvar":	349,
					"pmtu":	1500,
					"omitted":	false,
					"sender":	true
				}],
			"sum":	{
				"start":	7.000626,
				"end":	8.00026,
				"seconds":	0.999634027481079,
				"bytes":	57671680,
				"bits_per_second":	461542351.81708318,
				"retransmits":	0,
				"omitted":	false,
				"sender":	true
			}
		}],
	"end":	{
		"streams":	[{
				"sender":	{
					"socket":	8,
					"start":	0,
					"end":	8.000861,
					"seconds":	8.000861,
					"bytes":	107479040,
					"bits_per_second":	107467473.81313086,
					"retransmits":	583,
					"max_snd_cwnd":	144800000,
					"max_snd_wnd":	102973440,
					"max_rtt":	900859,
					"min_rtt":	561547,
					"mean_rtt":	711146,
					"sender":	true
				},
				"receiver":	{
					"socket":	8,
					"start":	0,
					"end":	8.754957,
					"seconds":	8.000861,
					"bytes":	68157440,
					"bits_per_second":	62280091.152932,
					"sender":	true
				}
			}],
		"sum_sent":	{
			"start":	0,
			"end":	8.000861,
			"seconds":	8.000861,
			"bytes":	107479040,
			"bits_per_second":	107467473.81313086,
			"retransmits":	583,
			"sender":	true
		},
		"sum_received":	{
			"start":	0,
			"end":	8.754957,
			"seconds":	8.754957,
			"bytes":	68157440,
			"bits_per_second":	62280091.152932,
			"sender":	true
		},
		"cpu_utilization_percent":	{
			"host_total":	1.9115880865580179,
			"host_user":	0.93823854268589268,
			"host_system":	0.97333867695749,
			"remote_total":	0.57969074403430354,
			"remote_user":	0.009297530454837704,
			"remote_system":	0.57040463560705168
		},
		"sender_tcp_congestion":	"cubic",
		"receiver_tcp_congestion":	"cubic"
	}
}
