{
	"start":	{
		"connected":	[{
				"socket":	8,
				"local_host":	"172.16.0.15",
				"local_port":	36052,
				"remote_host":	"172.17.0.15",
				"remote_port":	5201
			}],
		"version":	"iperf 3.16",
		"system_info":	"Linux h1 6.12.54-0b264c55b-l4steam-117 #1 SMP PREEMPT_DYNAMIC Fri Nov  7 18:07:57 UTC 2025 x86_64",
		"timestamp":	{
			"time":	"Sun, 22 Feb 2026 02:12:12 GMT",
			"timesecs":	1771726332
		},
		"connecting_to":	{
			"host":	"172.17.0.15",
			"port":	5201
		},
		"cookie":	"dnzysairk644ibxruh66yeqkczwzctcdw4tv",
		"tcp_mss_default":	1448,
		"target_bitrate":	0,
		"fq_rate":	0,
		"sock_bufsize":	0,
		"sndbuf_actual":	1000000,
		"rcvbuf_actual":	1000000,
		"test_start":	{
			"protocol":	"TCP",
			"num_streams":	1,
			"blksize":	131072,
			"omit":	0,
			"duration":	0,
			"bytes":	107374182,
			"blocks":	0,
			"reverse":	0,
			"tos":	0,
			"target_bitrate":	0,
			"bidir":	0,
			"fqrate":	0
		}
	},
	"intervals":	[{
			"streams":	[{
					"socket":	8,
					"start":	0,
					"end":	1.000383,
					"seconds":	1.0003830194473267,
					"bytes":	107479040,
					"bits_per_second":	859503113.59245622,
					"retransmits":	2414,
					"snd_cwnd":	1613072,
					"snd_wnd":	43843584,
					"rtt":	93177,
					"rttvar":	2561,
					"pmtu":	1500,
					"omitted":	false,
					"sender":	true
				}],
			"sum":	{
				"start":	0,
				"end":	1.000383,
				"seconds":	1.0003830194473267,
				"bytes":	107479040,
				"bits_per_second":	859503113.59245622,
				"retransmits":	2414,
				"omitted":	false,
				"sender":	true
			}
		}],
	"end":	{
		"streams":	[{
				"sender":	{
					"socket":	8,
					"start":	0,
					"end":	1.000621,
					"seconds":	1.000621,
					"bytes":	107479040,
					"bits_per_second":	859298695.51008821,
					"retransmits":	2414,
					"max_snd_cwnd":	1613072,
					"max_snd_wnd":	43843584,
					"max_rtt":	93177,
					"min_rtt":	93177,
					"mean_rtt":	93177,
					"sender":	true
				},
				"receiver":	{
					"socket":	8,
					"start":	0,
					"end":	1.074025,
					"seconds":	1.000621,
					"bytes":	22282240,
					"bits_per_second":	165971853.54158422,
					"sender":	true
				}
			}],
		"sum_sent":	{
			"start":	0,
			"end":	1.000621,
			"seconds":	1.000621,
			"bytes":	107479040,
			"bits_per_second":	859298695.51008821,
			"retransmits":	2414,
			"sender":	true
		},
		"sum_received":	{
			"start":	0,
			"end":	1.074025,
			"seconds":	1.074025,
			"bytes":	22282240,
			"bits_per_second":	165971853.54158422,
			"sender":	true
		},
		"cpu_utilization_percent":	{
			"host_total":	54.080317693032157,
			"host_user":	44.5963360281466,
			"host_system":	9.48390137449126,
			"remote_total":	1.773003753073638,
			"remote_user":	0,
			"remote_system":	1.7729106477985721
		},
		"sender_tcp_congestion":	"cubic",
		"receiver_tcp_congestion":	"cubic"
	}
}
