{
	"start":	{
		"connected":	[{
				"socket":	8,
				"local_host":	"172.16.0.40",
				"local_port":	60448,
				"remote_host":	"172.17.0.40",
				"remote_port":	5201
			}],
		"version":	"iperf 3.16",
		"system_info":	"Linux h1 6.12.54-0b264c55b-l4steam-117 #1 SMP PREEMPT_DYNAMIC Fri Nov  7 18:07:57 UTC 2025 x86_64",
		"timestamp":	{
			"time":	"Sun, 22 Feb 2026 02:12:12 GMT",
			"timesecs":	1771726332
		},
		"connecting_to":	{
			"host":	"172.17.0.40",
			"port":	5201
		},
		"cookie":	"7sfkaqrsxaloqjg436bkcc4qmdtnxx3snm2o",
		"tcp_mss_default":	1448,
		"target_bitrate":	0,
		"fq_rate":	0,
		"sock_bufsize":	0,
		"sndbuf_actual":	1000000,
		"rcvbuf_actual":	1000000,
		"test_start":	{
			"protocol":	"TCP",
			"num_streams":	1,
			"blksize":	131072,
			"omit":	0,
			"duration":	0,
			"bytes":	107374182,
			"blocks":	0,
			"reverse":	0,
			"tos":	0,
			"target_bitrate":	0,
			"bidir":	0,
			"fqrate":	0
		}
	},
	"intervals":	[{
			"streams":	[{
					"socket":	8,
					"start":	0,
					"end":	1.00105,
					"seconds":	1.0010499954223633,
					"bytes":	38666240,
					"bits_per_second":	309005465.67555541,
					"retransmits":	3095,
					"snd_cwnd":	7754040,
					"snd_wnd":	32768000,
					"rtt":	124747,
					"rttvar":	5257,
					"pmtu":	1500,
					"omitted":	false,
					"sender":	true
				}],
			"sum":	{
				"start":	0,
				"end":	1.00105,
				"seconds":	1.0010499954223633,
				"bytes":	38666240,
				"bits_per_second":	309005465.67555541,
				"retransmits":	3095,
				"omitted":	false,
				"sender":	true
			}
		}, {
			"streams":	[{
					"socket":	8,
					"start":	1.00105,
					"end":	2.001063,
					"seconds":	1.000012993812561,
					"bytes":	5111808,
					"bits_per_second":	40893932.6319045,
					"retransmits":	6609,
					"snd_cwnd":	2105392,
					"snd_wnd":	59281408,
					"rtt":	93308,
					"rttvar":	1670,
					"pmtu":	1500,
					"omitted":	false,
					"sender":	true
				}],
			"sum":	{
				"start":	1.00105,
				"end":	2.001063,
				"seconds":	1.000012993812561,
				"bytes":	5111808,
				"bits_per_second":	40893932.6319045,
				"retransmits":	6609,
				"omitted":	false,
				"sender":	true
			}
		}, {
			"streams":	[{
					"socket":	8,
					"start":	2.001063,
					"end":	3.001065,
					"seconds":	1.0000020265579224,
					"bytes":	3014656,
					"bits_per_second":	24117199.125099048,
					"retransmits":	4421,
					"snd_cwnd":	1269896,
					"snd_wnd":	70979584,
					"rtt":	116967,
					"rttvar":	2591,
					"pmtu":	1500,
					"omitted":	false,
					"sender":	true
				}],
			"sum":	{
				"start":	2.001063,
				"end":	3.001065,
				"seconds":	1.0000020265579224,
				"bytes":	3014656,
				"bits_per_second":	24117199.125099048,
				"retransmits":	4421,
				"omitted":	false,
				"sender":	true
			}
		}, {
			"streams":	[{
					"socket":	8,
					"start":	3.001065,
					"end":	4.001034,
					"seconds":	0.9999690055847168,
					"bytes":	12189696,
					"bits_per_second":	97520590.593683526,
					"retransmits":	775,
					"snd_cwnd":	693592,
					"snd_wnd":	71970816,
					"rtt":	65980,
					"rttvar":	132,
					"pmtu":	1500,
					"omitted":	false,
					"sender":	true
				}],
			"sum":	{
				"start":	3.001065,
				"end":	4.001034,
				"seconds":	0.9999690055847168,
				"bytes":	12189696,
				"bits_per_second":	97520590.593683526,
				"retransmits":	775,
				"omitted":	false,
				"sender":	true
			}
		}, {
			"streams":	[{
					"socket":	8,
					"start":	4.001034,
					"end":	5.001065,
					"seconds":	1.0000309944152832,
					"bytes":	12058624,
					"bits_per_second":	96466002.092670426,
					"retransmits":	0,
					"snd_cwnd":	752960,
					"snd_wnd":	71970816,
					"rtt":	69670,
					"rttvar":	222,
					"pmtu":	1500,
					"omitted":	false,
					"sender":	true
				}],
			"sum":	{
				"start":	4.001034,
				"end":	5.001065,
				"seconds":	1.0000309944152832,
				"bytes":	12058624,
				"bits_per_second":	96466002.092670426,
				"retransmits":	0,
				"omitted":	false,
				"sender":	true
			}
		}, {
			"streams":	[{
					"socket":	8,
					"start":	5.001065,
					"end":	6.001046,
					"seconds":	0.99998098611831665,
					"bytes":	11796480,
					"bits_per_second":	94373634.4091187,
					"retransmits":	0,
					"snd_cwnd":	799296,
					"snd_wnd":	71958528,
					"rtt":	61060,
					"rttvar":	75,
					"pmtu":	1500,
					"omitted":	false,
					"sender":	true
				}],
			"sum":	{
				"start":	5.001065,
				"end":	6.001046,
				"seconds":	0.99998098611831665,
				"bytes":	11796480,
				"bits_per_second":	94373634.4091187,
				"retransmits":	0,
				"omitted":	false,
				"sender":	true
			}
		}, {
			"streams":	[{
					"socket":	8,
					"start":	6.001046,
					"end":	7.001035,
					"seconds":	0.99998897314071655,
					"bytes":	11927552,
					"bits_per_second":	95421468.199102446,
					"retransmits":	0,
					"snd_cwnd":	825360,
					"snd_wnd":	71958528,
					"rtt":	61044,
					"rttvar":	62,
					"pmtu":	1500,
					"omitted":	false,
					"sender":	true
				}],
			"sum":	{
				"start":	6.001046,
				"end":	7.001035,
				"seconds":	0.99998897314071655,
				"bytes":	11927552,
				"bits_per_second":	95421468.199102446,
				"retransmits":	0,
				"omitted":	false,
				"sender":	true
			}
		}, {
			"streams":	[{
					"socket":	8,
					"start":	7.001035,
					"end":	8.001023,
					"seconds":	0.9999880194664,
					"bytes":	12320768,
					"bits_per_second":	98567324.8891477,
					"retransmits":	0,
					"snd_cwnd":	836944,
					"snd_wnd":	71966720,
					"rtt":	60983,
					"rttvar":	49,
					"pmtu":	1500,
					"omitted":	false,
					"sender":	true
				}],
			"sum":	{
				"start":	7.001035,
				"end":	8.001023,
				"seconds":	0.9999880194664,
				"bytes":	12320768,
				"bits_per_second":	98567324.8891477,
				"retransmits":	0,
				"omitted":	false,
				"sender":	true
			}
		}, {
			"streams":	[{
					"socket":	8,
					"start":	8.001023,
					"end":	9.001035,
					"seconds":	1.0000120401382446,
					"bytes":	393216,
					"bits_per_second":	3145690.1254560146,
					"retransmits":	0,
					"snd_cwnd":	839840,
					"snd_wnd":	71970816,
					"rtt":	60955,
					"rttvar":	50,
					"pmtu":	1500,
					"omitted":	false,
					"sender":	true
				}],
			"sum":	{
				"start":	8.001023,
				"end":	9.001035,
				"seconds":	1.0000120401382446,
				"bytes":	393216,
				"bits_per_second":	3145690.1254560146,
				"retransmits":	0,
				"omitted":	false,
				"sender":	true
			}
		}],
	"end":	{
		"streams":	[{
				"sender":	{
					"socket":	8,
					"start":	0,
					"end":	9.004086,
					"seconds":	9.004086,
					"bytes":	107479040,
					"bits_per_second":	95493570.3634994,
					"retransmits":	14900,
					"max_snd_cwnd":	7754040,
					"max_snd_wnd":	71970816,
					"max_rtt":	124747,
					"min_rtt":	60955,
					"mean_rtt":	77566,
					"sender":	true
				},
				"receiver":	{
					"socket":	8,
					"start":	0,
					"end":	9.092936,
					"seconds":	9.004086,
					"bytes":	107479040,
					"bits_per_second":	94560471.9971635,
					"sender":	true
				}
			}],
		"sum_sent":	{
			"start":	0,
			"end":	9.004086,
			"seconds":	9.004086,
			"bytes":	107479040,
			"bits_per_second":	95493570.3634994,
			"retransmits":	14900,
			"sender":	true
		},
		"sum_received":	{
			"start":	0,
			"end":	9.092936,
			"seconds":	9.092936,
			"bytes":	107479040,
			"bits_per_second":	94560471.9971635,
			"sender":	true
		},
		"cpu_utilization_percent":	{
			"host_total":	10.708664197515448,
			"host_user":	4.4135342441333618,
			"host_system":	6.2951299533820864,
			"remote_total":	2.6319956960053,
			"remote_user":	0,
			"remote_system":	2.6320066935387731
		},
		"sender_tcp_congestion":	"cubic",
		"receiver_tcp_congestion":	"cubic"
	}
}
