{
	"start":	{
		"connected":	[{
				"socket":	8,
				"local_host":	"172.16.0.111",
				"local_port":	37506,
				"remote_host":	"172.17.0.111",
				"remote_port":	5201
			}],
		"version":	"iperf 3.16",
		"system_info":	"Linux h1 6.12.54-0b264c55b-l4steam-117 #1 SMP PREEMPT_DYNAMIC Fri Nov  7 18:07:57 UTC 2025 x86_64",
		"timestamp":	{
			"time":	"Sun, 22 Feb 2026 02:12:42 GMT",
			"timesecs":	1771726362
		},
		"connecting_to":	{
			"host":	"172.17.0.111",
			"port":	5201
		},
		"cookie":	"vnml26dwgjho2x2qalysemfzsymkbamfbor7",
		"tcp_mss_default":	1448,
		"target_bitrate":	0,
		"fq_rate":	0,
		"sock_bufsize":	0,
		"sndbuf_actual":	1000000,
		"rcvbuf_actual":	1000000,
		"test_start":	{
			"protocol":	"TCP",
			"num_streams":	1,
			"blksize":	131072,
			"omit":	0,
			"duration":	0,
			"bytes":	107374182,
			"blocks":	0,
			"reverse":	0,
			"tos":	0,
			"target_bitrate":	0,
			"bidir":	0,
			"fqrate":	0
		}
	},
	"intervals":	[{
			"streams":	[{
					"socket":	8,
					"start":	0,
					"end":	1.001039,
					"seconds":	1.0010390281677246,
					"bytes":	19267584,
					"bits_per_second":	153980681.73439252,
					"retransmits":	1233,
					"snd_cwnd":	1125096,
					"snd_wnd":	22605824,
					"rtt":	81677,
					"rttvar":	331,
					"pmtu":	1500,
					"omitted":	false,
					"sender":	true
				}],
			"sum":	{
				"start":	0,
				"end":	1.001039,
				"seconds":	1.0010390281677246,
				"bytes":	19267584,
				"bits_per_second":	153980681.73439252,
				"retransmits":	1233,
				"omitted":	false,
				"sender":	true
			}
		}, {
			"streams":	[{
					"socket":	8,
					"start":	1.001039,
					"end":	2.001101,
					"seconds":	1.0000619888305664,
					"bytes":	9830400,
					"bits_per_second":	78638325.3021768,
					"retransmits":	0,
					"snd_cwnd":	664632,
					"snd_wnd":	35663872,
					"rtt":	65673,
					"rttvar":	178,
					"pmtu":	1500,
					"omitted":	false,
					"sender":	true
				}],
			"sum":	{
				"start":	1.001039,
				"end":	2.001101,
				"seconds":	1.0000619888305664,
				"bytes":	9830400,
				"bits_per_second":	78638325.3021768,
				"retransmits":	0,
				"omitted":	false,
				"sender":	true
			}
		}, {
			"streams":	[{
					"socket":	8,
					"start":	2.001101,
					"end":	3.001041,
					"seconds":	0.99993997812271118,
					"bytes":	9830400,
					"bits_per_second":	78647920.595839024,
					"retransmits":	0,
					"snd_cwnd":	706624,
					"snd_wnd":	35663872,
					"rtt":	64958,
					"rttvar":	262,
					"pmtu":	1500,
					"omitted":	false,
					"sender":	true
				}],
			"sum":	{
				"start":	2.001101,
				"end":	3.001041,
				"seconds":	0.99993997812271118,
				"bytes":	9830400,
				"bits_per_second":	78647920.595839024,
				"retransmits":	0,
				"omitted":	false,
				"sender":	true
			}
		}, {
			"streams":	[{
					"socket":	8,
					"start":	3.001041,
					"end":	4.001064,
					"seconds":	1.0000230073928833,
					"bytes":	9961472,
					"bits_per_second":	79689942.5421831,
					"retransmits":	0,
					"snd_cwnd":	729792,
					"snd_wnd":	35663872,
					"rtt":	66386,
					"rttvar":	273,
					"pmtu":	1500,
					"omitted":	false,
					"sender":	true
				}],
			"sum":	{
				"start":	3.001041,
				"end":	4.001064,
				"seconds":	1.0000230073928833,
				"bytes":	9961472,
				"bits_per_second":	79689942.5421831,
				"retransmits":	0,
				"omitted":	false,
				"sender":	true
			}
		}, {
			"streams":	[{
					"socket":	8,
					"start":	4.001064,
					"end":	5.001555,
					"seconds":	1.00049102306366,
					"bytes":	9961472,
					"bits_per_second":	79652664.7045481,
					"retransmits":	0,
					"snd_cwnd":	742824,
					"snd_wnd":	35651584,
					"rtt":	64845,
					"rttvar":	196,
					"pmtu":	1500,
					"omitted":	false,
					"sender":	true
				}],
			"sum":	{
				"start":	4.001064,
				"end":	5.001555,
				"seconds":	1.00049102306366,
				"bytes":	9961472,
				"bits_per_second":	79652664.7045481,
				"retransmits":	0,
				"omitted":	false,
				"sender":	true
			}
		}, {
			"streams":	[{
					"socket":	8,
					"start":	5.001555,
					"end":	6.002597,
					"seconds":	1.0010420083999634,
					"bytes":	12976128,
					"bits_per_second":	103700966.72159179,
					"retransmits":	0,
					"snd_cwnd":	748616,
					"snd_wnd":	35663872,
					"rtt":	64731,
					"rttvar":	145,
					"pmtu":	1500,
					"omitted":	false,
					"sender":	true
				}],
			"sum":	{
				"start":	5.001555,
				"end":	6.002597,
				"seconds":	1.0010420083999634,
				"bytes":	12976128,
				"bits_per_second":	103700966.72159179,
				"retransmits":	0,
				"omitted":	false,
				"sender":	true
			}
		}, {
			"streams":	[{
					"socket":	8,
					"start":	6.002597,
					"end":	7.001372,
					"seconds":	0.99877500534057617,
					"bytes":	9961472,
					"bits_per_second":	79789517.733101055,
					"retransmits":	0,
					"snd_cwnd":	748616,
					"snd_wnd":	35651584,
					"rtt":	64674,
					"rttvar":	97,
					"pmtu":	1500,
					"omitted":	false,
					"sender":	true
				}],
			"sum":	{
				"start":	6.002597,
				"end":	7.001372,
				"seconds":	0.99877500534057617,
				"bytes":	9961472,
				"bits_per_second":	79789517.733101055,
				"retransmits":	0,
				"omitted":	false,
				"sender":	true
			}
		}, {
			"streams":	[{
					"socket":	8,
					"start":	7.001372,
					"end":	8.000786,
					"seconds":	0.999414026737213,
					"bytes":	13107200,
					"bits_per_second":	104919079.77550465,
					"retransmits":	0,
					"snd_cwnd":	748616,
					"snd_wnd":	35659776,
					"rtt":	64570,
					"rttvar":	92,
					"pmtu":	1500,
					"omitted":	false,
					"sender":	true
				}],
			"sum":	{
				"start":	7.001372,
				"end":	8.000786,
				"seconds":	0.999414026737213,
				"bytes":	13107200,
				"bits_per_second":	104919079.77550465,
				"retransmits":	0,
				"omitted":	false,
				"sender":	true
			}
		}, {
			"streams":	[{
					"socket":	8,
					"start":	8.000786,
					"end":	9.003206,
					"seconds":	1.0024199485778809,
					"bytes":	9961472,
					"bits_per_second":	79499391.5604509,
					"retransmits":	0,
					"snd_cwnd":	751512,
					"snd_wnd":	35663872,
					"rtt":	64576,
					"rttvar":	94,
					"pmtu":	1500,
					"omitted":	false,
					"sender":	true
				}],
			"sum":	{
				"start":	8.000786,
				"end":	9.003206,
				"seconds":	1.0024199485778809,
				"bytes":	9961472,
				"bits_per_second":	79499391.5604509,
				"retransmits":	0,
				"omitted":	false,
				"sender":	true
			}
		}, {
			"streams":	[{
					"socket":	8,
					"start":	9.003206,
					"end":	10.001065,
					"seconds":	0.997859001159668,
					"bytes":	2621440,
					"bits_per_second":	21016516.337105561,
					"retransmits":	0,
					"snd_cwnd":	760200,
					"snd_wnd":	35663872,
					"rtt":	64459,
					"rttvar":	71,
					"pmtu":	1500,
					"omitted":	false,
					"sender":	true
				}],
			"sum":	{
				"start":	9.003206,
				"end":	10.001065,
				"seconds":	0.997859001159668,
				"bytes":	2621440,
				"bits_per_second":	21016516.337105561,
				"retransmits":	0,
				"omitted":	false,
				"sender":	true
			}
		}],
	"end":	{
		"streams":	[{
				"sender":	{
					"socket":	8,
					"start":	0,
					"end":	10.001791,
					"seconds":	10.001791,
					"bytes":	107479040,
					"bits_per_second":	85967835.1607227,
					"retransmits":	1233,
					"max_snd_cwnd":	1125096,
					"max_snd_wnd":	35663872,
					"max_rtt":	81677,
					"min_rtt":	64459,
					"mean_rtt":	66455,
					"sender":	true
				},
				"receiver":	{
					"socket":	8,
					"start":	0,
					"end":	10.064865,
					"seconds":	10.001791,
					"bytes":	107479040,
					"bits_per_second":	85429096.167708173,
					"sender":	true
				}
			}],
		"sum_sent":	{
			"start":	0,
			"end":	10.001791,
			"seconds":	10.001791,
			"bytes":	107479040,
			"bits_per_second":	85967835.1607227,
			"retransmits":	1233,
			"sender":	true
		},
		"sum_received":	{
			"start":	0,
			"end":	10.064865,
			"seconds":	10.064865,
			"bytes":	107479040,
			"bits_per_second":	85429096.167708173,
			"sender":	true
		},
		"cpu_utilization_percent":	{
			"host_total":	8.8767880952965257,
			"host_user":	5.4926851842113562,
			"host_system":	3.3841126493706923,