{
	"start":	{
		"connected":	[{
				"socket":	8,
				"local_host":	"172.16.0.128",
				"local_port":	52894,
				"remote_host":	"172.17.0.128",
				"remote_port":	5201
			}],
		"version":	"iperf 3.16",
		"system_info":	"Linux h1 6.12.54-0b264c55b-l4steam-117 #1 SMP PREEMPT_DYNAMIC Fri Nov  7 18:07:57 UTC 2025 x86_64",
		"timestamp":	{
			"time":	"Sun, 22 Feb 2026 02:12:42 GMT",
			"timesecs":	1771726362
		},
		"connecting_to":	{
			"host":	"172.17.0.128",
			"port":	5201
		},
		"cookie":	"qr7pxwmewoqcp4jgtyake43d2vp2e22sshj3",
		"tcp_mss_default":	1448,
		"target_bitrate":	0,
		"fq_rate":	0,
		"sock_bufsize":	0,
		"sndbuf_actual":	1000000,
		"rcvbuf_actual":	1000000,
		"test_start":	{
			"protocol":	"TCP",
			"num_streams":	1,
			"blksize":	131072,
			"omit":	0,
			"duration":	0,
			"bytes":	107374182,
			"blocks":	0,
			"reverse":	0,
			"tos":	0,
			"target_bitrate":	0,
			"bidir":	0,
			"fqrate":	0
		}
	},
	"intervals":	[{
			"streams":	[{
					"socket":	8,
					"start":	0,
					"end":	1.00104,
					"seconds":	1.001039981842041,
					"bytes":	3145728,
					"bits_per_second":	25139679.190127529,
					"retransmits":	0,
					"snd_cwnd":	144800000,
					"snd_wnd":	5816320,
					"rtt":	78282,
					"rttvar":	2462,
					"pmtu":	1500,
					"omitted":	false,
					"sender":	true
				}],
			"sum":	{
				"start":	0,
				"end":	1.00104,
				"seconds":	1.001039981842041,
				"bytes":	3145728,
				"bits_per_second":	25139679.190127529,
				"retransmits":	0,
				"omitted":	false,
				"sender":	true
			}
		}, {
			"streams":	[{
					"socket":	8,
					"start":	1.00104,
					"end":	2.003076,
					"seconds":	1.0020359754562378,
					"bytes":	3276800,
					"bits_per_second":	26161136.568040185,
					"retransmits":	0,
					"snd_cwnd":	144800000,
					"snd_wnd":	12374016,
					"rtt":	69455,
					"rttvar":	2134,
					"pmtu":	1500,
					"omitted":	false,
					"sender":	true
				}],
			"sum":	{
				"start":	1.00104,
				"end":	2.003076,
				"seconds":	1.0020359754562378,
				"bytes":	3276800,
				"bits_per_second":	26161136.568040185,
				"retransmits":	0,
				"omitted":	false,
				"sender":	true
			}
		}, {
			"streams":	[{
					"socket":	8,
					"start":	2.003076,
					"end":	3.001038,
					"seconds":	0.99796199798584,
					"bytes":	101056512,
					"bits_per_second":	810103087.72445977,
					"retransmits":	7515,
					"snd_cwnd":	2148832,
					"snd_wnd":	31195136,
					"rtt":	129848,
					"rttvar":	514,
					"pmtu":	1500,
					"omitted":	false,
					"sender":	true
				}],
			"sum":	{
				"start":	2.003076,
				"end":	3.001038,
				"seconds":	0.99796199798584,
				"bytes":	101056512,
				"bits_per_second":	810103087.72445977,
				"retransmits":	7515,
				"omitted":	false,
				"sender":	true
			}
		}],
	"end":	{
		"streams":	[{
				"sender":	{
					"socket":	8,
					"start":	0,
					"end":	3.00132,
					"seconds":	3.00132,
					"bytes":	107479040,
					"bits_per_second":	286484720.05650842,
					"retransmits":	7515,
					"max_snd_cwnd":	144800000,
					"max_snd_wnd":	31195136,
					"max_rtt":	129848,
					"min_rtt":	69455,
					"mean_rtt":	101858,
					"sender":	true
				},
				"receiver":	{
					"socket":	8,
					"start":	0,
					"end":	3.076711,
					"seconds":	3.00132,
					"bytes":	16777216,
					"bits_per_second":	43623768.368234783,
					"sender":	true
				}
			}],
		"sum_sent":	{
			"start":	0,
			"end":	3.00132,
			"seconds":	3.00132,
			"bytes":	107479040,
			"bits_per_second":	286484720.05650842,
			"retransmits":	7515,
			"sender":	true
		},
		"sum_received":	{
			"start":	0,
			"end":	3.076711,
			"seconds":	3.076711,
			"bytes":	16777216,
			"bits_per_second":	43623768.368234783,
			"sender":	true
		},
		"cpu_utilization_percent":	{
			"host_total":	23.5441916710755,
			"host_user":	19.053586274658,
			"host_system":	4.4906053964175046,
			"remote_total":	0.68962042924955269,
			"remote_user":	0,
			"remote_system":	0.68962042924955269
		},
		"sender_tcp_congestion":	"cubic",
		"receiver_tcp_congestion":	"cubic"
	}
}
