{
	"start":	{
		"connected":	[{
				"socket":	8,
				"local_host":	"172.16.0.26",
				"local_port":	33282,
				"remote_host":	"172.17.0.26",
				"remote_port":	5201
			}],
		"version":	"iperf 3.16",
		"system_info":	"Linux h1 6.12.54-0b264c55b-l4steam-117 #1 SMP PREEMPT_DYNAMIC Fri Nov  7 18:07:57 UTC 2025 x86_64",
		"timestamp":	{
			"time":	"Sun, 22 Feb 2026 02:12:42 GMT",
			"timesecs":	1771726362
		},
		"connecting_to":	{
			"host":	"172.17.0.26",
			"port":	5201
		},
		"cookie":	"5atkjh3hjejw3ew4flfvcixf5pnwrrkh7vvy",
		"tcp_mss_default":	1448,
		"target_bitrate":	0,
		"fq_rate":	0,
		"sock_bufsize":	0,
		"sndbuf_actual":	1000000,
		"rcvbuf_actual":	1000000,
		"test_start":	{
			"protocol":	"TCP",
			"num_streams":	1,
			"blksize":	131072,
			"omit":	0,
			"duration":	0,
			"bytes":	107374182,
			"blocks":	0,
			"reverse":	0,
			"tos":	0,
			"target_bitrate":	0,
			"bidir":	0,
			"fqrate":	0
		}
	},
	"intervals":	[{
			"streams":	[{
					"socket":	8,
					"start":	0,
					"end":	1.001043,
					"seconds":	1.00104296207428,
					"bytes":	101056512,
					"bits_per_second":	807609789.61861074,
					"retransmits":	5244,
					"snd_cwnd":	1695608,
					"snd_wnd":	37236736,
					"rtt":	93787,
					"rttvar":	5547,
					"pmtu":	1500,
					"omitted":	false,
					"sender":	true
				}],
			"sum":	{
				"start":	0,
				"end":	1.001043,
				"seconds":	1.00104296207428,
				"bytes":	101056512,
				"bits_per_second":	807609789.61861074,
				"retransmits":	5244,
				"omitted":	false,
				"sender":	true
			}
		}, {
			"streams":	[{
					"socket":	8,
					"start":	1.001043,
					"end":	2.001044,
					"seconds":	1.0000009536743164,
					"bytes":	0,
					"bits_per_second":	0,
					"retransmits":	3884,
					"snd_cwnd":	1762216,
					"snd_wnd":	65818624,
					"rtt":	100784,
					"rttvar":	3465,
					"pmtu":	1500,
					"omitted":	false,
					"sender":	true
				}],
			"sum":	{
				"start":	1.001043,
				"end":	2.001044,
				"seconds":	1.0000009536743164,
				"bytes":	0,
				"bits_per_second":	0,
				"retransmits":	3884,
				"omitted":	false,
				"sender":	true
			}
		}, {
			"streams":	[{
					"socket":	8,
					"start":	2.001044,
					"end":	3.003291,
					"seconds":	1.0022469758987427,
					"bytes":	0,
					"bits_per_second":	0,
					"retransmits":	2469,
					"snd_cwnd":	1303200,
					"snd_wnd":	68755456,
					"rtt":	95139,
					"rttvar":	1591,
					"pmtu":	1500,
					"omitted":	false,
					"sender":	true
				}],
			"sum":	{
				"start":	2.001044,
				"end":	3.003291,
				"seconds":	1.0022469758987427,
				"bytes":	0,
				"bits_per_second":	0,
				"retransmits":	2469,
				"omitted":	false,
				"sender":	true
			}
		}, {
			"streams":	[{
					"socket":	8,
					"start":	3.003291,
					"end":	4.001065,
					"seconds":	0.99777400493621826,
					"bytes":	0,
					"bits_per_second":	0,
					"retransmits":	220,
					"snd_cwnd":	492320,
					"snd_wnd":	68763648,
					"rtt":	62622,
					"rttvar":	445,
					"pmtu":	1500,
					"omitted":	false,
					"sender":	true
				}],
			"sum":	{
				"start":	3.003291,
				"end":	4.001065,
				"seconds":	0.99777400493621826,
				"bytes":	0,
				"bits_per_second":	0,
				"retransmits":	220,
				"omitted":	false,
				"sender":	true
			}
		}, {
			"streams":	[{
					"socket":	8,
					"start":	4.001065,
					"end":	5.001718,
					"seconds":	1.0006530284881592,
					"bytes":	0,
					"bits_per_second":	0,
					"retransmits":	0,
					"snd_cwnd":	535760,
					"snd_wnd":	68755456,
					"rtt":	61633,
					"rttvar":	597,
					"pmtu":	1500,
					"omitted":	false,
					"sender":	true
				}],
			"sum":	{
				"start":	4.001065,
				"end":	5.001718,
				"seconds":	1.0006530284881592,
				"bytes":	0,
				"bits_per_second":	0,
				"retransmits":	0,
				"omitted":	false,
				"sender":	true
			}
		}, {
			"streams":	[{
					"socket":	8,
					"start":	5.001718,
					"end":	6.007274,
					"seconds":	1.0055559873580933,
					"bytes":	6422528,
					"bits_per_second":	51096333.417487524,
					"retransmits":	0,
					"snd_cwnd":	561824,
					"snd_wnd":	68763648,
					"rtt":	61018,
					"rttvar":	46,
					"pmtu":	1500,
					"omitted":	false,
					"sender":	true
				}],
			"sum":	{
				"start":	5.001718,
				"end":	6.007274,
				"seconds":	1.0055559873580933,
				"bytes":	6422528,
				"bits_per_second":	51096333.417487524,
				"retransmits":	0,
				"omitted":	false,
				"sender":	true
			}
		}],
	"end":	{
		"streams":	[{
				"sender":	{
					"socket":	8,
					"start":	0,
					"end":	6.007631,
					"seconds":	6.007631,
					"bytes":	107479040,
					"bits_per_second":	143123357.60968009,
					"retransmits":	11817,
					"max_snd_cwnd":	1762216,
					"max_snd_wnd":	68763648,
					"max_rtt":	100784,
					"min_rtt":	61018,
					"mean_rtt":	76571,
					"sender":	true
				},
				"receiver":	{
					"socket":	8,
					"start":	0,
					"end":	6.06593,
					"seconds":	6.007631,
					"bytes":	74317824,
					"bits_per_second":	98013427.784362823,
					"sender":	true
				}
			}],
		"sum_sent":	{
			"start":	0,
			"end":	6.007631,
			"seconds":	6.007631,
			"bytes":	107479040,
			"bits_per_second":	143123357.60968009,
			"retransmits":	11817,
			"sender":	true
		},
		"sum_received":	{
			"start":	0,
			"end":	6.06593,
			"seconds":	6.06593,
			"bytes":	74317824,
			"bits_per_second":	98013427.784362823,
			"sender":	true
		},
		"cpu_utilization_percent":	{
			"host_total":	11.788030028087757,
			"host_user":	10.753363509840632,
			"host_system":	1.0346665182471269,
			"remote_total":	2.2205440008862589,
			"remote_user":	0.096835679051544471,
			"remote_system":	2.1237248073095278
		},
		"sender_tcp_congestion":	"cubic",
		"receiver_tcp_congestion":	"cubic"
	}
}
