{
	"start":	{
		"connected":	[{
				"socket":	8,
				"local_host":	"172.16.0.89",
				"local_port":	50866,
				"remote_host":	"172.17.0.89",
				"remote_port":	5201
			}],
		"version":	"iperf 3.16",
		"system_info":	"Linux h1 6.12.54-0b264c55b-l4steam-117 #1 SMP PREEMPT_DYNAMIC Fri Nov  7 18:07:57 UTC 2025 x86_64",
		"timestamp":	{
			"time":	"Sun, 22 Feb 2026 02:12:42 GMT",
			"timesecs":	1771726362
		},
		"connecting_to":	{
			"host":	"172.17.0.89",
			"port":	5201
		},
		"cookie":	"wsmmcqc7t5g7vnpawtudyz6v7dlzg4jmk6r3",
		"tcp_mss_default":	1448,
		"target_bitrate":	0,
		"fq_rate":	0,
		"sock_bufsize":	0,
		"sndbuf_actual":	1000000,
		"rcvbuf_actual":	1000000,
		"test_start":	{
			"protocol":	"TCP",
			"num_streams":	1,
			"blksize":	131072,
			"omit":	0,
			"duration":	0,
			"bytes":	107374182,
			"blocks":	0,
			"reverse":	0,
			"tos":	0,
			"target_bitrate":	0,
			"bidir":	0,
			"fqrate":	0
		}
	},
	"intervals":	[{
			"streams":	[{
					"socket":	8,
					"start":	0,
					"end":	1.001285,
					"seconds":	1.0012849569320679,
					"bytes":	21495808,
					"bits_per_second":	171745778.07191309,
					"retransmits":	1340,
					"snd_cwnd":	902104,
					"snd_wnd":	18493440,
					"rtt":	61689,
					"rttvar":	267,
					"pmtu":	1500,
					"omitted":	false,
					"sender":	true
				}],
			"sum":	{
				"start":	0,
				"end":	1.001285,
				"seconds":	1.0012849569320679,
				"bytes":	21495808,
				"bits_per_second":	171745778.07191309,
				"retransmits":	1340,
				"omitted":	false,
				"sender":	true
			}
		}, {
			"streams":	[{
					"socket":	8,
					"start":	1.001285,
					"end":	2.001032,
					"seconds":	0.99974697828292847,
					"bytes":	7208960,
					"bits_per_second":	57686275.880574763,
					"retransmits":	0,
					"snd_cwnd":	492320,
					"snd_wnd":	42078208,
					"rtt":	60442,
					"rttvar":	333,
					"pmtu":	1500,
					"omitted":	false,
					"sender":	true
				}],
			"sum":	{
				"start":	1.001285,
				"end":	2.001032,
				"seconds":	0.99974697828292847,
				"bytes":	7208960,
				"bits_per_second":	57686275.880574763,
				"retransmits":	0,
				"omitted":	false,
				"sender":	true
			}
		}, {
			"streams":	[{
					"socket":	8,
					"start":	2.001032,
					"end":	3.001068,
					"seconds":	1.0000360012054443,
					"bytes":	10878976,
					"bits_per_second":	87028674.8627967,
					"retransmits":	0,
					"snd_cwnd":	534312,
					"snd_wnd":	58150912,
					"rtt":	61813,
					"rttvar":	577,
					"pmtu":	1500,
					"omitted":	false,
					"sender":	true
				}],
			"sum":	{
				"start":	2.001032,
				"end":	3.001068,
				"seconds":	1.0000360012054443,
				"bytes":	10878976,
				"bits_per_second":	87028674.8627967,
				"retransmits":	0,
				"omitted":	false,
				"sender":	true
			}
		}, {
			"streams":	[{
					"socket":	8,
					"start":	3.001068,
					"end":	4.001054,
					"seconds":	0.99998599290847778,
					"bytes":	7208960,
					"bits_per_second":	57672487.823815264,
					"retransmits":	7,
					"snd_cwnd":	545896,
					"snd_wnd":	72777728,
					"rtt":	57672,
					"rttvar":	161,
					"pmtu":	1500,
					"omitted":	false,
					"sender":	true
				}],
			"sum":	{
				"start":	3.001068,
				"end":	4.001054,
				"seconds":	0.99998599290847778,
				"bytes":	7208960,
				"bits_per_second":	57672487.823815264,
				"retransmits":	7,
				"omitted":	false,
				"sender":	true
			}
		}, {
			"streams":	[{
					"socket":	8,
					"start":	4.001054,
					"end":	5.001045,
					"seconds":	0.999990999698639,
					"bytes":	10878976,
					"bits_per_second":	87032591.3195501,
					"retransmits":	0,
					"snd_cwnd":	554584,
					"snd_wnd":	72781824,
					"rtt":	61231,
					"rttvar":	329,
					"pmtu":	1500,
					"omitted":	false,
					"sender":	true
				}],
			"sum":	{
				"start":	4.001054,
				"end":	5.001045,
				"seconds":	0.999990999698639,
				"bytes":	10878976,
				"bits_per_second":	87032591.3195501,
				"retransmits":	0,
				"omitted":	false,
				"sender":	true
			}
		}, {
			"streams":	[{
					"socket":	8,
					"start":	5.001045,
					"end":	6.001052,
					"seconds":	1.0000070333480835,
					"bytes":	7208960,
					"bits_per_second":	57671274.377852879,
					"retransmits":	0,
					"snd_cwnd":	567616,
					"snd_wnd":	72781824,
					"rtt":	57492,
					"rttvar":	77,
					"pmtu":	1500,
					"omitted":	false,
					"sender":	true
				}],
			"sum":	{
				"start":	5.001045,
				"end":	6.001052,
				"seconds":	1.0000070333480835,
				"bytes":	7208960,
				"bits_per_second":	57671274.377852879,
				"retransmits":	0,
				"omitted":	false,
				"sender":	true
			}
		}, {
			"streams":	[{
					"socket":	8,
					"start":	6.001052,
					"end":	7.001564,
					"seconds":	1.0005120038986206,
					"bytes":	11141120,
					"bits_per_second":	89083348.97802107,
					"retransmits":	0,
					"snd_cwnd":	580648,
					"snd_wnd":	72781824,
					"rtt":	57335,
					"rttvar":	45,
					"pmtu":	1500,
					"omitted":	false,
					"sender":	true
				}],
			"sum":	{
				"start":	6.001052,
				"end":	7.001564,
				"seconds":	1.0005120038986206,
				"bytes":	11141120,
				"bits_per_second":	89083348.97802107,
				"retransmits":	0,
				"omitted":	false,
				"sender":	true
			}
		}, {
			"streams":	[{
					"socket":	8,
					"start":	7.001564,
					"end":	8.003577,
					"seconds":	1.0020129680633545,
					"bytes":	7602176,
					"bits_per_second":	60695230.439527288,
					"retransmits":	0,
					"snd_cwnd":	606712,
					"snd_wnd":	72781824,
					"rtt":	57386,
					"rttvar":	105,
					"pmtu":	1500,
					"omitted":	false,
					"sender":	true
				}],
			"sum":	{
				"start":	7.001564,
				"end":	8.003577,
				"seconds":	1.0020129680633545,
				"bytes":	7602176,
				"bits_per_second":	60695230.439527288,
				"retransmits":	0,
				"omitted":	false,
				"sender":	true
			}
		}, {
			"streams":	[{
					"socket":	8,
					"start":	8.003577,
					"end":	9.002222,
					"seconds":	0.998645007610321,
					"bytes":	10878976,
					"bits_per_second":	87149895.4450894,
					"retransmits":	0,
					"snd_cwnd":	657392,
					"snd_wnd":	72781824,
					"rtt":	57260,
					"rttvar":	33,
					"pmtu":	1500,
					"omitted":	false,
					"sender":	true
				}],
			"sum":	{
				"start":	8.003577,
				"end":	9.002222,
				"seconds":	0.998645007610321,
				"bytes":	10878976,
				"bits_per_second":	87149895.4450894,
				"retransmits":	0,
				"omitted":	false,
				"sender":	true
			}
		}, {
			"streams":	[{
					"socket":	8,
					"start":	9.002222,
					"end":	10.001044,
					"seconds":	0.99882197380065918,
					"bytes":	12976128,
					"bits_per_second":	103931457.98043664,
					"retransmits":	0,
					"snd_cwnd":	731240,
					"snd_wnd":	72777728,
					"rtt":	57237,
					"rttvar":	47,
					"pmtu":	1500,
					"omitted":	false,
					"sender":	true
				}],
			"sum":	{
				"start":	9.002222,
				"end":	10.001044,
				"seconds":	0.99882197380065918,
				"bytes":	12976128,
				"bits_per_second":	103931457.98043664,
				"retransmits":	0,
				"omitted":	false,
				"sender":	true
			}
		}],
	"end":	{
		"streams":	[{
				"sender":	{
					"socket":	8,
					"start":	0,
					"end":	10.001347,
					"seconds":	10.001347,
					"bytes":	107479040,
					"bits_per_second":	85971651.618527,
					"retransmits":	1347,
					"max_snd_cwnd":	902104,
					"max_snd_wnd":	72781824,
					"max_rtt":	61813,
					"min_rtt":	57237,
					"mean_rtt":	58799,
					"sender":	true
				},
				"receiver":	{
					"socket":	8,
					"start":	0,
					"end":	10.068421,
					"seconds":	10.001347,
					"bytes":	99745792,
					"bits_per_second":	79254367.293540865,
					"sender":	true
				}
			}],
		"sum_sent":	{
			"start":	0,
			"end":	10.001347,
			"seconds":	10.001347,
			"bytes":	107479040,
			"bits_per_second":	85971651.618527,
			"retransmits":	1347,
			"sender":	true
		},
		"sum_received":	{
			"start":	0,
			"end":	10.068421,
			"seconds":	10.068421,
			"bytes":	99745792,
			"bits_per_second":	79254367.293540865,
			"sender":	true
		},
		"cpu_utilization_percent":	{
			"host_total":	1.3415463470838651,
			"host_user":	0.508072147060938,
			"host_system":	0.83347420002292727,