{
	"start":	{
		"connected":	[{
				"socket":	8,
				"local_host":	"172.16.0.108",
				"local_port":	33492,
				"remote_host":	"172.17.0.108",
				"remote_port":	5201
			}],
		"version":	"iperf 3.16",
		"system_info":	"Linux h1 6.12.54-0b264c55b-l4steam-117 #1 SMP PREEMPT_DYNAMIC Fri Nov  7 18:07:57 UTC 2025 x86_64",
		"timestamp":	{
			"time":	"Sun, 22 Feb 2026 02:51:43 GMT",
			"timesecs":	1771728703
		},
		"connecting_to":	{
			"host":	"172.17.0.108",
			"port":	5201
		},
		"cookie":	"r34uhebl5dudz5vzm4bvghnd3rrdy6b6z56z",
		"tcp_mss_default":	1448,
		"target_bitrate":	0,
		"fq_rate":	0,
		"sock_bufsize":	0,
		"sndbuf_actual":	1000000,
		"rcvbuf_actual":	1000000,
		"test_start":	{
			"protocol":	"TCP",
			"num_streams":	1,
			"blksize":	131072,
			"omit":	0,
			"duration":	0,
			"bytes":	107374182,
			"blocks":	0,
			"reverse":	0,
			"tos":	0,
			"target_bitrate":	0,
			"bidir":	0,
			"fqrate":	0
		}
	},
	"intervals":	[{
			"streams":	[{
					"socket":	8,
					"start":	0,
					"end":	1.003414,
					"seconds":	1.0034140348434448,
					"bytes":	17301504,
					"bits_per_second":	137941096.29091981,
					"retransmits":	441,
					"snd_cwnd":	1448,
					"snd_wnd":	630784,
					"rtt":	88909,
					"rttvar":	12122,
					"pmtu":	1500,
					"omitted":	false,
					"sender":	true
				}],
			"sum":	{
				"start":	0,
				"end":	1.003414,
				"seconds":	1.0034140348434448,
				"bytes":	17301504,
				"bits_per_second":	137941096.29091981,
				"retransmits":	441,
				"omitted":	false,
				"sender":	true
			}
		}, {
			"streams":	[{
					"socket":	8,
					"start":	1.003414,
					"end":	2.001034,
					"seconds":	0.99761998653411865,
					"bytes":	0,
					"bits_per_second":	0,
					"retransmits":	176,
					"snd_cwnd":	128872,
					"snd_wnd":	888832,
					"rtt":	85146,
					"rttvar":	770,
					"pmtu":	1500,
					"omitted":	false,
					"sender":	true
				}],
			"sum":	{
				"start":	1.003414,
				"end":	2.001034,
				"seconds":	0.99761998653411865,
				"bytes":	0,
				"bits_per_second":	0,
				"retransmits":	176,
				"omitted":	false,
				"sender":	true
			}
		}, {
			"streams":	[{
					"socket":	8,
					"start":	2.001034,
					"end":	3.001044,
					"seconds":	1.0000100135803223,
					"bytes":	0,
					"bits_per_second":	0,
					"retransmits":	501,
					"snd_cwnd":	3999376,
					"snd_wnd":	3780608,
					"rtt":	161577,
					"rttvar":	3943,
					"pmtu":	1500,
					"omitted":	false,
					"sender":	true
				}],
			"sum":	{
				"start":	2.001034,
				"end":	3.001044,
				"seconds":	1.0000100135803223,
				"bytes":	0,
				"bits_per_second":	0,
				"retransmits":	501,
				"omitted":	false,
				"sender":	true
			}
		}, {
			"streams":	[{
					"socket":	8,
					"start":	3.001044,
					"end":	4.001044,
					"seconds":	1,
					"bytes":	2883584,
					"bits_per_second":	23068672,
					"retransmits":	1815,
					"snd_cwnd":	2342864,
					"snd_wnd":	12480512,
					"rtt":	115502,
					"rttvar":	5678,
					"pmtu":	1500,
					"omitted":	false,
					"sender":	true
				}],
			"sum":	{
				"start":	3.001044,
				"end":	4.001044,
				"seconds":	1,
				"bytes":	2883584,
				"bits_per_second":	23068672,
				"retransmits":	1815,
				"omitted":	false,
				"sender":	true
			}
		}, {
			"streams":	[{
					"socket":	8,
					"start":	4.001044,
					"end":	5.001044,
					"seconds":	1,
					"bytes":	5111808,
					"bits_per_second":	40894464,
					"retransmits":	787,
					"snd_cwnd":	1297408,
					"snd_wnd":	18411520,
					"rtt":	104561,
					"rttvar":	5239,
					"pmtu":	1500,
					"omitted":	false,
					"sender":	true
				}],
			"sum":	{
				"start":	4.001044,
				"end":	5.001044,
				"seconds":	1,
				"bytes":	5111808,
				"bits_per_second":	40894464,
				"retransmits":	787,
				"omitted":	false,
				"sender":	true
			}
		}, {
			"streams":	[{
					"socket":	8,
					"start":	5.001044,
					"end":	6.012667,
					"seconds":	1.0116230249404907,
					"bytes":	4456448,
					"bits_per_second":	35241965.7530998,
					"retransmits":	0,
					"snd_cwnd":	82536,
					"snd_wnd":	24223744,
					"rtt":	63567,
					"rttvar":	519,
					"pmtu":	1500,
					"omitted":	false,
					"sender":	true
				}],
			"sum":	{
				"start":	5.001044,
				"end":	6.012667,
				"seconds":	1.0116230249404907,
				"bytes":	4456448,
				"bits_per_second":	35241965.7530998,
				"retransmits":	0,
				"omitted":	false,
				"sender":	true
			}
		}, {
			"streams":	[{
					"socket":	8,
					"start":	6.012667,
					"end":	7.001019,
					"seconds":	0.98835200071334839,
					"bytes":	0,
					"bits_per_second":	0,
					"retransmits":	0,
					"snd_cwnd":	91224,
					"snd_wnd":	24223744,
					"rtt":	76449,
					"rttvar":	4467,
					"pmtu":	1500,
					"omitted":	false,
					"sender":	true
				}],
			"sum":	{
				"start":	6.012667,
				"end":	7.001019,
				"seconds":	0.98835200071334839,
				"bytes":	0,
				"bits_per_second":	0,
				"retransmits":	0,
				"omitted":	false,
				"sender":	true
			}
		}, {
			"streams":	[{
					"socket":	8,
					"start":	7.001019,
					"end":	8.001031,
					"seconds":	1.0000120401382446,
					"bytes":	0,
					"bits_per_second":	0,
					"retransmits":	5,
					"snd_cwnd":	30408,
					"snd_wnd":	24223744,
					"rtt":	64413,
					"rttvar":	943,
					"pmtu":	1500,
					"omitted":	false,
					"sender":	true
				}],
			"sum":	{
				"start":	7.001019,
				"end":	8.001031,
				"seconds":	1.0000120401382446,
				"bytes":	0,
				"bits_per_second":	0,
				"retransmits":	5,
				"omitted":	false,
				"sender":	true
			}
		}, {
			"streams":	[{
					"socket":	8,
					"start":	8.001031,
					"end":	9.001037,
					"seconds":	1.0000059604644775,
					"bytes":	0,
					"bits_per_second":	0,
					"retransmits":	0,
					"snd_cwnd":	52128,
					"snd_wnd":	24223744,
					"rtt":	62977,
					"rttvar":	772,
					"pmtu":	1500,
					"omitted":	false,
					"sender":	true
				}],
			"sum":	{
				"start":	8.001031,
				"end":	9.001037,
				"seconds":	1.0000059604644775,
				"bytes":	0,
				"bits_per_second":	0,
				"retransmits":	0,
				"omitted":	false,
				"sender":	true
			}
		}, {
			"streams":	[{
					"socket":	8,
					"start":	9.001037,
					"end":	10.001033,
					"seconds":	0.9999960064888,
					"bytes":	4325376,
					"bits_per_second":	34603146.188051857,
					"retransmits":	0,
					"snd_cwnd":	75296,
					"snd_wnd":	24223744,
					"rtt":	62074,
					"rttvar":	390,
					"pmtu":	1500,
					"omitted":	false,
					"sender":	true
				}],
			"sum":	{
				"start":	9.001037,
				"end":	10.001033,
				"seconds":	0.9999960064888,
				"bytes":	4325376,
				"bits_per_second":	34603146.188051857,
				"retransmits":	0,
				"omitted":	false,
				"sender":	true
			}
		}, {
			"streams":	[{
					"socket":	8,
					"start":	10.001033,
					"end":	11.001068,
					"seconds":	1.0000350475311279,
					"bytes":	0,
					"bits_per_second":	0,
					"retransmits":	0,
					"snd_cwnd":	98464,
					"snd_wnd":	24223744,
					"rtt":	61904,
					"rttvar":	403,
					"pmtu":	1500,
					"omitted":	false,
					"sender":	true
				}],
			"sum":	{
				"start":	10.001033,
				"end":	11.001068,
				"seconds":	1.0000350475311279,
				"bytes":	0,
				"bits_per_second":	0,
				"retransmits":	0,
				"omitted":	false,
				"sender":	true
			}
		}, {
			"streams":	[{
					"socket":	8,
					"start":	11.001068,
					"end":	12.001064,
					"seconds":	0.9999960064888,
					"bytes":	0,
					"bits_per_second":	0,
					"retransmits":	0,
					"snd_cwnd":	121632,
					"snd_wnd":	24223744,
					"rtt":	61804,
					"rttvar":	248,
					"pmtu":	1500,
					"omitted":	false,
					"sender":	true
				}],
			"sum":	{
				"start":	11.001068,
				"end":	12.001064,
				"seconds":	0.9999960064888,
				"bytes":	0,
				"bits_per_second":	0,
				"retransmits":	0,
				"omitted":	false,
				"sender":	true
			}
		}, {
			"streams":	[{
					"socket":	8,
					"start":	12.001064,
					"end":	13.001075,
					"seconds":	1.0000109672546387,
					"bytes":	4325376,
					"bits_per_second":	34602628.504162028,
					"retransmits":	0,
					"snd_cwnd":	144800,
					"snd_wnd":	24227840,
					"rtt":	61726,
					"rttvar":	71,