{
	"start":	{
		"connected":	[{
				"socket":	8,
				"local_host":	"172.16.0.10",
				"local_port":	50334,
				"remote_host":	"172.17.0.10",
				"remote_port":	5201
			}],
		"version":	"iperf 3.16",
		"system_info":	"Linux h1 6.12.54-0b264c55b-l4steam-117 #1 SMP PREEMPT_DYNAMIC Fri Nov  7 18:07:57 UTC 2025 x86_64",
		"timestamp":	{
			"time":	"Sun, 22 Feb 2026 02:51:42 GMT",
			"timesecs":	1771728702
		},
		"connecting_to":	{
			"host":	"172.17.0.10",
			"port":	5201
		},
		"cookie":	"aonkababocrhpj3wckg5ky4zrvqbzsyjmhkp",
		"tcp_mss_default":	1448,
		"target_bitrate":	0,
		"fq_rate":	0,
		"sock_bufsize":	0,
		"sndbuf_actual":	1000000,
		"rcvbuf_actual":	1000000,
		"test_start":	{
			"protocol":	"TCP",
			"num_streams":	1,
			"blksize":	131072,
			"omit":	0,
			"duration":	0,
			"bytes":	107374182,
			"blocks":	0,
			"reverse":	0,
			"tos":	0,
			"target_bitrate":	0,
			"bidir":	0,
			"fqrate":	0
		}
	},
	"intervals":	[{
			"streams":	[{
					"socket":	8,
					"start":	0,
					"end":	1.001118,
					"seconds":	1.0011179447174072,
					"bytes":	45350912,
					"bits_per_second":	362402150.43034935,
					"retransmits":	16566,
					"snd_cwnd":	144313472,
					"snd_wnd":	21946368,
					"rtt":	151902,
					"rttvar":	20332,
					"pmtu":	1500,
					"omitted":	false,
					"sender":	true
				}],
			"sum":	{
				"start":	0,
				"end":	1.001118,
				"seconds":	1.0011179447174072,
				"bytes":	45350912,
				"bits_per_second":	362402150.43034935,
				"retransmits":	16566,
				"omitted":	false,
				"sender":	true
			}
		}, {
			"streams":	[{
					"socket":	8,
					"start":	1.001118,
					"end":	2.001142,
					"seconds":	1.0000239610672,
					"bytes":	0,
					"bits_per_second":	0,
					"retransmits":	19524,
					"snd_cwnd":	143964504,
					"snd_wnd":	39006208,
					"rtt":	115794,
					"rttvar":	1187,
					"pmtu":	1500,
					"omitted":	false,
					"sender":	true
				}],
			"sum":	{
				"start":	1.001118,
				"end":	2.001142,
				"seconds":	1.0000239610672,
				"bytes":	0,
				"bits_per_second":	0,
				"retransmits":	19524,
				"omitted":	false,
				"sender":	true
			}
		}, {
			"streams":	[{
					"socket":	8,
					"start":	2.001142,
					"end":	3.001127,
					"seconds":	0.9999849796295166,
					"bytes":	7995392,
					"bits_per_second":	63964096.764431037,
					"retransmits":	539,
					"snd_cwnd":	450328,
					"snd_wnd":	44146688,
					"rtt":	88162,
					"rttvar":	4849,
					"pmtu":	1500,
					"omitted":	false,
					"sender":	true
				}],
			"sum":	{
				"start":	2.001142,
				"end":	3.001127,
				"seconds":	0.9999849796295166,
				"bytes":	7995392,
				"bits_per_second":	63964096.764431037,
				"retransmits":	539,
				"omitted":	false,
				"sender":	true
			}
		}, {
			"streams":	[{
					"socket":	8,
					"start":	3.001127,
					"end":	4.001132,
					"seconds":	1.0000050067901611,
					"bytes":	0,
					"bits_per_second":	0,
					"retransmits":	3380,
					"snd_cwnd":	1636240,
					"snd_wnd":	58433536,
					"rtt":	67741,
					"rttvar":	979,
					"pmtu":	1500,
					"omitted":	false,
					"sender":	true
				}],
			"sum":	{
				"start":	3.001127,
				"end":	4.001132,
				"seconds":	1.0000050067901611,
				"bytes":	0,
				"bits_per_second":	0,
				"retransmits":	3380,
				"omitted":	false,
				"sender":	true
			}
		}, {
			"streams":	[{
					"socket":	8,
					"start":	4.001132,
					"end":	5.001161,
					"seconds":	1.0000289678573608,
					"bytes":	6029312,
					"bits_per_second":	48233098.790474169,
					"retransmits":	158,
					"snd_cwnd":	293944,
					"snd_wnd":	66301952,
					"rtt":	102897,
					"rttvar":	6472,
					"pmtu":	1500,
					"omitted":	false,
					"sender":	true
				}],
			"sum":	{
				"start":	4.001132,
				"end":	5.001161,
				"seconds":	1.0000289678573608,
				"bytes":	6029312,
				"bits_per_second":	48233098.790474169,
				"retransmits":	158,
				"omitted":	false,
				"sender":	true
			}
		}, {
			"streams":	[{
					"socket":	8,
					"start":	5.001161,
					"end":	6.001186,
					"seconds":	1.0000250339508057,
					"bytes":	0,
					"bits_per_second":	0,
					"retransmits":	2,
					"snd_cwnd":	73848,
					"snd_wnd":	67059712,
					"rtt":	113042,
					"rttvar":	21659,
					"pmtu":	1500,
					"omitted":	false,
					"sender":	true
				}],
			"sum":	{
				"start":	5.001161,
				"end":	6.001186,
				"seconds":	1.0000250339508057,
				"bytes":	0,
				"bits_per_second":	0,
				"retransmits":	2,
				"omitted":	false,
				"sender":	true
			}
		}, {
			"streams":	[{
					"socket":	8,
					"start":	6.001186,
					"end":	7.003832,
					"seconds":	1.0026459693908691,
					"bytes":	0,
					"bits_per_second":	0,
					"retransmits":	4,
					"snd_cwnd":	27512,
					"snd_wnd":	67911680,
					"rtt":	61624,
					"rttvar":	711,
					"pmtu":	1500,
					"omitted":	false,
					"sender":	true
				}],
			"sum":	{
				"start":	6.001186,
				"end":	7.003832,
				"seconds":	1.0026459693908691,
				"bytes":	0,
				"bits_per_second":	0,
				"retransmits":	4,
				"omitted":	false,
				"sender":	true
			}
		}, {
			"streams":	[{
					"socket":	8,
					"start":	7.003832,
					"end":	8.001023,
					"seconds":	0.99719101190567,
					"bytes":	0,
					"bits_per_second":	0,
					"retransmits":	1,
					"snd_cwnd":	26064,
					"snd_wnd":	68816896,
					"rtt":	62361,
					"rttvar":	927,
					"pmtu":	1500,
					"omitted":	false,
					"sender":	true
				}],
			"sum":	{
				"start":	7.003832,
				"end":	8.001023,
				"seconds":	0.99719101190567,
				"bytes":	0,
				"bits_per_second":	0,
				"retransmits":	1,
				"omitted":	false,
				"sender":	true
			}
		}, {
			"streams":	[{
					"socket":	8,
					"start":	8.001023,
					"end":	9.00104,
					"seconds":	1.0000170469284058,
					"bytes":	0,
					"bits_per_second":	0,
					"retransmits":	4,
					"snd_cwnd":	15928,
					"snd_wnd":	69300224,
					"rtt":	61006,
					"rttvar":	292,
					"pmtu":	1500,
					"omitted":	false,
					"sender":	true
				}],
			"sum":	{
				"start":	8.001023,
				"end":	9.00104,
				"seconds":	1.0000170469284058,
				"bytes":	0,
				"bits_per_second":	0,
				"retransmits":	4,
				"omitted":	false,
				"sender":	true
			}
		}, {
			"streams":	[{
					"socket":	8,
					"start":	9.00104,
					"end":	10.001048,
					"seconds":	1.0000079870224,
					"bytes":	0,
					"bits_per_second":	0,
					"retransmits":	0,
					"snd_cwnd":	37648,
					"snd_wnd":	70131712,
					"rtt":	60738,
					"rttvar":	18,
					"pmtu":	1500,
					"omitted":	false,
					"sender":	true
				}],
			"sum":	{
				"start":	9.00104,
				"end":	10.001048,
				"seconds":	1.0000079870224,
				"bytes":	0,
				"bits_per_second":	0,
				"retransmits":	0,
				"omitted":	false,
				"sender":	true
			}
		}, {
			"streams":	[{
					"socket":	8,
					"start":	10.001048,
					"end":	11.001061,
					"seconds":	1.000012993812561,
					"bytes":	3014656,
					"bits_per_second":	24116934.629071884,
					"retransmits":	0,
					"snd_cwnd":	60816,
					"snd_wnd":	71716864,
					"rtt":	60794,
					"rttvar":	51,
					"pmtu":	1500,
					"omitted":	false,
					"sender":	true
				}],
			"sum":	{
				"start":	10.001048,
				"end":	11.001061,
				"seconds":	1.000012993812561,
				"bytes":	3014656,
				"bits_per_second":	24116934.629071884,
				"retransmits":	0,
				"omitted":	false,
				"sender":	true
			}
		}, {
			"streams":	[{
					"socket":	8,
					"start":	11.001061,
					"end":	12.001061,
					"seconds":	1,
					"bytes":	0,
					"bits_per_second":	0,
					"retransmits":	0,
					"snd_cwnd":	85432,
					"snd_wnd":	73441280,
					"rtt":	62219,
					"rttvar":	170,
					"pmtu":	1500,
					"omitted":	false,
					"sender":	true
				}],
			"sum":	{
				"start":	11.001061,
				"end":	12.001061,
				"seconds":	1,
				"bytes":	0,
				"bits_per_second":	0,
				"retransmits":	0,
				"omitted":	false,
				"sender":	true
			}
		}, {
			"streams":	[{
					"socket":	8,
					"start":	12.001061,
					"end":	13.001057,
					"seconds":	0.9999960064888,
					"bytes":	3014656,
					"bits_per_second":	24117344.312884625,
					"retransmits":	0,
					"snd_cwnd":	108600,
					"snd_wnd":	73441280,
					"rtt":	61862,