{
	"start":	{
		"connected":	[{
				"socket":	8,
				"local_host":	"172.16.0.117",
				"local_port":	58854,
				"remote_host":	"172.17.0.117",
				"remote_port":	5201
			}],
		"version":	"iperf 3.16",
		"system_info":	"Linux h1 6.12.54-0b264c55b-l4steam-117 #1 SMP PREEMPT_DYNAMIC Fri Nov  7 18:07:57 UTC 2025 x86_64",
		"timestamp":	{
			"time":	"Sun, 22 Feb 2026 02:51:44 GMT",
			"timesecs":	1771728704
		},
		"connecting_to":	{
			"host":	"172.17.0.117",
			"port":	5201
		},
		"cookie":	"53yag2uerbvzhkiar2typolrx7tibucdllvo",
		"tcp_mss_default":	1448,
		"target_bitrate":	0,
		"fq_rate":	0,
		"sock_bufsize":	0,
		"sndbuf_actual":	1000000,
		"rcvbuf_actual":	1000000,
		"test_start":	{
			"protocol":	"TCP",
			"num_streams":	1,
			"blksize":	131072,
			"omit":	0,
			"duration":	0,
			"bytes":	107374182,
			"blocks":	0,
			"reverse":	0,
			"tos":	0,
			"target_bitrate":	0,
			"bidir":	0,
			"fqrate":	0
		}
	},
	"intervals":	[{
			"streams":	[{
					"socket":	8,
					"start":	0,
					"end":	1.000195,
					"seconds":	1.0001950263977051,
					"bytes":	17563648,
					"bits_per_second":	140481786.34326631,
					"retransmits":	588,
					"snd_cwnd":	144220800,
					"snd_wnd":	20271104,
					"rtt":	462327,
					"rttvar":	3434,
					"pmtu":	1500,
					"omitted":	false,
					"sender":	true
				}],
			"sum":	{
				"start":	0,
				"end":	1.000195,
				"seconds":	1.0001950263977051,
				"bytes":	17563648,
				"bits_per_second":	140481786.34326631,
				"retransmits":	588,
				"omitted":	false,
				"sender":	true
			}
		}, {
			"streams":	[{
					"socket":	8,
					"start":	1.000195,
					"end":	2.005149,
					"seconds":	1.0049539804458618,
					"bytes":	13500416,
					"bits_per_second":	107470919.16794321,
					"retransmits":	5929,
					"snd_cwnd":	143420056,
					"snd_wnd":	46780416,
					"rtt":	370260,
					"rttvar":	7582,
					"pmtu":	1500,
					"omitted":	false,
					"sender":	true
				}],
			"sum":	{
				"start":	1.000195,
				"end":	2.005149,
				"seconds":	1.0049539804458618,
				"bytes":	13500416,
				"bits_per_second":	107470919.16794321,
				"retransmits":	5929,
				"omitted":	false,
				"sender":	true
			}
		}, {
			"streams":	[{
					"socket":	8,
					"start":	2.005149,
					"end":	3.001089,
					"seconds":	0.99594002962112427,
					"bytes":	7340032,
					"bits_per_second":	58959630.352781758,
					"retransmits":	8857,
					"snd_cwnd":	142950904,
					"snd_wnd":	65241088,
					"rtt":	300719,
					"rttvar":	23651,
					"pmtu":	1500,
					"omitted":	false,
					"sender":	true
				}],
			"sum":	{
				"start":	2.005149,
				"end":	3.001089,
				"seconds":	0.99594002962112427,
				"bytes":	7340032,
				"bits_per_second":	58959630.352781758,
				"retransmits":	8857,
				"omitted":	false,
				"sender":	true
			}
		}, {
			"streams":	[{
					"socket":	8,
					"start":	3.001089,
					"end":	4.005271,
					"seconds":	1.004181981086731,
					"bytes":	17694720,
					"bits_per_second":	140968233.51361617,
					"retransmits":	5390,
					"snd_cwnd":	142190704,
					"snd_wnd":	89677824,
					"rtt":	263228,
					"rttvar":	8447,
					"pmtu":	1500,
					"omitted":	false,
					"sender":	true
				}],
			"sum":	{
				"start":	3.001089,
				"end":	4.005271,
				"seconds":	1.004181981086731,
				"bytes":	17694720,
				"bits_per_second":	140968233.51361617,
				"retransmits":	5390,
				"omitted":	false,
				"sender":	true
			}
		}, {
			"streams":	[{
					"socket":	8,
					"start":	4.005271,
					"end":	5.001197,
					"seconds":	0.995926022529602,
					"bytes":	32374784,
					"bits_per_second":	260057741.37938219,
					"retransmits":	4397,
					"snd_cwnd":	141469600,
					"snd_wnd":	92925952,
					"rtt":	201419,
					"rttvar":	4921,
					"pmtu":	1500,
					"omitted":	false,
					"sender":	true
				}],
			"sum":	{
				"start":	4.005271,
				"end":	5.001197,
				"seconds":	0.995926022529602,
				"bytes":	32374784,
				"bits_per_second":	260057741.37938219,
				"retransmits":	4397,
				"omitted":	false,
				"sender":	true
			}
		}, {
			"streams":	[{
					"socket":	8,
					"start":	5.001197,
					"end":	6.001053,
					"seconds":	0.99985599517822266,
					"bytes":	14680064,
					"bits_per_second":	117457426.4357603,
					"retransmits":	16578,
					"snd_cwnd":	140867232,
					"snd_wnd":	91860992,
					"rtt":	63414,
					"rttvar":	797,
					"pmtu":	1500,
					"omitted":	false,
					"sender":	true
				}],
			"sum":	{
				"start":	5.001197,
				"end":	6.001053,
				"seconds":	0.99985599517822266,
				"bytes":	14680064,
				"bits_per_second":	117457426.4357603,
				"retransmits":	16578,
				"omitted":	false,
				"sender":	true
			}
		}],
	"end":	{
		"streams":	[{
				"sender":	{
					"socket":	8,
					"start":	0,
					"end":	6.001275,
					"seconds":	6.001275,
					"bytes":	107479040,
					"bits_per_second":	143274940.74175906,
					"retransmits":	41739,
					"max_snd_cwnd":	144220800,
					"max_snd_wnd":	92925952,
					"max_rtt":	462327,
					"min_rtt":	63414,
					"mean_rtt":	246397,
					"sender":	true
				},
				"receiver":	{
					"socket":	8,
					"start":	0,
					"end":	6.442559,
					"seconds":	6.001275,
					"bytes":	107479040,
					"bits_per_second":	133461303.18713418,
					"sender":	true
				}
			}],
		"sum_sent":	{
			"start":	0,
			"end":	6.001275,
			"seconds":	6.001275,
			"bytes":	107479040,
			"bits_per_second":	143274940.74175906,
			"retransmits":	41739,
			"sender":	true
		},
		"sum_received":	{
			"start":	0,
			"end":	6.442559,
			"seconds":	6.442559,
			"bytes":	107479040,
			"bits_per_second":	133461303.18713418,
			"sender":	true
		},
		"cpu_utilization_percent":	{
			"host_total":	12.173056400596611,
			"host_user":	8.48103894987708,
			"host_system":	3.6920174507195336,
			"remote_total":	0.935728047953482,
			"remote_user":	0,
			"remote_system":	0.935728047953482
		},
		"sender_tcp_congestion":	"prague",
		"receiver_tcp_congestion":	"prague"
	}
}
