{
	"start":	{
		"connected":	[{
				"socket":	8,
				"local_host":	"172.16.0.115",
				"local_port":	45272,
				"remote_host":	"172.17.0.115",
				"remote_port":	5201
			}],
		"version":	"iperf 3.16",
		"system_info":	"Linux h1 6.12.54-0b264c55b-l4steam-117 #1 SMP PREEMPT_DYNAMIC Fri Nov  7 18:07:57 UTC 2025 x86_64",
		"timestamp":	{
			"time":	"Sun, 22 Feb 2026 02:51:44 GMT",
			"timesecs":	1771728704
		},
		"connecting_to":	{
			"host":	"172.17.0.115",
			"port":	5201
		},
		"cookie":	"ymethf3sjhzdlx7ngb7hntasstyofljrt7iy",
		"tcp_mss_default":	1448,
		"target_bitrate":	0,
		"fq_rate":	0,
		"sock_bufsize":	0,
		"sndbuf_actual":	1000000,
		"rcvbuf_actual":	1000000,
		"test_start":	{
			"protocol":	"TCP",
			"num_streams":	1,
			"blksize":	131072,
			"omit":	0,
			"duration":	0,
			"bytes":	107374182,
			"blocks":	0,
			"reverse":	0,
			"tos":	0,
			"target_bitrate":	0,
			"bidir":	0,
			"fqrate":	0
		}
	},
	"intervals":	[{
			"streams":	[{
					"socket":	8,
					"start":	0,
					"end":	1.00324,
					"seconds":	1.0032399892807007,
					"bytes":	17563648,
					"bits_per_second":	140055405.9859015,
					"retransmits":	2070,
					"snd_cwnd":	144246864,
					"snd_wnd":	20193280,
					"rtt":	337077,
					"rttvar":	2247,
					"pmtu":	1500,
					"omitted":	false,
					"sender":	true
				}],
			"sum":	{
				"start":	0,
				"end":	1.00324,
				"seconds":	1.0032399892807007,
				"bytes":	17563648,
				"bits_per_second":	140055405.9859015,
				"retransmits":	2070,
				"omitted":	false,
				"sender":	true
			}
		}, {
			"streams":	[{
					"socket":	8,
					"start":	1.00324,
					"end":	2.001042,
					"seconds":	0.9978020191192627,
					"bytes":	12451840,
					"bits_per_second":	99834153.560771167,
					"retransmits":	2492,
					"snd_cwnd":	143405576,
					"snd_wnd":	45940736,
					"rtt":	443054,
					"rttvar":	14664,
					"pmtu":	1500,
					"omitted":	false,
					"sender":	true
				}],
			"sum":	{
				"start":	1.00324,
				"end":	2.001042,
				"seconds":	0.9978020191192627,
				"bytes":	12451840,
				"bits_per_second":	99834153.560771167,
				"retransmits":	2492,
				"omitted":	false,
				"sender":	true
			}
		}, {
			"streams":	[{
					"socket":	8,
					"start":	2.001042,
					"end":	3.011041,
					"seconds":	1.0099990367889404,
					"bytes":	12845056,
					"bits_per_second":	101743114.85157768,
					"retransmits":	1872,
					"snd_cwnd":	142768456,
					"snd_wnd":	72097792,
					"rtt":	386050,
					"rttvar":	2494,
					"pmtu":	1500,
					"omitted":	false,
					"sender":	true
				}],
			"sum":	{
				"start":	2.001042,
				"end":	3.011041,
				"seconds":	1.0099990367889404,
				"bytes":	12845056,
				"bits_per_second":	101743114.85157768,
				"retransmits":	1872,
				"omitted":	false,
				"sender":	true
			}
		}, {
			"streams":	[{
					"socket":	8,
					"start":	3.011041,
					"end":	4.001566,
					"seconds":	0.9905250072479248,
					"bytes":	0,
					"bits_per_second":	0,
					"retransmits":	6989,
					"snd_cwnd":	141827256,
					"snd_wnd":	100499456,
					"rtt":	233748,
					"rttvar":	1063,
					"pmtu":	1500,
					"omitted":	false,
					"sender":	true
				}],
			"sum":	{
				"start":	3.011041,
				"end":	4.001566,
				"seconds":	0.9905250072479248,
				"bytes":	0,
				"bits_per_second":	0,
				"retransmits":	6989,
				"omitted":	false,
				"sender":	true
			}
		}, {
			"streams":	[{
					"socket":	8,
					"start":	4.001566,
					"end":	5.00491,
					"seconds":	1.0033440589904785,
					"bytes":	21889024,
					"bits_per_second":	174528558.2058365,
					"retransmits":	8806,
					"snd_cwnd":	140616728,
					"snd_wnd":	136314880,
					"rtt":	164010,
					"rttvar":	2073,
					"pmtu":	1500,
					"omitted":	false,
					"sender":	true
				}],
			"sum":	{
				"start":	4.001566,
				"end":	5.00491,
				"seconds":	1.0033440589904785,
				"bytes":	21889024,
				"bits_per_second":	174528558.2058365,
				"retransmits":	8806,
				"omitted":	false,
				"sender":	true
			}
		}, {
			"streams":	[{
					"socket":	8,
					"start":	5.00491,
					"end":	6.00077,
					"seconds":	0.995859980583191,
					"bytes":	15990784,
					"bits_per_second":	128458090.99094875,
					"retransmits":	17508,
					"snd_cwnd":	139898520,
					"snd_wnd":	133206016,
					"rtt":	238374,
					"rttvar":	2797,
					"pmtu":	1500,
					"omitted":	false,
					"sender":	true
				}],
			"sum":	{
				"start":	5.00491,
				"end":	6.00077,
				"seconds":	0.995859980583191,
				"bytes":	15990784,
				"bits_per_second":	128458090.99094875,
				"retransmits":	17508,
				"omitted":	false,
				"sender":	true
			}
		}],
	"end":	{
		"streams":	[{
				"sender":	{
					"socket":	8,
					"start":	0,
					"end":	6.005394,
					"seconds":	6.005394,
					"bytes":	107479040,
					"bits_per_second":	143176670.83958188,
					"retransmits":	40222,
					"max_snd_cwnd":	144246864,
					"max_snd_wnd":	136314880,
					"max_rtt":	443054,
					"min_rtt":	164010,
					"mean_rtt":	291526,
					"sender":	true
				},
				"receiver":	{
					"socket":	8,
					"start":	0,
					"end":	6.079703,
					"seconds":	6.005394,
					"bytes":	71434240,
					"bits_per_second":	93997012.68302086,
					"sender":	true
				}
			}],
		"sum_sent":	{
			"start":	0,
			"end":	6.005394,
			"seconds":	6.005394,
			"bytes":	107479040,
			"bits_per_second":	143176670.83958188,
			"retransmits":	40222,
			"sender":	true
		},
		"sum_received":	{
			"start":	0,
			"end":	6.079703,
			"seconds":	6.079703,
			"bytes":	71434240,
			"bits_per_second":	93997012.68302086,
			"sender":	true
		},
		"cpu_utilization_percent":	{
			"host_total":	5.7955695277218675,
			"host_user":	1.22779299030758,
			"host_system":	4.5677765374142876,
			"remote_total":	0.79146632875681278,
			"remote_user":	0,
			"remote_system":	0.79148277686107
		},
		"sender_tcp_congestion":	"prague",
		"receiver_tcp_congestion":	"prague"
	}
}
