{
	"start":	{
		"connected":	[{
				"socket":	8,
				"local_host":	"172.16.0.118",
				"local_port":	37202,
				"remote_host":	"172.17.0.118",
				"remote_port":	5201
			}],
		"version":	"iperf 3.16",
		"system_info":	"Linux h1 6.12.54-0b264c55b-l4steam-117 #1 SMP PREEMPT_DYNAMIC Fri Nov  7 18:07:57 UTC 2025 x86_64",
		"timestamp":	{
			"time":	"Sun, 22 Feb 2026 02:51:43 GMT",
			"timesecs":	1771728703
		},
		"connecting_to":	{
			"host":	"172.17.0.118",
			"port":	5201
		},
		"cookie":	"mws3i4m4sd6zosk3xtyjnp3qvkzfyy5gqrty",
		"tcp_mss_default":	1448,
		"target_bitrate":	0,
		"fq_rate":	0,
		"sock_bufsize":	0,
		"sndbuf_actual":	1000000,
		"rcvbuf_actual":	1000000,
		"test_start":	{
			"protocol":	"TCP",
			"num_streams":	1,
			"blksize":	131072,
			"omit":	0,
			"duration":	0,
			"bytes":	107374182,
			"blocks":	0,
			"reverse":	0,
			"tos":	0,
			"target_bitrate":	0,
			"bidir":	0,
			"fqrate":	0
		}
	},
	"intervals":	[{
			"streams":	[{
					"socket":	8,
					"start":	0,
					"end":	1.004106,
					"seconds":	1.0041060447692871,
					"bytes":	17563648,
					"bits_per_second":	139934606.24199781,
					"retransmits":	4442,
					"snd_cwnd":	144640720,
					"snd_wnd":	23527424,
					"rtt":	348329,
					"rttvar":	8576,
					"pmtu":	1500,
					"omitted":	false,
					"sender":	true
				}],
			"sum":	{
				"start":	0,
				"end":	1.004106,
				"seconds":	1.0041060447692871,
				"bytes":	17563648,
				"bits_per_second":	139934606.24199781,
				"retransmits":	4442,
				"omitted":	false,
				"sender":	true
			}
		}, {
			"streams":	[{
					"socket":	8,
					"start":	1.004106,
					"end":	2.000081,
					"seconds":	0.99597501754760742,
					"bytes":	8912896,
					"bits_per_second":	71591321.8140451,
					"retransmits":	1930,
					"snd_cwnd":	143929752,
					"snd_wnd":	45793280,
					"rtt":	411206,
					"rttvar":	5132,
					"pmtu":	1500,
					"omitted":	false,
					"sender":	true
				}],
			"sum":	{
				"start":	1.004106,
				"end":	2.000081,
				"seconds":	0.99597501754760742,
				"bytes":	8912896,
				"bits_per_second":	71591321.8140451,
				"retransmits":	1930,
				"omitted":	false,
				"sender":	true
			}
		}, {
			"streams":	[{
					"socket":	8,
					"start":	2.000081,
					"end":	3.000071,
					"seconds":	0.99998998641967773,
					"bytes":	15335424,
					"bits_per_second":	122684620.5123018,
					"retransmits":	5432,
					"snd_cwnd":	142920496,
					"snd_wnd":	71577600,
					"rtt":	218692,
					"rttvar":	14384,
					"pmtu":	1500,
					"omitted":	false,
					"sender":	true
				}],
			"sum":	{
				"start":	2.000081,
				"end":	3.000071,
				"seconds":	0.99998998641967773,
				"bytes":	15335424,
				"bits_per_second":	122684620.5123018,
				"retransmits":	5432,
				"omitted":	false,
				"sender":	true
			}
		}, {
			"streams":	[{
					"socket":	8,
					"start":	3.000071,
					"end":	4.010957,
					"seconds":	1.0108859539031982,
					"bytes":	26476544,
					"bits_per_second":	209531402.80776224,
					"retransmits":	14392,
					"snd_cwnd":	142079208,
					"snd_wnd":	71692288,
					"rtt":	213801,
					"rttvar":	8900,
					"pmtu":	1500,
					"omitted":	false,
					"sender":	true
				}],
			"sum":	{
				"start":	3.000071,
				"end":	4.010957,
				"seconds":	1.0108859539031982,
				"bytes":	26476544,
				"bits_per_second":	209531402.80776224,
				"retransmits":	14392,
				"omitted":	false,
				"sender":	true
			}
		}, {
			"streams":	[{
					"socket":	8,
					"start":	4.010957,
					"end":	5.000055,
					"seconds":	0.98909801244735718,
					"bytes":	37486592,
					"bits_per_second":	303198198.99138784,
					"retransmits":	31587,
					"snd_cwnd":	141340728,
					"snd_wnd":	68096000,
					"rtt":	207029,
					"rttvar":	1751,
					"pmtu":	1500,
					"omitted":	false,
					"sender":	true
				}],
			"sum":	{
				"start":	4.010957,
				"end":	5.000055,
				"seconds":	0.98909801244735718,
				"bytes":	37486592,
				"bits_per_second":	303198198.99138784,
				"retransmits":	31587,
				"omitted":	false,
				"sender":	true
			}
		}],
	"end":	{
		"streams":	[{
				"sender":	{
					"socket":	8,
					"start":	0,
					"end":	5.000355,
					"seconds":	5.000355,
					"bytes":	107479040,
					"bits_per_second":	171954255.24787742,
					"retransmits":	57783,
					"max_snd_cwnd":	144640720,
					"max_snd_wnd":	71692288,
					"max_rtt":	411206,
					"min_rtt":	207029,
					"mean_rtt":	267681,
					"sender":	true
				},
				"receiver":	{
					"socket":	8,
					"start":	0,
					"end":	7.554715,
					"seconds":	5.000355,
					"bytes":	47710208,
					"bits_per_second":	50522311.430676073,
					"sender":	true
				}
			}],
		"sum_sent":	{
			"start":	0,
			"end":	5.000355,
			"seconds":	5.000355,
			"bytes":	107479040,
			"bits_per_second":	171954255.24787742,
			"retransmits":	57783,
			"sender":	true
		},
		"sum_received":	{
			"start":	0,
			"end":	7.554715,
			"seconds":	7.554715,
			"bytes":	47710208,
			"bits_per_second":	50522311.430676073,
			"sender":	true
		},
		"cpu_utilization_percent":	{
			"host_total":	6.8848502013343342,
			"host_user":	0.10802102443027277,
			"host_system":	6.7768158426213283,
			"remote_total":	0.54302447051672564,
			"remote_user":	0,
			"remote_system":	0.54305094401860343
		},
		"sender_tcp_congestion":	"prague",
		"receiver_tcp_congestion":	"prague"
	}
}
