{
	"start":	{
		"connected":	[{
				"socket":	8,
				"local_host":	"172.16.0.46",
				"local_port":	36514,
				"remote_host":	"172.17.0.46",
				"remote_port":	5201
			}],
		"version":	"iperf 3.16",
		"system_info":	"Linux h1 6.12.54-0b264c55b-l4steam-117 #1 SMP PREEMPT_DYNAMIC Fri Nov  7 18:07:57 UTC 2025 x86_64",
		"timestamp":	{
			"time":	"Sun, 22 Feb 2026 02:51:43 GMT",
			"timesecs":	1771728703
		},
		"connecting_to":	{
			"host":	"172.17.0.46",
			"port":	5201
		},
		"cookie":	"2clq6ozrpcx73zebzw53cfm6btey6dkhkmtu",
		"tcp_mss_default":	1448,
		"target_bitrate":	0,
		"fq_rate":	0,
		"sock_bufsize":	0,
		"sndbuf_actual":	1000000,
		"rcvbuf_actual":	1000000,
		"test_start":	{
			"protocol":	"TCP",
			"num_streams":	1,
			"blksize":	131072,
			"omit":	0,
			"duration":	0,
			"bytes":	107374182,
			"blocks":	0,
			"reverse":	0,
			"tos":	0,
			"target_bitrate":	0,
			"bidir":	0,
			"fqrate":	0
		}
	},
	"intervals":	[{
			"streams":	[{
					"socket":	8,
					"start":	0,
					"end":	1.001055,
					"seconds":	1.0010550022125244,
					"bytes":	32112640,
					"bits_per_second":	256630374.3872205,
					"retransmits":	1,
					"snd_cwnd":	1448,
					"snd_wnd":	1347584,
					"rtt":	131773,
					"rttvar":	6381,
					"pmtu":	1500,
					"omitted":	false,
					"sender":	true
				}],
			"sum":	{
				"start":	0,
				"end":	1.001055,
				"seconds":	1.0010550022125244,
				"bytes":	32112640,
				"bits_per_second":	256630374.3872205,
				"retransmits":	1,
				"omitted":	false,
				"sender":	true
			}
		}, {
			"streams":	[{
					"socket":	8,
					"start":	1.001055,
					"end":	2.001054,
					"seconds":	0.99999898672103882,
					"bytes":	0,
					"bits_per_second":	0,
					"retransmits":	1,
					"snd_cwnd":	1448,
					"snd_wnd":	1347584,
					"rtt":	131773,
					"rttvar":	6381,
					"pmtu":	1500,
					"omitted":	false,
					"sender":	true
				}],
			"sum":	{
				"start":	1.001055,
				"end":	2.001054,
				"seconds":	0.99999898672103882,
				"bytes":	0,
				"bits_per_second":	0,
				"retransmits":	1,
				"omitted":	false,
				"sender":	true
			}
		}, {
			"streams":	[{
					"socket":	8,
					"start":	2.001054,
					"end":	3.001068,
					"seconds":	1.0000139474868774,
					"bytes":	0,
					"bits_per_second":	0,
					"retransmits":	1,
					"snd_cwnd":	144798552,
					"snd_wnd":	2244608,
					"rtt":	459537,
					"rttvar":	660314,
					"pmtu":	1500,
					"omitted":	false,
					"sender":	true
				}],
			"sum":	{
				"start":	2.001054,
				"end":	3.001068,
				"seconds":	1.0000139474868774,
				"bytes":	0,
				"bits_per_second":	0,
				"retransmits":	1,
				"omitted":	false,
				"sender":	true
			}
		}, {
			"streams":	[{
					"socket":	8,
					"start":	3.001068,
					"end":	4.004367,
					"seconds":	1.0032989978790283,
					"bytes":	0,
					"bits_per_second":	0,
					"retransmits":	1181,
					"snd_cwnd":	144155640,
					"snd_wnd":	25817088,
					"rtt":	437284,
					"rttvar":	8721,
					"pmtu":	1500,
					"omitted":	false,
					"sender":	true
				}],
			"sum":	{
				"start":	3.001068,
				"end":	4.004367,
				"seconds":	1.0032989978790283,
				"bytes":	0,
				"bits_per_second":	0,
				"retransmits":	1181,
				"omitted":	false,
				"sender":	true
			}
		}, {
			"streams":	[{
					"socket":	8,
					"start":	4.004367,
					"end":	5.001064,
					"seconds":	0.99669700860977173,
					"bytes":	7340032,
					"bits_per_second":	58914851.246423513,
					"retransmits":	4957,
					"snd_cwnd":	143308560,
					"snd_wnd":	47558656,
					"rtt":	230044,
					"rttvar":	3288,
					"pmtu":	1500,
					"omitted":	false,
					"sender":	true
				}],
			"sum":	{
				"start":	4.004367,
				"end":	5.001064,
				"seconds":	0.99669700860977173,
				"bytes":	7340032,
				"bits_per_second":	58914851.246423513,
				"retransmits":	4957,
				"omitted":	false,
				"sender":	true
			}
		}, {
			"streams":	[{
					"socket":	8,
					"start":	5.001064,
					"end":	6.001127,
					"seconds":	1.0000629425048828,
					"bytes":	12189696,
					"bits_per_second":	97511430.386316776,
					"retransmits":	5586,
					"snd_cwnd":	142528088,
					"snd_wnd":	77164544,
					"rtt":	234842,
					"rttvar":	4586,
					"pmtu":	1500,
					"omitted":	false,
					"sender":	true
				}],
			"sum":	{
				"start":	5.001064,
				"end":	6.001127,
				"seconds":	1.0000629425048828,
				"bytes":	12189696,
				"bits_per_second":	97511430.386316776,
				"retransmits":	5586,
				"omitted":	false,
				"sender":	true
			}
		}, {
			"streams":	[{
					"socket":	8,
					"start":	6.001127,
					"end":	7.003979,
					"seconds":	1.0028519630432129,
					"bytes":	55836672,
					"bits_per_second":	445423045.93439978,
					"retransmits":	13084,
					"snd_cwnd":	141720104,
					"snd_wnd":	110067712,
					"rtt":	304861,
					"rttvar":	4519,
					"pmtu":	1500,
					"omitted":	false,
					"sender":	true
				}],
			"sum":	{
				"start":	6.001127,
				"end":	7.003979,
				"seconds":	1.0028519630432129,
				"bytes":	55836672,
				"bits_per_second":	445423045.93439978,
				"retransmits":	13084,
				"omitted":	false,
				"sender":	true
			}
		}],
	"end":	{
		"streams":	[{
				"sender":	{
					"socket":	8,
					"start":	0,
					"end":	7.004474,
					"seconds":	7.004474,
					"bytes":	107479040,
					"bits_per_second":	122754730.76208149,
					"retransmits":	24811,
					"max_snd_cwnd":	144798552,
					"max_snd_wnd":	110067712,
					"max_rtt":	459537,
					"min_rtt":	131773,
					"mean_rtt":	279371,
					"sender":	true
				},
				"receiver":	{
					"socket":	8,
					"start":	0,
					"end":	7.09369,
					"seconds":	7.004474,
					"bytes":	49414144,
					"bits_per_second":	55727435.5095867,
					"sender":	true
				}
			}],
		"sum_sent":	{
			"start":	0,
			"end":	7.004474,
			"seconds":	7.004474,
			"bytes":	107479040,
			"bits_per_second":	122754730.76208149,
			"retransmits":	24811,
			"sender":	true
		},
		"sum_received":	{
			"start":	0,
			"end":	7.09369,
			"seconds":	7.09369,
			"bytes":	49414144,
			"bits_per_second":	55727435.5095867,
			"sender":	true
		},
		"cpu_utilization_percent":	{
			"host_total":	9.547931869270343,
			"host_user":	7.7654456805830776,
			"host_system":	1.7825136472478353,
			"remote_total":	0.47406847286064074,
			"remote_user":	0,
			"remote_system":	0.47408256987431524
		},
		"sender_tcp_congestion":	"prague",
		"receiver_tcp_congestion":	"prague"
	}
}
