{
	"start":	{
		"connected":	[{
				"socket":	8,
				"local_host":	"172.16.0.51",
				"local_port":	51024,
				"remote_host":	"172.17.0.51",
				"remote_port":	5201
			}],
		"version":	"iperf 3.16",
		"system_info":	"Linux h1 6.12.54-0b264c55b-l4steam-117 #1 SMP PREEMPT_DYNAMIC Fri Nov  7 18:07:57 UTC 2025 x86_64",
		"timestamp":	{
			"time":	"Sun, 22 Feb 2026 02:51:43 GMT",
			"timesecs":	1771728703
		},
		"connecting_to":	{
			"host":	"172.17.0.51",
			"port":	5201
		},
		"cookie":	"57kyetkyzr3xnfwepvxjc6g4gef5xca2phgt",
		"tcp_mss_default":	1448,
		"target_bitrate":	0,
		"fq_rate":	0,
		"sock_bufsize":	0,
		"sndbuf_actual":	1000000,
		"rcvbuf_actual":	1000000,
		"test_start":	{
			"protocol":	"TCP",
			"num_streams":	1,
			"blksize":	131072,
			"omit":	0,
			"duration":	0,
			"bytes":	107374182,
			"blocks":	0,
			"reverse":	0,
			"tos":	0,
			"target_bitrate":	0,
			"bidir":	0,
			"fqrate":	0
		}
	},
	"intervals":	[{
			"streams":	[{
					"socket":	8,
					"start":	0,
					"end":	1.001052,
					"seconds":	1.0010520219802856,
					"bytes":	32374784,
					"bits_per_second":	258726086.4701601,
					"retransmits":	7407,
					"snd_cwnd":	144575560,
					"snd_wnd":	20127744,
					"rtt":	159281,
					"rttvar":	10157,
					"pmtu":	1500,
					"omitted":	false,
					"sender":	true
				}],
			"sum":	{
				"start":	0,
				"end":	1.001052,
				"seconds":	1.0010520219802856,
				"bytes":	32374784,
				"bits_per_second":	258726086.4701601,
				"retransmits":	7407,
				"omitted":	false,
				"sender":	true
			}
		}, {
			"streams":	[{
					"socket":	8,
					"start":	1.001052,
					"end":	2.001078,
					"seconds":	1.0000259876251221,
					"bytes":	0,
					"bits_per_second":	0,
					"retransmits":	2,
					"snd_cwnd":	1448,
					"snd_wnd":	20127744,
					"rtt":	159281,
					"rttvar":	10157,
					"pmtu":	1500,
					"omitted":	false,
					"sender":	true
				}],
			"sum":	{
				"start":	1.001052,
				"end":	2.001078,
				"seconds":	1.0000259876251221,
				"bytes":	0,
				"bits_per_second":	0,
				"retransmits":	2,
				"omitted":	false,
				"sender":	true
			}
		}, {
			"streams":	[{
					"socket":	8,
					"start":	2.001078,
					"end":	3.001095,
					"seconds":	1.0000170469284058,
					"bytes":	0,
					"bits_per_second":	0,
					"retransmits":	20557,
					"snd_cwnd":	143834184,
					"snd_wnd":	53051392,
					"rtt":	346553,
					"rttvar":	5424,
					"pmtu":	1500,
					"omitted":	false,
					"sender":	true
				}],
			"sum":	{
				"start":	2.001078,
				"end":	3.001095,
				"seconds":	1.0000170469284058,
				"bytes":	0,
				"bits_per_second":	0,
				"retransmits":	20557,
				"omitted":	false,
				"sender":	true
			}
		}, {
			"streams":	[{
					"socket":	8,
					"start":	3.001095,
					"end":	4.002529,
					"seconds":	1.0014339685440063,
					"bytes":	15335424,
					"bits_per_second":	122507719.78343262,
					"retransmits":	2032,
					"snd_cwnd":	143253536,
					"snd_wnd":	68808704,
					"rtt":	509152,
					"rttvar":	5923,
					"pmtu":	1500,
					"omitted":	false,
					"sender":	true
				}],
			"sum":	{
				"start":	3.001095,
				"end":	4.002529,
				"seconds":	1.0014339685440063,
				"bytes":	15335424,
				"bits_per_second":	122507719.78343262,
				"retransmits":	2032,
				"omitted":	false,
				"sender":	true
			}
		}, {
			"streams":	[{
					"socket":	8,
					"start":	4.002529,
					"end":	5.001029,
					"seconds":	0.99849998950958252,
					"bytes":	11010048,
					"bits_per_second":	88212703.981360137,
					"retransmits":	7969,
					"snd_cwnd":	142612072,
					"snd_wnd":	90185728,
					"rtt":	324673,
					"rttvar":	5701,
					"pmtu":	1500,
					"omitted":	false,
					"sender":	true
				}],
			"sum":	{
				"start":	4.002529,
				"end":	5.001029,
				"seconds":	0.99849998950958252,
				"bytes":	11010048,
				"bits_per_second":	88212703.981360137,
				"retransmits":	7969,
				"omitted":	false,
				"sender":	true
			}
		}, {
			"streams":	[{
					"socket":	8,
					"start":	5.001029,
					"end":	6.00104,
					"seconds":	1.0000109672546387,
					"bytes":	39845888,
					"bits_per_second":	318763608.0383411,
					"retransmits":	4061,
					"snd_cwnd":	141986536,
					"snd_wnd":	114561024,
					"rtt":	283242,
					"rttvar":	5708,
					"pmtu":	1500,
					"omitted":	false,
					"sender":	true
				}],
			"sum":	{
				"start":	5.001029,
				"end":	6.00104,
				"seconds":	1.0000109672546387,
				"bytes":	39845888,
				"bits_per_second":	318763608.0383411,
				"retransmits":	4061,
				"omitted":	false,
				"sender":	true
			}
		}, {
			"streams":	[{
					"socket":	8,
					"start":	6.00104,
					"end":	7.027964,
					"seconds":	1.0269240140914917,
					"bytes":	7995392,
					"bits_per_second":	62286143.0079493,
					"retransmits":	20399,
					"snd_cwnd":	141372584,
					"snd_wnd":	122429440,
					"rtt":	450445,
					"rttvar":	19534,
					"pmtu":	1500,
					"omitted":	false,
					"sender":	true
				}],
			"sum":	{
				"start":	6.00104,
				"end":	7.027964,
				"seconds":	1.0269240140914917,
				"bytes":	7995392,
				"bits_per_second":	62286143.0079493,
				"retransmits":	20399,
				"omitted":	false,
				"sender":	true
			}
		}, {
			"streams":	[{
					"socket":	8,
					"start":	7.027964,
					"end":	8.003944,
					"seconds":	0.97597998380661,
					"bytes":	917504,
					"bits_per_second":	7520678.82721499,
					"retransmits":	11327,
					"snd_cwnd":	140553016,
					"snd_wnd":	117354496,
					"rtt":	235963,
					"rttvar":	16244,
					"pmtu":	1500,
					"omitted":	false,
					"sender":	true
				}],
			"sum":	{
				"start":	7.027964,
				"end":	8.003944,
				"seconds":	0.97597998380661,
				"bytes":	917504,
				"bits_per_second":	7520678.82721499,
				"retransmits":	11327,
				"omitted":	false,
				"sender":	true
			}
		}],
	"end":	{
		"streams":	[{
				"sender":	{
					"socket":	8,
					"start":	0,
					"end":	8.004296,
					"seconds":	8.004296,
					"bytes":	107479040,
					"bits_per_second":	107421354.73250864,
					"retransmits":	73754,
					"max_snd_cwnd":	144575560,
					"max_snd_wnd":	122429440,
					"max_rtt":	509152,
					"min_rtt":	159281,
					"mean_rtt":	300505,
					"sender":	true
				},
				"receiver":	{
					"socket":	8,
					"start":	0,
					"end":	8.07704,
					"seconds":	8.004296,
					"bytes":	107347968,
					"bits_per_second":	106324067.23255053,
					"sender":	true
				}
			}],
		"sum_sent":	{
			"start":	0,
			"end":	8.004296,
			"seconds":	8.004296,
			"bytes":	107479040,
			"bits_per_second":	107421354.73250864,
			"retransmits":	73754,
			"sender":	true
		},
		"sum_received":	{
			"start":	0,
			"end":	8.07704,
			"seconds":	8.07704,
			"bytes":	107347968,
			"bits_per_second":	106324067.23255053,
			"sender":	true
		},
		"cpu_utilization_percent":	{
			"host_total":	5.5018387060921334,
			"host_user":	2.2885125568404217,
			"host_system":	3.2132295024137543,
			"remote_total":	0.70893439834236549,
			"remote_user":	0.055552446610471248,
			"remote_system":	0.65338195173189428
		},
		"sender_tcp_congestion":	"prague",
		"receiver_tcp_congestion":	"prague"
	}
}
