{
	"start":	{
		"connected":	[{
				"socket":	8,
				"local_host":	"172.16.0.54",
				"local_port":	54262,
				"remote_host":	"172.17.0.54",
				"remote_port":	5201
			}],
		"version":	"iperf 3.16",
		"system_info":	"Linux h1 6.12.54-0b264c55b-l4steam-117 #1 SMP PREEMPT_DYNAMIC Fri Nov  7 18:07:57 UTC 2025 x86_64",
		"timestamp":	{
			"time":	"Sun, 22 Feb 2026 02:51:43 GMT",
			"timesecs":	1771728703
		},
		"connecting_to":	{
			"host":	"172.17.0.54",
			"port":	5201
		},
		"cookie":	"p34aifgpkuf3tpa5ndfhudwpb6mxzep4ndal",
		"tcp_mss_default":	1448,
		"target_bitrate":	0,
		"fq_rate":	0,
		"sock_bufsize":	0,
		"sndbuf_actual":	1000000,
		"rcvbuf_actual":	1000000,
		"test_start":	{
			"protocol":	"TCP",
			"num_streams":	1,
			"blksize":	131072,
			"omit":	0,
			"duration":	0,
			"bytes":	107374182,
			"blocks":	0,
			"reverse":	0,
			"tos":	0,
			"target_bitrate":	0,
			"bidir":	0,
			"fqrate":	0
		}
	},
	"intervals":	[{
			"streams":	[{
					"socket":	8,
					"start":	0,
					"end":	1.001058,
					"seconds":	1.0010579824447632,
					"bytes":	21233664,
					"bits_per_second":	169689783.18833107,
					"retransmits":	12704,
					"snd_cwnd":	144406144,
					"snd_wnd":	24612864,
					"rtt":	128050,
					"rttvar":	28194,
					"pmtu":	1500,
					"omitted":	false,
					"sender":	true
				}],
			"sum":	{
				"start":	0,
				"end":	1.001058,
				"seconds":	1.0010579824447632,
				"bytes":	21233664,
				"bits_per_second":	169689783.18833107,
				"retransmits":	12704,
				"omitted":	false,
				"sender":	true
			}
		}, {
			"streams":	[{
					"socket":	8,
					"start":	1.001058,
					"end":	2.001063,
					"seconds":	1.0000050067901611,
					"bytes":	32899072,
					"bits_per_second":	263191258.25659767,
					"retransmits":	7895,
					"snd_cwnd":	142924840,
					"snd_wnd":	86032384,
					"rtt":	180479,
					"rttvar":	19124,
					"pmtu":	1500,
					"omitted":	false,
					"sender":	true
				}],
			"sum":	{
				"start":	1.001058,
				"end":	2.001063,
				"seconds":	1.0000050067901611,
				"bytes":	32899072,
				"bits_per_second":	263191258.25659767,
				"retransmits":	7895,
				"omitted":	false,
				"sender":	true
			}
		}, {
			"streams":	[{
					"socket":	8,
					"start":	2.001063,
					"end":	3.001204,
					"seconds":	1.0001410245895386,
					"bytes":	15073280,
					"bits_per_second":	120569236.77287313,
					"retransmits":	5774,
					"snd_cwnd":	141999568,
					"snd_wnd":	112656384,
					"rtt":	259751,
					"rttvar":	9452,
					"pmtu":	1500,
					"omitted":	false,
					"sender":	true
				}],
			"sum":	{
				"start":	2.001063,
				"end":	3.001204,
				"seconds":	1.0001410245895386,
				"bytes":	15073280,
				"bits_per_second":	120569236.77287313,
				"retransmits":	5774,
				"omitted":	false,
				"sender":	true
			}
		}, {
			"streams":	[{
					"socket":	8,
					"start":	3.001204,
					"end":	4.001097,
					"seconds":	0.99989300966262817,
					"bytes":	12451840,
					"bits_per_second":	99625378.952904969,
					"retransmits":	8451,
					"snd_cwnd":	141233576,
					"snd_wnd":	121032704,
					"rtt":	301329,
					"rttvar":	4966,
					"pmtu":	1500,
					"omitted":	false,
					"sender":	true
				}],
			"sum":	{
				"start":	3.001204,
				"end":	4.001097,
				"seconds":	0.99989300966262817,
				"bytes":	12451840,
				"bits_per_second":	99625378.952904969,
				"retransmits":	8451,
				"omitted":	false,
				"sender":	true
			}
		}, {
			"streams":	[{
					"socket":	8,
					"start":	4.001097,
					"end":	5.006125,
					"seconds":	1.0050280094146729,
					"bytes":	25821184,
					"bits_per_second":	205536034.881561,
					"retransmits":	10783,
					"snd_cwnd":	140758632,
					"snd_wnd":	119996416,
					"rtt":	370123,
					"rttvar":	1710,
					"pmtu":	1500,
					"omitted":	false,
					"sender":	true
				}],
			"sum":	{
				"start":	4.001097,
				"end":	5.006125,
				"seconds":	1.0050280094146729,
				"bytes":	25821184,
				"bits_per_second":	205536034.881561,
				"retransmits":	10783,
				"omitted":	false,
				"sender":	true
			}
		}],
	"end":	{
		"streams":	[{
				"sender":	{
					"socket":	8,
					"start":	0,
					"end":	5.008913,
					"seconds":	5.008913,
					"bytes":	107479040,
					"bits_per_second":	171660462.06033126,
					"retransmits":	45607,
					"max_snd_cwnd":	144406144,
					"max_snd_wnd":	121032704,
					"max_rtt":	370123,
					"min_rtt":	128050,
					"mean_rtt":	268309,
					"sender":	true
				},
				"receiver":	{
					"socket":	8,
					"start":	0,
					"end":	5.344069,
					"seconds":	5.008913,
					"bytes":	73269248,
					"bits_per_second":	109683086.80146158,
					"sender":	true
				}
			}],
		"sum_sent":	{
			"start":	0,
			"end":	5.008913,
			"seconds":	5.008913,
			"bytes":	107479040,
			"bits_per_second":	171660462.06033126,
			"retransmits":	45607,
			"sender":	true
		},
		"sum_received":	{
			"start":	0,
			"end":	5.344069,
			"seconds":	5.344069,
			"bytes":	73269248,
			"bits_per_second":	109683086.80146158,
			"sender":	true
		},
		"cpu_utilization_percent":	{
			"host_total":	13.3128406371607,
			"host_user":	9.51329973072506,
			"host_system":	3.7996167959412777,
			"remote_total":	1.0600292135361291,
			"remote_user":	0.015662137932350793,
			"remote_system":	1.0443670756037782
		},
		"sender_tcp_congestion":	"prague",
		"receiver_tcp_congestion":	"prague"
	}
}
