{
	"start":	{
		"connected":	[{
				"socket":	8,
				"local_host":	"172.16.0.60",
				"local_port":	60562,
				"remote_host":	"172.17.0.60",
				"remote_port":	5201
			}],
		"version":	"iperf 3.16",
		"system_info":	"Linux h1 6.12.54-0b264c55b-l4steam-117 #1 SMP PREEMPT_DYNAMIC Fri Nov  7 18:07:57 UTC 2025 x86_64",
		"timestamp":	{
			"time":	"Sun, 22 Feb 2026 02:51:43 GMT",
			"timesecs":	1771728703
		},
		"connecting_to":	{
			"host":	"172.17.0.60",
			"port":	5201
		},
		"cookie":	"jtbde3xygqefi4vsnz547hj6jmyhyl34mf34",
		"tcp_mss_default":	1448,
		"target_bitrate":	0,
		"fq_rate":	0,
		"sock_bufsize":	0,
		"sndbuf_actual":	1000000,
		"rcvbuf_actual":	1000000,
		"test_start":	{
			"protocol":	"TCP",
			"num_streams":	1,
			"blksize":	131072,
			"omit":	0,
			"duration":	0,
			"bytes":	107374182,
			"blocks":	0,
			"reverse":	0,
			"tos":	0,
			"target_bitrate":	0,
			"bidir":	0,
			"fqrate":	0
		}
	},
	"intervals":	[{
			"streams":	[{
					"socket":	8,
					"start":	0,
					"end":	1.002594,
					"seconds":	1.002593994140625,
					"bytes":	17301504,
					"bits_per_second":	138053920.93799654,
					"retransmits":	2,
					"snd_cwnd":	144800000,
					"snd_wnd":	4173824,
					"rtt":	138505,
					"rttvar":	7966,
					"pmtu":	1500,
					"omitted":	false,
					"sender":	true
				}],
			"sum":	{
				"start":	0,
				"end":	1.002594,
				"seconds":	1.002593994140625,
				"bytes":	17301504,
				"bits_per_second":	138053920.93799654,
				"retransmits":	2,
				"omitted":	false,
				"sender":	true
			}
		}, {
			"streams":	[{
					"socket":	8,
					"start":	1.002594,
					"end":	2.001076,
					"seconds":	0.99848198890686035,
					"bytes":	0,
					"bits_per_second":	0,
					"retransmits":	4118,
					"snd_cwnd":	3423072,
					"snd_wnd":	30453760,
					"rtt":	282383,
					"rttvar":	2157,
					"pmtu":	1500,
					"omitted":	false,
					"sender":	true
				}],
			"sum":	{
				"start":	1.002594,
				"end":	2.001076,
				"seconds":	0.99848198890686035,
				"bytes":	0,
				"bits_per_second":	0,
				"retransmits":	4118,
				"omitted":	false,
				"sender":	true
			}
		}, {
			"streams":	[{
					"socket":	8,
					"start":	2.001076,
					"end":	3.010505,
					"seconds":	1.0094289779663086,
					"bytes":	30277632,
					"bits_per_second":	239958492.65988135,
					"retransmits":	2481,
					"snd_cwnd":	3439000,
					"snd_wnd":	51404800,
					"rtt":	272477,
					"rttvar":	2190,
					"pmtu":	1500,
					"omitted":	false,
					"sender":	true
				}],
			"sum":	{
				"start":	2.001076,
				"end":	3.010505,
				"seconds":	1.0094289779663086,
				"bytes":	30277632,
				"bits_per_second":	239958492.65988135,
				"retransmits":	2481,
				"omitted":	false,
				"sender":	true
			}
		}, {
			"streams":	[{
					"socket":	8,
					"start":	3.010505,
					"end":	4.001062,
					"seconds":	0.99055701494216919,
					"bytes":	4456448,
					"bits_per_second":	35991450.7314669,
					"retransmits":	1048,
					"snd_cwnd":	318560,
					"snd_wnd":	53968896,
					"rtt":	145550,
					"rttvar":	39779,
					"pmtu":	1500,
					"omitted":	false,
					"sender":	true
				}],
			"sum":	{
				"start":	3.010505,
				"end":	4.001062,
				"seconds":	0.99055701494216919,
				"bytes":	4456448,
				"bits_per_second":	35991450.7314669,
				"retransmits":	1048,
				"omitted":	false,
				"sender":	true
			}
		}, {
			"streams":	[{
					"socket":	8,
					"start":	4.001062,
					"end":	5.010484,
					"seconds":	1.0094219446182251,
					"bytes":	0,
					"bits_per_second":	0,
					"retransmits":	364,
					"snd_cwnd":	4525000,
					"snd_wnd":	54370304,
					"rtt":	192084,
					"rttvar":	1067,
					"pmtu":	1500,
					"omitted":	false,
					"sender":	true
				}],
			"sum":	{
				"start":	4.001062,
				"end":	5.010484,
				"seconds":	1.0094219446182251,
				"bytes":	0,
				"bits_per_second":	0,
				"retransmits":	364,
				"omitted":	false,
				"sender":	true
			}
		}, {
			"streams":	[{
					"socket":	8,
					"start":	5.010484,
					"end":	6.001065,
					"seconds":	0.990580976009369,
					"bytes":	9043968,
					"bits_per_second":	73039706.7501483,
					"retransmits":	118,
					"snd_cwnd":	2261776,
					"snd_wnd":	54370304,
					"rtt":	88807,
					"rttvar":	793,
					"pmtu":	1500,
					"omitted":	false,
					"sender":	true
				}],
			"sum":	{
				"start":	5.010484,
				"end":	6.001065,
				"seconds":	0.990580976009369,
				"bytes":	9043968,
				"bits_per_second":	73039706.7501483,
				"retransmits":	118,
				"omitted":	false,
				"sender":	true
			}
		}, {
			"streams":	[{
					"socket":	8,
					"start":	6.001065,
					"end":	7.001072,
					"seconds":	1.0000070333480835,
					"bytes":	4718592,
					"bits_per_second":	37748470.501867339,
					"retransmits":	88,
					"snd_cwnd":	1136680,
					"snd_wnd":	54370304,
					"rtt":	62298,
					"rttvar":	406,
					"pmtu":	1500,
					"omitted":	false,
					"sender":	true
				}],
			"sum":	{
				"start":	6.001065,
				"end":	7.001072,
				"seconds":	1.0000070333480835,
				"bytes":	4718592,
				"bits_per_second":	37748470.501867339,
				"retransmits":	88,
				"omitted":	false,
				"sender":	true
			}
		}, {
			"streams":	[{
					"socket":	8,
					"start":	7.001072,
					"end":	8.001117,
					"seconds":	1.0000449419021606,
					"bytes":	22806528,
					"bits_per_second":	182444024.61849579,
					"retransmits":	0,
					"snd_cwnd":	1159848,
					"snd_wnd":	54370304,
					"rtt":	60888,
					"rttvar":	44,
					"pmtu":	1500,
					"omitted":	false,
					"sender":	true
				}],
			"sum":	{
				"start":	7.001072,
				"end":	8.001117,
				"seconds":	1.0000449419021606,
				"bytes":	22806528,
				"bits_per_second":	182444024.61849579,
				"retransmits":	0,
				"omitted":	false,
				"sender":	true
			}
		}, {
			"streams":	[{
					"socket":	8,
					"start":	8.001117,
					"end":	9.002453,
					"seconds":	1.0013359785079956,
					"bytes":	18219008,
					"bits_per_second":	145557602.17182308,
					"retransmits":	0,
					"snd_cwnd":	1184464,
					"snd_wnd":	54370304,
					"rtt":	60894,
					"rttvar":	61,
					"pmtu":	1500,
					"omitted":	false,
					"sender":	true
				}],
			"sum":	{
				"start":	8.001117,
				"end":	9.002453,
				"seconds":	1.0013359785079956,
				"bytes":	18219008,
				"bits_per_second":	145557602.17182308,
				"retransmits":	0,
				"omitted":	false,
				"sender":	true
			}
		}, {
			"streams":	[{
					"socket":	8,
					"start":	9.002453,
					"end":	10.001091,
					"seconds":	0.99863797426223755,
					"bytes":	655360,
					"bits_per_second":	5250030.67690599,
					"retransmits":	0,
					"snd_cwnd":	1198944,
					"snd_wnd":	54370304,
					"rtt":	60895,
					"rttvar":	42,
					"pmtu":	1500,
					"omitted":	false,
					"sender":	true
				}],
			"sum":	{
				"start":	9.002453,
				"end":	10.001091,
				"seconds":	0.99863797426223755,
				"bytes":	655360,
				"bits_per_second":	5250030.67690599,
				"retransmits":	0,
				"omitted":	false,
				"sender":	true
			}
		}],
	"end":	{
		"streams":	[{
				"sender":	{
					"socket":	8,
					"start":	0,
					"end":	10.001611,
					"seconds":	10.001611,
					"bytes":	107479040,
					"bits_per_second":	85969382.332506225,
					"retransmits":	8219,
					"max_snd_cwnd":	144800000,
					"max_snd_wnd":	54370304,
					"max_rtt":	282383,
					"min_rtt":	60888,
					"mean_rtt":	129606,
					"sender":	true
				},
				"receiver":	{
					"socket":	8,
					"start":	0,
					"end":	10.08165,
					"seconds":	10.001611,
					"bytes":	107479040,
					"bits_per_second":	85286864.7493218,
					"sender":	true
				}
			}],
		"sum_sent":	{
			"start":	0,
			"end":	10.001611,
			"seconds":	10.001611,
			"bytes":	107479040,
			"bits_per_second":	85969382.332506225,
			"retransmits":	8219,
			"sender":	true
		},
		"sum_received":	{
			"start":	0,
			"end":	10.08165,
			"seconds":	10.08165,
			"bytes":	107479040,
			"bits_per_second":	85286864.7493218,
			"sender":	true
		},
		"cpu_utilization_percent":	{
			"host_total":	7.3848912998344254,
			"host_user":	6.0527806325033868,
			"host_system":	1.332151217410712,
			"remote_total":	2.3411908986453027,