{
	"start":	{
		"connected":	[{
				"socket":	8,
				"local_host":	"172.16.0.6",
				"local_port":	46042,
				"remote_host":	"172.17.0.6",
				"remote_port":	5201
			}],
		"version":	"iperf 3.16",
		"system_info":	"Linux h1 6.12.54-0b264c55b-l4steam-117 #1 SMP PREEMPT_DYNAMIC Fri Nov  7 18:07:57 UTC 2025 x86_64",
		"timestamp":	{
			"time":	"Sun, 22 Feb 2026 02:51:42 GMT",
			"timesecs":	1771728702
		},
		"connecting_to":	{
			"host":	"172.17.0.6",
			"port":	5201
		},
		"cookie":	"iivm62iuvcm3ltpouyhqja5bzff4x2y7ued5",
		"tcp_mss_default":	1448,
		"target_bitrate":	0,
		"fq_rate":	0,
		"sock_bufsize":	0,
		"sndbuf_actual":	1000000,
		"rcvbuf_actual":	1000000,
		"test_start":	{
			"protocol":	"TCP",
			"num_streams":	1,
			"blksize":	131072,
			"omit":	0,
			"duration":	0,
			"bytes":	107374182,
			"blocks":	0,
			"reverse":	0,
			"tos":	0,
			"target_bitrate":	0,
			"bidir":	0,
			"fqrate":	0
		}
	},
	"intervals":	[{
			"streams":	[{
					"socket":	8,
					"start":	0,
					"end":	1.001136,
					"seconds":	1.0011359453201294,
					"bytes":	86507520,
					"bits_per_second":	691274909.50162876,
					"retransmits":	5332,
					"snd_cwnd":	144723256,
					"snd_wnd":	27316224,
					"rtt":	346604,
					"rttvar":	8703,
					"pmtu":	1500,
					"omitted":	false,
					"sender":	true
				}],
			"sum":	{
				"start":	0,
				"end":	1.001136,
				"seconds":	1.0011359453201294,
				"bytes":	86507520,
				"bits_per_second":	691274909.50162876,
				"retransmits":	5332,
				"omitted":	false,
				"sender":	true
			}
		}, {
			"streams":	[{
					"socket":	8,
					"start":	1.001136,
					"end":	2.001031,
					"seconds":	0.99989497661590576,
					"bytes":	0,
					"bits_per_second":	0,
					"retransmits":	34003,
					"snd_cwnd":	144501712,
					"snd_wnd":	26386432,
					"rtt":	111106,
					"rttvar":	1464,
					"pmtu":	1500,
					"omitted":	false,
					"sender":	true
				}],
			"sum":	{
				"start":	1.001136,
				"end":	2.001031,
				"seconds":	0.99989497661590576,
				"bytes":	0,
				"bits_per_second":	0,
				"retransmits":	34003,
				"omitted":	false,
				"sender":	true
			}
		}, {
			"streams":	[{
					"socket":	8,
					"start":	2.001031,
					"end":	3.001049,
					"seconds":	1.0000180006027222,
					"bytes":	0,
					"bits_per_second":	0,
					"retransmits":	4456,
					"snd_cwnd":	143547480,
					"snd_wnd":	52076544,
					"rtt":	319096,
					"rttvar":	7775,
					"pmtu":	1500,
					"omitted":	false,
					"sender":	true
				}],
			"sum":	{
				"start":	2.001031,
				"end":	3.001049,
				"seconds":	1.0000180006027222,
				"bytes":	0,
				"bits_per_second":	0,
				"retransmits":	4456,
				"omitted":	false,
				"sender":	true
			}
		}, {
			"streams":	[{
					"socket":	8,
					"start":	3.001049,
					"end":	4.001047,
					"seconds":	0.99999797344207764,
					"bytes":	0,
					"bits_per_second":	0,
					"retransmits":	8759,
					"snd_cwnd":	142668544,
					"snd_wnd":	76791808,
					"rtt":	319710,
					"rttvar":	5060,
					"pmtu":	1500,
					"omitted":	false,
					"sender":	true
				}],
			"sum":	{
				"start":	3.001049,
				"end":	4.001047,
				"seconds":	0.99999797344207764,
				"bytes":	0,
				"bits_per_second":	0,
				"retransmits":	8759,
				"omitted":	false,
				"sender":	true
			}
		}, {
			"streams":	[{
					"socket":	8,
					"start":	4.001047,
					"end":	5.001764,
					"seconds":	1.0007170438766479,
					"bytes":	11534336,
					"bits_per_second":	92208570.4092136,
					"retransmits":	2920,
					"snd_cwnd":	142102376,
					"snd_wnd":	88178688,
					"rtt":	392346,
					"rttvar":	13639,
					"pmtu":	1500,
					"omitted":	false,
					"sender":	true
				}],
			"sum":	{
				"start":	4.001047,
				"end":	5.001764,
				"seconds":	1.0007170438766479,
				"bytes":	11534336,
				"bits_per_second":	92208570.4092136,
				"retransmits":	2920,
				"omitted":	false,
				"sender":	true
			}
		}, {
			"streams":	[{
					"socket":	8,
					"start":	5.001764,
					"end":	6.000715,
					"seconds":	0.998951017856598,
					"bytes":	9437184,
					"bits_per_second":	75576750.6619007,
					"retransmits":	9020,
					"snd_cwnd":	141517384,
					"snd_wnd":	93061120,
					"rtt":	290555,
					"rttvar":	7905,
					"pmtu":	1500,
					"omitted":	false,
					"sender":	true
				}],
			"sum":	{
				"start":	5.001764,
				"end":	6.000715,
				"seconds":	0.998951017856598,
				"bytes":	9437184,
				"bits_per_second":	75576750.6619007,
				"retransmits":	9020,
				"omitted":	false,
				"sender":	true
			}
		}],
	"end":	{
		"streams":	[{
				"sender":	{
					"socket":	8,
					"start":	0,
					"end":	6.001081,
					"seconds":	6.001081,
					"bytes":	107479040,
					"bits_per_second":	143279572.46369445,
					"retransmits":	64490,
					"max_snd_cwnd":	144723256,
					"max_snd_wnd":	93061120,
					"max_rtt":	392346,
					"min_rtt":	111106,
					"mean_rtt":	295710,
					"sender":	true
				},
				"receiver":	{
					"socket":	8,
					"start":	0,
					"end":	6.06851,
					"seconds":	6.001081,
					"bytes":	100401152,
					"bits_per_second":	132356907.37924136,
					"sender":	true
				}
			}],
		"sum_sent":	{
			"start":	0,
			"end":	6.001081,
			"seconds":	6.001081,
			"bytes":	107479040,
			"bits_per_second":	143279572.46369445,
			"retransmits":	64490,
			"sender":	true
		},
		"sum_received":	{
			"start":	0,
			"end":	6.06851,
			"seconds":	6.06851,
			"bytes":	100401152,
			"bits_per_second":	132356907.37924136,
			"sender":	true
		},
		"cpu_utilization_percent":	{
			"host_total":	8.9766180019002366,
			"host_user":	6.0589048118958,
			"host_system":	2.9176972135652108,
			"remote_total":	1.05015668557242,
			"remote_user":	0.17945058459859178,
			"remote_system":	0.87070610097382839
		},
		"sender_tcp_congestion":	"prague",
		"receiver_tcp_congestion":	"prague"
	}
}
