{
	"start":	{
		"connected":	[{
				"socket":	8,
				"local_host":	"172.16.0.74",
				"local_port":	34126,
				"remote_host":	"172.17.0.74",
				"remote_port":	5201
			}],
		"version":	"iperf 3.16",
		"system_info":	"Linux h1 6.12.54-0b264c55b-l4steam-117 #1 SMP PREEMPT_DYNAMIC Fri Nov  7 18:07:57 UTC 2025 x86_64",
		"timestamp":	{
			"time":	"Sun, 22 Feb 2026 02:51:43 GMT",
			"timesecs":	1771728703
		},
		"connecting_to":	{
			"host":	"172.17.0.74",
			"port":	5201
		},
		"cookie":	"4dgaewhsslxohycui4tbhlvl3f3h45jql474",
		"tcp_mss_default":	1448,
		"target_bitrate":	0,
		"fq_rate":	0,
		"sock_bufsize":	0,
		"sndbuf_actual":	1000000,
		"rcvbuf_actual":	1000000,
		"test_start":	{
			"protocol":	"TCP",
			"num_streams":	1,
			"blksize":	131072,
			"omit":	0,
			"duration":	0,
			"bytes":	107374182,
			"blocks":	0,
			"reverse":	0,
			"tos":	0,
			"target_bitrate":	0,
			"bidir":	0,
			"fqrate":	0
		}
	},
	"intervals":	[{
			"streams":	[{
					"socket":	8,
					"start":	0,
					"end":	1.001048,
					"seconds":	1.0010479688644409,
					"bytes":	21495808,
					"bits_per_second":	171786437.16252044,
					"retransmits":	2896,
					"snd_cwnd":	144701536,
					"snd_wnd":	11997184,
					"rtt":	114087,
					"rttvar":	2394,
					"pmtu":	1500,
					"omitted":	false,
					"sender":	true
				}],
			"sum":	{
				"start":	0,
				"end":	1.001048,
				"seconds":	1.0010479688644409,
				"bytes":	21495808,
				"bits_per_second":	171786437.16252044,
				"retransmits":	2896,
				"omitted":	false,
				"sender":	true
			}
		}, {
			"streams":	[{
					"socket":	8,
					"start":	1.001048,
					"end":	2.001041,
					"seconds":	0.99999302625656128,
					"bytes":	0,
					"bits_per_second":	0,
					"retransmits":	5622,
					"snd_cwnd":	144713120,
					"snd_wnd":	15286272,
					"rtt":	150186,
					"rttvar":	29239,
					"pmtu":	1500,
					"omitted":	false,
					"sender":	true
				}],
			"sum":	{
				"start":	1.001048,
				"end":	2.001041,
				"seconds":	0.99999302625656128,
				"bytes":	0,
				"bits_per_second":	0,
				"retransmits":	5622,
				"omitted":	false,
				"sender":	true
			}
		}, {
			"streams":	[{
					"socket":	8,
					"start":	2.001041,
					"end":	3.000488,
					"seconds":	0.999446988105774,
					"bytes":	12189696,
					"bits_per_second":	97571526.214534432,
					"retransmits":	6488,
					"snd_cwnd":	143813912,
					"snd_wnd":	51986432,
					"rtt":	273402,
					"rttvar":	1073,
					"pmtu":	1500,
					"omitted":	false,
					"sender":	true
				}],
			"sum":	{
				"start":	2.001041,
				"end":	3.000488,
				"seconds":	0.999446988105774,
				"bytes":	12189696,
				"bits_per_second":	97571526.214534432,
				"retransmits":	6488,
				"omitted":	false,
				"sender":	true
			}
		}, {
			"streams":	[{
					"socket":	8,
					"start":	3.000488,
					"end":	4.001073,
					"seconds":	1.0005849599838257,
					"bytes":	7602176,
					"bits_per_second":	60781853.048224017,
					"retransmits":	6292,
					"snd_cwnd":	143144936,
					"snd_wnd":	76439552,
					"rtt":	115750,
					"rttvar":	34983,
					"pmtu":	1500,
					"omitted":	false,
					"sender":	true
				}],
			"sum":	{
				"start":	3.000488,
				"end":	4.001073,
				"seconds":	1.0005849599838257,
				"bytes":	7602176,
				"bits_per_second":	60781853.048224017,
				"retransmits":	6292,
				"omitted":	false,
				"sender":	true
			}
		}, {
			"streams":	[{
					"socket":	8,
					"start":	4.001073,
					"end":	5.008578,
					"seconds":	1.0075050592422485,
					"bytes":	24772608,
					"bits_per_second":	196704584.44055179,
					"retransmits":	4607,
					"snd_cwnd":	142473064,
					"snd_wnd":	88748032,
					"rtt":	342134,
					"rttvar":	29206,
					"pmtu":	1500,
					"omitted":	false,
					"sender":	true
				}],
			"sum":	{
				"start":	4.001073,
				"end":	5.008578,
				"seconds":	1.0075050592422485,
				"bytes":	24772608,
				"bits_per_second":	196704584.44055179,
				"retransmits":	4607,
				"omitted":	false,
				"sender":	true
			}
		}, {
			"streams":	[{
					"socket":	8,
					"start":	5.008578,
					"end":	6.000444,
					"seconds":	0.99186599254608154,
					"bytes":	4194304,
					"bits_per_second":	33829602.236756876,
					"retransmits":	6952,
					"snd_cwnd":	142082104,
					"snd_wnd":	90124288,
					"rtt":	190331,
					"rttvar":	16198,
					"pmtu":	1500,
					"omitted":	false,
					"sender":	true
				}],
			"sum":	{
				"start":	5.008578,
				"end":	6.000444,
				"seconds":	0.99186599254608154,
				"bytes":	4194304,
				"bits_per_second":	33829602.236756876,
				"retransmits":	6952,
				"omitted":	false,
				"sender":	true
			}
		}, {
			"streams":	[{
					"socket":	8,
					"start":	6.000444,
					"end":	7.006111,
					"seconds":	1.005666971206665,
					"bytes":	0,
					"bits_per_second":	0,
					"retransmits":	1947,
					"snd_cwnd":	23168,
					"snd_wnd":	90124288,
					"rtt":	85537,
					"rttvar":	32260,
					"pmtu":	1500,
					"omitted":	false,
					"sender":	true
				}],
			"sum":	{
				"start":	6.000444,
				"end":	7.006111,
				"seconds":	1.005666971206665,
				"bytes":	0,
				"bits_per_second":	0,
				"retransmits":	1947,
				"omitted":	false,
				"sender":	true
			}
		}, {
			"streams":	[{
					"socket":	8,
					"start":	7.006111,
					"end":	8.00043,
					"seconds":	0.99431902170181274,
					"bytes":	6553600,
					"bits_per_second":	52728348.604119256,
					"retransmits":	2573,
					"snd_cwnd":	626984,
					"snd_wnd":	90431488,
					"rtt":	93715,
					"rttvar":	450,
					"pmtu":	1500,
					"omitted":	false,
					"sender":	true
				}],
			"sum":	{
				"start":	7.006111,
				"end":	8.00043,
				"seconds":	0.99431902170181274,
				"bytes":	6553600,
				"bits_per_second":	52728348.604119256,
				"retransmits":	2573,
				"omitted":	false,
				"sender":	true
			}
		}, {
			"streams":	[{
					"socket":	8,
					"start":	8.00043,
					"end":	9.001058,
					"seconds":	1.0006279945373535,
					"bytes":	3932160,
					"bits_per_second":	31437537.398246054,
					"retransmits":	994,
					"snd_cwnd":	632776,
					"snd_wnd":	91320320,
					"rtt":	63750,
					"rttvar":	227,
					"pmtu":	1500,
					"omitted":	false,
					"sender":	true
				}],
			"sum":	{
				"start":	8.00043,
				"end":	9.001058,
				"seconds":	1.0006279945373535,
				"bytes":	3932160,
				"bits_per_second":	31437537.398246054,
				"retransmits":	994,
				"omitted":	false,
				"sender":	true
			}
		}, {
			"streams":	[{
					"socket":	8,
					"start":	9.001058,
					"end":	10.001065,
					"seconds":	1.0000070333480835,
					"bytes":	11665408,
					"bits_per_second":	93322607.6296165,
					"retransmits":	0,
					"snd_cwnd":	654496,
					"snd_wnd":	91320320,
					"rtt":	60887,
					"rttvar":	32,
					"pmtu":	1500,
					"omitted":	false,
					"sender":	true
				}],
			"sum":	{
				"start":	9.001058,
				"end":	10.001065,
				"seconds":	1.0000070333480835,
				"bytes":	11665408,
				"bits_per_second":	93322607.6296165,
				"retransmits":	0,
				"omitted":	false,
				"sender":	true
			}
		}, {
			"streams":	[{
					"socket":	8,
					"start":	10.001065,
					"end":	11.00053,
					"seconds":	0.999464988708496,
					"bytes":	11665408,
					"bits_per_second":	93373219.726877958,
					"retransmits":	0,
					"snd_cwnd":	677664,
					"snd_wnd":	91320320,
					"rtt":	60891,
					"rttvar":	48,
					"pmtu":	1500,
					"omitted":	false,
					"sender":	true
				}],
			"sum":	{
				"start":	10.001065,
				"end":	11.00053,
				"seconds":	0.999464988708496,
				"bytes":	11665408,
				"bits_per_second":	93373219.726877958,
				"retransmits":	0,
				"omitted":	false,
				"sender":	true
			}
		}, {
			"streams":	[{
					"socket":	8,
					"start":	11.00053,
					"end":	12.001015,
					"seconds":	1.0004849433898926,
					"bytes":	3407872,
					"bits_per_second":	27249761.40832888,
					"retransmits":	0,
					"snd_cwnd":	700832,
					"snd_wnd":	91320320,
					"rtt":	60819,
					"rttvar":	24,
					"pmtu":	1500,
					"omitted":	false,
					"sender":	true
				}],
			"sum":	{
				"start":	11.00053,
				"end":	12.001015,
				"seconds":	1.0004849433898926,
				"bytes":	3407872,