{
	"start":	{
		"connected":	[{
				"socket":	8,
				"local_host":	"172.16.0.112",
				"local_port":	40874,
				"remote_host":	"172.17.0.112",
				"remote_port":	5201
			}],
		"version":	"iperf 3.16",
		"system_info":	"Linux h1 6.12.54-0b264c55b-l4steam-117 #1 SMP PREEMPT_DYNAMIC Fri Nov  7 18:07:57 UTC 2025 x86_64",
		"timestamp":	{
			"time":	"Sun, 22 Feb 2026 01:58:31 GMT",
			"timesecs":	1771725511
		},
		"connecting_to":	{
			"host":	"172.17.0.112",
			"port":	5201
		},
		"cookie":	"sbgmh7o5o5mlrouvrp3wp3i2m6c7ria54ywc",
		"tcp_mss_default":	1448,
		"target_bitrate":	0,
		"fq_rate":	0,
		"sock_bufsize":	0,
		"sndbuf_actual":	1000000,
		"rcvbuf_actual":	1000000,
		"test_start":	{
			"protocol":	"TCP",
			"num_streams":	1,
			"blksize":	131072,
			"omit":	0,
			"duration":	0,
			"bytes":	107374182,
			"blocks":	0,
			"reverse":	0,
			"tos":	0,
			"target_bitrate":	0,
			"bidir":	0,
			"fqrate":	0
		}
	},
	"intervals":	[{
			"streams":	[{
					"socket":	8,
					"start":	0,
					"end":	1.001076,
					"seconds":	1.0010759830474854,
					"bytes":	16121856,
					"bits_per_second":	128836222.40878609,
					"retransmits":	380,
					"snd_cwnd":	144750768,
					"snd_wnd":	3624960,
					"rtt":	290732,
					"rttvar":	226,
					"pmtu":	1500,
					"omitted":	false,
					"sender":	true
				}],
			"sum":	{
				"start":	0,
				"end":	1.001076,
				"seconds":	1.0010759830474854,
				"bytes":	16121856,
				"bits_per_second":	128836222.40878609,
				"retransmits":	380,
				"omitted":	false,
				"sender":	true
			}
		}, {
			"streams":	[{
					"socket":	8,
					"start":	1.001076,
					"end":	2.000449,
					"seconds":	0.99937301874160767,
					"bytes":	0,
					"bits_per_second":	0,
					"retransmits":	3360,
					"snd_cwnd":	144026768,
					"snd_wnd":	29384704,
					"rtt":	299189,
					"rttvar":	5170,
					"pmtu":	1500,
					"omitted":	false,
					"sender":	true
				}],
			"sum":	{
				"start":	1.001076,
				"end":	2.000449,
				"seconds":	0.99937301874160767,
				"bytes":	0,
				"bits_per_second":	0,
				"retransmits":	3360,
				"omitted":	false,
				"sender":	true
			}
		}, {
			"streams":	[{
					"socket":	8,
					"start":	2.000449,
					"end":	3.001051,
					"seconds":	1.0006020069122314,
					"bytes":	7995392,
					"bits_per_second":	63924652.917081922,
					"retransmits":	2198,
					"snd_cwnd":	143433088,
					"snd_wnd":	45809664,
					"rtt":	282687,
					"rttvar":	10372,
					"pmtu":	1500,
					"omitted":	false,
					"sender":	true
				}],
			"sum":	{
				"start":	2.000449,
				"end":	3.001051,
				"seconds":	1.0006020069122314,
				"bytes":	7995392,
				"bits_per_second":	63924652.917081922,
				"retransmits":	2198,
				"omitted":	false,
				"sender":	true
			}
		}, {
			"streams":	[{
					"socket":	8,
					"start":	3.001051,
					"end":	4.000434,
					"seconds":	0.999382972717285,
					"bytes":	8126464,
					"bits_per_second":	65051850.766714156,
					"retransmits":	628,
					"snd_cwnd":	143282496,
					"snd_wnd":	49647616,
					"rtt":	297501,
					"rttvar":	1880,
					"pmtu":	1500,
					"omitted":	false,
					"sender":	true
				}],
			"sum":	{
				"start":	3.001051,
				"end":	4.000434,
				"seconds":	0.999382972717285,
				"bytes":	8126464,
				"bits_per_second":	65051850.766714156,
				"retransmits":	628,
				"omitted":	false,
				"sender":	true
			}
		}, {
			"streams":	[{
					"socket":	8,
					"start":	4.000434,
					"end":	5.001047,
					"seconds":	1.00061297416687,
					"bytes":	0,
					"bits_per_second":	0,
					"retransmits":	5635,
					"snd_cwnd":	142979864,
					"snd_wnd":	66277376,
					"rtt":	323298,
					"rttvar":	3931,
					"pmtu":	1500,
					"omitted":	false,
					"sender":	true
				}],
			"sum":	{
				"start":	4.000434,
				"end":	5.001047,
				"seconds":	1.00061297416687,
				"bytes":	0,
				"bits_per_second":	0,
				"retransmits":	5635,
				"omitted":	false,
				"sender":	true
			}
		}, {
			"streams":	[{
					"socket":	8,
					"start":	5.001047,
					"end":	6.004359,
					"seconds":	1.0033119916915894,
					"bytes":	64487424,
					"bits_per_second":	514196377.86865366,
					"retransmits":	9601,
					"snd_cwnd":	142279032,
					"snd_wnd":	90472448,
					"rtt":	274734,
					"rttvar":	9229,
					"pmtu":	1500,
					"omitted":	false,
					"sender":	true
				}],
			"sum":	{
				"start":	5.001047,
				"end":	6.004359,
				"seconds":	1.0033119916915894,
				"bytes":	64487424,
				"bits_per_second":	514196377.86865366,
				"retransmits":	9601,
				"omitted":	false,
				"sender":	true
			}
		}, {
			"streams":	[{
					"socket":	8,
					"start":	6.004359,
					"end":	7.000601,
					"seconds":	0.9962419867515564,
					"bytes":	9568256,
					"bits_per_second":	76834794.174449,
					"retransmits":	17642,
					"snd_cwnd":	141336384,
					"snd_wnd":	73654272,
					"rtt":	254898,
					"rttvar":	15394,
					"pmtu":	1500,
					"omitted":	false,
					"sender":	true
				}],
			"sum":	{
				"start":	6.004359,
				"end":	7.000601,
				"seconds":	0.9962419867515564,
				"bytes":	9568256,
				"bits_per_second":	76834794.174449,
				"retransmits":	17642,
				"omitted":	false,
				"sender":	true
			}
		}],
	"end":	{
		"streams":	[{
				"sender":	{
					"socket":	8,
					"start":	0,
					"end":	7.004491,
					"seconds":	7.004491,
					"bytes":	107479040,
					"bits_per_second":	122754432.8345914,
					"retransmits":	39444,
					"max_snd_cwnd":	144750768,
					"max_snd_wnd":	90472448,
					"max_rtt":	323298,
					"min_rtt":	254898,
					"mean_rtt":	284742,
					"sender":	true
				},
				"receiver":	{
					"socket":	8,
					"start":	0,
					"end":	7.288784,
					"seconds":	7.004491,
					"bytes":	83361792,
					"bits_per_second":	91495966.4053702,
					"sender":	true
				}
			}],
		"sum_sent":	{
			"start":	0,
			"end":	7.004491,
			"seconds":	7.004491,
			"bytes":	107479040,
			"bits_per_second":	122754432.8345914,
			"retransmits":	39444,
			"sender":	true
		},
		"sum_received":	{
			"start":	0,
			"end":	7.288784,
			"seconds":	7.288784,
			"bytes":	83361792,
			"bits_per_second":	91495966.4053702,
			"sender":	true
		},
		"cpu_utilization_percent":	{
			"host_total":	12.751387607867615,
			"host_user":	8.929714493331,
			"host_system":	3.8216978056172453,
			"remote_total":	0.45652227300484677,
			"remote_user":	0,
			"remote_system":	0.45654971236009873
		},
		"sender_tcp_congestion":	"prague",
		"receiver_tcp_congestion":	"prague"
	}
}
