{
	"start":	{
		"connected":	[{
				"socket":	8,
				"local_host":	"172.16.0.115",
				"local_port":	38308,
				"remote_host":	"172.17.0.115",
				"remote_port":	5201
			}],
		"version":	"iperf 3.16",
		"system_info":	"Linux h1 6.12.54-0b264c55b-l4steam-117 #1 SMP PREEMPT_DYNAMIC Fri Nov  7 18:07:57 UTC 2025 x86_64",
		"timestamp":	{
			"time":	"Sun, 22 Feb 2026 01:58:31 GMT",
			"timesecs":	1771725511
		},
		"connecting_to":	{
			"host":	"172.17.0.115",
			"port":	5201
		},
		"cookie":	"2675hrlkkcdurvx5c72yg2tq3wkqsk5geiaz",
		"tcp_mss_default":	1448,
		"target_bitrate":	0,
		"fq_rate":	0,
		"sock_bufsize":	0,
		"sndbuf_actual":	1000000,
		"rcvbuf_actual":	1000000,
		"test_start":	{
			"protocol":	"TCP",
			"num_streams":	1,
			"blksize":	131072,
			"omit":	0,
			"duration":	0,
			"bytes":	107374182,
			"blocks":	0,
			"reverse":	0,
			"tos":	0,
			"target_bitrate":	0,
			"bidir":	0,
			"fqrate":	0
		}
	},
	"intervals":	[{
			"streams":	[{
					"socket":	8,
					"start":	0,
					"end":	1.001061,
					"seconds":	1.001060962677002,
					"bytes":	15859712,
					"bits_per_second":	126743226.1674735,
					"retransmits":	1,
					"snd_cwnd":	144800000,
					"snd_wnd":	1466368,
					"rtt":	308009,
					"rttvar":	19793,
					"pmtu":	1500,
					"omitted":	false,
					"sender":	true
				}],
			"sum":	{
				"start":	0,
				"end":	1.001061,
				"seconds":	1.001060962677002,
				"bytes":	15859712,
				"bits_per_second":	126743226.1674735,
				"retransmits":	1,
				"omitted":	false,
				"sender":	true
			}
		}, {
			"streams":	[{
					"socket":	8,
					"start":	1.001061,
					"end":	2.001068,
					"seconds":	1.0000070333480835,
					"bytes":	0,
					"bits_per_second":	0,
					"retransmits":	1,
					"snd_cwnd":	1448,
					"snd_wnd":	1466368,
					"rtt":	308009,
					"rttvar":	19793,
					"pmtu":	1500,
					"omitted":	false,
					"sender":	true
				}],
			"sum":	{
				"start":	1.001061,
				"end":	2.001068,
				"seconds":	1.0000070333480835,
				"bytes":	0,
				"bits_per_second":	0,
				"retransmits":	1,
				"omitted":	false,
				"sender":	true
			}
		}, {
			"streams":	[{
					"socket":	8,
					"start":	2.001068,
					"end":	3.001057,
					"seconds":	0.99998897314071655,
					"bytes":	0,
					"bits_per_second":	0,
					"retransmits":	16,
					"snd_cwnd":	14480,
					"snd_wnd":	1490944,
					"rtt":	290011,
					"rttvar":	13044,
					"pmtu":	1500,
					"omitted":	false,
					"sender":	true
				}],
			"sum":	{
				"start":	2.001068,
				"end":	3.001057,
				"seconds":	0.99998897314071655,
				"bytes":	0,
				"bits_per_second":	0,
				"retransmits":	16,
				"omitted":	false,
				"sender":	true
			}
		}, {
			"streams":	[{
					"socket":	8,
					"start":	3.001057,
					"end":	4.002402,
					"seconds":	1.0013450384140015,
					"bytes":	0,
					"bits_per_second":	0,
					"retransmits":	109,
					"snd_cwnd":	72400,
					"snd_wnd":	1646592,
					"rtt":	284370,
					"rttvar":	20082,
					"pmtu":	1500,
					"omitted":	false,
					"sender":	true
				}],
			"sum":	{
				"start":	3.001057,
				"end":	4.002402,
				"seconds":	1.0013450384140015,
				"bytes":	0,
				"bits_per_second":	0,
				"retransmits":	109,
				"omitted":	false,
				"sender":	true
			}
		}, {
			"streams":	[{
					"socket":	8,
					"start":	4.002402,
					"end":	5.002926,
					"seconds":	1.0005240440368652,
					"bytes":	0,
					"bits_per_second":	0,
					"retransmits":	655,
					"snd_cwnd":	538656,
					"snd_wnd":	2568192,
					"rtt":	270197,
					"rttvar":	1871,
					"pmtu":	1500,
					"omitted":	false,
					"sender":	true
				}],
			"sum":	{
				"start":	4.002402,
				"end":	5.002926,
				"seconds":	1.0005240440368652,
				"bytes":	0,
				"bits_per_second":	0,
				"retransmits":	655,
				"omitted":	false,
				"sender":	true
			}
		}, {
			"streams":	[{
					"socket":	8,
					"start":	5.002926,
					"end":	6.001029,
					"seconds":	0.99810302257537842,
					"bytes":	0,
					"bits_per_second":	0,
					"retransmits":	328,
					"snd_cwnd":	2302320,
					"snd_wnd":	7274496,
					"rtt":	283909,
					"rttvar":	2276,
					"pmtu":	1500,
					"omitted":	false,
					"sender":	true
				}],
			"sum":	{
				"start":	5.002926,
				"end":	6.001029,
				"seconds":	0.99810302257537842,
				"bytes":	0,
				"bits_per_second":	0,
				"retransmits":	328,
				"omitted":	false,
				"sender":	true
			}
		}, {
			"streams":	[{
					"socket":	8,
					"start":	6.001029,
					"end":	7.00701,
					"seconds":	1.0059809684753418,
					"bytes":	7077888,
					"bits_per_second":	56286456.4782151,
					"retransmits":	102,
					"snd_cwnd":	3454928,
					"snd_wnd":	10399744,
					"rtt":	283125,
					"rttvar":	1010,
					"pmtu":	1500,
					"omitted":	false,
					"sender":	true
				}],
			"sum":	{
				"start":	6.001029,
				"end":	7.00701,
				"seconds":	1.0059809684753418,
				"bytes":	7077888,
				"bits_per_second":	56286456.4782151,
				"retransmits":	102,
				"omitted":	false,
				"sender":	true
			}
		}, {
			"streams":	[{
					"socket":	8,
					"start":	7.00701,
					"end":	8.001028,
					"seconds":	0.994018018245697,
					"bytes":	14680064,
					"bits_per_second":	118147266.79428418,
					"retransmits":	15,
					"snd_cwnd":	2269016,
					"snd_wnd":	32735232,
					"rtt":	61365,
					"rttvar":	102,
					"pmtu":	1500,
					"omitted":	false,
					"sender":	true
				}],
			"sum":	{
				"start":	7.00701,
				"end":	8.001028,
				"seconds":	0.994018018245697,
				"bytes":	14680064,
				"bits_per_second":	118147266.79428418,
				"retransmits":	15,
				"omitted":	false,
				"sender":	true
			}
		}, {
			"streams":	[{
					"socket":	8,
					"start":	8.001028,
					"end":	9.001057,
					"seconds":	1.0000289678573608,
					"bytes":	69861376,
					"bits_per_second":	558874818.59397244,
					"retransmits":	6,
					"snd_cwnd":	9378696,
					"snd_wnd":	37322752,
					"rtt":	61206,
					"rttvar":	210,
					"pmtu":	1500,
					"omitted":	false,
					"sender":	true
				}],
			"sum":	{
				"start":	8.001028,
				"end":	9.001057,
				"seconds":	1.0000289678573608,
				"bytes":	69861376,
				"bits_per_second":	558874818.59397244,
				"retransmits":	6,
				"omitted":	false,
				"sender":	true
			}
		}],
	"end":	{
		"streams":	[{
				"sender":	{
					"socket":	8,
					"start":	0,
					"end":	9.001373,
					"seconds":	9.001373,
					"bytes":	107479040,
					"bits_per_second":	95522351.978970334,
					"retransmits":	1233,
					"max_snd_cwnd":	144800000,
					"max_snd_wnd":	37367808,
					"max_rtt":	308009,
					"min_rtt":	61204,
					"mean_rtt":	221140,
					"sender":	true
				},
				"receiver":	{
					"socket":	8,
					"start":	0,
					"end":	9.059947,
					"seconds":	9.001373,
					"bytes":	93323264,
					"bits_per_second":	82405130.1845364,
					"sender":	true
				}
			}],
		"sum_sent":	{
			"start":	0,
			"end":	9.001373,
			"seconds":	9.001373,
			"bytes":	107479040,
			"bits_per_second":	95522351.978970334,
			"retransmits":	1233,
			"sender":	true
		},
		"sum_received":	{
			"start":	0,
			"end":	9.059947,
			"seconds":	9.059947,
			"bytes":	93323264,
			"bits_per_second":	82405130.1845364,
			"sender":	true
		},
		"cpu_utilization_percent":	{
			"host_total":	1.939348044053713,
			"host_user":	1.44655450166891,
			"host_system":	0.49281340268151741,
			"remote_total":	2.5819746544274729,
			"remote_user":	0.0438522665374535,
			"remote_system":	2.538133425460253
		},
		"sender_tcp_congestion":	"prague",
		"receiver_tcp_congestion":	"prague"
	}
}
