{
	"start":	{
		"connected":	[{
				"socket":	8,
				"local_host":	"172.16.0.11",
				"local_port":	52694,
				"remote_host":	"172.17.0.11",
				"remote_port":	5201
			}],
		"version":	"iperf 3.16",
		"system_info":	"Linux h1 6.12.54-0b264c55b-l4steam-117 #1 SMP PREEMPT_DYNAMIC Fri Nov  7 18:07:57 UTC 2025 x86_64",
		"timestamp":	{
			"time":	"Sun, 22 Feb 2026 01:58:30 GMT",
			"timesecs":	1771725510
		},
		"connecting_to":	{
			"host":	"172.17.0.11",
			"port":	5201
		},
		"cookie":	"ej6p6yhmifdcjfxkqyeruvpnrcwlqf4sc6kc",
		"tcp_mss_default":	1448,
		"target_bitrate":	0,
		"fq_rate":	0,
		"sock_bufsize":	0,
		"sndbuf_actual":	1000000,
		"rcvbuf_actual":	1000000,
		"test_start":	{
			"protocol":	"TCP",
			"num_streams":	1,
			"blksize":	131072,
			"omit":	0,
			"duration":	0,
			"bytes":	107374182,
			"blocks":	0,
			"reverse":	0,
			"tos":	0,
			"target_bitrate":	0,
			"bidir":	0,
			"fqrate":	0
		}
	},
	"intervals":	[{
			"streams":	[{
					"socket":	8,
					"start":	0,
					"end":	1.001053,
					"seconds":	1.0010529756546021,
					"bytes":	107479040,
					"bits_per_second":	858927889.84293664,
					"retransmits":	7283,
					"snd_cwnd":	143644496,
					"snd_wnd":	51339264,
					"rtt":	284766,
					"rttvar":	477,
					"pmtu":	1500,
					"omitted":	false,
					"sender":	true
				}],
			"sum":	{
				"start":	0,
				"end":	1.001053,
				"seconds":	1.0010529756546021,
				"bytes":	107479040,
				"bits_per_second":	858927889.84293664,
				"retransmits":	7283,
				"omitted":	false,
				"sender":	true
			}
		}],
	"end":	{
		"streams":	[{
				"sender":	{
					"socket":	8,
					"start":	0,
					"end":	1.001375,
					"seconds":	1.001375,
					"bytes":	107479040,
					"bits_per_second":	858651673.948321,
					"retransmits":	7283,
					"max_snd_cwnd":	143644496,
					"max_snd_wnd":	51339264,
					"max_rtt":	284766,
					"min_rtt":	284766,
					"mean_rtt":	284766,
					"sender":	true
				},
				"receiver":	{
					"socket":	8,
					"start":	0,
					"end":	1.266264,
					"seconds":	1.001375,
					"bytes":	12189696,
					"bits_per_second":	77012035.404939249,
					"sender":	true
				}
			}],
		"sum_sent":	{
			"start":	0,
			"end":	1.001375,
			"seconds":	1.001375,
			"bytes":	107479040,
			"bits_per_second":	858651673.948321,
			"retransmits":	7283,
			"sender":	true
		},
		"sum_received":	{
			"start":	0,
			"end":	1.266264,
			"seconds":	1.266264,
			"bytes":	12189696,
			"bits_per_second":	77012035.404939249,
			"sender":	true
		},
		"cpu_utilization_percent":	{
			"host_total":	51.185832610998752,
			"host_user":	47.133776365212363,
			"host_system":	4.0522970239815086,
			"remote_total":	0.6883976137865897,
			"remote_user":	0,
			"remote_system":	0.68855555748597852
		},
		"sender_tcp_congestion":	"prague",
		"receiver_tcp_congestion":	"prague"
	}
}
