{
	"start":	{
		"connected":	[{
				"socket":	8,
				"local_host":	"172.16.0.120",
				"local_port":	37932,
				"remote_host":	"172.17.0.120",
				"remote_port":	5201
			}],
		"version":	"iperf 3.16",
		"system_info":	"Linux h1 6.12.54-0b264c55b-l4steam-117 #1 SMP PREEMPT_DYNAMIC Fri Nov  7 18:07:57 UTC 2025 x86_64",
		"timestamp":	{
			"time":	"Sun, 22 Feb 2026 01:58:31 GMT",
			"timesecs":	1771725511
		},
		"connecting_to":	{
			"host":	"172.17.0.120",
			"port":	5201
		},
		"cookie":	"dtiqyuloq7u6gtxplsipqftzgyk7it3wfx7i",
		"tcp_mss_default":	1448,
		"target_bitrate":	0,
		"fq_rate":	0,
		"sock_bufsize":	0,
		"sndbuf_actual":	1000000,
		"rcvbuf_actual":	1000000,
		"test_start":	{
			"protocol":	"TCP",
			"num_streams":	1,
			"blksize":	131072,
			"omit":	0,
			"duration":	0,
			"bytes":	107374182,
			"blocks":	0,
			"reverse":	0,
			"tos":	0,
			"target_bitrate":	0,
			"bidir":	0,
			"fqrate":	0
		}
	},
	"intervals":	[{
			"streams":	[{
					"socket":	8,
					"start":	0,
					"end":	1.001079,
					"seconds":	1.0010789632797241,
					"bytes":	15859712,
					"bits_per_second":	126740947.171964,
					"retransmits":	410,
					"snd_cwnd":	144737736,
					"snd_wnd":	3395584,
					"rtt":	268569,
					"rttvar":	1401,
					"pmtu":	1500,
					"omitted":	false,
					"sender":	true
				}],
			"sum":	{
				"start":	0,
				"end":	1.001079,
				"seconds":	1.0010789632797241,
				"bytes":	15859712,
				"bits_per_second":	126740947.171964,
				"retransmits":	410,
				"omitted":	false,
				"sender":	true
			}
		}, {
			"streams":	[{
					"socket":	8,
					"start":	1.001079,
					"end":	2.001056,
					"seconds":	0.9999769926071167,
					"bytes":	0,
					"bits_per_second":	0,
					"retransmits":	3582,
					"snd_cwnd":	143835632,
					"snd_wnd":	31375360,
					"rtt":	277555,
					"rttvar":	3316,
					"pmtu":	1500,
					"omitted":	false,
					"sender":	true
				}],
			"sum":	{
				"start":	1.001079,
				"end":	2.001056,
				"seconds":	0.9999769926071167,
				"bytes":	0,
				"bits_per_second":	0,
				"retransmits":	3582,
				"omitted":	false,
				"sender":	true
			}
		}, {
			"streams":	[{
					"socket":	8,
					"start":	2.001056,
					"end":	3.001061,
					"seconds":	1.0000050067901611,
					"bytes":	8126464,
					"bits_per_second":	65011386.5016297,
					"retransmits":	3831,
					"snd_cwnd":	143427296,
					"snd_wnd":	44146688,
					"rtt":	303147,
					"rttvar":	2335,
					"pmtu":	1500,
					"omitted":	false,
					"sender":	true
				}],
			"sum":	{
				"start":	2.001056,
				"end":	3.001061,
				"seconds":	1.0000050067901611,
				"bytes":	8126464,
				"bits_per_second":	65011386.5016297,
				"retransmits":	3831,
				"omitted":	false,
				"sender":	true
			}
		}, {
			"streams":	[{
					"socket":	8,
					"start":	3.001061,
					"end":	4.001076,
					"seconds":	1.0000150203704834,
					"bytes":	9043968,
					"bits_per_second":	72350657.266323149,
					"retransmits":	4609,
					"snd_cwnd":	143133352,
					"snd_wnd":	49766400,
					"rtt":	324650,
					"rttvar":	11430,
					"pmtu":	1500,
					"omitted":	false,
					"sender":	true
				}],
			"sum":	{
				"start":	3.001061,
				"end":	4.001076,
				"seconds":	1.0000150203704834,
				"bytes":	9043968,
				"bits_per_second":	72350657.266323149,
				"retransmits":	4609,
				"omitted":	false,
				"sender":	true
			}
		}, {
			"streams":	[{
					"socket":	8,
					"start":	4.001076,
					"end":	5.005037,
					"seconds":	1.0039609670639038,
					"bytes":	8257536,
					"bits_per_second":	65799657.722943276,
					"retransmits":	3568,
					"snd_cwnd":	142921944,
					"snd_wnd":	51875840,
					"rtt":	268129,
					"rttvar":	1185,
					"pmtu":	1500,
					"omitted":	false,
					"sender":	true
				}],
			"sum":	{
				"start":	4.001076,
				"end":	5.005037,
				"seconds":	1.0039609670639038,
				"bytes":	8257536,
				"bits_per_second":	65799657.722943276,
				"retransmits":	3568,
				"omitted":	false,
				"sender":	true
			}
		}, {
			"streams":	[{
					"socket":	8,
					"start":	5.005037,
					"end":	6.001036,
					"seconds":	0.995998978614807,
					"bytes":	0,
					"bits_per_second":	0,
					"retransmits":	1763,
					"snd_cwnd":	142784384,
					"snd_wnd":	50339840,
					"rtt":	274535,
					"rttvar":	6807,
					"pmtu":	1500,
					"omitted":	false,
					"sender":	true
				}],
			"sum":	{
				"start":	5.005037,
				"end":	6.001036,
				"seconds":	0.995998978614807,
				"bytes":	0,
				"bits_per_second":	0,
				"retransmits":	1763,
				"omitted":	false,
				"sender":	true
			}
		}, {
			"streams":	[{
					"socket":	8,
					"start":	6.001036,
					"end":	7.001034,
					"seconds":	0.99999797344207764,
					"bytes":	15073280,
					"bits_per_second":	120586484.37549524,
					"retransmits":	1831,
					"snd_cwnd":	142586008,
					"snd_wnd":	52707328,
					"rtt":	265536,
					"rttvar":	649,
					"pmtu":	1500,
					"omitted":	false,
					"sender":	true
				}],
			"sum":	{
				"start":	6.001036,
				"end":	7.001034,
				"seconds":	0.99999797344207764,
				"bytes":	15073280,
				"bits_per_second":	120586484.37549524,
				"retransmits":	1831,
				"omitted":	false,
				"sender":	true
			}
		}, {
			"streams":	[{
					"socket":	8,
					"start":	7.001034,
					"end":	8.001051,
					"seconds":	1.0000170469284058,
					"bytes":	51118080,
					"bits_per_second":	408937668.8688364,
					"retransmits":	3172,
					"snd_cwnd":	141922824,
					"snd_wnd":	71200768,
					"rtt":	88037,
					"rttvar":	7275,
					"pmtu":	1500,
					"omitted":	false,
					"sender":	true
				}],
			"sum":	{
				"start":	7.001034,
				"end":	8.001051,
				"seconds":	1.0000170469284058,
				"bytes":	51118080,
				"bits_per_second":	408937668.8688364,
				"retransmits":	3172,
				"omitted":	false,
				"sender":	true
			}
		}],
	"end":	{
		"streams":	[{
				"sender":	{
					"socket":	8,
					"start":	0,
					"end":	8.001262,
					"seconds":	8.001262,
					"bytes":	107479040,
					"bits_per_second":	107462087.85564077,
					"retransmits":	22766,
					"max_snd_cwnd":	144737736,
					"max_snd_wnd":	71200768,
					"max_rtt":	324650,
					"min_rtt":	88037,
					"mean_rtt":	239799,
					"sender":	true
				},
				"receiver":	{
					"socket":	8,
					"start":	0,
					"end":	8.062178,
					"seconds":	8.001262,
					"bytes":	107479040,
					"bits_per_second":	106650128.53846692,
					"sender":	true
				}
			}],
		"sum_sent":	{
			"start":	0,
			"end":	8.001262,
			"seconds":	8.001262,
			"bytes":	107479040,
			"bits_per_second":	107462087.85564077,
			"retransmits":	22766,
			"sender":	true
		},
		"sum_received":	{
			"start":	0,
			"end":	8.062178,
			"seconds":	8.062178,
			"bytes":	107479040,
			"bits_per_second":	106650128.53846692,
			"sender":	true
		},
		"cpu_utilization_percent":	{
			"host_total":	10.583941324362181,
			"host_user":	8.2599298407054143,
			"host_system":	2.32402250147997,
			"remote_total":	0.8339786289022707,
			"remote_user":	0,
			"remote_system":	0.833966225335352
		},
		"sender_tcp_congestion":	"prague",
		"receiver_tcp_congestion":	"prague"
	}
}
