{
	"start":	{
		"connected":	[{
				"socket":	8,
				"local_host":	"172.16.0.13",
				"local_port":	34542,
				"remote_host":	"172.17.0.13",
				"remote_port":	5201
			}],
		"version":	"iperf 3.16",
		"system_info":	"Linux h1 6.12.54-0b264c55b-l4steam-117 #1 SMP PREEMPT_DYNAMIC Fri Nov  7 18:07:57 UTC 2025 x86_64",
		"timestamp":	{
			"time":	"Sun, 22 Feb 2026 01:58:30 GMT",
			"timesecs":	1771725510
		},
		"connecting_to":	{
			"host":	"172.17.0.13",
			"port":	5201
		},
		"cookie":	"sbcrdoqbwrs2ghl47lhkltjp3xijr4hvhubb",
		"tcp_mss_default":	1448,
		"target_bitrate":	0,
		"fq_rate":	0,
		"sock_bufsize":	0,
		"sndbuf_actual":	1000000,
		"rcvbuf_actual":	1000000,
		"test_start":	{
			"protocol":	"TCP",
			"num_streams":	1,
			"blksize":	131072,
			"omit":	0,
			"duration":	0,
			"bytes":	107374182,
			"blocks":	0,
			"reverse":	0,
			"tos":	0,
			"target_bitrate":	0,
			"bidir":	0,
			"fqrate":	0
		}
	},
	"intervals":	[{
			"streams":	[{
					"socket":	8,
					"start":	0,
					"end":	1.000465,
					"seconds":	1.0004650354385376,
					"bytes":	71041024,
					"bits_per_second":	568064022.098366,
					"retransmits":	4384,
					"snd_cwnd":	144047040,
					"snd_wnd":	37896192,
					"rtt":	285560,
					"rttvar":	1294,
					"pmtu":	1500,
					"omitted":	false,
					"sender":	true
				}],
			"sum":	{
				"start":	0,
				"end":	1.000465,
				"seconds":	1.0004650354385376,
				"bytes":	71041024,
				"bits_per_second":	568064022.098366,
				"retransmits":	4384,
				"omitted":	false,
				"sender":	true
			}
		}, {
			"streams":	[{
					"socket":	8,
					"start":	1.000465,
					"end":	2.001062,
					"seconds":	1.00059700012207,
					"bytes":	0,
					"bits_per_second":	0,
					"retransmits":	4856,
					"snd_cwnd":	143716896,
					"snd_wnd":	39944192,
					"rtt":	265768,
					"rttvar":	4178,
					"pmtu":	1500,
					"omitted":	false,
					"sender":	true
				}],
			"sum":	{
				"start":	1.000465,
				"end":	2.001062,
				"seconds":	1.00059700012207,
				"bytes":	0,
				"bits_per_second":	0,
				"retransmits":	4856,
				"omitted":	false,
				"sender":	true
			}
		}, {
			"streams":	[{
					"socket":	8,
					"start":	2.001062,
					"end":	3.001082,
					"seconds":	1.0000200271606445,
					"bytes":	10485760,
					"bits_per_second":	83884400.033644959,
					"retransmits":	3452,
					"snd_cwnd":	142716328,
					"snd_wnd":	81485824,
					"rtt":	277141,
					"rttvar":	6011,
					"pmtu":	1500,
					"omitted":	false,
					"sender":	true
				}],
			"sum":	{
				"start":	2.001062,
				"end":	3.001082,
				"seconds":	1.0000200271606445,
				"bytes":	10485760,
				"bits_per_second":	83884400.033644959,
				"retransmits":	3452,
				"omitted":	false,
				"sender":	true
			}
		}, {
			"streams":	[{
					"socket":	8,
					"start":	3.001082,
					"end":	4.002289,
					"seconds":	1.0012069940567017,
					"bytes":	6160384,
					"bits_per_second":	49223659.335732661,
					"retransmits":	4042,
					"snd_cwnd":	142347088,
					"snd_wnd":	99766272,
					"rtt":	275838,
					"rttvar":	6183,
					"pmtu":	1500,
					"omitted":	false,
					"sender":	true
				}],
			"sum":	{
				"start":	3.001082,
				"end":	4.002289,
				"seconds":	1.0012069940567017,
				"bytes":	6160384,
				"bits_per_second":	49223659.335732661,
				"retransmits":	4042,
				"omitted":	false,
				"sender":	true
			}
		}, {
			"streams":	[{
					"socket":	8,
					"start":	4.002289,
					"end":	5.001131,
					"seconds":	0.99884200096130371,
					"bytes":	8257536,
					"bits_per_second":	66136874.437020443,
					"retransmits":	4132,
					"snd_cwnd":	141901104,
					"snd_wnd":	116707328,
					"rtt":	296709,
					"rttvar":	222,
					"pmtu":	1500,
					"omitted":	false,
					"sender":	true
				}],
			"sum":	{
				"start":	4.002289,
				"end":	5.001131,
				"seconds":	0.99884200096130371,
				"bytes":	8257536,
				"bits_per_second":	66136874.437020443,
				"retransmits":	4132,
				"omitted":	false,
				"sender":	true
			}
		}, {
			"streams":	[{
					"socket":	8,
					"start":	5.001131,
					"end":	6.003729,
					"seconds":	1.00259804725647,
					"bytes":	0,
					"bits_per_second":	0,
					"retransmits":	1547,
					"snd_cwnd":	454672,
					"snd_wnd":	120754176,
					"rtt":	273607,
					"rttvar":	5698,
					"pmtu":	1500,
					"omitted":	false,
					"sender":	true
				}],
			"sum":	{
				"start":	5.001131,
				"end":	6.003729,
				"seconds":	1.00259804725647,
				"bytes":	0,
				"bits_per_second":	0,
				"retransmits":	1547,
				"omitted":	false,
				"sender":	true
			}
		}, {
			"streams":	[{
					"socket":	8,
					"start":	6.003729,
					"end":	7.001499,
					"seconds":	0.99777001142501831,
					"bytes":	0,
					"bits_per_second":	0,
					"retransmits":	732,
					"snd_cwnd":	595128,
					"snd_wnd":	121409536,
					"rtt":	310982,
					"rttvar":	14306,
					"pmtu":	1500,
					"omitted":	false,
					"sender":	true
				}],
			"sum":	{
				"start":	6.003729,
				"end":	7.001499,
				"seconds":	0.99777001142501831,
				"bytes":	0,
				"bits_per_second":	0,
				"retransmits":	732,
				"omitted":	false,
				"sender":	true
			}
		}, {
			"streams":	[{
					"socket":	8,
					"start":	7.001499,
					"end":	8.001591,
					"seconds":	1.0000920295715332,
					"bytes":	6946816,
					"bits_per_second":	55569413.970641933,
					"retransmits":	442,
					"snd_cwnd":	1132336,
					"snd_wnd":	121409536,
					"rtt":	275656,
					"rttvar":	2058,
					"pmtu":	1500,
					"omitted":	false,
					"sender":	true
				}],
			"sum":	{
				"start":	7.001499,
				"end":	8.001591,
				"seconds":	1.0000920295715332,
				"bytes":	6946816,
				"bits_per_second":	55569413.970641933,
				"retransmits":	442,
				"omitted":	false,
				"sender":	true
			}
		}, {
			"streams":	[{
					"socket":	8,
					"start":	8.001591,
					"end":	9.004062,
					"seconds":	1.0024709701538086,
					"bytes":	3538944,
					"bits_per_second":	28241767.435575888,
					"retransmits":	31,
					"snd_cwnd":	482184,
					"snd_wnd":	121409536,
					"rtt":	283800,
					"rttvar":	1461,
					"pmtu":	1500,
					"omitted":	false,
					"sender":	true
				}],
			"sum":	{
				"start":	8.001591,
				"end":	9.004062,
				"seconds":	1.0024709701538086,
				"bytes":	3538944,
				"bits_per_second":	28241767.435575888,
				"retransmits":	31,
				"omitted":	false,
				"sender":	true
			}
		}, {
			"streams":	[{
					"socket":	8,
					"start":	9.004062,
					"end":	10.000579,
					"seconds":	0.99651700258255,
					"bytes":	1048576,
					"bits_per_second":	8417927.6201613,
					"retransmits":	6,
					"snd_cwnd":	147696,
					"snd_wnd":	121409536,
					"rtt":	61694,
					"rttvar":	120,
					"pmtu":	1500,
					"omitted":	false,
					"sender":	true
				}],
			"sum":	{
				"start":	9.004062,
				"end":	10.000579,
				"seconds":	0.99651700258255,
				"bytes":	1048576,
				"bits_per_second":	8417927.6201613,
				"retransmits":	6,
				"omitted":	false,
				"sender":	true
			}
		}],
	"end":	{
		"streams":	[{
				"sender":	{
					"socket":	8,
					"start":	0,
					"end":	10.00077,
					"seconds":	10.00077,
					"bytes":	107479040,
					"bits_per_second":	85976611.80089134,
					"retransmits":	23624,
					"max_snd_cwnd":	144047040,
					"max_snd_wnd":	121409536,
					"max_rtt":	310982,
					"min_rtt":	61694,
					"mean_rtt":	242586,
					"sender":	true
				},
				"receiver":	{
					"socket":	8,
					"start":	0,
					"end":	10.071992,
					"seconds":	10.00077,
					"bytes":	101318656,
					"bits_per_second":	80475565.1116482,
					"sender":	true
				}
			}],
		"sum_sent":	{
			"start":	0,
			"end":	10.00077,
			"seconds":	10.00077,
			"bytes":	107479040,
			"bits_per_second":	85976611.80089134,
			"retransmits":	23624,
			"sender":	true
		},
		"sum_received":	{
			"start":	0,
			"end":	10.071992,
			"seconds":	10.071992,
			"bytes":	101318656,
			"bits_per_second":	80475565.1116482,
			"sender":	true
		},
		"cpu_utilization_percent":	{
			"host_total":	8.7884441723768241,
			"host_user":	6.7625477799551623,
			"host_system":	2.0258963924216618,
			"remote_total":	0.7116557229667777,
			"remote_user":	0,