{
	"start":	{
		"connected":	[{
				"socket":	8,
				"local_host":	"172.16.0.17",
				"local_port":	51038,
				"remote_host":	"172.17.0.17",
				"remote_port":	5201
			}],
		"version":	"iperf 3.16",
		"system_info":	"Linux h1 6.12.54-0b264c55b-l4steam-117 #1 SMP PREEMPT_DYNAMIC Fri Nov  7 18:07:57 UTC 2025 x86_64",
		"timestamp":	{
			"time":	"Sun, 22 Feb 2026 01:58:30 GMT",
			"timesecs":	1771725510
		},
		"connecting_to":	{
			"host":	"172.17.0.17",
			"port":	5201
		},
		"cookie":	"lwuxteqyget5set5frvmyigjcggf7bxnmebr",
		"tcp_mss_default":	1448,
		"target_bitrate":	0,
		"fq_rate":	0,
		"sock_bufsize":	0,
		"sndbuf_actual":	1000000,
		"rcvbuf_actual":	1000000,
		"test_start":	{
			"protocol":	"TCP",
			"num_streams":	1,
			"blksize":	131072,
			"omit":	0,
			"duration":	0,
			"bytes":	107374182,
			"blocks":	0,
			"reverse":	0,
			"tos":	0,
			"target_bitrate":	0,
			"bidir":	0,
			"fqrate":	0
		}
	},
	"intervals":	[{
			"streams":	[{
					"socket":	8,
					"start":	0,
					"end":	1.00105,
					"seconds":	1.0010499954223633,
					"bytes":	57802752,
					"bits_per_second":	461936984.28108454,
					"retransmits":	4176,
					"snd_cwnd":	144251208,
					"snd_wnd":	25485312,
					"rtt":	273389,
					"rttvar":	730,
					"pmtu":	1500,
					"omitted":	false,
					"sender":	true
				}],
			"sum":	{
				"start":	0,
				"end":	1.00105,
				"seconds":	1.0010499954223633,
				"bytes":	57802752,
				"bits_per_second":	461936984.28108454,
				"retransmits":	4176,
				"omitted":	false,
				"sender":	true
			}
		}, {
			"streams":	[{
					"socket":	8,
					"start":	1.00105,
					"end":	2.00106,
					"seconds":	1.0000100135803223,
					"bytes":	0,
					"bits_per_second":	0,
					"retransmits":	7208,
					"snd_cwnd":	142601936,
					"snd_wnd":	89993216,
					"rtt":	267620,
					"rttvar":	1975,
					"pmtu":	1500,
					"omitted":	false,
					"sender":	true
				}],
			"sum":	{
				"start":	1.00105,
				"end":	2.00106,
				"seconds":	1.0000100135803223,
				"bytes":	0,
				"bits_per_second":	0,
				"retransmits":	7208,
				"omitted":	false,
				"sender":	true
			}
		}, {
			"streams":	[{
					"socket":	8,
					"start":	2.00106,
					"end":	3.001063,
					"seconds":	1.0000029802322388,
					"bytes":	16121856,
					"bits_per_second":	128974463.62614553,
					"retransmits":	2068,
					"snd_cwnd":	142284824,
					"snd_wnd":	104767488,
					"rtt":	261830,
					"rttvar":	1005,
					"pmtu":	1500,
					"omitted":	false,
					"sender":	true
				}],
			"sum":	{
				"start":	2.00106,
				"end":	3.001063,
				"seconds":	1.0000029802322388,
				"bytes":	16121856,
				"bits_per_second":	128974463.62614553,
				"retransmits":	2068,
				"omitted":	false,
				"sender":	true
			}
		}, {
			"streams":	[{
					"socket":	8,
					"start":	3.001063,
					"end":	4.004163,
					"seconds":	1.0031000375747681,
					"bytes":	11141120,
					"bits_per_second":	88853510.777938336,
					"retransmits":	3609,
					"snd_cwnd":	141566616,
					"snd_wnd":	131371008,
					"rtt":	263244,
					"rttvar":	578,
					"pmtu":	1500,
					"omitted":	false,
					"sender":	true
				}],
			"sum":	{
				"start":	3.001063,
				"end":	4.004163,
				"seconds":	1.0031000375747681,
				"bytes":	11141120,
				"bits_per_second":	88853510.777938336,
				"retransmits":	3609,
				"omitted":	false,
				"sender":	true
			}
		}, {
			"streams":	[{
					"socket":	8,
					"start":	4.004163,
					"end":	5.0011,
					"seconds":	0.99693697690963745,
					"bytes":	6160384,
					"bits_per_second":	49434490.987354584,
					"retransmits":	1791,
					"snd_cwnd":	141211856,
					"snd_wnd":	142909440,
					"rtt":	276263,
					"rttvar":	1709,
					"pmtu":	1500,
					"omitted":	false,
					"sender":	true
				}],
			"sum":	{
				"start":	4.004163,
				"end":	5.0011,
				"seconds":	0.99693697690963745,
				"bytes":	6160384,
				"bits_per_second":	49434490.987354584,
				"retransmits":	1791,
				"omitted":	false,
				"sender":	true
			}
		}, {
			"streams":	[{
					"socket":	8,
					"start":	5.0011,
					"end":	6.001616,
					"seconds":	1.0005160570144653,
					"bytes":	16252928,
					"bits_per_second":	129956359.10930726,
					"retransmits":	4199,
					"snd_cwnd":	140988864,
					"snd_wnd":	145367040,
					"rtt":	293593,
					"rttvar":	7889,
					"pmtu":	1500,
					"omitted":	false,
					"sender":	true
				}],
			"sum":	{
				"start":	5.0011,
				"end":	6.001616,
				"seconds":	1.0005160570144653,
				"bytes":	16252928,
				"bits_per_second":	129956359.10930726,
				"retransmits":	4199,
				"omitted":	false,
				"sender":	true
			}
		}],
	"end":	{
		"streams":	[{
				"sender":	{
					"socket":	8,
					"start":	0,
					"end":	6.002034,
					"seconds":	6.002034,
					"bytes":	107479040,
					"bits_per_second":	143256822.603804,
					"retransmits":	23051,
					"max_snd_cwnd":	144251208,
					"max_snd_wnd":	145367040,
					"max_rtt":	293593,
					"min_rtt":	261830,
					"mean_rtt":	275647,
					"sender":	true
				},
				"receiver":	{
					"socket":	8,
					"start":	0,
					"end":	6.275982,
					"seconds":	6.002034,
					"bytes":	101974016,
					"bits_per_second":	129986371.53516375,
					"sender":	true
				}
			}],
		"sum_sent":	{
			"start":	0,
			"end":	6.002034,
			"seconds":	6.002034,
			"bytes":	107479040,
			"bits_per_second":	143256822.603804,
			"retransmits":	23051,
			"sender":	true
		},
		"sum_received":	{
			"start":	0,
			"end":	6.275982,
			"seconds":	6.275982,
			"bytes":	101974016,
			"bits_per_second":	129986371.53516375,
			"sender":	true
		},
		"cpu_utilization_percent":	{
			"host_total":	14.863584232221708,
			"host_user":	11.5347219568492,
			"host_system":	3.3288622753725079,
			"remote_total":	0.86885013948383649,
			"remote_user":	0,
			"remote_system":	0.86885013948383649
		},
		"sender_tcp_congestion":	"prague",
		"receiver_tcp_congestion":	"prague"
	}
}
