{
	"start":	{
		"connected":	[{
				"socket":	8,
				"local_host":	"172.16.0.41",
				"local_port":	49058,
				"remote_host":	"172.17.0.41",
				"remote_port":	5201
			}],
		"version":	"iperf 3.16",
		"system_info":	"Linux h1 6.12.54-0b264c55b-l4steam-117 #1 SMP PREEMPT_DYNAMIC Fri Nov  7 18:07:57 UTC 2025 x86_64",
		"timestamp":	{
			"time":	"Sun, 22 Feb 2026 01:58:30 GMT",
			"timesecs":	1771725510
		},
		"connecting_to":	{
			"host":	"172.17.0.41",
			"port":	5201
		},
		"cookie":	"vaeceq4k23pfeyhofd4l3agv5vllztgkc66i",
		"tcp_mss_default":	1448,
		"target_bitrate":	0,
		"fq_rate":	0,
		"sock_bufsize":	0,
		"sndbuf_actual":	1000000,
		"rcvbuf_actual":	1000000,
		"test_start":	{
			"protocol":	"TCP",
			"num_streams":	1,
			"blksize":	131072,
			"omit":	0,
			"duration":	0,
			"bytes":	107374182,
			"blocks":	0,
			"reverse":	0,
			"tos":	0,
			"target_bitrate":	0,
			"bidir":	0,
			"fqrate":	0
		}
	},
	"intervals":	[{
			"streams":	[{
					"socket":	8,
					"start":	0,
					"end":	1.001043,
					"seconds":	1.00104296207428,
					"bytes":	27525120,
					"bits_per_second":	219971538.02841538,
					"retransmits":	581,
					"snd_cwnd":	144773936,
					"snd_wnd":	1572864,
					"rtt":	249196,
					"rttvar":	75237,
					"pmtu":	1500,
					"omitted":	false,
					"sender":	true
				}],
			"sum":	{
				"start":	0,
				"end":	1.001043,
				"seconds":	1.00104296207428,
				"bytes":	27525120,
				"bits_per_second":	219971538.02841538,
				"retransmits":	581,
				"omitted":	false,
				"sender":	true
			}
		}, {
			"streams":	[{
					"socket":	8,
					"start":	1.001043,
					"end":	2.001047,
					"seconds":	1.0000040531158447,
					"bytes":	0,
					"bits_per_second":	0,
					"retransmits":	1409,
					"snd_cwnd":	144566872,
					"snd_wnd":	10629120,
					"rtt":	311762,
					"rttvar":	1139,
					"pmtu":	1500,
					"omitted":	false,
					"sender":	true
				}],
			"sum":	{
				"start":	1.001043,
				"end":	2.001047,
				"seconds":	1.0000040531158447,
				"bytes":	0,
				"bits_per_second":	0,
				"retransmits":	1409,
				"omitted":	false,
				"sender":	true
			}
		}, {
			"streams":	[{
					"socket":	8,
					"start":	2.001047,
					"end":	3.001031,
					"seconds":	0.9999840259552002,
					"bytes":	0,
					"bits_per_second":	0,
					"retransmits":	7563,
					"snd_cwnd":	144246864,
					"snd_wnd":	26365952,
					"rtt":	329996,
					"rttvar":	7440,
					"pmtu":	1500,
					"omitted":	false,
					"sender":	true
				}],
			"sum":	{
				"start":	2.001047,
				"end":	3.001031,
				"seconds":	0.9999840259552002,
				"bytes":	0,
				"bits_per_second":	0,
				"retransmits":	7563,
				"omitted":	false,
				"sender":	true
			}
		}, {
			"streams":	[{
					"socket":	8,
					"start":	3.001031,
					"end":	4.001029,
					"seconds":	0.99999797344207764,
					"bytes":	0,
					"bits_per_second":	0,
					"retransmits":	12643,
					"snd_cwnd":	143767576,
					"snd_wnd":	43732992,
					"rtt":	321193,
					"rttvar":	7549,
					"pmtu":	1500,
					"omitted":	false,
					"sender":	true
				}],
			"sum":	{
				"start":	3.001031,
				"end":	4.001029,
				"seconds":	0.99999797344207764,
				"bytes":	0,
				"bits_per_second":	0,
				"retransmits":	12643,
				"omitted":	false,
				"sender":	true
			}
		}, {
			"streams":	[{
					"socket":	8,
					"start":	4.001029,
					"end":	5.053311,
					"seconds":	1.0522819757461548,
					"bytes":	10092544,
					"bits_per_second":	76728817.808314562,
					"retransmits":	3031,
					"snd_cwnd":	143375168,
					"snd_wnd":	56373248,
					"rtt":	262182,
					"rttvar":	65,
					"pmtu":	1500,
					"omitted":	false,
					"sender":	true
				}],
			"sum":	{
				"start":	4.001029,
				"end":	5.053311,
				"seconds":	1.0522819757461548,
				"bytes":	10092544,
				"bits_per_second":	76728817.808314562,
				"retransmits":	3031,
				"omitted":	false,
				"sender":	true
			}
		}, {
			"streams":	[{
					"socket":	8,
					"start":	5.053311,
					"end":	6.000994,
					"seconds":	0.94768297672271729,
					"bytes":	6815744,
					"bits_per_second":	57536067.798286259,
					"retransmits":	4752,
					"snd_cwnd":	143050816,
					"snd_wnd":	69230592,
					"rtt":	272564,
					"rttvar":	686,
					"pmtu":	1500,
					"omitted":	false,
					"sender":	true
				}],
			"sum":	{
				"start":	5.053311,
				"end":	6.000994,
				"seconds":	0.94768297672271729,
				"bytes":	6815744,
				"bits_per_second":	57536067.798286259,
				"retransmits":	4752,
				"omitted":	false,
				"sender":	true
			}
		}, {
			"streams":	[{
					"socket":	8,
					"start":	6.000994,
					"end":	7.006279,
					"seconds":	1.0052850246429443,
					"bytes":	0,
					"bits_per_second":	0,
					"retransmits":	2731,
					"snd_cwnd":	142748184,
					"snd_wnd":	79691776,
					"rtt":	265285,
					"rttvar":	5847,
					"pmtu":	1500,
					"omitted":	false,
					"sender":	true
				}],
			"sum":	{
				"start":	6.000994,
				"end":	7.006279,
				"seconds":	1.0052850246429443,
				"bytes":	0,
				"bits_per_second":	0,
				"retransmits":	2731,
				"omitted":	false,
				"sender":	true
			}
		}, {
			"streams":	[{
					"socket":	8,
					"start":	7.006279,
					"end":	8.001068,
					"seconds":	0.9947890043258667,
					"bytes":	0,
					"bits_per_second":	0,
					"retransmits":	44,
					"snd_cwnd":	1448,
					"snd_wnd":	80273408,
					"rtt":	267374,
					"rttvar":	8564,
					"pmtu":	1500,
					"omitted":	false,
					"sender":	true
				}],
			"sum":	{
				"start":	7.006279,
				"end":	8.001068,
				"seconds":	0.9947890043258667,
				"bytes":	0,
				"bits_per_second":	0,
				"retransmits":	44,
				"omitted":	false,
				"sender":	true
			}
		}, {
			"streams":	[{
					"socket":	8,
					"start":	8.001068,
					"end":	9.001034,
					"seconds":	0.999966025352478,
					"bytes":	0,
					"bits_per_second":	0,
					"retransmits":	0,
					"snd_cwnd":	1448,
					"snd_wnd":	80273408,
					"rtt":	267374,
					"rttvar":	8564,
					"pmtu":	1500,
					"omitted":	false,
					"sender":	true
				}],
			"sum":	{
				"start":	8.001068,
				"end":	9.001034,
				"seconds":	0.999966025352478,
				"bytes":	0,
				"bits_per_second":	0,
				"retransmits":	0,
				"omitted":	false,
				"sender":	true
			}
		}, {
			"streams":	[{
					"socket":	8,
					"start":	9.001034,
					"end":	10.001087,
					"seconds":	1.00005304813385,
					"bytes":	9175040,
					"bits_per_second":	73396426.4565452,
					"retransmits":	41,
					"snd_cwnd":	441640,
					"snd_wnd":	80273408,
					"rtt":	57584,
					"rttvar":	257,
					"pmtu":	1500,
					"omitted":	false,
					"sender":	true
				}],
			"sum":	{
				"start":	9.001034,
				"end":	10.001087,
				"seconds":	1.00005304813385,
				"bytes":	9175040,
				"bits_per_second":	73396426.4565452,
				"retransmits":	41,
				"omitted":	false,
				"sender":	true
			}
		}, {
			"streams":	[{
					"socket":	8,
					"start":	10.001087,
					"end":	11.00105,
					"seconds":	0.99996298551559448,
					"bytes":	53870592,
					"bits_per_second":	430980688.52797461,
					"retransmits":	0,
					"snd_cwnd":	36854496,
					"snd_wnd":	120643584,
					"rtt":	59388,
					"rttvar":	153,
					"pmtu":	1500,
					"omitted":	false,
					"sender":	true
				}],
			"sum":	{
				"start":	10.001087,
				"end":	11.00105,
				"seconds":	0.99996298551559448,
				"bytes":	53870592,
				"bits_per_second":	430980688.52797461,
				"retransmits":	0,
				"omitted":	false,
				"sender":	true
			}
		}],
	"end":	{
		"streams":	[{
				"sender":	{
					"socket":	8,
					"start":	0,
					"end":	11.001388,
					"seconds":	11.001388,
					"bytes":	107479040,
					"bits_per_second":	78156712.5893569,
					"retransmits":	32795,
					"max_snd_cwnd":	144773936,
					"max_snd_wnd":	120643584,
					"max_rtt":	329996,
					"min_rtt":	57584,
					"mean_rtt":	226940,
					"sender":	true
				},
				"receiver":	{
					"socket":	8,
					"start":	0,
					"end":	11.067104,
					"seconds":	11.001388,
					"bytes":	107479040,
					"bits_per_second":	77692621.303640053,
					"sender":	true
				}
			}],
		"sum_sent":	{
			"start":	0,
			"end":	11.001388,
			"seconds":	11.001388,
			"bytes":	107479040,