{
	"start":	{
		"connected":	[{
				"socket":	8,
				"local_host":	"172.16.0.55",
				"local_port":	42818,
				"remote_host":	"172.17.0.55",
				"remote_port":	5201
			}],
		"version":	"iperf 3.16",
		"system_info":	"Linux h1 6.12.54-0b264c55b-l4steam-117 #1 SMP PREEMPT_DYNAMIC Fri Nov  7 18:07:57 UTC 2025 x86_64",
		"timestamp":	{
			"time":	"Sun, 22 Feb 2026 01:58:30 GMT",
			"timesecs":	1771725510
		},
		"connecting_to":	{
			"host":	"172.17.0.55",
			"port":	5201
		},
		"cookie":	"v2y3fjjqivbfk7jfhzhrum535zlbpob7aste",
		"tcp_mss_default":	1448,
		"target_bitrate":	0,
		"fq_rate":	0,
		"sock_bufsize":	0,
		"sndbuf_actual":	1000000,
		"rcvbuf_actual":	1000000,
		"test_start":	{
			"protocol":	"TCP",
			"num_streams":	1,
			"blksize":	131072,
			"omit":	0,
			"duration":	0,
			"bytes":	107374182,
			"blocks":	0,
			"reverse":	0,
			"tos":	0,
			"target_bitrate":	0,
			"bidir":	0,
			"fqrate":	0
		}
	},
	"intervals":	[{
			"streams":	[{
					"socket":	8,
					"start":	0,
					"end":	1.000594,
					"seconds":	1.0005940198898315,
					"bytes":	24117248,
					"bits_per_second":	192823443.03960869,
					"retransmits":	759,
					"snd_cwnd":	144704432,
					"snd_wnd":	4739072,
					"rtt":	281120,
					"rttvar":	376,
					"pmtu":	1500,
					"omitted":	false,
					"sender":	true
				}],
			"sum":	{
				"start":	0,
				"end":	1.000594,
				"seconds":	1.0005940198898315,
				"bytes":	24117248,
				"bits_per_second":	192823443.03960869,
				"retransmits":	759,
				"omitted":	false,
				"sender":	true
			}
		}, {
			"streams":	[{
					"socket":	8,
					"start":	1.000594,
					"end":	2.001084,
					"seconds":	1.0004899501800537,
					"bytes":	0,
					"bits_per_second":	0,
					"retransmits":	1254,
					"snd_cwnd":	144466960,
					"snd_wnd":	9986048,
					"rtt":	270561,
					"rttvar":	3948,
					"pmtu":	1500,
					"omitted":	false,
					"sender":	true
				}],
			"sum":	{
				"start":	1.000594,
				"end":	2.001084,
				"seconds":	1.0004899501800537,
				"bytes":	0,
				"bits_per_second":	0,
				"retransmits":	1254,
				"omitted":	false,
				"sender":	true
			}
		}, {
			"streams":	[{
					"socket":	8,
					"start":	2.001084,
					"end":	3.001059,
					"seconds":	0.999975025653839,
					"bytes":	6553600,
					"bits_per_second":	52430109.4077016,
					"retransmits":	2247,
					"snd_cwnd":	143879072,
					"snd_wnd":	32665600,
					"rtt":	271296,
					"rttvar":	4291,
					"pmtu":	1500,
					"omitted":	false,
					"sender":	true
				}],
			"sum":	{
				"start":	2.001084,
				"end":	3.001059,
				"seconds":	0.999975025653839,
				"bytes":	6553600,
				"bits_per_second":	52430109.4077016,
				"retransmits":	2247,
				"omitted":	false,
				"sender":	true
			}
		}, {
			"streams":	[{
					"socket":	8,
					"start":	3.001059,
					"end":	4.000551,
					"seconds":	0.99949198961257935,
					"bytes":	13500416,
					"bits_per_second":	108058222.6995776,
					"retransmits":	3343,
					"snd_cwnd":	143005928,
					"snd_wnd":	57876480,
					"rtt":	296920,
					"rttvar":	282,
					"pmtu":	1500,
					"omitted":	false,
					"sender":	true
				}],
			"sum":	{
				"start":	3.001059,
				"end":	4.000551,
				"seconds":	0.99949198961257935,
				"bytes":	13500416,
				"bits_per_second":	108058222.6995776,
				"retransmits":	3343,
				"omitted":	false,
				"sender":	true
			}
		}, {
			"streams":	[{
					"socket":	8,
					"start":	4.000551,
					"end":	5.001055,
					"seconds":	1.0005040168762207,
					"bytes":	14417920,
					"bits_per_second":	115285254.28626034,
					"retransmits":	2325,
					"snd_cwnd":	142303648,
					"snd_wnd":	76283904,
					"rtt":	296471,
					"rttvar":	12684,
					"pmtu":	1500,
					"omitted":	false,
					"sender":	true
				}],
			"sum":	{
				"start":	4.000551,
				"end":	5.001055,
				"seconds":	1.0005040168762207,
				"bytes":	14417920,
				"bits_per_second":	115285254.28626034,
				"retransmits":	2325,
				"omitted":	false,
				"sender":	true
			}
		}, {
			"streams":	[{
					"socket":	8,
					"start":	5.001055,
					"end":	6.004458,
					"seconds":	1.0034029483795166,
					"bytes":	30539776,
					"bits_per_second":	243489625.37390476,
					"retransmits":	5168,
					"snd_cwnd":	141792504,
					"snd_wnd":	107708416,
					"rtt":	253149,
					"rttvar":	505,
					"pmtu":	1500,
					"omitted":	false,
					"sender":	true
				}],
			"sum":	{
				"start":	5.001055,
				"end":	6.004458,
				"seconds":	1.0034029483795166,
				"bytes":	30539776,
				"bits_per_second":	243489625.37390476,
				"retransmits":	5168,
				"omitted":	false,
				"sender":	true
			}
		}, {
			"streams":	[{
					"socket":	8,
					"start":	6.004458,
					"end":	7.000191,
					"seconds":	0.99573302268981934,
					"bytes":	13238272,
					"bits_per_second":	106360011.75687714,
					"retransmits":	14768,
					"snd_cwnd":	140635552,
					"snd_wnd":	118751232,
					"rtt":	267775,
					"rttvar":	1523,
					"pmtu":	1500,
					"omitted":	false,
					"sender":	true
				}],
			"sum":	{
				"start":	6.004458,
				"end":	7.000191,
				"seconds":	0.99573302268981934,
				"bytes":	13238272,
				"bits_per_second":	106360011.75687714,
				"retransmits":	14768,
				"omitted":	false,
				"sender":	true
			}
		}],
	"end":	{
		"streams":	[{
				"sender":	{
					"socket":	8,
					"start":	0,
					"end":	7.004301,
					"seconds":	7.004301,
					"bytes":	107479040,
					"bits_per_second":	122757762.69466433,
					"retransmits":	29864,
					"max_snd_cwnd":	144704432,
					"max_snd_wnd":	118751232,
					"max_rtt":	296920,
					"min_rtt":	253149,
					"mean_rtt":	275633,
					"sender":	true
				},
				"receiver":	{
					"socket":	8,
					"start":	0,
					"end":	7.289171,
					"seconds":	7.004301,
					"bytes":	76414976,
					"bits_per_second":	83866849.604708135,
					"sender":	true
				}
			}],
		"sum_sent":	{
			"start":	0,
			"end":	7.004301,
			"seconds":	7.004301,
			"bytes":	107479040,
			"bits_per_second":	122757762.69466433,
			"retransmits":	29864,
			"sender":	true
		},
		"sum_received":	{
			"start":	0,
			"end":	7.289171,
			"seconds":	7.289171,
			"bytes":	76414976,
			"bits_per_second":	83866849.604708135,
			"sender":	true
		},
		"cpu_utilization_percent":	{
			"host_total":	11.342552881756031,
			"host_user":	6.1434538211726171,
			"host_system":	5.1990990605834133,
			"remote_total":	0.40362531563881077,
			"remote_user":	0,
			"remote_system":	0.40363903459179112
		},
		"sender_tcp_congestion":	"prague",
		"receiver_tcp_congestion":	"prague"
	}
}
