{
	"start":	{
		"connected":	[{
				"socket":	8,
				"local_host":	"172.16.0.59",
				"local_port":	56868,
				"remote_host":	"172.17.0.59",
				"remote_port":	5201
			}],
		"version":	"iperf 3.16",
		"system_info":	"Linux h1 6.12.54-0b264c55b-l4steam-117 #1 SMP PREEMPT_DYNAMIC Fri Nov  7 18:07:57 UTC 2025 x86_64",
		"timestamp":	{
			"time":	"Sun, 22 Feb 2026 01:58:30 GMT",
			"timesecs":	1771725510
		},
		"connecting_to":	{
			"host":	"172.17.0.59",
			"port":	5201
		},
		"cookie":	"laoqz2xlzjeqsasleo2a6svyat2krjtdjdfq",
		"tcp_mss_default":	1448,
		"target_bitrate":	0,
		"fq_rate":	0,
		"sock_bufsize":	0,
		"sndbuf_actual":	1000000,
		"rcvbuf_actual":	1000000,
		"test_start":	{
			"protocol":	"TCP",
			"num_streams":	1,
			"blksize":	131072,
			"omit":	0,
			"duration":	0,
			"bytes":	107374182,
			"blocks":	0,
			"reverse":	0,
			"tos":	0,
			"target_bitrate":	0,
			"bidir":	0,
			"fqrate":	0
		}
	},
	"intervals":	[{
			"streams":	[{
					"socket":	8,
					"start":	0,
					"end":	1.001049,
					"seconds":	1.0010490417480469,
					"bytes":	27525120,
					"bits_per_second":	219970202.07469735,
					"retransmits":	236,
					"snd_cwnd":	144756560,
					"snd_wnd":	5009408,
					"rtt":	295834,
					"rttvar":	737,
					"pmtu":	1500,
					"omitted":	false,
					"sender":	true
				}],
			"sum":	{
				"start":	0,
				"end":	1.001049,
				"seconds":	1.0010490417480469,
				"bytes":	27525120,
				"bits_per_second":	219970202.07469735,
				"retransmits":	236,
				"omitted":	false,
				"sender":	true
			}
		}, {
			"streams":	[{
					"socket":	8,
					"start":	1.001049,
					"end":	2.001056,
					"seconds":	1.0000070333480835,
					"bytes":	0,
					"bits_per_second":	0,
					"retransmits":	2280,
					"snd_cwnd":	144080344,
					"snd_wnd":	32919552,
					"rtt":	307809,
					"rttvar":	741,
					"pmtu":	1500,
					"omitted":	false,
					"sender":	true
				}],
			"sum":	{
				"start":	1.001049,
				"end":	2.001056,
				"seconds":	1.0000070333480835,
				"bytes":	0,
				"bits_per_second":	0,
				"retransmits":	2280,
				"omitted":	false,
				"sender":	true
			}
		}, {
			"streams":	[{
					"socket":	8,
					"start":	2.001056,
					"end":	3.001088,
					"seconds":	1.0000319480895996,
					"bytes":	5898240,
					"bits_per_second":	47184412.5481602,
					"retransmits":	7458,
					"snd_cwnd":	143592368,
					"snd_wnd":	55705600,
					"rtt":	308059,
					"rttvar":	25701,
					"pmtu":	1500,
					"omitted":	false,
					"sender":	true
				}],
			"sum":	{
				"start":	2.001056,
				"end":	3.001088,
				"seconds":	1.0000319480895996,
				"bytes":	5898240,
				"bits_per_second":	47184412.5481602,
				"retransmits":	7458,
				"omitted":	false,
				"sender":	true
			}
		}, {
			"streams":	[{
					"socket":	8,
					"start":	3.001088,
					"end":	4.001064,
					"seconds":	0.99997597932815552,
					"bytes":	0,
					"bits_per_second":	0,
					"retransmits":	6715,
					"snd_cwnd":	143338968,
					"snd_wnd":	67497984,
					"rtt":	322534,
					"rttvar":	29712,
					"pmtu":	1500,
					"omitted":	false,
					"sender":	true
				}],
			"sum":	{
				"start":	3.001088,
				"end":	4.001064,
				"seconds":	0.99997597932815552,
				"bytes":	0,
				"bits_per_second":	0,
				"retransmits":	6715,
				"omitted":	false,
				"sender":	true
			}
		}, {
			"streams":	[{
					"socket":	8,
					"start":	4.001064,
					"end":	5.016113,
					"seconds":	1.0150489807128906,
					"bytes":	19922944,
					"bits_per_second":	157020552.7304323,
					"retransmits":	3873,
					"snd_cwnd":	142413696,
					"snd_wnd":	97914880,
					"rtt":	266663,
					"rttvar":	346,
					"pmtu":	1500,
					"omitted":	false,
					"sender":	true
				}],
			"sum":	{
				"start":	4.001064,
				"end":	5.016113,
				"seconds":	1.0150489807128906,
				"bytes":	19922944,
				"bits_per_second":	157020552.7304323,
				"retransmits":	3873,
				"omitted":	false,
				"sender":	true
			}
		}, {
			"streams":	[{
					"socket":	8,
					"start":	5.016113,
					"end":	6.001041,
					"seconds":	0.984928011894226,
					"bytes":	7340032,
					"bits_per_second":	59618830.301179536,
					"retransmits":	4485,
					"snd_cwnd":	142024184,
					"snd_wnd":	110022656,
					"rtt":	277765,
					"rttvar":	2832,
					"pmtu":	1500,
					"omitted":	false,
					"sender":	true
				}],
			"sum":	{
				"start":	5.016113,
				"end":	6.001041,
				"seconds":	0.984928011894226,
				"bytes":	7340032,
				"bits_per_second":	59618830.301179536,
				"retransmits":	4485,
				"omitted":	false,
				"sender":	true
			}
		}, {
			"streams":	[{
					"socket":	8,
					"start":	6.001041,
					"end":	7.00692,
					"seconds":	1.0058790445327759,
					"bytes":	28442624,
					"bits_per_second":	226211086.94603661,
					"retransmits":	2151,
					"snd_cwnd":	141321904,
					"snd_wnd":	130535424,
					"rtt":	280183,
					"rttvar":	805,
					"pmtu":	1500,
					"omitted":	false,
					"sender":	true
				}],
			"sum":	{
				"start":	6.001041,
				"end":	7.00692,
				"seconds":	1.0058790445327759,
				"bytes":	28442624,
				"bits_per_second":	226211086.94603661,
				"retransmits":	2151,
				"omitted":	false,
				"sender":	true
			}
		}, {
			"streams":	[{
					"socket":	8,
					"start":	7.00692,
					"end":	8.001038,
					"seconds":	0.99411797523498535,
					"bytes":	17563648,
					"bits_per_second":	141340552.63087568,
					"retransmits":	14243,
					"snd_cwnd":	140372016,
					"snd_wnd":	129855488,
					"rtt":	272370,
					"rttvar":	1254,
					"pmtu":	1500,
					"omitted":	false,
					"sender":	true
				}],
			"sum":	{
				"start":	7.00692,
				"end":	8.001038,
				"seconds":	0.99411797523498535,
				"bytes":	17563648,
				"bits_per_second":	141340552.63087568,
				"retransmits":	14243,
				"omitted":	false,
				"sender":	true
			}
		}],
	"end":	{
		"streams":	[{
				"sender":	{
					"socket":	8,
					"start":	0,
					"end":	8.001466,
					"seconds":	8.001466,
					"bytes":	107479040,
					"bits_per_second":	107459348.07446535,
					"retransmits":	41441,
					"max_snd_cwnd":	144756560,
					"max_snd_wnd":	130535424,
					"max_rtt":	322534,
					"min_rtt":	266663,
					"mean_rtt":	289287,
					"sender":	true
				},
				"receiver":	{
					"socket":	8,
					"start":	0,
					"end":	8.279195,
					"seconds":	8.001466,
					"bytes":	76677120,
					"bits_per_second":	74091377.2413864,
					"sender":	true
				}
			}],
		"sum_sent":	{
			"start":	0,
			"end":	8.001466,
			"seconds":	8.001466,
			"bytes":	107479040,
			"bits_per_second":	107459348.07446535,
			"retransmits":	41441,
			"sender":	true
		},
		"sum_received":	{
			"start":	0,
			"end":	8.279195,
			"seconds":	8.279195,
			"bytes":	76677120,
			"bits_per_second":	74091377.2413864,
			"sender":	true
		},
		"cpu_utilization_percent":	{
			"host_total":	13.500682234535272,
			"host_user":	6.2094715301677361,
			"host_system":	7.2912469998739331,
			"remote_total":	0.39424065614013515,
			"remote_user":	0,
			"remote_system":	0.39425273459161009
		},
		"sender_tcp_congestion":	"prague",
		"receiver_tcp_congestion":	"prague"
	}
}
