{
	"start":	{
		"connected":	[{
				"socket":	8,
				"local_host":	"172.16.0.96",
				"local_port":	55578,
				"remote_host":	"172.17.0.96",
				"remote_port":	5201
			}],
		"version":	"iperf 3.16",
		"system_info":	"Linux h1 6.12.54-0b264c55b-l4steam-117 #1 SMP PREEMPT_DYNAMIC Fri Nov  7 18:07:57 UTC 2025 x86_64",
		"timestamp":	{
			"time":	"Sun, 22 Feb 2026 01:58:30 GMT",
			"timesecs":	1771725510
		},
		"connecting_to":	{
			"host":	"172.17.0.96",
			"port":	5201
		},
		"cookie":	"jbvwr4jvxdpuc6wegwartomyl5ecwectt6op",
		"tcp_mss_default":	1448,
		"target_bitrate":	0,
		"fq_rate":	0,
		"sock_bufsize":	0,
		"sndbuf_actual":	1000000,
		"rcvbuf_actual":	1000000,
		"test_start":	{
			"protocol":	"TCP",
			"num_streams":	1,
			"blksize":	131072,
			"omit":	0,
			"duration":	0,
			"bytes":	107374182,
			"blocks":	0,
			"reverse":	0,
			"tos":	0,
			"target_bitrate":	0,
			"bidir":	0,
			"fqrate":	0
		}
	},
	"intervals":	[{
			"streams":	[{
					"socket":	8,
					"start":	0,
					"end":	1.000389,
					"seconds":	1.0003889799118042,
					"bytes":	16121856,
					"bits_per_second":	128924698.88199949,
					"retransmits":	244,
					"snd_cwnd":	144695744,
					"snd_wnd":	3780608,
					"rtt":	278799,
					"rttvar":	478,
					"pmtu":	1500,
					"omitted":	false,
					"sender":	true
				}],
			"sum":	{
				"start":	0,
				"end":	1.000389,
				"seconds":	1.0003889799118042,
				"bytes":	16121856,
				"bits_per_second":	128924698.88199949,
				"retransmits":	244,
				"omitted":	false,
				"sender":	true
			}
		}, {
			"streams":	[{
					"socket":	8,
					"start":	1.000389,
					"end":	2.000456,
					"seconds":	1.0000669956207275,
					"bytes":	0,
					"bits_per_second":	0,
					"retransmits":	2847,
					"snd_cwnd":	144165776,
					"snd_wnd":	20099072,
					"rtt":	300495,
					"rttvar":	1716,
					"pmtu":	1500,
					"omitted":	false,
					"sender":	true
				}],
			"sum":	{
				"start":	1.000389,
				"end":	2.000456,
				"seconds":	1.0000669956207275,
				"bytes":	0,
				"bits_per_second":	0,
				"retransmits":	2847,
				"omitted":	false,
				"sender":	true
			}
		}, {
			"streams":	[{
					"socket":	8,
					"start":	2.000456,
					"end":	3.002454,
					"seconds":	1.0019979476928711,
					"bytes":	8126464,
					"bits_per_second":	64882080.995965436,
					"retransmits":	3020,
					"snd_cwnd":	143654632,
					"snd_wnd":	36884480,
					"rtt":	277739,
					"rttvar":	433,
					"pmtu":	1500,
					"omitted":	false,
					"sender":	true
				}],
			"sum":	{
				"start":	2.000456,
				"end":	3.002454,
				"seconds":	1.0019979476928711,
				"bytes":	8126464,
				"bits_per_second":	64882080.995965436,
				"retransmits":	3020,
				"omitted":	false,
				"sender":	true
			}
		}, {
			"streams":	[{
					"socket":	8,
					"start":	3.002454,
					"end":	4.002096,
					"seconds":	0.999642014503479,
					"bytes":	12058624,
					"bits_per_second":	96503538.867277429,
					"retransmits":	802,
					"snd_cwnd":	143493904,
					"snd_wnd":	41205760,
					"rtt":	274505,
					"rttvar":	9625,
					"pmtu":	1500,
					"omitted":	false,
					"sender":	true
				}],
			"sum":	{
				"start":	3.002454,
				"end":	4.002096,
				"seconds":	0.999642014503479,
				"bytes":	12058624,
				"bits_per_second":	96503538.867277429,
				"retransmits":	802,
				"omitted":	false,
				"sender":	true
			}
		}, {
			"streams":	[{
					"socket":	8,
					"start":	4.002096,
					"end":	5.004575,
					"seconds":	1.0024789571762085,
					"bytes":	55574528,
					"bits_per_second":	443496814.389344,
					"retransmits":	8710,
					"snd_cwnd":	143053712,
					"snd_wnd":	63414272,
					"rtt":	303368,
					"rttvar":	15904,
					"pmtu":	1500,
					"omitted":	false,
					"sender":	true
				}],
			"sum":	{
				"start":	4.002096,
				"end":	5.004575,
				"seconds":	1.0024789571762085,
				"bytes":	55574528,
				"bits_per_second":	443496814.389344,
				"retransmits":	8710,
				"omitted":	false,
				"sender":	true
			}
		}, {
			"streams":	[{
					"socket":	8,
					"start":	5.004575,
					"end":	6.000763,
					"seconds":	0.99618798494339,
					"bytes":	13631488,
					"bits_per_second":	109469202.24720143,
					"retransmits":	20052,
					"snd_cwnd":	141559376,
					"snd_wnd":	112369664,
					"rtt":	262281,
					"rttvar":	1306,
					"pmtu":	1500,
					"omitted":	false,
					"sender":	true
				}],
			"sum":	{
				"start":	5.004575,
				"end":	6.000763,
				"seconds":	0.99618798494339,
				"bytes":	13631488,
				"bits_per_second":	109469202.24720143,
				"retransmits":	20052,
				"omitted":	false,
				"sender":	true
			}
		}],
	"end":	{
		"streams":	[{
				"sender":	{
					"socket":	8,
					"start":	0,
					"end":	6.009365,
					"seconds":	6.009365,
					"bytes":	107479040,
					"bits_per_second":	143082059.41892365,
					"retransmits":	35792,
					"max_snd_cwnd":	144695744,
					"max_snd_wnd":	112369664,
					"max_rtt":	303368,
					"min_rtt":	258073,
					"mean_rtt":	279322,
					"sender":	true
				},
				"receiver":	{
					"socket":	8,
					"start":	0,
					"end":	6.29241,
					"seconds":	6.009365,
					"bytes":	26214400,
					"bits_per_second":	33328279.625771366,
					"sender":	true
				}
			}],
		"sum_sent":	{
			"start":	0,
			"end":	6.009365,
			"seconds":	6.009365,
			"bytes":	107479040,
			"bits_per_second":	143082059.41892365,
			"retransmits":	35792,
			"sender":	true
		},
		"sum_received":	{
			"start":	0,
			"end":	6.29241,
			"seconds":	6.29241,
			"bytes":	26214400,
			"bits_per_second":	33328279.625771366,
			"sender":	true
		},
		"cpu_utilization_percent":	{
			"host_total":	10.041142801651995,
			"host_user":	8.00835137466369,
			"host_system":	2.032777146251878,
			"remote_total":	0.198714995433401,
			"remote_user":	0,
			"remote_system":	0.19873088754755913
		},
		"sender_tcp_congestion":	"prague",
		"receiver_tcp_congestion":	"prague"
	}
}
