{
	"start":	{
		"connected":	[{
				"socket":	8,
				"local_host":	"172.16.0.111",
				"local_port":	59488,
				"remote_host":	"172.17.0.111",
				"remote_port":	5201
			}],
		"version":	"iperf 3.16",
		"system_info":	"Linux h1 6.12.54-0b264c55b-l4steam-117 #1 SMP PREEMPT_DYNAMIC Fri Nov  7 18:07:57 UTC 2025 x86_64",
		"timestamp":	{
			"time":	"Sun, 22 Feb 2026 02:10:21 GMT",
			"timesecs":	1771726221
		},
		"connecting_to":	{
			"host":	"172.17.0.111",
			"port":	5201
		},
		"cookie":	"qbsyd7b2jv2zbyabcqem4cabeg6of4x4v4ta",
		"tcp_mss_default":	1448,
		"target_bitrate":	0,
		"fq_rate":	0,
		"sock_bufsize":	0,
		"sndbuf_actual":	1000000,
		"rcvbuf_actual":	1000000,
		"test_start":	{
			"protocol":	"TCP",
			"num_streams":	1,
			"blksize":	131072,
			"omit":	0,
			"duration":	0,
			"bytes":	107374182,
			"blocks":	0,
			"reverse":	0,
			"tos":	0,
			"target_bitrate":	0,
			"bidir":	0,
			"fqrate":	0
		}
	},
	"intervals":	[{
			"streams":	[{
					"socket":	8,
					"start":	0,
					"end":	1.001037,
					"seconds":	1.0010370016098022,
					"bytes":	12713984,
					"bits_per_second":	101606505.88982587,
					"retransmits":	3165,
					"snd_cwnd":	907896,
					"snd_wnd":	16809984,
					"rtt":	100673,
					"rttvar":	18725,
					"pmtu":	1500,
					"omitted":	false,
					"sender":	true
				}],
			"sum":	{
				"start":	0,
				"end":	1.001037,
				"seconds":	1.0010370016098022,
				"bytes":	12713984,
				"bits_per_second":	101606505.88982587,
				"retransmits":	3165,
				"omitted":	false,
				"sender":	true
			}
		}, {
			"streams":	[{
					"socket":	8,
					"start":	1.001037,
					"end":	2.005906,
					"seconds":	1.0048689842224121,
					"bytes":	8126464,
					"bits_per_second":	64696704.765255913,
					"retransmits":	2331,
					"snd_cwnd":	1448,
					"snd_wnd":	17240064,
					"rtt":	89727,
					"rttvar":	15018,
					"pmtu":	1500,
					"omitted":	false,
					"sender":	true
				}],
			"sum":	{
				"start":	1.001037,
				"end":	2.005906,
				"seconds":	1.0048689842224121,
				"bytes":	8126464,
				"bits_per_second":	64696704.765255913,
				"retransmits":	2331,
				"omitted":	false,
				"sender":	true
			}
		}, {
			"streams":	[{
					"socket":	8,
					"start":	2.005906,
					"end":	3.001031,
					"seconds":	0.99512499570846558,
					"bytes":	1048576,
					"bits_per_second":	8429702.8375092167,
					"retransmits":	495,
					"snd_cwnd":	159280,
					"snd_wnd":	16748544,
					"rtt":	62297,
					"rttvar":	530,
					"pmtu":	1500,
					"omitted":	false,
					"sender":	true
				}],
			"sum":	{
				"start":	2.005906,
				"end":	3.001031,
				"seconds":	0.99512499570846558,
				"bytes":	1048576,
				"bits_per_second":	8429702.8375092167,
				"retransmits":	495,
				"omitted":	false,
				"sender":	true
			}
		}, {
			"streams":	[{
					"socket":	8,
					"start":	3.001031,
					"end":	4.001039,
					"seconds":	1.0000079870224,
					"bytes":	1966080,
					"bits_per_second":	15728514.376003362,
					"retransmits":	679,
					"snd_cwnd":	15928,
					"snd_wnd":	17203200,
					"rtt":	70031,
					"rttvar":	13859,
					"pmtu":	1500,
					"omitted":	false,
					"sender":	true
				}],
			"sum":	{
				"start":	3.001031,
				"end":	4.001039,
				"seconds":	1.0000079870224,
				"bytes":	1966080,
				"bits_per_second":	15728514.376003362,
				"retransmits":	679,
				"omitted":	false,
				"sender":	true
			}
		}, {
			"streams":	[{
					"socket":	8,
					"start":	4.001039,
					"end":	5.001034,
					"seconds":	0.999994993209839,
					"bytes":	73138176,
					"bits_per_second":	585108337.51466751,
					"retransmits":	942,
					"snd_cwnd":	11966272,
					"snd_wnd":	17235968,
					"rtt":	95025,
					"rttvar":	3513,
					"pmtu":	1500,
					"omitted":	false,
					"sender":	true
				}],
			"sum":	{
				"start":	4.001039,
				"end":	5.001034,
				"seconds":	0.999994993209839,
				"bytes":	73138176,
				"bits_per_second":	585108337.51466751,
				"retransmits":	942,
				"omitted":	false,
				"sender":	true
			}
		}, {
			"streams":	[{
					"socket":	8,
					"start":	5.001034,
					"end":	6.001395,
					"seconds":	1.00036096572876,
					"bytes":	10485760,
					"bits_per_second":	83855810.9260983,
					"retransmits":	3194,
					"snd_cwnd":	2816360,
					"snd_wnd":	59613184,
					"rtt":	61312,
					"rttvar":	126,
					"pmtu":	1500,
					"omitted":	false,
					"sender":	true
				}],
			"sum":	{
				"start":	5.001034,
				"end":	6.001395,
				"seconds":	1.00036096572876,
				"bytes":	10485760,
				"bits_per_second":	83855810.9260983,
				"retransmits":	3194,
				"omitted":	false,
				"sender":	true
			}
		}],
	"end":	{
		"streams":	[{
				"sender":	{
					"socket":	8,
					"start":	0,
					"end":	6.001676,
					"seconds":	6.001676,
					"bytes":	107479040,
					"bits_per_second":	143265367.87390724,
					"retransmits":	10806,
					"max_snd_cwnd":	11966272,
					"max_snd_wnd":	59719680,
					"max_rtt":	100673,
					"min_rtt":	61312,
					"mean_rtt":	77202,
					"sender":	true
				},
				"receiver":	{
					"socket":	8,
					"start":	0,
					"end":	6.090524,
					"seconds":	6.001676,
					"bytes":	66846720,
					"bits_per_second":	87804228.3389738,
					"sender":	true
				}
			}],
		"sum_sent":	{
			"start":	0,
			"end":	6.001676,
			"seconds":	6.001676,
			"bytes":	107479040,
			"bits_per_second":	143265367.87390724,
			"retransmits":	10806,
			"sender":	true
		},
		"sum_received":	{
			"start":	0,
			"end":	6.090524,
			"seconds":	6.090524,
			"bytes":	66846720,
			"bits_per_second":	87804228.3389738,
			"sender":	true
		},
		"cpu_utilization_percent":	{
			"host_total":	5.9274463190074762,
			"host_user":	4.2596266015701021,
			"host_system":	1.6678197174373739,
			"remote_total":	1.2848454438671921,
			"remote_user":	0.066562264286012168,
			"remote_system":	1.21828317958118
		},
		"sender_tcp_congestion":	"cubic",
		"receiver_tcp_congestion":	"cubic"
	}
}
