{
	"start":	{
		"connected":	[{
				"socket":	8,
				"local_host":	"172.16.0.57",
				"local_port":	57128,
				"remote_host":	"172.17.0.57",
				"remote_port":	5201
			}],
		"version":	"iperf 3.16",
		"system_info":	"Linux h1 6.12.54-0b264c55b-l4steam-117 #1 SMP PREEMPT_DYNAMIC Fri Nov  7 18:07:57 UTC 2025 x86_64",
		"timestamp":	{
			"time":	"Sun, 22 Feb 2026 02:10:20 GMT",
			"timesecs":	1771726220
		},
		"connecting_to":	{
			"host":	"172.17.0.57",
			"port":	5201
		},
		"cookie":	"fv5v2feygjk262dosd46thz3g3krxco6cvhy",
		"tcp_mss_default":	1448,
		"target_bitrate":	0,
		"fq_rate":	0,
		"sock_bufsize":	0,
		"sndbuf_actual":	1000000,
		"rcvbuf_actual":	1000000,
		"test_start":	{
			"protocol":	"TCP",
			"num_streams":	1,
			"blksize":	131072,
			"omit":	0,
			"duration":	0,
			"bytes":	107374182,
			"blocks":	0,
			"reverse":	0,
			"tos":	0,
			"target_bitrate":	0,
			"bidir":	0,
			"fqrate":	0
		}
	},
	"intervals":	[{
			"streams":	[{
					"socket":	8,
					"start":	0,
					"end":	1.001038,
					"seconds":	1.0010379552841187,
					"bytes":	15466496,
					"bits_per_second":	123603672.91456185,
					"retransmits":	1145,
					"snd_cwnd":	948440,
					"snd_wnd":	21327872,
					"rtt":	67298,
					"rttvar":	563,
					"pmtu":	1500,
					"omitted":	false,
					"sender":	true
				}],
			"sum":	{
				"start":	0,
				"end":	1.001038,
				"seconds":	1.0010379552841187,
				"bytes":	15466496,
				"bits_per_second":	123603672.91456185,
				"retransmits":	1145,
				"omitted":	false,
				"sender":	true
			}
		}, {
			"streams":	[{
					"socket":	8,
					"start":	1.001038,
					"end":	2.001048,
					"seconds":	1.0000100135803223,
					"bytes":	11272192,
					"bits_per_second":	90176633.009042174,
					"retransmits":	44,
					"snd_cwnd":	503904,
					"snd_wnd":	38244352,
					"rtt":	61533,
					"rttvar":	145,
					"pmtu":	1500,
					"omitted":	false,
					"sender":	true
				}],
			"sum":	{
				"start":	1.001038,
				"end":	2.001048,
				"seconds":	1.0000100135803223,
				"bytes":	11272192,
				"bits_per_second":	90176633.009042174,
				"retransmits":	44,
				"omitted":	false,
				"sender":	true
			}
		}, {
			"streams":	[{
					"socket":	8,
					"start":	2.001048,
					"end":	3.001044,
					"seconds":	0.9999960064888,
					"bytes":	7995392,
					"bits_per_second":	63963391.4385201,
					"retransmits":	0,
					"snd_cwnd":	550240,
					"snd_wnd":	38244352,
					"rtt":	61214,
					"rttvar":	184,
					"pmtu":	1500,
					"omitted":	false,
					"sender":	true
				}],
			"sum":	{
				"start":	2.001048,
				"end":	3.001044,
				"seconds":	0.9999960064888,
				"bytes":	7995392,
				"bits_per_second":	63963391.4385201,
				"retransmits":	0,
				"omitted":	false,
				"sender":	true
			}
		}, {
			"streams":	[{
					"socket":	8,
					"start":	3.001044,
					"end":	4.001041,
					"seconds":	0.99999701976776123,
					"bytes":	6160384,
					"bits_per_second":	49283218.875437722,
					"retransmits":	21,
					"snd_cwnd":	421368,
					"snd_wnd":	38244352,
					"rtt":	61266,
					"rttvar":	94,
					"pmtu":	1500,
					"omitted":	false,
					"sender":	true
				}],
			"sum":	{
				"start":	3.001044,
				"end":	4.001041,
				"seconds":	0.99999701976776123,
				"bytes":	6160384,
				"bits_per_second":	49283218.875437722,
				"retransmits":	21,
				"omitted":	false,
				"sender":	true
			}
		}, {
			"streams":	[{
					"socket":	8,
					"start":	4.001041,
					"end":	5.001042,
					"seconds":	1.0000009536743164,
					"bytes":	6291456,
					"bits_per_second":	50331600.000045776,
					"retransmits":	30,
					"snd_cwnd":	325800,
					"snd_wnd":	38244352,
					"rtt":	61202,
					"rttvar":	134,
					"pmtu":	1500,
					"omitted":	false,
					"sender":	true
				}],
			"sum":	{
				"start":	4.001041,
				"end":	5.001042,
				"seconds":	1.0000009536743164,
				"bytes":	6291456,
				"bits_per_second":	50331600.000045776,
				"retransmits":	30,
				"omitted":	false,
				"sender":	true
			}
		}, {
			"streams":	[{
					"socket":	8,
					"start":	5.001042,
					"end":	6.001037,
					"seconds":	0.999994993209839,
					"bytes":	4063232,
					"bits_per_second":	32506018.750814859,
					"retransmits":	0,
					"snd_cwnd":	347520,
					"snd_wnd":	38244352,
					"rtt":	61074,
					"rttvar":	84,
					"pmtu":	1500,
					"omitted":	false,
					"sender":	true
				}],
			"sum":	{
				"start":	5.001042,
				"end":	6.001037,
				"seconds":	0.999994993209839,
				"bytes":	4063232,
				"bits_per_second":	32506018.750814859,
				"retransmits":	0,
				"omitted":	false,
				"sender":	true
			}
		}, {
			"streams":	[{
					"socket":	8,
					"start":	6.001037,
					"end":	7.00013,
					"seconds":	0.999092996120453,
					"bytes":	6291456,
					"bits_per_second":	50377340.443223268,
					"retransmits":	0,
					"snd_cwnd":	357656,
					"snd_wnd":	38244352,
					"rtt":	60970,
					"rttvar":	139,
					"pmtu":	1500,
					"omitted":	false,
					"sender":	true
				}],
			"sum":	{
				"start":	6.001037,
				"end":	7.00013,
				"seconds":	0.999092996120453,
				"bytes":	6291456,
				"bits_per_second":	50377340.443223268,
				"retransmits":	0,
				"omitted":	false,
				"sender":	true
			}
		}, {
			"streams":	[{
					"socket":	8,
					"start":	7.00013,
					"end":	8.001041,
					"seconds":	1.0009109973907471,
					"bytes":	5898240,
					"bits_per_second":	47142972.874719068,
					"retransmits":	0,
					"snd_cwnd":	360552,
					"snd_wnd":	38244352,
					"rtt":	60855,
					"rttvar":	70,
					"pmtu":	1500,
					"omitted":	false,
					"sender":	true
				}],
			"sum":	{
				"start":	7.00013,
				"end":	8.001041,
				"seconds":	1.0009109973907471,
				"bytes":	5898240,
				"bits_per_second":	47142972.874719068,
				"retransmits":	0,
				"omitted":	false,
				"sender":	true
			}
		}, {
			"streams":	[{
					"socket":	8,
					"start":	8.001041,
					"end":	9.00032,
					"seconds":	0.999279022216797,
					"bytes":	6160384,
					"bits_per_second":	49318629.63626577,
					"retransmits":	0,
					"snd_cwnd":	360552,
					"snd_wnd":	38244352,
					"rtt":	60902,
					"rttvar":	36,
					"pmtu":	1500,
					"omitted":	false,
					"sender":	true
				}],
			"sum":	{
				"start":	8.001041,
				"end":	9.00032,
				"seconds":	0.999279022216797,
				"bytes":	6160384,
				"bits_per_second":	49318629.63626577,
				"retransmits":	0,
				"omitted":	false,
				"sender":	true
			}
		}, {
			"streams":	[{
					"socket":	8,
					"start":	9.00032,
					"end":	10.000151,
					"seconds":	0.99983102083206177,
					"bytes":	6029312,
					"bits_per_second":	48242648.0025186,
					"retransmits":	0,
					"snd_cwnd":	369240,
					"snd_wnd":	38244352,
					"rtt":	60854,
					"rttvar":	50,
					"pmtu":	1500,
					"omitted":	false,
					"sender":	true
				}],
			"sum":	{
				"start":	9.00032,
				"end":	10.000151,
				"seconds":	0.99983102083206177,
				"bytes":	6029312,
				"bits_per_second":	48242648.0025186,
				"retransmits":	0,
				"omitted":	false,
				"sender":	true
			}
		}, {
			"streams":	[{
					"socket":	8,
					"start":	10.000151,
					"end":	11.000426,
					"seconds":	1.0002750158309937,
					"bytes":	6029312,
					"bits_per_second":	48221234.397150725,
					"retransmits":	0,
					"snd_cwnd":	382272,
					"snd_wnd":	38244352,
					"rtt":	60859,
					"rttvar":	48,
					"pmtu":	1500,
					"omitted":	false,
					"sender":	true
				}],
			"sum":	{
				"start":	10.000151,
				"end":	11.000426,
				"seconds":	1.0002750158309937,
				"bytes":	6029312,
				"bits_per_second":	48221234.397150725,
				"retransmits":	0,
				"omitted":	false,
				"sender":	true
			}
		}, {
			"streams":	[{
					"socket":	8,
					"start":	11.000426,
					"end":	12.000293,
					"seconds":	0.999867022037506,
					"bytes":	5898240,
					"bits_per_second":	47192195.522006132,
					"retransmits":	0,
					"snd_cwnd":	393856,
					"snd_wnd":	38244352,
					"rtt":	60824,
					"rttvar":	46,
					"pmtu":	1500,
					"omitted":	false,
					"sender":	true
				}],
			"sum":	{
				"start":	11.000426,
				"end":	12.000293,
				"seconds":	0.999867022037506,
				"bytes":	5898240,