{
	"start":	{
		"connected":	[{
				"socket":	8,
				"local_host":	"172.16.0.121",
				"local_port":	49996,
				"remote_host":	"172.17.0.121",
				"remote_port":	5201
			}],
		"version":	"iperf 3.16",
		"system_info":	"Linux h1 6.12.54-0b264c55b-l4steam-117 #1 SMP PREEMPT_DYNAMIC Fri Nov  7 18:07:57 UTC 2025 x86_64",
		"timestamp":	{
			"time":	"Sun, 22 Feb 2026 16:22:39 GMT",
			"timesecs":	1771777359
		},
		"connecting_to":	{
			"host":	"172.17.0.121",
			"port":	5201
		},
		"cookie":	"4esaf6fayaqfl653eskxkexe4to7oicw3x4m",
		"tcp_mss_default":	1448,
		"target_bitrate":	0,
		"fq_rate":	0,
		"sock_bufsize":	0,
		"sndbuf_actual":	1000000,
		"rcvbuf_actual":	1000000,
		"test_start":	{
			"protocol":	"TCP",
			"num_streams":	1,
			"blksize":	131072,
			"omit":	0,
			"duration":	0,
			"bytes":	1073741824,
			"blocks":	0,
			"reverse":	0,
			"tos":	0,
			"target_bitrate":	0,
			"bidir":	0,
			"fqrate":	0
		}
	},
	"intervals":	[{
			"streams":	[{
					"socket":	8,
					"start":	0,
					"end":	1.001045,
					"seconds":	1.0010449886322021,
					"bytes":	197132288,
					"bits_per_second":	1575412016.3518777,
					"retransmits":	23499,
					"snd_cwnd":	142294960,
					"snd_wnd":	71917568,
					"rtt":	134174,
					"rttvar":	439,
					"pmtu":	1500,
					"omitted":	false,
					"sender":	true
				}],
			"sum":	{
				"start":	0,
				"end":	1.001045,
				"seconds":	1.0010449886322021,
				"bytes":	197132288,
				"bits_per_second":	1575412016.3518777,
				"retransmits":	23499,
				"omitted":	false,
				"sender":	true
			}
		}, {
			"streams":	[{
					"socket":	8,
					"start":	1.001045,
					"end":	2.001036,
					"seconds":	0.999990999698639,
					"bytes":	131072,
					"bits_per_second":	1048585.437584941,
					"retransmits":	67246,
					"snd_cwnd":	139339592,
					"snd_wnd":	74645504,
					"rtt":	157502,
					"rttvar":	362,
					"pmtu":	1500,
					"omitted":	false,
					"sender":	true
				}],
			"sum":	{
				"start":	1.001045,
				"end":	2.001036,
				"seconds":	0.999990999698639,
				"bytes":	131072,
				"bits_per_second":	1048585.437584941,
				"retransmits":	67246,
				"omitted":	false,
				"sender":	true
			}
		}, {
			"streams":	[{
					"socket":	8,
					"start":	2.001036,
					"end":	3.001057,
					"seconds":	1.0000209808349609,
					"bytes":	78774272,
					"bits_per_second":	630180954.27740276,
					"retransmits":	8850,
					"snd_cwnd":	135783304,
					"snd_wnd":	74645504,
					"rtt":	74248,
					"rttvar":	4783,
					"pmtu":	1500,
					"omitted":	false,
					"sender":	true
				}],
			"sum":	{
				"start":	2.001036,
				"end":	3.001057,
				"seconds":	1.0000209808349609,
				"bytes":	78774272,
				"bits_per_second":	630180954.27740276,
				"retransmits":	8850,
				"omitted":	false,
				"sender":	true
			}
		}, {
			"streams":	[{
					"socket":	8,
					"start":	3.001057,
					"end":	4.000295,
					"seconds":	0.99923801422119141,
					"bytes":	99090432,
					"bits_per_second":	793327960.62392664,
					"retransmits":	0,
					"snd_cwnd":	131576864,
					"snd_wnd":	74645504,
					"rtt":	80876,
					"rttvar":	1451,
					"pmtu":	1500,
					"omitted":	false,
					"sender":	true
				}],
			"sum":	{
				"start":	3.001057,
				"end":	4.000295,
				"seconds":	0.99923801422119141,
				"bytes":	99090432,
				"bits_per_second":	793327960.62392664,
				"retransmits":	0,
				"omitted":	false,
				"sender":	true
			}
		}, {
			"streams":	[{
					"socket":	8,
					"start":	4.000295,
					"end":	5.001039,
					"seconds":	1.0007439851760864,
					"bytes":	92667904,
					"bits_per_second":	740792093.6637522,
					"retransmits":	615,
					"snd_cwnd":	127348704,
					"snd_wnd":	74645504,
					"rtt":	86254,
					"rttvar":	903,
					"pmtu":	1500,
					"omitted":	false,
					"sender":	true
				}],
			"sum":	{
				"start":	4.000295,
				"end":	5.001039,
				"seconds":	1.0007439851760864,
				"bytes":	92667904,
				"bits_per_second":	740792093.6637522,
				"retransmits":	615,
				"omitted":	false,
				"sender":	true
			}
		}, {
			"streams":	[{
					"socket":	8,
					"start":	5.001039,
					"end":	6.001037,
					"seconds":	0.99999797344207764,
					"bytes":	110755840,
					"bits_per_second":	886048515.628639,
					"retransmits":	0,
					"snd_cwnd":	122146040,
					"snd_wnd":	74645504,
					"rtt":	65734,
					"rttvar":	1029,
					"pmtu":	1500,
					"omitted":	false,
					"sender":	true
				}],
			"sum":	{
				"start":	5.001039,
				"end":	6.001037,
				"seconds":	0.99999797344207764,
				"bytes":	110755840,
				"bits_per_second":	886048515.628639,
				"retransmits":	0,
				"omitted":	false,
				"sender":	true
			}
		}, {
			"streams":	[{
					"socket":	8,
					"start":	6.001037,
					"end":	7.001049,
					"seconds":	1.0000120401382446,
					"bytes":	129630208,
					"bits_per_second":	1037029178.0253328,
					"retransmits":	0,
					"snd_cwnd":	116430784,
					"snd_wnd":	74645504,
					"rtt":	61535,
					"rttvar":	217,
					"pmtu":	1500,
					"omitted":	false,
					"sender":	true
				}],
			"sum":	{
				"start":	6.001037,
				"end":	7.001049,
				"seconds":	1.0000120401382446,
				"bytes":	129630208,
				"bits_per_second":	1037029178.0253328,
				"retransmits":	0,
				"omitted":	false,
				"sender":	true
			}
		}, {
			"streams":	[{
					"socket":	8,
					"start":	7.001049,
					"end":	8.001055,
					"seconds":	1.0000059604644775,
					"bytes":	125304832,
					"bits_per_second":	1002432681.0356135,
					"retransmits":	963,
					"snd_cwnd":	111889856,
					"snd_wnd":	74645504,
					"rtt":	61877,
					"rttvar":	101,
					"pmtu":	1500,
					"omitted":	false,
					"sender":	true
				}],
			"sum":	{
				"start":	7.001049,
				"end":	8.001055,
				"seconds":	1.0000059604644775,
				"bytes":	125304832,
				"bits_per_second":	1002432681.0356135,
				"retransmits":	963,
				"omitted":	false,
				"sender":	true
			}
		}, {
			"streams":	[{
					"socket":	8,
					"start":	8.001055,
					"end":	9.000266,
					"seconds":	0.999211013317108,
					"bytes":	131727360,
					"bits_per_second":	1054650985.5827235,
					"retransmits":	0,
					"snd_cwnd":	106071792,
					"snd_wnd":	74645504,
					"rtt":	61607,
					"rttvar":	168,
					"pmtu":	1500,
					"omitted":	false,
					"sender":	true
				}],
			"sum":	{
				"start":	8.001055,
				"end":	9.000266,
				"seconds":	0.999211013317108,
				"bytes":	131727360,
				"bits_per_second":	1054650985.5827235,
				"retransmits":	0,
				"omitted":	false,
				"sender":	true
			}
		}, {
			"streams":	[{
					"socket":	8,
					"start":	9.000266,
					"end":	10.001051,
					"seconds":	1.0007849931716919,
					"bytes":	103546880,
					"bits_per_second":	827725281.306138,
					"retransmits":	0,
					"snd_cwnd":	100857544,
					"snd_wnd":	74645504,
					"rtt":	66268,
					"rttvar":	9334,
					"pmtu":	1500,
					"omitted":	false,
					"sender":	true
				}],
			"sum":	{
				"start":	9.000266,
				"end":	10.001051,
				"seconds":	1.0007849931716919,
				"bytes":	103546880,
				"bits_per_second":	827725281.306138,
				"retransmits":	0,
				"omitted":	false,
				"sender":	true
			}
		}],
	"end":	{
		"streams":	[{
				"sender":	{
					"socket":	8,
					"start":	0,
					"end":	10.001453,
					"seconds":	10.001453,
					"bytes":	1073741824,
					"bits_per_second":	858868665.582891,
					"retransmits":	101173,
					"max_snd_cwnd":	142294960,
					"max_snd_wnd":	74645504,
					"max_rtt":	157502,
					"min_rtt":	61535,
					"mean_rtt":	83303,
					"sender":	true
				},
				"receiver":	{
					"socket":	8,
					"start":	0,
					"end":	17.341674,
					"seconds":	10.001453,
					"bytes":	1073741824,
					"bits_per_second":	495334798.24381429,
					"sender":	true
				}
			}],
		"sum_sent":	{
			"start":	0,
			"end":	10.001453,
			"seconds":	10.001453,
			"bytes":	1073741824,
			"bits_per_second":	858868665.582891,
			"retransmits":	101173,
			"sender":	true
		},
		"sum_received":	{
			"start":	0,
			"end":	17.341674,
			"seconds":	17.341674,
			"bytes":	1073741824,
			"bits_per_second":	495334798.24381429,
			"sender":	true
		},