{
	"start":	{
		"connected":	[{
				"socket":	8,
				"local_host":	"172.16.0.1",
				"local_port":	59014,
				"remote_host":	"172.17.0.1",
				"remote_port":	5201
			}],
		"version":	"iperf 3.16",
		"system_info":	"Linux h1 6.12.54-0b264c55b-l4steam-117 #1 SMP PREEMPT_DYNAMIC Fri Nov  7 18:07:57 UTC 2025 x86_64",
		"timestamp":	{
			"time":	"Sun, 22 Feb 2026 02:15:02 GMT",
			"timesecs":	1771726502
		},
		"connecting_to":	{
			"host":	"172.17.0.1",
			"port":	5201
		},
		"cookie":	"hgetgln72ai4roljhe2ifnts22f5spntif56",
		"tcp_mss_default":	1448,
		"target_bitrate":	0,
		"fq_rate":	0,
		"sock_bufsize":	0,
		"sndbuf_actual":	1000000,
		"rcvbuf_actual":	1000000,
		"test_start":	{
			"protocol":	"TCP",
			"num_streams":	1,
			"blksize":	131072,
			"omit":	0,
			"duration":	0,
			"bytes":	107374182,
			"blocks":	0,
			"reverse":	0,
			"tos":	0,
			"target_bitrate":	0,
			"bidir":	0,
			"fqrate":	0
		}
	},
	"intervals":	[{
			"streams":	[{
					"socket":	8,
					"start":	0,
					"end":	1.001045,
					"seconds":	1.0010449886322021,
					"bytes":	107479040,
					"bits_per_second":	858934742.95780563,
					"retransmits":	15205,
					"snd_cwnd":	144254104,
					"snd_wnd":	48300032,
					"rtt":	137367,
					"rttvar":	11058,
					"pmtu":	1500,
					"omitted":	false,
					"sender":	true
				}],
			"sum":	{
				"start":	0,
				"end":	1.001045,
				"seconds":	1.0010449886322021,
				"bytes":	107479040,
				"bits_per_second":	858934742.95780563,
				"retransmits":	15205,
				"omitted":	false,
				"sender":	true
			}
		}],
	"end":	{
		"streams":	[{
				"sender":	{
					"socket":	8,
					"start":	0,
					"end":	1.001335,
					"seconds":	1.001335,
					"bytes":	107479040,
					"bits_per_second":	858685974.2244103,
					"retransmits":	15205,
					"max_snd_cwnd":	144254104,
					"max_snd_wnd":	48300032,
					"max_rtt":	137367,
					"min_rtt":	137367,
					"mean_rtt":	137367,
					"sender":	true
				},
				"receiver":	{
					"socket":	8,
					"start":	0,
					"end":	1.071943,
					"seconds":	1.001335,
					"bytes":	14811136,
					"bits_per_second":	110536743.0917502,
					"sender":	true
				}
			}],
		"sum_sent":	{
			"start":	0,
			"end":	1.001335,
			"seconds":	1.001335,
			"bytes":	107479040,
			"bits_per_second":	858685974.2244103,
			"retransmits":	15205,
			"sender":	true
		},
		"sum_received":	{
			"start":	0,
			"end":	1.071943,
			"seconds":	1.071943,
			"bytes":	14811136,
			"bits_per_second":	110536743.0917502,
			"sender":	true
		},
		"cpu_utilization_percent":	{
			"host_total":	49.381841515091836,
			"host_user":	46.250786198484143,
			"host_system":	3.1310553166076884,
			"remote_total":	1.2612493271626648,
			"remote_user":	0,
			"remote_system":	1.2613426148347922
		},
		"sender_tcp_congestion":	"prague",
		"receiver_tcp_congestion":	"prague"
	}
}
