{
	"start":	{
		"connected":	[{
				"socket":	8,
				"local_host":	"172.16.0.48",
				"local_port":	33450,
				"remote_host":	"172.17.0.48",
				"remote_port":	5201
			}],
		"version":	"iperf 3.16",
		"system_info":	"Linux h1 6.12.54-0b264c55b-l4steam-117 #1 SMP PREEMPT_DYNAMIC Fri Nov  7 18:07:57 UTC 2025 x86_64",
		"timestamp":	{
			"time":	"Sun, 22 Feb 2026 02:15:03 GMT",
			"timesecs":	1771726503
		},
		"connecting_to":	{
			"host":	"172.17.0.48",
			"port":	5201
		},
		"cookie":	"howxo7s6d4ovu2ckngpreusm3l3i3wnfp6cj",
		"tcp_mss_default":	1448,
		"target_bitrate":	0,
		"fq_rate":	0,
		"sock_bufsize":	0,
		"sndbuf_actual":	1000000,
		"rcvbuf_actual":	1000000,
		"test_start":	{
			"protocol":	"TCP",
			"num_streams":	1,
			"blksize":	131072,
			"omit":	0,
			"duration":	0,
			"bytes":	107374182,
			"blocks":	0,
			"reverse":	0,
			"tos":	0,
			"target_bitrate":	0,
			"bidir":	0,
			"fqrate":	0
		}
	},
	"intervals":	[{
			"streams":	[{
					"socket":	8,
					"start":	0,
					"end":	1.001069,
					"seconds":	1.0010689496994019,
					"bytes":	38535168,
					"bits_per_second":	307952158.63259953,
					"retransmits":	203,
					"snd_cwnd":	1448,
					"snd_wnd":	487424,
					"rtt":	133530,
					"rttvar":	45100,
					"pmtu":	1500,
					"omitted":	false,
					"sender":	true
				}],
			"sum":	{
				"start":	0,
				"end":	1.001069,
				"seconds":	1.0010689496994019,
				"bytes":	38535168,
				"bits_per_second":	307952158.63259953,
				"retransmits":	203,
				"omitted":	false,
				"sender":	true
			}
		}, {
			"streams":	[{
					"socket":	8,
					"start":	1.001069,
					"end":	2.001059,
					"seconds":	0.99998998641967773,
					"bytes":	0,
					"bits_per_second":	0,
					"retransmits":	12,
					"snd_cwnd":	10136,
					"snd_wnd":	700416,
					"rtt":	248713,
					"rttvar":	275662,
					"pmtu":	1500,
					"omitted":	false,
					"sender":	true
				}],
			"sum":	{
				"start":	1.001069,
				"end":	2.001059,
				"seconds":	0.99998998641967773,
				"bytes":	0,
				"bits_per_second":	0,
				"retransmits":	12,
				"omitted":	false,
				"sender":	true
			}
		}, {
			"streams":	[{
					"socket":	8,
					"start":	2.001059,
					"end":	3.001052,
					"seconds":	0.99999302625656128,
					"bytes":	0,
					"bits_per_second":	0,
					"retransmits":	117,
					"snd_cwnd":	165072,
					"snd_wnd":	1097728,
					"rtt":	99587,
					"rttvar":	5660,
					"pmtu":	1500,
					"omitted":	false,
					"sender":	true
				}],
			"sum":	{
				"start":	2.001059,
				"end":	3.001052,
				"seconds":	0.99999302625656128,
				"bytes":	0,
				"bits_per_second":	0,
				"retransmits":	117,
				"omitted":	false,
				"sender":	true
			}
		}, {
			"streams":	[{
					"socket":	8,
					"start":	3.001052,
					"end":	4.001045,
					"seconds":	0.99999302625656128,
					"bytes":	0,
					"bits_per_second":	0,
					"retransmits":	16,
					"snd_cwnd":	76744,
					"snd_wnd":	1314816,
					"rtt":	102140,
					"rttvar":	6359,
					"pmtu":	1500,
					"omitted":	false,
					"sender":	true
				}],
			"sum":	{
				"start":	3.001052,
				"end":	4.001045,
				"seconds":	0.99999302625656128,
				"bytes":	0,
				"bits_per_second":	0,
				"retransmits":	16,
				"omitted":	false,
				"sender":	true
			}
		}, {
			"streams":	[{
					"socket":	8,
					"start":	4.001045,
					"end":	5.008301,
					"seconds":	1.007256031036377,
					"bytes":	0,
					"bits_per_second":	0,
					"retransmits":	5,
					"snd_cwnd":	13032,
					"snd_wnd":	1523712,
					"rtt":	100145,
					"rttvar":	3704,
					"pmtu":	1500,
					"omitted":	false,
					"sender":	true
				}],
			"sum":	{
				"start":	4.001045,
				"end":	5.008301,
				"seconds":	1.007256031036377,
				"bytes":	0,
				"bits_per_second":	0,
				"retransmits":	5,
				"omitted":	false,
				"sender":	true
			}
		}, {
			"streams":	[{
					"socket":	8,
					"start":	5.008301,
					"end":	6.000071,
					"seconds":	0.991770029067993,
					"bytes":	0,
					"bits_per_second":	0,
					"retransmits":	0,
					"snd_cwnd":	18824,
					"snd_wnd":	1773568,
					"rtt":	99478,
					"rttvar":	5362,
					"pmtu":	1500,
					"omitted":	false,
					"sender":	true
				}],
			"sum":	{
				"start":	5.008301,
				"end":	6.000071,
				"seconds":	0.991770029067993,
				"bytes":	0,
				"bits_per_second":	0,
				"retransmits":	0,
				"omitted":	false,
				"sender":	true
			}
		}, {
			"streams":	[{
					"socket":	8,
					"start":	6.000071,
					"end":	7.000125,
					"seconds":	1.0000540018081665,
					"bytes":	0,
					"bits_per_second":	0,
					"retransmits":	2,
					"snd_cwnd":	17376,
					"snd_wnd":	2281472,
					"rtt":	62758,
					"rttvar":	1328,
					"pmtu":	1500,
					"omitted":	false,
					"sender":	true
				}],
			"sum":	{
				"start":	6.000071,
				"end":	7.000125,
				"seconds":	1.0000540018081665,
				"bytes":	0,
				"bits_per_second":	0,
				"retransmits":	2,
				"omitted":	false,
				"sender":	true
			}
		}, {
			"streams":	[{
					"socket":	8,
					"start":	7.000125,
					"end":	8.000086,
					"seconds":	0.999961018562317,
					"bytes":	0,
					"bits_per_second":	0,
					"retransmits":	0,
					"snd_cwnd":	39096,
					"snd_wnd":	3153920,
					"rtt":	60794,
					"rttvar":	36,
					"pmtu":	1500,
					"omitted":	false,
					"sender":	true
				}],
			"sum":	{
				"start":	7.000125,
				"end":	8.000086,
				"seconds":	0.999961018562317,
				"bytes":	0,
				"bits_per_second":	0,
				"retransmits":	0,
				"omitted":	false,
				"sender":	true
			}
		}, {
			"streams":	[{
					"socket":	8,
					"start":	8.000086,
					"end":	9.000981,
					"seconds":	1.0008950233459473,
					"bytes":	0,
					"bits_per_second":	0,
					"retransmits":	0,
					"snd_cwnd":	62264,
					"snd_wnd":	4784128,
					"rtt":	60750,
					"rttvar":	15,
					"pmtu":	1500,
					"omitted":	false,
					"sender":	true
				}],
			"sum":	{
				"start":	8.000086,
				"end":	9.000981,
				"seconds":	1.0008950233459473,
				"bytes":	0,
				"bits_per_second":	0,
				"retransmits":	0,
				"omitted":	false,
				"sender":	true
			}
		}, {
			"streams":	[{
					"socket":	8,
					"start":	9.000981,
					"end":	10.001048,
					"seconds":	1.0000669956207275,
					"bytes":	0,
					"bits_per_second":	0,
					"retransmits":	0,
					"snd_cwnd":	85432,
					"snd_wnd":	7159808,
					"rtt":	60777,
					"rttvar":	25,
					"pmtu":	1500,
					"omitted":	false,
					"sender":	true
				}],
			"sum":	{
				"start":	9.000981,
				"end":	10.001048,
				"seconds":	1.0000669956207275,
				"bytes":	0,
				"bits_per_second":	0,
				"retransmits":	0,
				"omitted":	false,
				"sender":	true
			}
		}, {
			"streams":	[{
					"socket":	8,
					"start":	10.001048,
					"end":	11.000644,
					"seconds":	0.9995959997177124,
					"bytes":	0,
					"bits_per_second":	0,
					"retransmits":	0,
					"snd_cwnd":	110048,
					"snd_wnd":	10301440,
					"rtt":	60764,
					"rttvar":	28,
					"pmtu":	1500,
					"omitted":	false,
					"sender":	true
				}],
			"sum":	{
				"start":	10.001048,
				"end":	11.000644,
				"seconds":	0.9995959997177124,
				"bytes":	0,
				"bits_per_second":	0,
				"retransmits":	0,
				"omitted":	false,
				"sender":	true
			}
		}, {
			"streams":	[{
					"socket":	8,
					"start":	11.000644,
					"end":	12.000924,
					"seconds":	1.0002800226211548,
					"bytes":	0,
					"bits_per_second":	0,
					"retransmits":	0,
					"snd_cwnd":	133216,
					"snd_wnd":	14188544,
					"rtt":	60811,
					"rttvar":	66,
					"pmtu":	1500,
					"omitted":	false,
					"sender":	true
				}],
			"sum":	{
				"start":	11.000644,
				"end":	12.000924,
				"seconds":	1.0002800226211548,
				"bytes":	0,
				"bits_per_second":	0,
				"retransmits":	0,
				"omitted":	false,
				"sender":	true
			}
		}, {
			"streams":	[{
					"socket":	8,
					"start":	12.000924,
					"end":	13.000851,
					"seconds":	0.99992698431015,
					"bytes":	0,
					"bits_per_second":	0,
					"retransmits":	0,
					"snd_cwnd":	156384,
					"snd_wnd":	18882560,
					"rtt":	60834,
					"rttvar":	37,
					"pmtu":	1500,
					"omitted":	false,
					"sender":	true
				}],
			"sum":	{
				"start":	12.000924,