{
	"start":	{
		"connected":	[{
				"socket":	8,
				"local_host":	"172.16.0.73",
				"local_port":	59842,
				"remote_host":	"172.17.0.73",
				"remote_port":	5201
			}],
		"version":	"iperf 3.16",
		"system_info":	"Linux h1 6.12.54-0b264c55b-l4steam-117 #1 SMP PREEMPT_DYNAMIC Fri Nov  7 18:07:57 UTC 2025 x86_64",
		"timestamp":	{
			"time":	"Sun, 22 Feb 2026 02:15:03 GMT",
			"timesecs":	1771726503
		},
		"connecting_to":	{
			"host":	"172.17.0.73",
			"port":	5201
		},
		"cookie":	"enorphnk5gqz3dyfm4osb3p5dvenrquy46nv",
		"tcp_mss_default":	1448,
		"target_bitrate":	0,
		"fq_rate":	0,
		"sock_bufsize":	0,
		"sndbuf_actual":	1000000,
		"rcvbuf_actual":	1000000,
		"test_start":	{
			"protocol":	"TCP",
			"num_streams":	1,
			"blksize":	131072,
			"omit":	0,
			"duration":	0,
			"bytes":	107374182,
			"blocks":	0,
			"reverse":	0,
			"tos":	0,
			"target_bitrate":	0,
			"bidir":	0,
			"fqrate":	0
		}
	},
	"intervals":	[{
			"streams":	[{
					"socket":	8,
					"start":	0,
					"end":	1.001052,
					"seconds":	1.0010520219802856,
					"bytes":	32112640,
					"bits_per_second":	256631138.4015758,
					"retransmits":	155,
					"snd_cwnd":	1448,
					"snd_wnd":	724992,
					"rtt":	114651,
					"rttvar":	13372,
					"pmtu":	1500,
					"omitted":	false,
					"sender":	true
				}],
			"sum":	{
				"start":	0,
				"end":	1.001052,
				"seconds":	1.0010520219802856,
				"bytes":	32112640,
				"bits_per_second":	256631138.4015758,
				"retransmits":	155,
				"omitted":	false,
				"sender":	true
			}
		}, {
			"streams":	[{
					"socket":	8,
					"start":	1.001052,
					"end":	2.004046,
					"seconds":	1.0029939413070679,
					"bytes":	0,
					"bits_per_second":	0,
					"retransmits":	994,
					"snd_cwnd":	144579904,
					"snd_wnd":	13684736,
					"rtt":	128935,
					"rttvar":	3287,
					"pmtu":	1500,
					"omitted":	false,
					"sender":	true
				}],
			"sum":	{
				"start":	1.001052,
				"end":	2.004046,
				"seconds":	1.0029939413070679,
				"bytes":	0,
				"bits_per_second":	0,
				"retransmits":	994,
				"omitted":	false,
				"sender":	true
			}
		}, {
			"streams":	[{
					"socket":	8,
					"start":	2.004046,
					"end":	3.001052,
					"seconds":	0.99700599908828735,
					"bytes":	10747904,
					"bits_per_second":	86241438.946834236,
					"retransmits":	21679,
					"snd_cwnd":	143621328,
					"snd_wnd":	69001216,
					"rtt":	113923,
					"rttvar":	6824,
					"pmtu":	1500,
					"omitted":	false,
					"sender":	true
				}],
			"sum":	{
				"start":	2.004046,
				"end":	3.001052,
				"seconds":	0.99700599908828735,
				"bytes":	10747904,
				"bits_per_second":	86241438.946834236,
				"retransmits":	21679,
				"omitted":	false,
				"sender":	true
			}
		}, {
			"streams":	[{
					"socket":	8,
					"start":	3.001052,
					"end":	4.001064,
					"seconds":	1.0000120401382446,
					"bytes":	25690112,
					"bits_per_second":	205518421.529793,
					"retransmits":	17299,
					"snd_cwnd":	142856784,
					"snd_wnd":	112656384,
					"rtt":	151031,
					"rttvar":	8772,
					"pmtu":	1500,
					"omitted":	false,
					"sender":	true
				}],
			"sum":	{
				"start":	3.001052,
				"end":	4.001064,
				"seconds":	1.0000120401382446,
				"bytes":	25690112,
				"bits_per_second":	205518421.529793,
				"retransmits":	17299,
				"omitted":	false,
				"sender":	true
			}
		}, {
			"streams":	[{
					"socket":	8,
					"start":	4.001064,
					"end":	5.007959,
					"seconds":	1.0068949460983276,
					"bytes":	22544384,
					"bits_per_second":	179120048.91758347,
					"retransmits":	16227,
					"snd_cwnd":	142158848,
					"snd_wnd":	113041408,
					"rtt":	128337,
					"rttvar":	2215,
					"pmtu":	1500,
					"omitted":	false,
					"sender":	true
				}],
			"sum":	{
				"start":	4.001064,
				"end":	5.007959,
				"seconds":	1.0068949460983276,
				"bytes":	22544384,
				"bits_per_second":	179120048.91758347,
				"retransmits":	16227,
				"omitted":	false,
				"sender":	true
			}
		}, {
			"streams":	[{
					"socket":	8,
					"start":	5.007959,
					"end":	6.001047,
					"seconds":	0.9930880069732666,
					"bytes":	16384000,
					"bits_per_second":	131984274.38418193,
					"retransmits":	4075,
					"snd_cwnd":	141392856,
					"snd_wnd":	117637120,
					"rtt":	96980,
					"rttvar":	9135,
					"pmtu":	1500,
					"omitted":	false,
					"sender":	true
				}],
			"sum":	{
				"start":	5.007959,
				"end":	6.001047,
				"seconds":	0.9930880069732666,
				"bytes":	16384000,
				"bits_per_second":	131984274.38418193,
				"retransmits":	4075,
				"omitted":	false,
				"sender":	true
			}
		}],
	"end":	{
		"streams":	[{
				"sender":	{
					"socket":	8,
					"start":	0,
					"end":	6.00445,
					"seconds":	6.00445,
					"bytes":	107479040,
					"bits_per_second":	143199180.60771593,
					"retransmits":	60429,
					"max_snd_cwnd":	144579904,
					"max_snd_wnd":	117637120,
					"max_rtt":	151031,
					"min_rtt":	96980,
					"mean_rtt":	118691,
					"sender":	true
				},
				"receiver":	{
					"socket":	8,
					"start":	0,
					"end":	6.0833,
					"seconds":	6.00445,
					"bytes":	107479040,
					"bits_per_second":	141343073.66067758,
					"sender":	true
				}
			}],
		"sum_sent":	{
			"start":	0,
			"end":	6.00445,
			"seconds":	6.00445,
			"bytes":	107479040,
			"bits_per_second":	143199180.60771593,
			"retransmits":	60429,
			"sender":	true
		},
		"sum_received":	{
			"start":	0,
			"end":	6.0833,
			"seconds":	6.0833,
			"bytes":	107479040,
			"bits_per_second":	141343073.66067758,
			"sender":	true
		},
		"cpu_utilization_percent":	{
			"host_total":	6.75237182707728,
			"host_user":	3.0837322479934719,
			"host_system":	3.66871892297961,
			"remote_total":	1.02424451939264,
			"remote_user":	0,
			"remote_system":	1.0242609578037494
		},
		"sender_tcp_congestion":	"prague",
		"receiver_tcp_congestion":	"prague"
	}
}
