{
	"start":	{
		"connected":	[{
				"socket":	8,
				"local_host":	"172.16.0.108",
				"local_port":	49884,
				"remote_host":	"172.17.0.108",
				"remote_port":	5201
			}],
		"version":	"iperf 3.16",
		"system_info":	"Linux h1 6.12.54-0b264c55b-l4steam-117 #1 SMP PREEMPT_DYNAMIC Fri Nov  7 18:07:57 UTC 2025 x86_64",
		"timestamp":	{
			"time":	"Sun, 22 Feb 2026 02:13:13 GMT",
			"timesecs":	1771726393
		},
		"connecting_to":	{
			"host":	"172.17.0.108",
			"port":	5201
		},
		"cookie":	"x6se3obkwvozrxsxv3rfvgtxd6dz72zf5k6l",
		"tcp_mss_default":	1448,
		"target_bitrate":	0,
		"fq_rate":	0,
		"sock_bufsize":	0,
		"sndbuf_actual":	1000000,
		"rcvbuf_actual":	1000000,
		"test_start":	{
			"protocol":	"TCP",
			"num_streams":	1,
			"blksize":	131072,
			"omit":	0,
			"duration":	0,
			"bytes":	107374182,
			"blocks":	0,
			"reverse":	0,
			"tos":	0,
			"target_bitrate":	0,
			"bidir":	0,
			"fqrate":	0
		}
	},
	"intervals":	[{
			"streams":	[{
					"socket":	8,
					"start":	0,
					"end":	1.001063,
					"seconds":	1.0010629892349243,
					"bytes":	21495808,
					"bits_per_second":	171783859.60650453,
					"retransmits":	5133,
					"snd_cwnd":	7865536,
					"snd_wnd":	12369920,
					"rtt":	130617,
					"rttvar":	5526,
					"pmtu":	1500,
					"omitted":	false,
					"sender":	true
				}],
			"sum":	{
				"start":	0,
				"end":	1.001063,
				"seconds":	1.0010629892349243,
				"bytes":	21495808,
				"bits_per_second":	171783859.60650453,
				"retransmits":	5133,
				"omitted":	false,
				"sender":	true
			}
		}, {
			"streams":	[{
					"socket":	8,
					"start":	1.001063,
					"end":	2.00107,
					"seconds":	1.0000070333480835,
					"bytes":	27525120,
					"bits_per_second":	220199411.26089281,
					"retransmits":	600,
					"snd_cwnd":	2606400,
					"snd_wnd":	30609408,
					"rtt":	69437,
					"rttvar":	1060,
					"pmtu":	1500,
					"omitted":	false,
					"sender":	true
				}],
			"sum":	{
				"start":	1.001063,
				"end":	2.00107,
				"seconds":	1.0000070333480835,
				"bytes":	27525120,
				"bits_per_second":	220199411.26089281,
				"retransmits":	600,
				"omitted":	false,
				"sender":	true
			}
		}, {
			"streams":	[{
					"socket":	8,
					"start":	2.00107,
					"end":	3.001052,
					"seconds":	0.99998199939727783,
					"bytes":	7733248,
					"bits_per_second":	61867097.645046279,
					"retransmits":	1340,
					"snd_cwnd":	2548480,
					"snd_wnd":	54611968,
					"rtt":	96995,
					"rttvar":	2992,
					"pmtu":	1500,
					"omitted":	false,
					"sender":	true
				}],
			"sum":	{
				"start":	2.00107,
				"end":	3.001052,
				"seconds":	0.99998199939727783,
				"bytes":	7733248,
				"bits_per_second":	61867097.645046279,
				"retransmits":	1340,
				"omitted":	false,
				"sender":	true
			}
		}, {
			"streams":	[{
					"socket":	8,
					"start":	3.001052,
					"end":	4.001058,
					"seconds":	1.0000059604644775,
					"bytes":	7733248,
					"bits_per_second":	61865615.2521979,
					"retransmits":	3535,
					"snd_cwnd":	2548480,
					"snd_wnd":	77807616,
					"rtt":	98588,
					"rttvar":	2957,
					"pmtu":	1500,
					"omitted":	false,
					"sender":	true
				}],
			"sum":	{
				"start":	3.001052,
				"end":	4.001058,
				"seconds":	1.0000059604644775,
				"bytes":	7733248,
				"bits_per_second":	61865615.2521979,
				"retransmits":	3535,
				"omitted":	false,
				"sender":	true
			}
		}, {
			"streams":	[{
					"socket":	8,
					"start":	4.001058,
					"end":	5.001067,
					"seconds":	1.0000089406967163,
					"bytes":	15466496,
					"bits_per_second":	123730861.75989056,
					"retransmits":	3628,
					"snd_cwnd":	1390080,
					"snd_wnd":	101244928,
					"rtt":	104688,
					"rttvar":	716,
					"pmtu":	1500,
					"omitted":	false,
					"sender":	true
				}],
			"sum":	{
				"start":	4.001058,
				"end":	5.001067,
				"seconds":	1.0000089406967163,
				"bytes":	15466496,
				"bits_per_second":	123730861.75989056,
				"retransmits":	3628,
				"omitted":	false,
				"sender":	true
			}
		}, {
			"streams":	[{
					"socket":	8,
					"start":	5.001067,
					"end":	6.00106,
					"seconds":	0.99999302625656128,
					"bytes":	15728640,
					"bits_per_second":	125829997.5061195,
					"retransmits":	2862,
					"snd_cwnd":	1665200,
					"snd_wnd":	124678144,
					"rtt":	157614,
					"rttvar":	1775,
					"pmtu":	1500,
					"omitted":	false,
					"sender":	true
				}],
			"sum":	{
				"start":	5.001067,
				"end":	6.00106,
				"seconds":	0.99999302625656128,
				"bytes":	15728640,
				"bits_per_second":	125829997.5061195,
				"retransmits":	2862,
				"omitted":	false,
				"sender":	true
			}
		}, {
			"streams":	[{
					"socket":	8,
					"start":	6.00106,
					"end":	7.004011,
					"seconds":	1.0029510259628296,
					"bytes":	7602176,
					"bits_per_second":	60638462.323337764,
					"retransmits":	258,
					"snd_cwnd":	1740496,
					"snd_wnd":	131252224,
					"rtt":	64913,
					"rttvar":	299,
					"pmtu":	1500,
					"omitted":	false,
					"sender":	true
				}],
			"sum":	{
				"start":	6.00106,
				"end":	7.004011,
				"seconds":	1.0029510259628296,
				"bytes":	7602176,
				"bits_per_second":	60638462.323337764,
				"retransmits":	258,
				"omitted":	false,
				"sender":	true
			}
		}, {
			"streams":	[{
					"socket":	8,
					"start":	7.004011,
					"end":	8.001023,
					"seconds":	0.99701201915740967,
					"bytes":	4194304,
					"bits_per_second":	33654992.472766146,
					"retransmits":	0,
					"snd_cwnd":	2342864,
					"snd_wnd":	131252224,
					"rtt":	81196,
					"rttvar":	832,
					"pmtu":	1500,
					"omitted":	false,
					"sender":	true
				}],
			"sum":	{
				"start":	7.004011,
				"end":	8.001023,
				"seconds":	0.99701201915740967,
				"bytes":	4194304,
				"bits_per_second":	33654992.472766146,
				"retransmits":	0,
				"omitted":	false,
				"sender":	true
			}
		}],
	"end":	{
		"streams":	[{
				"sender":	{
					"socket":	8,
					"start":	0,
					"end":	8.00129,
					"seconds":	8.00129,
					"bytes":	107479040,
					"bits_per_second":	107461711.79897243,
					"retransmits":	17356,
					"max_snd_cwnd":	7865536,
					"max_snd_wnd":	131252224,
					"max_rtt":	157614,
					"min_rtt":	64913,
					"mean_rtt":	98359,
					"sender":	true
				},
				"receiver":	{
					"socket":	8,
					"start":	0,
					"end":	8.083201,
					"seconds":	8.00129,
					"bytes":	99876864,
					"bits_per_second":	98848823.875590861,
					"sender":	true
				}
			}],
		"sum_sent":	{
			"start":	0,
			"end":	8.00129,
			"seconds":	8.00129,
			"bytes":	107479040,
			"bits_per_second":	107461711.79897243,
			"retransmits":	17356,
			"sender":	true
		},
		"sum_received":	{
			"start":	0,
			"end":	8.083201,
			"seconds":	8.083201,
			"bytes":	99876864,
			"bits_per_second":	98848823.875590861,
			"sender":	true
		},
		"cpu_utilization_percent":	{
			"host_total":	5.5492097099606843,
			"host_user":	5.0100037170049729,
			"host_system":	0.539193979364976,
			"remote_total":	1.5782332180656808,
			"remote_user":	0.05522554389243093,
			"remote_system":	1.5230324168004417
		},
		"sender_tcp_congestion":	"bbr",
		"receiver_tcp_congestion":	"bbr"
	}
}
