{
	"start":	{
		"connected":	[{
				"socket":	8,
				"local_host":	"172.16.0.110",
				"local_port":	54718,
				"remote_host":	"172.17.0.110",
				"remote_port":	5201
			}],
		"version":	"iperf 3.16",
		"system_info":	"Linux h1 6.12.54-0b264c55b-l4steam-117 #1 SMP PREEMPT_DYNAMIC Fri Nov  7 18:07:57 UTC 2025 x86_64",
		"timestamp":	{
			"time":	"Sun, 22 Feb 2026 02:13:13 GMT",
			"timesecs":	1771726393
		},
		"connecting_to":	{
			"host":	"172.17.0.110",
			"port":	5201
		},
		"cookie":	"54wpb6enjqpkmtd2ocyjazygbnkd6gnymnla",
		"tcp_mss_default":	1448,
		"target_bitrate":	0,
		"fq_rate":	0,
		"sock_bufsize":	0,
		"sndbuf_actual":	1000000,
		"rcvbuf_actual":	1000000,
		"test_start":	{
			"protocol":	"TCP",
			"num_streams":	1,
			"blksize":	131072,
			"omit":	0,
			"duration":	0,
			"bytes":	107374182,
			"blocks":	0,
			"reverse":	0,
			"tos":	0,
			"target_bitrate":	0,
			"bidir":	0,
			"fqrate":	0
		}
	},
	"intervals":	[{
			"streams":	[{
					"socket":	8,
					"start":	0,
					"end":	1.001039,
					"seconds":	1.0010390281677246,
					"bytes":	19005440,
					"bits_per_second":	151885706.47270012,
					"retransmits":	5542,
					"snd_cwnd":	6052640,
					"snd_wnd":	10383360,
					"rtt":	117110,
					"rttvar":	7661,
					"pmtu":	1500,
					"omitted":	false,
					"sender":	true
				}],
			"sum":	{
				"start":	0,
				"end":	1.001039,
				"seconds":	1.0010390281677246,
				"bytes":	19005440,
				"bits_per_second":	151885706.47270012,
				"retransmits":	5542,
				"omitted":	false,
				"sender":	true
			}
		}, {
			"streams":	[{
					"socket":	8,
					"start":	1.001039,
					"end":	2.001039,
					"seconds":	1,
					"bytes":	17170432,
					"bits_per_second":	137363456,
					"retransmits":	4593,
					"snd_cwnd":	1298856,
					"snd_wnd":	38387712,
					"rtt":	89172,
					"rttvar":	1643,
					"pmtu":	1500,
					"omitted":	false,
					"sender":	true
				}],
			"sum":	{
				"start":	1.001039,
				"end":	2.001039,
				"seconds":	1,
				"bytes":	17170432,
				"bits_per_second":	137363456,
				"retransmits":	4593,
				"omitted":	false,
				"sender":	true
			}
		}, {
			"streams":	[{
					"socket":	8,
					"start":	2.001039,
					"end":	3.001035,
					"seconds":	0.9999960064888,
					"bytes":	7208960,
					"bits_per_second":	57671910.313419759,
					"retransmits":	3326,
					"snd_cwnd":	2645496,
					"snd_wnd":	62021632,
					"rtt":	94400,
					"rttvar":	1494,
					"pmtu":	1500,
					"omitted":	false,
					"sender":	true
				}],
			"sum":	{
				"start":	2.001039,
				"end":	3.001035,
				"seconds":	0.9999960064888,
				"bytes":	7208960,
				"bits_per_second":	57671910.313419759,
				"retransmits":	3326,
				"omitted":	false,
				"sender":	true
			}
		}, {
			"streams":	[{
					"socket":	8,
					"start":	3.001035,
					"end":	4.001038,
					"seconds":	1.0000029802322388,
					"bytes":	12976128,
					"bits_per_second":	103808714.625922,
					"retransmits":	2842,
					"snd_cwnd":	2641152,
					"snd_wnd":	83722240,
					"rtt":	96882,
					"rttvar":	3146,
					"pmtu":	1500,
					"omitted":	false,
					"sender":	true
				}],
			"sum":	{
				"start":	3.001035,
				"end":	4.001038,
				"seconds":	1.0000029802322388,
				"bytes":	12976128,
				"bits_per_second":	103808714.625922,
				"retransmits":	2842,
				"omitted":	false,
				"sender":	true
			}
		}, {
			"streams":	[{
					"socket":	8,
					"start":	4.001038,
					"end":	5.00104,
					"seconds":	1.0000020265579224,
					"bytes":	10878976,
					"bits_per_second":	87031631.625357434,
					"retransmits":	4242,
					"snd_cwnd":	2638256,
					"snd_wnd":	105766912,
					"rtt":	111155,
					"rttvar":	3096,
					"pmtu":	1500,
					"omitted":	false,
					"sender":	true
				}],
			"sum":	{
				"start":	4.001038,
				"end":	5.00104,
				"seconds":	1.0000020265579224,
				"bytes":	10878976,
				"bits_per_second":	87031631.625357434,
				"retransmits":	4242,
				"omitted":	false,
				"sender":	true
			}
		}, {
			"streams":	[{
					"socket":	8,
					"start":	5.00104,
					"end":	6.001527,
					"seconds":	1.0004869699478149,
					"bytes":	26476544,
					"bits_per_second":	211709255.95467582,
					"retransmits":	4465,
					"snd_cwnd":	2565856,
					"snd_wnd":	109277184,
					"rtt":	102621,
					"rttvar":	4518,
					"pmtu":	1500,
					"omitted":	false,
					"sender":	true
				}],
			"sum":	{
				"start":	5.00104,
				"end":	6.001527,
				"seconds":	1.0004869699478149,
				"bytes":	26476544,
				"bits_per_second":	211709255.95467582,
				"retransmits":	4465,
				"omitted":	false,
				"sender":	true
			}
		}, {
			"streams":	[{
					"socket":	8,
					"start":	6.001527,
					"end":	7.002505,
					"seconds":	1.0009779930114746,
					"bytes":	8388608,
					"bits_per_second":	67043296.1249236,
					"retransmits":	849,
					"snd_cwnd":	1766560,
					"snd_wnd":	109412352,
					"rtt":	70231,
					"rttvar":	615,
					"pmtu":	1500,
					"omitted":	false,
					"sender":	true
				}],
			"sum":	{
				"start":	6.001527,
				"end":	7.002505,
				"seconds":	1.0009779930114746,
				"bytes":	8388608,
				"bits_per_second":	67043296.1249236,
				"retransmits":	849,
				"omitted":	false,
				"sender":	true
			}
		}, {
			"streams":	[{
					"socket":	8,
					"start":	7.002505,
					"end":	8.006548,
					"seconds":	1.0040429830551147,
					"bytes":	5373952,
					"bits_per_second":	42818501.5238935,
					"retransmits":	0,
					"snd_cwnd":	2513728,
					"snd_wnd":	109412352,
					"rtt":	72462,
					"rttvar":	524,
					"pmtu":	1500,
					"omitted":	false,
					"sender":	true
				}],
			"sum":	{
				"start":	7.002505,
				"end":	8.006548,
				"seconds":	1.0040429830551147,
				"bytes":	5373952,
				"bits_per_second":	42818501.5238935,
				"retransmits":	0,
				"omitted":	false,
				"sender":	true
			}
		}],
	"end":	{
		"streams":	[{
				"sender":	{
					"socket":	8,
					"start":	0,
					"end":	8.007804,
					"seconds":	8.007804,
					"bytes":	107479040,
					"bits_per_second":	107374296.37388727,
					"retransmits":	25859,
					"max_snd_cwnd":	6052640,
					"max_snd_wnd":	109412352,
					"max_rtt":	117110,
					"min_rtt":	70231,
					"mean_rtt":	91823,
					"sender":	true
				},
				"receiver":	{
					"socket":	8,
					"start":	0,
					"end":	8.077846,
					"seconds":	8.007804,
					"bytes":	102367232,
					"bits_per_second":	101380721.54383731,
					"sender":	true
				}
			}],
		"sum_sent":	{
			"start":	0,
			"end":	8.007804,
			"seconds":	8.007804,
			"bytes":	107479040,
			"bits_per_second":	107374296.37388727,
			"retransmits":	25859,
			"sender":	true
		},
		"sum_received":	{
			"start":	0,
			"end":	8.077846,
			"seconds":	8.077846,
			"bytes":	102367232,
			"bits_per_second":	101380721.54383731,
			"sender":	true
		},
		"cpu_utilization_percent":	{
			"host_total":	8.21639253501512,
			"host_user":	3.150174366756,
			"host_system":	5.066218168259117,
			"remote_total":	1.5523760890085574,
			"remote_user":	0.17296628135493555,
			"remote_system":	1.3794593256270988
		},
		"sender_tcp_congestion":	"bbr",
		"receiver_tcp_congestion":	"bbr"
	}
}
