{
	"start":	{
		"connected":	[{
				"socket":	8,
				"local_host":	"172.16.0.9",
				"local_port":	37812,
				"remote_host":	"172.17.0.9",
				"remote_port":	5201
			}],
		"version":	"iperf 3.16",
		"system_info":	"Linux h1 6.12.54-0b264c55b-l4steam-117 #1 SMP PREEMPT_DYNAMIC Fri Nov  7 18:07:57 UTC 2025 x86_64",
		"timestamp":	{
			"time":	"Sun, 22 Feb 2026 22:14:41 GMT",
			"timesecs":	1771798481
		},
		"connecting_to":	{
			"host":	"172.17.0.9",
			"port":	5201
		},
		"cookie":	"w45o5yv3bkoprakquguyneznek7oyd3sfjcf",
		"tcp_mss_default":	1448,
		"target_bitrate":	0,
		"fq_rate":	0,
		"sock_bufsize":	0,
		"sndbuf_actual":	1000000,
		"rcvbuf_actual":	1000000,
		"test_start":	{
			"protocol":	"TCP",
			"num_streams":	1,
			"blksize":	131072,
			"omit":	0,
			"duration":	0,
			"bytes":	1073741824,
			"blocks":	0,
			"reverse":	0,
			"tos":	0,
			"target_bitrate":	0,
			"bidir":	0,
			"fqrate":	0
		}
	},
	"intervals":	[{
			"streams":	[{
					"socket":	8,
					"start":	0,
					"end":	1.003696,
					"seconds":	1.0036959648132324,
					"bytes":	65667072,
					"bits_per_second":	523402100.2542882,
					"retransmits":	3698,
					"snd_cwnd":	143534448,
					"snd_wnd":	61661184,
					"rtt":	269408,
					"rttvar":	15906,
					"pmtu":	1500,
					"omitted":	false,
					"sender":	true
				}],
			"sum":	{
				"start":	0,
				"end":	1.003696,
				"seconds":	1.0036959648132324,
				"bytes":	65667072,
				"bits_per_second":	523402100.2542882,
				"retransmits":	3698,
				"omitted":	false,
				"sender":	true
			}
		}, {
			"streams":	[{
					"socket":	8,
					"start":	1.003696,
					"end":	2.001165,
					"seconds":	0.99746900796890259,
					"bytes":	11534336,
					"bits_per_second":	92508827.1042069,
					"retransmits":	9737,
					"snd_cwnd":	143089912,
					"snd_wnd":	60874752,
					"rtt":	89762,
					"rttvar":	11219,
					"pmtu":	1500,
					"omitted":	false,
					"sender":	true
				}],
			"sum":	{
				"start":	1.003696,
				"end":	2.001165,
				"seconds":	0.99746900796890259,
				"bytes":	11534336,
				"bits_per_second":	92508827.1042069,
				"retransmits":	9737,
				"omitted":	false,
				"sender":	true
			}
		}, {
			"streams":	[{
					"socket":	8,
					"start":	2.001165,
					"end":	3.001059,
					"seconds":	0.99989402294158936,
					"bytes":	20840448,
					"bits_per_second":	166741254.74769387,
					"retransmits":	8185,
					"snd_cwnd":	142554152,
					"snd_wnd":	66265088,
					"rtt":	59608,
					"rttvar":	2916,
					"pmtu":	1500,
					"omitted":	false,
					"sender":	true
				}],
			"sum":	{
				"start":	2.001165,
				"end":	3.001059,
				"seconds":	0.99989402294158936,
				"bytes":	20840448,
				"bits_per_second":	166741254.74769387,
				"retransmits":	8185,
				"omitted":	false,
				"sender":	true
			}
		}, {
			"streams":	[{
					"socket":	8,
					"start":	3.001059,
					"end":	4.00104,
					"seconds":	0.99998098611831665,
					"bytes":	19660800,
					"bits_per_second":	157289390.68186447,
					"retransmits":	4073,
					"snd_cwnd":	142216768,
					"snd_wnd":	68587520,
					"rtt":	79339,
					"rttvar":	657,
					"pmtu":	1500,
					"omitted":	false,
					"sender":	true
				}],
			"sum":	{
				"start":	3.001059,
				"end":	4.00104,
				"seconds":	0.99998098611831665,
				"bytes":	19660800,
				"bits_per_second":	157289390.68186447,
				"retransmits":	4073,
				"omitted":	false,
				"sender":	true
			}
		}, {
			"streams":	[{
					"socket":	8,
					"start":	4.00104,
					"end":	5.003751,
					"seconds":	1.0027110576629639,
					"bytes":	14024704,
					"bits_per_second":	111894280.15434574,
					"retransmits":	4583,
					"snd_cwnd":	141941648,
					"snd_wnd":	69406720,
					"rtt":	84519,
					"rttvar":	1436,
					"pmtu":	1500,
					"omitted":	false,
					"sender":	true
				}],
			"sum":	{
				"start":	4.00104,
				"end":	5.003751,
				"seconds":	1.0027110576629639,
				"bytes":	14024704,
				"bits_per_second":	111894280.15434574,
				"retransmits":	4583,
				"omitted":	false,
				"sender":	true
			}
		}, {
			"streams":	[{
					"socket":	8,
					"start":	5.003751,
					"end":	6.001037,
					"seconds":	0.997286021709442,
					"bytes":	5898240,
					"bits_per_second":	47314330.0646277,
					"retransmits":	4923,
					"snd_cwnd":	141764992,
					"snd_wnd":	67129344,
					"rtt":	58858,
					"rttvar":	206,
					"pmtu":	1500,
					"omitted":	false,
					"sender":	true
				}],
			"sum":	{
				"start":	5.003751,
				"end":	6.001037,
				"seconds":	0.997286021709442,
				"bytes":	5898240,
				"bits_per_second":	47314330.0646277,
				"retransmits":	4923,
				"omitted":	false,
				"sender":	true
			}
		}, {
			"streams":	[{
					"socket":	8,
					"start":	6.001037,
					"end":	7.001042,
					"seconds":	1.0000050067901611,
					"bytes":	23068672,
					"bits_per_second":	184548452.00462624,
					"retransmits":	8496,
					"snd_cwnd":	141295840,
					"snd_wnd":	68829184,
					"rtt":	69020,
					"rttvar":	863,
					"pmtu":	1500,
					"omitted":	false,
					"sender":	true
				}],
			"sum":	{
				"start":	6.001037,
				"end":	7.001042,
				"seconds":	1.0000050067901611,
				"bytes":	23068672,
				"bits_per_second":	184548452.00462624,
				"retransmits":	8496,
				"omitted":	false,
				"sender":	true
			}
		}, {
			"streams":	[{
					"socket":	8,
					"start":	7.001042,
					"end":	8.001039,
					"seconds":	0.99999701976776123,
					"bytes":	12058624,
					"bits_per_second":	96469279.5008568,
					"retransmits":	3263,
					"snd_cwnd":	141081536,
					"snd_wnd":	72540160,
					"rtt":	161393,
					"rttvar":	5097,
					"pmtu":	1500,
					"omitted":	false,
					"sender":	true
				}],
			"sum":	{
				"start":	7.001042,
				"end":	8.001039,
				"seconds":	0.99999701976776123,
				"bytes":	12058624,
				"bits_per_second":	96469279.5008568,
				"retransmits":	3263,
				"omitted":	false,
				"sender":	true
			}
		}, {
			"streams":	[{
					"socket":	8,
					"start":	8.001039,
					"end":	9.001955,
					"seconds":	1.0009160041809082,
					"bytes":	23330816,
					"bits_per_second":	186475715.46499622,
					"retransmits":	3479,
					"snd_cwnd":	140794832,
					"snd_wnd":	64569344,
					"rtt":	62957,
					"rttvar":	1926,
					"pmtu":	1500,
					"omitted":	false,
					"sender":	true
				}],
			"sum":	{
				"start":	8.001039,
				"end":	9.001955,
				"seconds":	1.0009160041809082,
				"bytes":	23330816,
				"bits_per_second":	186475715.46499622,
				"retransmits":	3479,
				"omitted":	false,
				"sender":	true
			}
		}, {
			"streams":	[{
					"socket":	8,
					"start":	9.001955,
					"end":	10.001036,
					"seconds":	0.999081015586853,
					"bytes":	14680064,
					"bits_per_second":	117548537.27354261,
					"retransmits":	920,
					"snd_cwnd":	7956,
					"snd_wnd":	71004160,
					"rtt":	59705,
					"rttvar":	3008,
					"pmtu":	286,
					"omitted":	false,
					"sender":	true
				}],
			"sum":	{
				"start":	9.001955,
				"end":	10.001036,
				"seconds":	0.999081015586853,
				"bytes":	14680064,
				"bits_per_second":	117548537.27354261,
				"retransmits":	920,
				"omitted":	false,
				"sender":	true
			}
		}, {
			"streams":	[{
					"socket":	8,
					"start":	10.001036,
					"end":	11.001038,
					"seconds":	1.0000020265579224,
					"bytes":	0,
					"bits_per_second":	0,
					"retransmits":	444,
					"snd_cwnd":	7956,
					"snd_wnd":	71004160,
					"rtt":	66274,
					"rttvar":	3405,
					"pmtu":	286,
					"omitted":	false,
					"sender":	true
				}],
			"sum":	{
				"start":	10.001036,
				"end":	11.001038,
				"seconds":	1.0000020265579224,
				"bytes":	0,
				"bits_per_second":	0,
				"retransmits":	444,
				"omitted":	false,
				"sender":	true
			}
		}, {
			"streams":	[{
					"socket":	8,
					"start":	11.001038,
					"end":	12.003623,
					"seconds":	1.0025850534439087,
					"bytes":	5111808,
					"bits_per_second":	40789022.197694182,
					"retransmits":	392,
					"snd_cwnd":	30888,
					"snd_wnd":	72773632,
					"rtt":	57587,
					"rttvar":	157,
					"pmtu":	286,
					"omitted":	false,
					"sender":	true
				}],
			"sum":	{
				"start":	11.001038,
				"end":	12.003623,