{
	"start":	{
		"connected":	[{
				"socket":	8,
				"local_host":	"172.16.0.101",
				"local_port":	52792,
				"remote_host":	"172.17.0.101",
				"remote_port":	5201
			}],
		"version":	"iperf 3.16",
		"system_info":	"Linux h1 6.12.54-0b264c55b-l4steam-117 #1 SMP PREEMPT_DYNAMIC Fri Nov  7 18:07:57 UTC 2025 x86_64",
		"timestamp":	{
			"time":	"Sun, 22 Feb 2026 01:55:23 GMT",
			"timesecs":	1771725323
		},
		"connecting_to":	{
			"host":	"172.17.0.101",
			"port":	5201
		},
		"cookie":	"py4bipbzb43cd3osahpwiv6aoyhx7552gfha",
		"tcp_mss_default":	1448,
		"target_bitrate":	0,
		"fq_rate":	0,
		"sock_bufsize":	0,
		"sndbuf_actual":	1000000,
		"rcvbuf_actual":	1000000,
		"test_start":	{
			"protocol":	"TCP",
			"num_streams":	1,
			"blksize":	131072,
			"omit":	0,
			"duration":	0,
			"bytes":	107374182,
			"blocks":	0,
			"reverse":	0,
			"tos":	0,
			"target_bitrate":	0,
			"bidir":	0,
			"fqrate":	0
		}
	},
	"intervals":	[{
			"streams":	[{
					"socket":	8,
					"start":	0,
					"end":	1.000952,
					"seconds":	1.0009520053863525,
					"bytes":	17563648,
					"bits_per_second":	140375545.72435823,
					"retransmits":	444,
					"snd_cwnd":	2347208,
					"snd_wnd":	6356992,
					"rtt":	266535,
					"rttvar":	93,
					"pmtu":	1500,
					"omitted":	false,
					"sender":	true
				}],
			"sum":	{
				"start":	0,
				"end":	1.000952,
				"seconds":	1.0009520053863525,
				"bytes":	17563648,
				"bits_per_second":	140375545.72435823,
				"retransmits":	444,
				"omitted":	false,
				"sender":	true
			}
		}, {
			"streams":	[{
					"socket":	8,
					"start":	1.000952,
					"end":	2.001173,
					"seconds":	1.0002210140228271,
					"bytes":	4456448,
					"bits_per_second":	35643706.241095185,
					"retransmits":	814,
					"snd_cwnd":	11088784,
					"snd_wnd":	15753216,
					"rtt":	276317,
					"rttvar":	2980,
					"pmtu":	1500,
					"omitted":	false,
					"sender":	true
				}],
			"sum":	{
				"start":	1.000952,
				"end":	2.001173,
				"seconds":	1.0002210140228271,
				"bytes":	4456448,
				"bits_per_second":	35643706.241095185,
				"retransmits":	814,
				"omitted":	false,
				"sender":	true
			}
		}, {
			"streams":	[{
					"socket":	8,
					"start":	2.001173,
					"end":	3.001002,
					"seconds":	0.9998289942741394,
					"bytes":	10092544,
					"bits_per_second":	80754161.423990577,
					"retransmits":	1562,
					"snd_cwnd":	144801448,
					"snd_wnd":	29196288,
					"rtt":	266377,
					"rttvar":	1997,
					"pmtu":	1500,
					"omitted":	false,
					"sender":	true
				}],
			"sum":	{
				"start":	2.001173,
				"end":	3.001002,
				"seconds":	0.9998289942741394,
				"bytes":	10092544,
				"bits_per_second":	80754161.423990577,
				"retransmits":	1562,
				"omitted":	false,
				"sender":	true
			}
		}, {
			"streams":	[{
					"socket":	8,
					"start":	3.001002,
					"end":	4.024871,
					"seconds":	1.0238690376281738,
					"bytes":	8781824,
					"bits_per_second":	68616775.6012498,
					"retransmits":	2544,
					"snd_cwnd":	11249512,
					"snd_wnd":	31330304,
					"rtt":	269058,
					"rttvar":	2364,
					"pmtu":	1500,
					"omitted":	false,
					"sender":	true
				}],
			"sum":	{
				"start":	3.001002,
				"end":	4.024871,
				"seconds":	1.0238690376281738,
				"bytes":	8781824,
				"bits_per_second":	68616775.6012498,
				"retransmits":	2544,
				"omitted":	false,
				"sender":	true
			}
		}, {
			"streams":	[{
					"socket":	8,
					"start":	4.024871,
					"end":	5.001614,
					"seconds":	0.97674298286438,
					"bytes":	15335424,
					"bits_per_second":	125604579.866262,
					"retransmits":	212,
					"snd_cwnd":	11039552,
					"snd_wnd":	33140736,
					"rtt":	235131,
					"rttvar":	2356,
					"pmtu":	1500,
					"omitted":	false,
					"sender":	true
				}],
			"sum":	{
				"start":	4.024871,
				"end":	5.001614,
				"seconds":	0.97674298286438,
				"bytes":	15335424,
				"bits_per_second":	125604579.866262,
				"retransmits":	212,
				"omitted":	false,
				"sender":	true
			}
		}, {
			"streams":	[{
					"socket":	8,
					"start":	5.001614,
					"end":	6.000933,
					"seconds":	0.999319016933441,
					"bytes":	46268416,
					"bits_per_second":	370399563.83082956,
					"retransmits":	259,
					"snd_cwnd":	4908720,
					"snd_wnd":	33161216,
					"rtt":	221692,
					"rttvar":	815,
					"pmtu":	1500,
					"omitted":	false,
					"sender":	true
				}],
			"sum":	{
				"start":	5.001614,
				"end":	6.000933,
				"seconds":	0.999319016933441,
				"bytes":	46268416,
				"bits_per_second":	370399563.83082956,
				"retransmits":	259,
				"omitted":	false,
				"sender":	true
			}
		}, {
			"streams":	[{
					"socket":	8,
					"start":	6.000933,
					"end":	7.00105,
					"seconds":	1.0001169443130493,
					"bytes":	1966080,
					"bits_per_second":	15726800.840079293,
					"retransmits":	45,
					"snd_cwnd":	10764432,
					"snd_wnd":	33132544,
					"rtt":	165805,
					"rttvar":	211,
					"pmtu":	1500,
					"omitted":	false,
					"sender":	true
				}],
			"sum":	{
				"start":	6.000933,
				"end":	7.00105,
				"seconds":	1.0001169443130493,
				"bytes":	1966080,
				"bits_per_second":	15726800.840079293,
				"retransmits":	45,
				"omitted":	false,
				"sender":	true
			}
		}],
	"end":	{
		"streams":	[{
				"sender":	{
					"socket":	8,
					"start":	0,
					"end":	7.00523,
					"seconds":	7.00523,
					"bytes":	107479040,
					"bits_per_second":	122741483.14901866,
					"retransmits":	5880,
					"max_snd_cwnd":	144801448,
					"max_snd_wnd":	33161216,
					"max_rtt":	276317,
					"min_rtt":	165580,
					"mean_rtt":	233311,
					"sender":	true
				},
				"receiver":	{
					"socket":	8,
					"start":	0,
					"end":	7.179394,
					"seconds":	7.00523,
					"bytes":	97910784,
					"bits_per_second":	109102003.87386456,
					"sender":	true
				}
			}],
		"sum_sent":	{
			"start":	0,
			"end":	7.00523,
			"seconds":	7.00523,
			"bytes":	107479040,
			"bits_per_second":	122741483.14901866,
			"retransmits":	5880,
			"sender":	true
		},
		"sum_received":	{
			"start":	0,
			"end":	7.179394,
			"seconds":	7.179394,
			"bytes":	97910784,
			"bits_per_second":	109102003.87386456,
			"sender":	true
		},
		"cpu_utilization_percent":	{
			"host_total":	8.4291536605105541,
			"host_user":	3.0642931198285859,
			"host_system":	5.3652074128059484,
			"remote_total":	1.0817921261478876,
			"remote_user":	0,
			"remote_system":	1.0818060549214326
		},
		"sender_tcp_congestion":	"bbr",
		"receiver_tcp_congestion":	"bbr"
	}
}
