{
	"start":	{
		"connected":	[{
				"socket":	8,
				"local_host":	"172.16.0.18",
				"local_port":	35328,
				"remote_host":	"172.17.0.18",
				"remote_port":	5201
			}],
		"version":	"iperf 3.16",
		"system_info":	"Linux h1 6.12.54-0b264c55b-l4steam-117 #1 SMP PREEMPT_DYNAMIC Fri Nov  7 18:07:57 UTC 2025 x86_64",
		"timestamp":	{
			"time":	"Sun, 22 Feb 2026 01:55:21 GMT",
			"timesecs":	1771725321
		},
		"connecting_to":	{
			"host":	"172.17.0.18",
			"port":	5201
		},
		"cookie":	"qjrz656udylg2jgocpnluhc3tx2v2t3rtrti",
		"tcp_mss_default":	1448,
		"target_bitrate":	0,
		"fq_rate":	0,
		"sock_bufsize":	0,
		"sndbuf_actual":	1000000,
		"rcvbuf_actual":	1000000,
		"test_start":	{
			"protocol":	"TCP",
			"num_streams":	1,
			"blksize":	131072,
			"omit":	0,
			"duration":	0,
			"bytes":	107374182,
			"blocks":	0,
			"reverse":	0,
			"tos":	0,
			"target_bitrate":	0,
			"bidir":	0,
			"fqrate":	0
		}
	},
	"intervals":	[{
			"streams":	[{
					"socket":	8,
					"start":	0,
					"end":	1.001215,
					"seconds":	1.0012149810791016,
					"bytes":	61865984,
					"bits_per_second":	494327273.71555173,
					"retransmits":	433,
					"snd_cwnd":	15715144,
					"snd_wnd":	49999872,
					"rtt":	289907,
					"rttvar":	2583,
					"pmtu":	1500,
					"omitted":	false,
					"sender":	true
				}],
			"sum":	{
				"start":	0,
				"end":	1.001215,
				"seconds":	1.0012149810791016,
				"bytes":	61865984,
				"bits_per_second":	494327273.71555173,
				"retransmits":	433,
				"omitted":	false,
				"sender":	true
			}
		}, {
			"streams":	[{
					"socket":	8,
					"start":	1.001215,
					"end":	2.006205,
					"seconds":	1.0049899816513062,
					"bytes":	12845056,
					"bits_per_second":	102250221.27201067,
					"retransmits":	3971,
					"snd_cwnd":	13912384,
					"snd_wnd":	95367168,
					"rtt":	257325,
					"rttvar":	680,
					"pmtu":	1500,
					"omitted":	false,
					"sender":	true
				}],
			"sum":	{
				"start":	1.001215,
				"end":	2.006205,
				"seconds":	1.0049899816513062,
				"bytes":	12845056,
				"bits_per_second":	102250221.27201067,
				"retransmits":	3971,
				"omitted":	false,
				"sender":	true
			}
		}, {
			"streams":	[{
					"socket":	8,
					"start":	2.006205,
					"end":	3.003535,
					"seconds":	0.99733000993728638,
					"bytes":	5767168,
					"bits_per_second":	46260860.036590278,
					"retransmits":	1151,
					"snd_cwnd":	10880272,
					"snd_wnd":	124329984,
					"rtt":	268400,
					"rttvar":	270,
					"pmtu":	1500,
					"omitted":	false,
					"sender":	true
				}],
			"sum":	{
				"start":	2.006205,
				"end":	3.003535,
				"seconds":	0.99733000993728638,
				"bytes":	5767168,
				"bits_per_second":	46260860.036590278,
				"retransmits":	1151,
				"omitted":	false,
				"sender":	true
			}
		}, {
			"streams":	[{
					"socket":	8,
					"start":	3.003535,
					"end":	4.000387,
					"seconds":	0.99685198068618774,
					"bytes":	15859712,
					"bits_per_second":	127278370.76941267,
					"retransmits":	1334,
					"snd_cwnd":	6796912,
					"snd_wnd":	141029376,
					"rtt":	268992,
					"rttvar":	1939,
					"pmtu":	1500,
					"omitted":	false,
					"sender":	true
				}],
			"sum":	{
				"start":	3.003535,
				"end":	4.000387,
				"seconds":	0.99685198068618774,
				"bytes":	15859712,
				"bits_per_second":	127278370.76941267,
				"retransmits":	1334,
				"omitted":	false,
				"sender":	true
			}
		}, {
			"streams":	[{
					"socket":	8,
					"start":	4.000387,
					"end":	5.000152,
					"seconds":	0.99976497888565063,
					"bytes":	9699328,
					"bits_per_second":	77612864.6619407,
					"retransmits":	1312,
					"snd_cwnd":	1889640,
					"snd_wnd":	142950400,
					"rtt":	273808,
					"rttvar":	972,
					"pmtu":	1500,
					"omitted":	false,
					"sender":	true
				}],
			"sum":	{
				"start":	4.000387,
				"end":	5.000152,
				"seconds":	0.99976497888565063,
				"bytes":	9699328,
				"bits_per_second":	77612864.6619407,
				"retransmits":	1312,
				"omitted":	false,
				"sender":	true
			}
		}, {
			"streams":	[{
					"socket":	8,
					"start":	5.000152,
					"end":	6.001338,
					"seconds":	1.0011860132217407,
					"bytes":	1441792,
					"bits_per_second":	11520672.330292931,
					"retransmits":	436,
					"snd_cwnd":	3732944,
					"snd_wnd":	141053952,
					"rtt":	266924,
					"rttvar":	2442,
					"pmtu":	1500,
					"omitted":	false,
					"sender":	true
				}],
			"sum":	{
				"start":	5.000152,
				"end":	6.001338,
				"seconds":	1.0011860132217407,
				"bytes":	1441792,
				"bits_per_second":	11520672.330292931,
				"retransmits":	436,
				"omitted":	false,
				"sender":	true
			}
		}],
	"end":	{
		"streams":	[{
				"sender":	{
					"socket":	8,
					"start":	0,
					"end":	6.007812,
					"seconds":	6.007812,
					"bytes":	107479040,
					"bits_per_second":	143119045.66920534,
					"retransmits":	8637,
					"max_snd_cwnd":	15715144,
					"max_snd_wnd":	142950400,
					"max_rtt":	289907,
					"min_rtt":	257325,
					"mean_rtt":	270325,
					"sender":	true
				},
				"receiver":	{
					"socket":	8,
					"start":	0,
					"end":	6.272847,
					"seconds":	6.007812,
					"bytes":	107479040,
					"bits_per_second":	137072101.39191982,
					"sender":	true
				}
			}],
		"sum_sent":	{
			"start":	0,
			"end":	6.007812,
			"seconds":	6.007812,
			"bytes":	107479040,
			"bits_per_second":	143119045.66920534,
			"retransmits":	8637,
			"sender":	true
		},
		"sum_received":	{
			"start":	0,
			"end":	6.272847,
			"seconds":	6.272847,
			"bytes":	107479040,
			"bits_per_second":	137072101.39191982,
			"sender":	true
		},
		"cpu_utilization_percent":	{
			"host_total":	16.118730885056308,
			"host_user":	13.374016110622422,
			"host_system":	2.7447466975171344,
			"remote_total":	1.0993208375173544,
			"remote_user":	0,
			"remote_system":	1.0993367791759852
		},
		"sender_tcp_congestion":	"bbr",
		"receiver_tcp_congestion":	"bbr"
	}
}
