{
	"start":	{
		"connected":	[{
				"socket":	8,
				"local_host":	"172.16.0.43",
				"local_port":	39592,
				"remote_host":	"172.17.0.43",
				"remote_port":	5201
			}],
		"version":	"iperf 3.16",
		"system_info":	"Linux h1 6.12.54-0b264c55b-l4steam-117 #1 SMP PREEMPT_DYNAMIC Fri Nov  7 18:07:57 UTC 2025 x86_64",
		"timestamp":	{
			"time":	"Sun, 22 Feb 2026 01:55:22 GMT",
			"timesecs":	1771725322
		},
		"connecting_to":	{
			"host":	"172.17.0.43",
			"port":	5201
		},
		"cookie":	"ockhdy4al6vwyammwwafd4um3fgpnw3zg3a4",
		"tcp_mss_default":	1448,
		"target_bitrate":	0,
		"fq_rate":	0,
		"sock_bufsize":	0,
		"sndbuf_actual":	1000000,
		"rcvbuf_actual":	1000000,
		"test_start":	{
			"protocol":	"TCP",
			"num_streams":	1,
			"blksize":	131072,
			"omit":	0,
			"duration":	0,
			"bytes":	107374182,
			"blocks":	0,
			"reverse":	0,
			"tos":	0,
			"target_bitrate":	0,
			"bidir":	0,
			"fqrate":	0
		}
	},
	"intervals":	[{
			"streams":	[{
					"socket":	8,
					"start":	0,
					"end":	1.001056,
					"seconds":	1.0010559558868408,
					"bytes":	27525120,
					"bits_per_second":	219968682.77450365,
					"retransmits":	111,
					"snd_cwnd":	521280,
					"snd_wnd":	729088,
					"rtt":	263430,
					"rttvar":	38164,
					"pmtu":	1500,
					"omitted":	false,
					"sender":	true
				}],
			"sum":	{
				"start":	0,
				"end":	1.001056,
				"seconds":	1.0010559558868408,
				"bytes":	27525120,
				"bits_per_second":	219968682.77450365,
				"retransmits":	111,
				"omitted":	false,
				"sender":	true
			}
		}, {
			"streams":	[{
					"socket":	8,
					"start":	1.001056,
					"end":	2.001039,
					"seconds":	0.999983012676239,
					"bytes":	0,
					"bits_per_second":	0,
					"retransmits":	96,
					"snd_cwnd":	5211352,
					"snd_wnd":	7876608,
					"rtt":	297415,
					"rttvar":	308,
					"pmtu":	1500,
					"omitted":	false,
					"sender":	true
				}],
			"sum":	{
				"start":	1.001056,
				"end":	2.001039,
				"seconds":	0.999983012676239,
				"bytes":	0,
				"bits_per_second":	0,
				"retransmits":	96,
				"omitted":	false,
				"sender":	true
			}
		}, {
			"streams":	[{
					"socket":	8,
					"start":	2.001039,
					"end":	3.001055,
					"seconds":	1.0000159740448,
					"bytes":	15728640,
					"bits_per_second":	125827110.03210732,
					"retransmits":	471,
					"snd_cwnd":	13721248,
					"snd_wnd":	75538432,
					"rtt":	280698,
					"rttvar":	1057,
					"pmtu":	1500,
					"omitted":	false,
					"sender":	true
				}],
			"sum":	{
				"start":	2.001039,
				"end":	3.001055,
				"seconds":	1.0000159740448,
				"bytes":	15728640,
				"bits_per_second":	125827110.03210732,
				"retransmits":	471,
				"omitted":	false,
				"sender":	true
			}
		}, {
			"streams":	[{
					"socket":	8,
					"start":	3.001055,
					"end":	4.001349,
					"seconds":	1.0002939701080322,
					"bytes":	16777216,
					"bits_per_second":	134178283.59547585,
					"retransmits":	3204,
					"snd_cwnd":	6573920,
					"snd_wnd":	111202304,
					"rtt":	273398,
					"rttvar":	97,
					"pmtu":	1500,
					"omitted":	false,
					"sender":	true
				}],
			"sum":	{
				"start":	3.001055,
				"end":	4.001349,
				"seconds":	1.0002939701080322,
				"bytes":	16777216,
				"bits_per_second":	134178283.59547585,
				"retransmits":	3204,
				"omitted":	false,
				"sender":	true
			}
		}, {
			"streams":	[{
					"socket":	8,
					"start":	4.001349,
					"end":	5.001044,
					"seconds":	0.99969500303268433,
					"bytes":	14286848,
					"bits_per_second":	114329654.19780459,
					"retransmits":	2896,
					"snd_cwnd":	13425856,
					"snd_wnd":	131858432,
					"rtt":	271777,
					"rttvar":	1333,
					"pmtu":	1500,
					"omitted":	false,
					"sender":	true
				}],
			"sum":	{
				"start":	4.001349,
				"end":	5.001044,
				"seconds":	0.99969500303268433,
				"bytes":	14286848,
				"bits_per_second":	114329654.19780459,
				"retransmits":	2896,
				"omitted":	false,
				"sender":	true
			}
		}, {
			"streams":	[{
					"socket":	8,
					"start":	5.001044,
					"end":	6.001513,
					"seconds":	1.0004689693450928,
					"bytes":	13762560,
					"bits_per_second":	110048870.45329532,
					"retransmits":	1762,
					"snd_cwnd":	6930128,
					"snd_wnd":	140550144,
					"rtt":	267275,
					"rttvar":	809,
					"pmtu":	1500,
					"omitted":	false,
					"sender":	true
				}],
			"sum":	{
				"start":	5.001044,
				"end":	6.001513,
				"seconds":	1.0004689693450928,
				"bytes":	13762560,
				"bits_per_second":	110048870.45329532,
				"retransmits":	1762,
				"omitted":	false,
				"sender":	true
			}
		}, {
			"streams":	[{
					"socket":	8,
					"start":	6.001513,
					"end":	7.001034,
					"seconds":	0.999521017074585,
					"bytes":	19136512,
					"bits_per_second":	153165459.63993087,
					"retransmits":	494,
					"snd_cwnd":	6930128,
					"snd_wnd":	141303808,
					"rtt":	253907,
					"rttvar":	2930,
					"pmtu":	1500,
					"omitted":	false,
					"sender":	true
				}],
			"sum":	{
				"start":	6.001513,
				"end":	7.001034,
				"seconds":	0.999521017074585,
				"bytes":	19136512,
				"bits_per_second":	153165459.63993087,
				"retransmits":	494,
				"omitted":	false,
				"sender":	true
			}
		}],
	"end":	{
		"streams":	[{
				"sender":	{
					"socket":	8,
					"start":	0,
					"end":	7.001401,
					"seconds":	7.001401,
					"bytes":	107479040,
					"bits_per_second":	122808609.30548042,
					"retransmits":	9034,
					"max_snd_cwnd":	13721248,
					"max_snd_wnd":	141303808,
					"max_rtt":	297415,
					"min_rtt":	253907,
					"mean_rtt":	270225,
					"sender":	true
				},
				"receiver":	{
					"socket":	8,
					"start":	0,
					"end":	7.249893,
					"seconds":	7.001401,
					"bytes":	106168320,
					"bits_per_second":	117152978.67154729,
					"sender":	true
				}
			}],
		"sum_sent":	{
			"start":	0,
			"end":	7.001401,
			"seconds":	7.001401,
			"bytes":	107479040,
			"bits_per_second":	122808609.30548042,
			"retransmits":	9034,
			"sender":	true
		},
		"sum_received":	{
			"start":	0,
			"end":	7.249893,
			"seconds":	7.249893,
			"bytes":	106168320,
			"bits_per_second":	117152978.67154729,
			"sender":	true
		},
		"cpu_utilization_percent":	{
			"host_total":	2.3930928893329484,
			"host_user":	0.16787400417203113,
			"host_system":	2.2252188851609169,
			"remote_total":	0.88967853723115919,
			"remote_user":	0,
			"remote_system":	0.8896647439793145
		},
		"sender_tcp_congestion":	"bbr",
		"receiver_tcp_congestion":	"bbr"
	}
}
