{
	"start":	{
		"connected":	[{
				"socket":	8,
				"local_host":	"172.16.0.44",
				"local_port":	56204,
				"remote_host":	"172.17.0.44",
				"remote_port":	5201
			}],
		"version":	"iperf 3.16",
		"system_info":	"Linux h1 6.12.54-0b264c55b-l4steam-117 #1 SMP PREEMPT_DYNAMIC Fri Nov  7 18:07:57 UTC 2025 x86_64",
		"timestamp":	{
			"time":	"Sun, 22 Feb 2026 01:55:22 GMT",
			"timesecs":	1771725322
		},
		"connecting_to":	{
			"host":	"172.17.0.44",
			"port":	5201
		},
		"cookie":	"k46mvqrd2y2ayvghuwypuhhf6cv7drigemrw",
		"tcp_mss_default":	1448,
		"target_bitrate":	0,
		"fq_rate":	0,
		"sock_bufsize":	0,
		"sndbuf_actual":	1000000,
		"rcvbuf_actual":	1000000,
		"test_start":	{
			"protocol":	"TCP",
			"num_streams":	1,
			"blksize":	131072,
			"omit":	0,
			"duration":	0,
			"bytes":	107374182,
			"blocks":	0,
			"reverse":	0,
			"tos":	0,
			"target_bitrate":	0,
			"bidir":	0,
			"fqrate":	0
		}
	},
	"intervals":	[{
			"streams":	[{
					"socket":	8,
					"start":	0,
					"end":	1.001054,
					"seconds":	1.001054048538208,
					"bytes":	27525120,
					"bits_per_second":	219969101.88970223,
					"retransmits":	117,
					"snd_cwnd":	1403112,
					"snd_wnd":	4227072,
					"rtt":	252603,
					"rttvar":	525,
					"pmtu":	1500,
					"omitted":	false,
					"sender":	true
				}],
			"sum":	{
				"start":	0,
				"end":	1.001054,
				"seconds":	1.001054048538208,
				"bytes":	27525120,
				"bits_per_second":	219969101.88970223,
				"retransmits":	117,
				"omitted":	false,
				"sender":	true
			}
		}, {
			"streams":	[{
					"socket":	8,
					"start":	1.001054,
					"end":	2.001049,
					"seconds":	0.999994993209839,
					"bytes":	0,
					"bits_per_second":	0,
					"retransmits":	2685,
					"snd_cwnd":	15496496,
					"snd_wnd":	46190592,
					"rtt":	259459,
					"rttvar":	527,
					"pmtu":	1500,
					"omitted":	false,
					"sender":	true
				}],
			"sum":	{
				"start":	1.001054,
				"end":	2.001049,
				"seconds":	0.999994993209839,
				"bytes":	0,
				"bits_per_second":	0,
				"retransmits":	2685,
				"omitted":	false,
				"sender":	true
			}
		}, {
			"streams":	[{
					"socket":	8,
					"start":	2.001049,
					"end":	3.001061,
					"seconds":	1.0000120401382446,
					"bytes":	19398656,
					"bits_per_second":	155187379.52249673,
					"retransmits":	4064,
					"snd_cwnd":	22354224,
					"snd_wnd":	81993728,
					"rtt":	265144,
					"rttvar":	348,
					"pmtu":	1500,
					"omitted":	false,
					"sender":	true
				}],
			"sum":	{
				"start":	2.001049,
				"end":	3.001061,
				"seconds":	1.0000120401382446,
				"bytes":	19398656,
				"bits_per_second":	155187379.52249673,
				"retransmits":	4064,
				"omitted":	false,
				"sender":	true
			}
		}, {
			"streams":	[{
					"socket":	8,
					"start":	3.001061,
					"end":	4.001049,
					"seconds":	0.9999880194664,
					"bytes":	21889024,
					"bits_per_second":	175114289.96263471,
					"retransmits":	4756,
					"snd_cwnd":	6447944,
					"snd_wnd":	87965696,
					"rtt":	265788,
					"rttvar":	303,
					"pmtu":	1500,
					"omitted":	false,
					"sender":	true
				}],
			"sum":	{
				"start":	3.001061,
				"end":	4.001049,
				"seconds":	0.9999880194664,
				"bytes":	21889024,
				"bits_per_second":	175114289.96263471,
				"retransmits":	4756,
				"omitted":	false,
				"sender":	true
			}
		}, {
			"streams":	[{
					"socket":	8,
					"start":	4.001049,
					"end":	5.002339,
					"seconds":	1.001289963722229,
					"bytes":	24903680,
					"bits_per_second":	198972772.34196752,
					"retransmits":	1049,
					"snd_cwnd":	6972120,
					"snd_wnd":	87855104,
					"rtt":	266597,
					"rttvar":	1218,
					"pmtu":	1500,
					"omitted":	false,
					"sender":	true
				}],
			"sum":	{
				"start":	4.001049,
				"end":	5.002339,
				"seconds":	1.001289963722229,
				"bytes":	24903680,
				"bits_per_second":	198972772.34196752,
				"retransmits":	1049,
				"omitted":	false,
				"sender":	true
			}
		}, {
			"streams":	[{
					"socket":	8,
					"start":	5.002339,
					"end":	6.00103,
					"seconds":	0.99869102239608765,
					"bytes":	13238272,
					"bits_per_second":	106044986.51235186,
					"retransmits":	678,
					"snd_cwnd":	14943360,
					"snd_wnd":	88743936,
					"rtt":	259188,
					"rttvar":	644,
					"pmtu":	1500,
					"omitted":	false,
					"sender":	true
				}],
			"sum":	{
				"start":	5.002339,
				"end":	6.00103,
				"seconds":	0.99869102239608765,
				"bytes":	13238272,
				"bits_per_second":	106044986.51235186,
				"retransmits":	678,
				"omitted":	false,
				"sender":	true
			}
		}],
	"end":	{
		"streams":	[{
				"sender":	{
					"socket":	8,
					"start":	0,
					"end":	6.001422,
					"seconds":	6.001422,
					"bytes":	107479040,
					"bits_per_second":	143271431.33743969,
					"retransmits":	13349,
					"max_snd_cwnd":	22354224,
					"max_snd_wnd":	88743936,
					"max_rtt":	266597,
					"min_rtt":	252603,
					"mean_rtt":	261138,
					"sender":	true
				},
				"receiver":	{
					"socket":	8,
					"start":	0,
					"end":	6.268588,
					"seconds":	6.001422,
					"bytes":	100794368,
					"bits_per_second":	128634222.57133503,
					"sender":	true
				}
			}],
		"sum_sent":	{
			"start":	0,
			"end":	6.001422,
			"seconds":	6.001422,
			"bytes":	107479040,
			"bits_per_second":	143271431.33743969,
			"retransmits":	13349,
			"sender":	true
		},
		"sum_received":	{
			"start":	0,
			"end":	6.268588,
			"seconds":	6.268588,
			"bytes":	100794368,
			"bits_per_second":	128634222.57133503,
			"sender":	true
		},
		"cpu_utilization_percent":	{
			"host_total":	6.99861429110345,
			"host_user":	4.449627053818543,
			"host_system":	2.54912169960371,
			"remote_total":	1.3384166578794854,
			"remote_user":	0.0570143162724825,
			"remote_system":	1.2814342466524826
		},
		"sender_tcp_congestion":	"bbr",
		"receiver_tcp_congestion":	"bbr"
	}
}
