{
	"start":	{
		"connected":	[{
				"socket":	8,
				"local_host":	"172.16.0.7",
				"local_port":	40184,
				"remote_host":	"172.17.0.7",
				"remote_port":	5201
			}],
		"version":	"iperf 3.16",
		"system_info":	"Linux h1 6.12.54-0b264c55b-l4steam-117 #1 SMP PREEMPT_DYNAMIC Fri Nov  7 18:07:57 UTC 2025 x86_64",
		"timestamp":	{
			"time":	"Sun, 22 Feb 2026 01:55:21 GMT",
			"timesecs":	1771725321
		},
		"connecting_to":	{
			"host":	"172.17.0.7",
			"port":	5201
		},
		"cookie":	"6rhlwzrpensolhd3txizdnurfeni3ma5ztv5",
		"tcp_mss_default":	1448,
		"target_bitrate":	0,
		"fq_rate":	0,
		"sock_bufsize":	0,
		"sndbuf_actual":	1000000,
		"rcvbuf_actual":	1000000,
		"test_start":	{
			"protocol":	"TCP",
			"num_streams":	1,
			"blksize":	131072,
			"omit":	0,
			"duration":	0,
			"bytes":	107374182,
			"blocks":	0,
			"reverse":	0,
			"tos":	0,
			"target_bitrate":	0,
			"bidir":	0,
			"fqrate":	0
		}
	},
	"intervals":	[{
			"streams":	[{
					"socket":	8,
					"start":	0,
					"end":	1.001859,
					"seconds":	1.0018589496612549,
					"bytes":	59113472,
					"bits_per_second":	472030295.4421857,
					"retransmits":	1478,
					"snd_cwnd":	26027800,
					"snd_wnd":	34459648,
					"rtt":	299864,
					"rttvar":	3540,
					"pmtu":	1500,
					"omitted":	false,
					"sender":	true
				}],
			"sum":	{
				"start":	0,
				"end":	1.001859,
				"seconds":	1.0018589496612549,
				"bytes":	59113472,
				"bits_per_second":	472030295.4421857,
				"retransmits":	1478,
				"omitted":	false,
				"sender":	true
			}
		}, {
			"streams":	[{
					"socket":	8,
					"start":	1.001859,
					"end":	2.000223,
					"seconds":	0.998363971710205,
					"bytes":	17432576,
					"bits_per_second":	139689143.39036384,
					"retransmits":	6694,
					"snd_cwnd":	144801448,
					"snd_wnd":	51982336,
					"rtt":	257375,
					"rttvar":	3651,
					"pmtu":	1500,
					"omitted":	false,
					"sender":	true
				}],
			"sum":	{
				"start":	1.001859,
				"end":	2.000223,
				"seconds":	0.998363971710205,
				"bytes":	17432576,
				"bits_per_second":	139689143.39036384,
				"retransmits":	6694,
				"omitted":	false,
				"sender":	true
			}
		}, {
			"streams":	[{
					"socket":	8,
					"start":	2.000223,
					"end":	3.000322,
					"seconds":	1.0000989437103271,
					"bytes":	13238272,
					"bits_per_second":	105895698.28670382,
					"retransmits":	722,
					"snd_cwnd":	10900544,
					"snd_wnd":	100646912,
					"rtt":	263967,
					"rttvar":	550,
					"pmtu":	1500,
					"omitted":	false,
					"sender":	true
				}],
			"sum":	{
				"start":	2.000223,
				"end":	3.000322,
				"seconds":	1.0000989437103271,
				"bytes":	13238272,
				"bits_per_second":	105895698.28670382,
				"retransmits":	722,
				"omitted":	false,
				"sender":	true
			}
		}, {
			"streams":	[{
					"socket":	8,
					"start":	3.000322,
					"end":	4.001181,
					"seconds":	1.0008590221405029,
					"bytes":	11403264,
					"bits_per_second":	91147814.0097072,
					"retransmits":	1997,
					"snd_cwnd":	17552656,
					"snd_wnd":	113676288,
					"rtt":	276580,
					"rttvar":	551,
					"pmtu":	1500,
					"omitted":	false,
					"sender":	true
				}],
			"sum":	{
				"start":	3.000322,
				"end":	4.001181,
				"seconds":	1.0008590221405029,
				"bytes":	11403264,
				"bits_per_second":	91147814.0097072,
				"retransmits":	1997,
				"omitted":	false,
				"sender":	true
			}
		}, {
			"streams":	[{
					"socket":	8,
					"start":	4.001181,
					"end":	5.001932,
					"seconds":	1.00075101852417,
					"bytes":	6291456,
					"bits_per_second":	50293876.367195927,
					"retransmits":	1616,
					"snd_cwnd":	8582296,
					"snd_wnd":	111423488,
					"rtt":	265561,
					"rttvar":	320,
					"pmtu":	1500,
					"omitted":	false,
					"sender":	true
				}],
			"sum":	{
				"start":	4.001181,
				"end":	5.001932,
				"seconds":	1.00075101852417,
				"bytes":	6291456,
				"bits_per_second":	50293876.367195927,
				"retransmits":	1616,
				"omitted":	false,
				"sender":	true
			}
		}],
	"end":	{
		"streams":	[{
				"sender":	{
					"socket":	8,
					"start":	0,
					"end":	5.004874,
					"seconds":	5.004874,
					"bytes":	107479040,
					"bits_per_second":	171798994.34031707,
					"retransmits":	12507,
					"max_snd_cwnd":	144801448,
					"max_snd_wnd":	113676288,
					"max_rtt":	299864,
					"min_rtt":	257375,
					"mean_rtt":	271484,
					"sender":	true
				},
				"receiver":	{
					"socket":	8,
					"start":	0,
					"end":	5.283469,
					"seconds":	5.004874,
					"bytes":	105512960,
					"bits_per_second":	159763155.60855946,
					"sender":	true
				}
			}],
		"sum_sent":	{
			"start":	0,
			"end":	5.004874,
			"seconds":	5.004874,
			"bytes":	107479040,
			"bits_per_second":	171798994.34031707,
			"retransmits":	12507,
			"sender":	true
		},
		"sum_received":	{
			"start":	0,
			"end":	5.283469,
			"seconds":	5.283469,
			"bytes":	105512960,
			"bits_per_second":	159763155.60855946,
			"sender":	true
		},
		"cpu_utilization_percent":	{
			"host_total":	10.168903420129732,
			"host_user":	5.16188842970083,
			"host_system":	5.0070340658617472,
			"remote_total":	1.22339728860729,
			"remote_user":	0,
			"remote_system":	1.2234540693224394
		},
		"sender_tcp_congestion":	"bbr",
		"receiver_tcp_congestion":	"bbr"
	}
}
