{
	"start":	{
		"connected":	[{
				"socket":	8,
				"local_host":	"172.16.0.119",
				"local_port":	49692,
				"remote_host":	"172.17.0.119",
				"remote_port":	5201
			}],
		"version":	"iperf 3.16",
		"system_info":	"Linux h1 6.12.54-0b264c55b-l4steam-117 #1 SMP PREEMPT_DYNAMIC Fri Nov  7 18:07:57 UTC 2025 x86_64",
		"timestamp":	{
			"time":	"Sun, 22 Feb 2026 01:30:10 GMT",
			"timesecs":	1771723810
		},
		"connecting_to":	{
			"host":	"172.17.0.119",
			"port":	5201
		},
		"cookie":	"l3bauhxsi3t6m5t27d3nq3hvs5d5hnkhzqzw",
		"tcp_mss_default":	1448,
		"target_bitrate":	0,
		"fq_rate":	0,
		"sock_bufsize":	0,
		"sndbuf_actual":	1000000,
		"rcvbuf_actual":	1000000,
		"test_start":	{
			"protocol":	"TCP",
			"num_streams":	1,
			"blksize":	131072,
			"omit":	0,
			"duration":	0,
			"bytes":	107374182,
			"blocks":	0,
			"reverse":	0,
			"tos":	0,
			"target_bitrate":	0,
			"bidir":	0,
			"fqrate":	0
		}
	},
	"intervals":	[{
			"streams":	[{
					"socket":	8,
					"start":	0,
					"end":	1.001041,
					"seconds":	1.001041054725647,
					"bytes":	17432576,
					"bits_per_second":	139315572.86451319,
					"retransmits":	0,
					"snd_cwnd":	144801448,
					"snd_wnd":	4239360,
					"rtt":	370632,
					"rttvar":	1896,
					"pmtu":	1500,
					"omitted":	false,
					"sender":	true
				}],
			"sum":	{
				"start":	0,
				"end":	1.001041,
				"seconds":	1.001041054725647,
				"bytes":	17432576,
				"bits_per_second":	139315572.86451319,
				"retransmits":	0,
				"omitted":	false,
				"sender":	true
			}
		}, {
			"streams":	[{
					"socket":	8,
					"start":	1.001041,
					"end":	2.001045,
					"seconds":	1.0000040531158447,
					"bytes":	0,
					"bits_per_second":	0,
					"retransmits":	37,
					"snd_cwnd":	7251584,
					"snd_wnd":	34664448,
					"rtt":	504109,
					"rttvar":	643,
					"pmtu":	1500,
					"omitted":	false,
					"sender":	true
				}],
			"sum":	{
				"start":	1.001041,
				"end":	2.001045,
				"seconds":	1.0000040531158447,
				"bytes":	0,
				"bits_per_second":	0,
				"retransmits":	37,
				"omitted":	false,
				"sender":	true
			}
		}, {
			"streams":	[{
					"socket":	8,
					"start":	2.001045,
					"end":	3.001044,
					"seconds":	0.99999898672103882,
					"bytes":	17432576,
					"bits_per_second":	139460749.3126432,
					"retransmits":	0,
					"snd_cwnd":	144801448,
					"snd_wnd":	41558016,
					"rtt":	596573,
					"rttvar":	713,
					"pmtu":	1500,
					"omitted":	false,
					"sender":	true
				}],
			"sum":	{
				"start":	2.001045,
				"end":	3.001044,
				"seconds":	0.99999898672103882,
				"bytes":	17432576,
				"bits_per_second":	139460749.3126432,
				"retransmits":	0,
				"omitted":	false,
				"sender":	true
			}
		}, {
			"streams":	[{
					"socket":	8,
					"start":	3.001044,
					"end":	4.001043,
					"seconds":	0.99999898672103882,
					"bytes":	8781824,
					"bits_per_second":	70254663.187572137,
					"retransmits":	0,
					"snd_cwnd":	144801448,
					"snd_wnd":	41586688,
					"rtt":	676155,
					"rttvar":	666,
					"pmtu":	1500,
					"omitted":	false,
					"sender":	true
				}],
			"sum":	{
				"start":	3.001044,
				"end":	4.001043,
				"seconds":	0.99999898672103882,
				"bytes":	8781824,
				"bits_per_second":	70254663.187572137,
				"retransmits":	0,
				"omitted":	false,
				"sender":	true
			}
		}, {
			"streams":	[{
					"socket":	8,
					"start":	4.001043,
					"end":	5.001037,
					"seconds":	0.99999397993087769,
					"bytes":	17563648,
					"bits_per_second":	140510029.88009226,
					"retransmits":	0,
					"snd_cwnd":	144801448,
					"snd_wnd":	41586688,
					"rtt":	644733,
					"rttvar":	157,
					"pmtu":	1500,
					"omitted":	false,
					"sender":	true
				}],
			"sum":	{
				"start":	4.001043,
				"end":	5.001037,
				"seconds":	0.99999397993087769,
				"bytes":	17563648,
				"bits_per_second":	140510029.88009226,
				"retransmits":	0,
				"omitted":	false,
				"sender":	true
			}
		}, {
			"streams":	[{
					"socket":	8,
					"start":	5.001037,
					"end":	6.003964,
					"seconds":	1.00292694568634,
					"bytes":	8781824,
					"bits_per_second":	70049560.74036096,
					"retransmits":	0,
					"snd_cwnd":	144801448,
					"snd_wnd":	41586688,
					"rtt":	652185,
					"rttvar":	127,
					"pmtu":	1500,
					"omitted":	false,
					"sender":	true
				}],
			"sum":	{
				"start":	5.001037,
				"end":	6.003964,
				"seconds":	1.00292694568634,
				"bytes":	8781824,
				"bits_per_second":	70049560.74036096,
				"retransmits":	0,
				"omitted":	false,
				"sender":	true
			}
		}, {
			"streams":	[{
					"socket":	8,
					"start":	6.003964,
					"end":	7.001022,
					"seconds":	0.99705797433853149,
					"bytes":	17563648,
					"bits_per_second":	140923785.3929373,
					"retransmits":	0,
					"snd_cwnd":	144801448,
					"snd_wnd":	41586688,
					"rtt":	621600,
					"rttvar":	515,
					"pmtu":	1500,
					"omitted":	false,
					"sender":	true
				}],
			"sum":	{
				"start":	6.003964,
				"end":	7.001022,
				"seconds":	0.99705797433853149,
				"bytes":	17563648,
				"bits_per_second":	140923785.3929373,
				"retransmits":	0,
				"omitted":	false,
				"sender":	true
			}
		}, {
			"streams":	[{
					"socket":	8,
					"start":	7.001022,
					"end":	8.001102,
					"seconds":	1.0000799894332886,
					"bytes":	6815744,
					"bits_per_second":	54521590.848846,
					"retransmits":	0,
					"snd_cwnd":	144801448,
					"snd_wnd":	41586688,
					"rtt":	614845,
					"rttvar":	208,
					"pmtu":	1500,
					"omitted":	false,
					"sender":	true
				}],
			"sum":	{
				"start":	7.001022,
				"end":	8.001102,
				"seconds":	1.0000799894332886,
				"bytes":	6815744,
				"bits_per_second":	54521590.848846,
				"retransmits":	0,
				"omitted":	false,
				"sender":	true
			}
		}],
	"end":	{
		"streams":	[{
				"sender":	{
					"socket":	8,
					"start":	0,
					"end":	8.037925,
					"seconds":	8.037925,
					"bytes":	107479040,
					"bits_per_second":	106971926.21229982,
					"retransmits":	37,
					"max_snd_cwnd":	144801448,
					"max_snd_wnd":	41586688,
					"max_rtt":	676155,
					"min_rtt":	370632,
					"mean_rtt":	588408,
					"sender":	true
				},
				"receiver":	{
					"socket":	8,
					"start":	0,
					"end":	8.426847,
					"seconds":	8.037925,
					"bytes":	96075776,
					"bits_per_second":	91209227.840495974,
					"sender":	true
				}
			}],
		"sum_sent":	{
			"start":	0,
			"end":	8.037925,
			"seconds":	8.037925,
			"bytes":	107479040,
			"bits_per_second":	106971926.21229982,
			"retransmits":	37,
			"sender":	true
		},
		"sum_received":	{
			"start":	0,
			"end":	8.426847,
			"seconds":	8.426847,
			"bytes":	96075776,
			"bits_per_second":	91209227.840495974,
			"sender":	true
		},
		"cpu_utilization_percent":	{
			"host_total":	4.12546598387123,
			"host_user":	0,
			"host_system":	4.12546598387123,
			"remote_total":	1.2797762014433838,
			"remote_user":	0.11161922157519097,
			"remote_system":	1.168156979868193
		},
		"sender_tcp_congestion":	"bbr",
		"receiver_tcp_congestion":	"bbr"
	}
}
