{
	"start":	{
		"connected":	[{
				"socket":	8,
				"local_host":	"172.16.0.73",
				"local_port":	43924,
				"remote_host":	"172.17.0.73",
				"remote_port":	5201
			}],
		"version":	"iperf 3.16",
		"system_info":	"Linux h1 6.12.54-0b264c55b-l4steam-117 #1 SMP PREEMPT_DYNAMIC Fri Nov  7 18:07:57 UTC 2025 x86_64",
		"timestamp":	{
			"time":	"Sun, 22 Feb 2026 01:30:10 GMT",
			"timesecs":	1771723810
		},
		"connecting_to":	{
			"host":	"172.17.0.73",
			"port":	5201
		},
		"cookie":	"ws3qrh5hlno7rktvx6gqky2crlpmjizior3k",
		"tcp_mss_default":	1448,
		"target_bitrate":	0,
		"fq_rate":	0,
		"sock_bufsize":	0,
		"sndbuf_actual":	1000000,
		"rcvbuf_actual":	1000000,
		"test_start":	{
			"protocol":	"TCP",
			"num_streams":	1,
			"blksize":	131072,
			"omit":	0,
			"duration":	0,
			"bytes":	107374182,
			"blocks":	0,
			"reverse":	0,
			"tos":	0,
			"target_bitrate":	0,
			"bidir":	0,
			"fqrate":	0
		}
	},
	"intervals":	[{
			"streams":	[{
					"socket":	8,
					"start":	0,
					"end":	1.001067,
					"seconds":	1.001067042350769,
					"bytes":	17563648,
					"bits_per_second":	140359414.560335,
					"retransmits":	1,
					"snd_cwnd":	144808688,
					"snd_wnd":	2138112,
					"rtt":	511687,
					"rttvar":	431,
					"pmtu":	1500,
					"omitted":	false,
					"sender":	true
				}],
			"sum":	{
				"start":	0,
				"end":	1.001067,
				"seconds":	1.001067042350769,
				"bytes":	17563648,
				"bits_per_second":	140359414.560335,
				"retransmits":	1,
				"omitted":	false,
				"sender":	true
			}
		}, {
			"streams":	[{
					"socket":	8,
					"start":	1.001067,
					"end":	2.00107,
					"seconds":	1.0000029802322388,
					"bytes":	0,
					"bits_per_second":	0,
					"retransmits":	0,
					"snd_cwnd":	144808688,
					"snd_wnd":	6414336,
					"rtt":	571261,
					"rttvar":	140,
					"pmtu":	1500,
					"omitted":	false,
					"sender":	true
				}],
			"sum":	{
				"start":	1.001067,
				"end":	2.00107,
				"seconds":	1.0000029802322388,
				"bytes":	0,
				"bits_per_second":	0,
				"retransmits":	0,
				"omitted":	false,
				"sender":	true
			}
		}, {
			"streams":	[{
					"socket":	8,
					"start":	2.00107,
					"end":	3.001048,
					"seconds":	0.999978005886078,
					"bytes":	8781824,
					"bits_per_second":	70256137.2214858,
					"retransmits":	0,
					"snd_cwnd":	144808688,
					"snd_wnd":	34865152,
					"rtt":	662080,
					"rttvar":	415,
					"pmtu":	1500,
					"omitted":	false,
					"sender":	true
				}],
			"sum":	{
				"start":	2.00107,
				"end":	3.001048,
				"seconds":	0.999978005886078,
				"bytes":	8781824,
				"bits_per_second":	70256137.2214858,
				"retransmits":	0,
				"omitted":	false,
				"sender":	true
			}
		}, {
			"streams":	[{
					"socket":	8,
					"start":	3.001048,
					"end":	4.000937,
					"seconds":	0.99988901615142822,
					"bytes":	8388608,
					"bits_per_second":	67116312.826699451,
					"retransmits":	0,
					"snd_cwnd":	144808688,
					"snd_wnd":	52465664,
					"rtt":	654581,
					"rttvar":	258,
					"pmtu":	1500,
					"omitted":	false,
					"sender":	true
				}],
			"sum":	{
				"start":	3.001048,
				"end":	4.000937,
				"seconds":	0.99988901615142822,
				"bytes":	8388608,
				"bits_per_second":	67116312.826699451,
				"retransmits":	0,
				"omitted":	false,
				"sender":	true
			}
		}, {
			"streams":	[{
					"socket":	8,
					"start":	4.000937,
					"end":	5.002653,
					"seconds":	1.0017160177230835,
					"bytes":	8781824,
					"bits_per_second":	70134240.4004778,
					"retransmits":	156,
					"snd_cwnd":	144808688,
					"snd_wnd":	58699776,
					"rtt":	633980,
					"rttvar":	466,
					"pmtu":	1500,
					"omitted":	false,
					"sender":	true
				}],
			"sum":	{
				"start":	4.000937,
				"end":	5.002653,
				"seconds":	1.0017160177230835,
				"bytes":	8781824,
				"bits_per_second":	70134240.4004778,
				"retransmits":	156,
				"omitted":	false,
				"sender":	true
			}
		}, {
			"streams":	[{
					"socket":	8,
					"start":	5.002653,
					"end":	6.001028,
					"seconds":	0.99837499856948853,
					"bytes":	63963136,
					"bits_per_second":	512537962.92294121,
					"retransmits":	0,
					"snd_cwnd":	144808688,
					"snd_wnd":	64909312,
					"rtt":	594103,
					"rttvar":	217,
					"pmtu":	1500,
					"omitted":	false,
					"sender":	true
				}],
			"sum":	{
				"start":	5.002653,
				"end":	6.001028,
				"seconds":	0.99837499856948853,
				"bytes":	63963136,
				"bits_per_second":	512537962.92294121,
				"retransmits":	0,
				"omitted":	false,
				"sender":	true
			}
		}],
	"end":	{
		"streams":	[{
				"sender":	{
					"socket":	8,
					"start":	0,
					"end":	6.006643,
					"seconds":	6.006643,
					"bytes":	107479040,
					"bits_per_second":	143146899.1914452,
					"retransmits":	157,
					"max_snd_cwnd":	144808688,
					"max_snd_wnd":	64909312,
					"max_rtt":	662080,
					"min_rtt":	511687,
					"mean_rtt":	603113,
					"sender":	true
				},
				"receiver":	{
					"socket":	8,
					"start":	0,
					"end":	6.66386,
					"seconds":	6.006643,
					"bytes":	107347968,
					"bits_per_second":	128871816.63480327,
					"sender":	true
				}
			}],
		"sum_sent":	{
			"start":	0,
			"end":	6.006643,
			"seconds":	6.006643,
			"bytes":	107479040,
			"bits_per_second":	143146899.1914452,
			"retransmits":	157,
			"sender":	true
		},
		"sum_received":	{
			"start":	0,
			"end":	6.66386,
			"seconds":	6.66386,
			"bytes":	107347968,
			"bits_per_second":	128871816.63480327,
			"sender":	true
		},
		"cpu_utilization_percent":	{
			"host_total":	7.5566250094632625,
			"host_user":	2.284717381695089,
			"host_system":	5.2719076277681731,
			"remote_total":	1.7988782802798673,
			"remote_user":	0,
			"remote_system":	1.7988632739959858
		},
		"sender_tcp_congestion":	"bbr",
		"receiver_tcp_congestion":	"bbr"
	}
}
