{
	"start":	{
		"connected":	[{
				"socket":	8,
				"local_host":	"172.16.0.43",
				"local_port":	37742,
				"remote_host":	"172.17.0.43",
				"remote_port":	5201
			}],
		"version":	"iperf 3.16",
		"system_info":	"Linux h1 6.12.54-0b264c55b-l4steam-117 #1 SMP PREEMPT_DYNAMIC Fri Nov  7 18:07:57 UTC 2025 x86_64",
		"timestamp":	{
			"time":	"Sun, 22 Feb 2026 02:52:21 GMT",
			"timesecs":	1771728741
		},
		"connecting_to":	{
			"host":	"172.17.0.43",
			"port":	5201
		},
		"cookie":	"vmejji4r445avpdsuivhznqw5p2fsr3dlv2u",
		"tcp_mss_default":	1448,
		"target_bitrate":	0,
		"fq_rate":	0,
		"sock_bufsize":	0,
		"sndbuf_actual":	1000000,
		"rcvbuf_actual":	1000000,
		"test_start":	{
			"protocol":	"TCP",
			"num_streams":	1,
			"blksize":	131072,
			"omit":	0,
			"duration":	0,
			"bytes":	107374182,
			"blocks":	0,
			"reverse":	0,
			"tos":	0,
			"target_bitrate":	0,
			"bidir":	0,
			"fqrate":	0
		}
	},
	"intervals":	[{
			"streams":	[{
					"socket":	8,
					"start":	0,
					"end":	1.001091,
					"seconds":	1.0010910034179688,
					"bytes":	52822016,
					"bits_per_second":	422115598.4393248,
					"retransmits":	4856,
					"snd_cwnd":	144587144,
					"snd_wnd":	34410496,
					"rtt":	390436,
					"rttvar":	6461,
					"pmtu":	1500,
					"omitted":	false,
					"sender":	true
				}],
			"sum":	{
				"start":	0,
				"end":	1.001091,
				"seconds":	1.0010910034179688,
				"bytes":	52822016,
				"bits_per_second":	422115598.4393248,
				"retransmits":	4856,
				"omitted":	false,
				"sender":	true
			}
		}, {
			"streams":	[{
					"socket":	8,
					"start":	1.001091,
					"end":	2.001063,
					"seconds":	0.99997198581695557,
					"bytes":	0,
					"bits_per_second":	0,
					"retransmits":	14983,
					"snd_cwnd":	143993464,
					"snd_wnd":	49995776,
					"rtt":	123685,
					"rttvar":	11901,
					"pmtu":	1500,
					"omitted":	false,
					"sender":	true
				}],
			"sum":	{
				"start":	1.001091,
				"end":	2.001063,
				"seconds":	0.99997198581695557,
				"bytes":	0,
				"bits_per_second":	0,
				"retransmits":	14983,
				"omitted":	false,
				"sender":	true
			}
		}, {
			"streams":	[{
					"socket":	8,
					"start":	2.001063,
					"end":	3.001062,
					"seconds":	0.99999898672103882,
					"bytes":	16384000,
					"bits_per_second":	131072132.81263457,
					"retransmits":	15420,
					"snd_cwnd":	142937872,
					"snd_wnd":	69287936,
					"rtt":	164826,
					"rttvar":	6887,
					"pmtu":	1500,
					"omitted":	false,
					"sender":	true
				}],
			"sum":	{
				"start":	2.001063,
				"end":	3.001062,
				"seconds":	0.99999898672103882,
				"bytes":	16384000,
				"bits_per_second":	131072132.81263457,
				"retransmits":	15420,
				"omitted":	false,
				"sender":	true
			}
		}, {
			"streams":	[{
					"socket":	8,
					"start":	3.001062,
					"end":	4.00141,
					"seconds":	1.0003479719161987,
					"bytes":	15073280,
					"bits_per_second":	120544293.97104007,
					"retransmits":	7001,
					"snd_cwnd":	141943096,
					"snd_wnd":	95858688,
					"rtt":	288577,
					"rttvar":	14804,
					"pmtu":	1500,
					"omitted":	false,
					"sender":	true
				}],
			"sum":	{
				"start":	3.001062,
				"end":	4.00141,
				"seconds":	1.0003479719161987,
				"bytes":	15073280,
				"bits_per_second":	120544293.97104007,
				"retransmits":	7001,
				"omitted":	false,
				"sender":	true
			}
		}, {
			"streams":	[{
					"socket":	8,
					"start":	4.00141,
					"end":	5.001046,
					"seconds":	0.99963599443435669,
					"bytes":	17956864,
					"bits_per_second":	143707222.22871441,
					"retransmits":	12492,
					"snd_cwnd":	141198824,
					"snd_wnd":	121356288,
					"rtt":	284440,
					"rttvar":	11726,
					"pmtu":	1500,
					"omitted":	false,
					"sender":	true
				}],
			"sum":	{
				"start":	4.00141,
				"end":	5.001046,
				"seconds":	0.99963599443435669,
				"bytes":	17956864,
				"bits_per_second":	143707222.22871441,
				"retransmits":	12492,
				"omitted":	false,
				"sender":	true
			}
		}, {
			"streams":	[{
					"socket":	8,
					"start":	5.001046,
					"end":	6.00104,
					"seconds":	0.99999397993087769,
					"bytes":	5242880,
					"bits_per_second":	41943292.501520075,
					"retransmits":	3979,
					"snd_cwnd":	140460344,
					"snd_wnd":	138969088,
					"rtt":	165096,
					"rttvar":	8562,
					"pmtu":	1500,
					"omitted":	false,
					"sender":	true
				}],
			"sum":	{
				"start":	5.001046,
				"end":	6.00104,
				"seconds":	0.99999397993087769,
				"bytes":	5242880,
				"bits_per_second":	41943292.501520075,
				"retransmits":	3979,
				"omitted":	false,
				"sender":	true
			}
		}],
	"end":	{
		"streams":	[{
				"sender":	{
					"socket":	8,
					"start":	0,
					"end":	6.001355,
					"seconds":	6.001355,
					"bytes":	107479040,
					"bits_per_second":	143273030.84053516,
					"retransmits":	58731,
					"max_snd_cwnd":	144587144,
					"max_snd_wnd":	138969088,
					"max_rtt":	390436,
					"min_rtt":	123685,
					"mean_rtt":	226022,
					"sender":	true
				},
				"receiver":	{
					"socket":	8,
					"start":	0,
					"end":	6.075098,
					"seconds":	6.001355,
					"bytes":	107479040,
					"bits_per_second":	141533901.18151182,
					"sender":	true
				}
			}],
		"sum_sent":	{
			"start":	0,
			"end":	6.001355,
			"seconds":	6.001355,
			"bytes":	107479040,
			"bits_per_second":	143273030.84053516,
			"retransmits":	58731,
			"sender":	true
		},
		"sum_received":	{
			"start":	0,
			"end":	6.075098,
			"seconds":	6.075098,
			"bytes":	107479040,
			"bits_per_second":	141533901.18151182,
			"sender":	true
		},
		"cpu_utilization_percent":	{
			"host_total":	9.72806516256839,
			"host_user":	6.1705223694969176,
			"host_system":	3.55754279307147,
			"remote_total":	1.2179036728711623,
			"remote_user":	0,
			"remote_system":	1.2179036728711623
		},
		"sender_tcp_congestion":	"prague",
		"receiver_tcp_congestion":	"prague"
	}
}
