{
	"start":	{
		"connected":	[{
				"socket":	8,
				"local_host":	"172.16.0.64",
				"local_port":	57894,
				"remote_host":	"172.17.0.64",
				"remote_port":	5201
			}],
		"version":	"iperf 3.16",
		"system_info":	"Linux h1 6.12.54-0b264c55b-l4steam-117 #1 SMP PREEMPT_DYNAMIC Fri Nov  7 18:07:57 UTC 2025 x86_64",
		"timestamp":	{
			"time":	"Sun, 22 Feb 2026 02:52:21 GMT",
			"timesecs":	1771728741
		},
		"connecting_to":	{
			"host":	"172.17.0.64",
			"port":	5201
		},
		"cookie":	"mxrbeaj2736kgwuc6vavmr22xd7nwgr4hq3i",
		"tcp_mss_default":	1448,
		"target_bitrate":	0,
		"fq_rate":	0,
		"sock_bufsize":	0,
		"sndbuf_actual":	1000000,
		"rcvbuf_actual":	1000000,
		"test_start":	{
			"protocol":	"TCP",
			"num_streams":	1,
			"blksize":	131072,
			"omit":	0,
			"duration":	0,
			"bytes":	107374182,
			"blocks":	0,
			"reverse":	0,
			"tos":	0,
			"target_bitrate":	0,
			"bidir":	0,
			"fqrate":	0
		}
	},
	"intervals":	[{
			"streams":	[{
					"socket":	8,
					"start":	0,
					"end":	1.001057,
					"seconds":	1.0010570287704468,
					"bytes":	38666240,
					"bits_per_second":	309003294.627416,
					"retransmits":	788,
					"snd_cwnd":	1448,
					"snd_wnd":	3031040,
					"rtt":	152337,
					"rttvar":	15257,
					"pmtu":	1500,
					"omitted":	false,
					"sender":	true
				}],
			"sum":	{
				"start":	0,
				"end":	1.001057,
				"seconds":	1.0010570287704468,
				"bytes":	38666240,
				"bits_per_second":	309003294.627416,
				"retransmits":	788,
				"omitted":	false,
				"sender":	true
			}
		}, {
			"streams":	[{
					"socket":	8,
					"start":	1.001057,
					"end":	2.001062,
					"seconds":	1.0000050067901611,
					"bytes":	0,
					"bits_per_second":	0,
					"retransmits":	1,
					"snd_cwnd":	1448,
					"snd_wnd":	3031040,
					"rtt":	152337,
					"rttvar":	15257,
					"pmtu":	1500,
					"omitted":	false,
					"sender":	true
				}],
			"sum":	{
				"start":	1.001057,
				"end":	2.001062,
				"seconds":	1.0000050067901611,
				"bytes":	0,
				"bits_per_second":	0,
				"retransmits":	1,
				"omitted":	false,
				"sender":	true
			}
		}, {
			"streams":	[{
					"socket":	8,
					"start":	2.001062,
					"end":	3.001061,
					"seconds":	0.99999898672103882,
					"bytes":	0,
					"bits_per_second":	0,
					"retransmits":	0,
					"snd_cwnd":	1448,
					"snd_wnd":	3031040,
					"rtt":	152337,
					"rttvar":	15257,
					"pmtu":	1500,
					"omitted":	false,
					"sender":	true
				}],
			"sum":	{
				"start":	2.001062,
				"end":	3.001061,
				"seconds":	0.99999898672103882,
				"bytes":	0,
				"bits_per_second":	0,
				"retransmits":	0,
				"omitted":	false,
				"sender":	true
			}
		}, {
			"streams":	[{
					"socket":	8,
					"start":	3.001061,
					"end":	4.001196,
					"seconds":	1.0001349449157715,
					"bytes":	0,
					"bits_per_second":	0,
					"retransmits":	1,
					"snd_cwnd":	1448,
					"snd_wnd":	3031040,
					"rtt":	152337,
					"rttvar":	15257,
					"pmtu":	1500,
					"omitted":	false,
					"sender":	true
				}],
			"sum":	{
				"start":	3.001061,
				"end":	4.001196,
				"seconds":	1.0001349449157715,
				"bytes":	0,
				"bits_per_second":	0,
				"retransmits":	1,
				"omitted":	false,
				"sender":	true
			}
		}, {
			"streams":	[{
					"socket":	8,
					"start":	4.001196,
					"end":	5.001065,
					"seconds":	0.99986898899078369,
					"bytes":	0,
					"bits_per_second":	0,
					"retransmits":	0,
					"snd_cwnd":	1448,
					"snd_wnd":	3031040,
					"rtt":	152337,
					"rttvar":	15257,
					"pmtu":	1500,
					"omitted":	false,
					"sender":	true
				}],
			"sum":	{
				"start":	4.001196,
				"end":	5.001065,
				"seconds":	0.99986898899078369,
				"bytes":	0,
				"bits_per_second":	0,
				"retransmits":	0,
				"omitted":	false,
				"sender":	true
			}
		}, {
			"streams":	[{
					"socket":	8,
					"start":	5.001065,
					"end":	6.001055,
					"seconds":	0.99998998641967773,
					"bytes":	0,
					"bits_per_second":	0,
					"retransmits":	0,
					"snd_cwnd":	1448,
					"snd_wnd":	3031040,
					"rtt":	152337,
					"rttvar":	15257,
					"pmtu":	1500,
					"omitted":	false,
					"sender":	true
				}],
			"sum":	{
				"start":	5.001065,
				"end":	6.001055,
				"seconds":	0.99998998641967773,
				"bytes":	0,
				"bits_per_second":	0,
				"retransmits":	0,
				"omitted":	false,
				"sender":	true
			}
		}, {
			"streams":	[{
					"socket":	8,
					"start":	6.001055,
					"end":	7.010697,
					"seconds":	1.0096420049667358,
					"bytes":	37879808,
					"bits_per_second":	300144469.53401476,
					"retransmits":	20622,
					"snd_cwnd":	144109304,
					"snd_wnd":	56094720,
					"rtt":	117429,
					"rttvar":	5758,
					"pmtu":	1500,
					"omitted":	false,
					"sender":	true
				}],
			"sum":	{
				"start":	6.001055,
				"end":	7.010697,
				"seconds":	1.0096420049667358,
				"bytes":	37879808,
				"bits_per_second":	300144469.53401476,
				"retransmits":	20622,
				"omitted":	false,
				"sender":	true
			}
		}, {
			"streams":	[{
					"socket":	8,
					"start":	7.010697,
					"end":	7.290106,
					"seconds":	0.27940899133682251,
					"bytes":	0,
					"bits_per_second":	0,
					"retransmits":	0,
					"snd_cwnd":	143059504,
					"snd_wnd":	56094720,
					"rtt":	117429,
					"rttvar":	5758,
					"pmtu":	1500,
					"omitted":	false,
					"sender":	true
				}],
			"sum":	{
				"start":	7.010697,
				"end":	7.290106,
				"seconds":	0.27940899133682251,
				"bytes":	0,
				"bits_per_second":	0,
				"retransmits":	0,
				"omitted":	false,
				"sender":	true
			}
		}],
	"end":	{
		"streams":	[{
				"sender":	{
					"socket":	8,
					"start":	0,
					"end":	7.290106,
					"seconds":	7.290106,
					"bytes":	107479040,
					"bits_per_second":	117945105.32494316,
					"retransmits":	21412,
					"max_snd_cwnd":	144109304,
					"max_snd_wnd":	56094720,
					"max_rtt":	152337,
					"min_rtt":	117429,
					"mean_rtt":	143610,
					"sender":	true
				},
				"receiver":	{
					"socket":	8,
					"start":	0,
					"end":	7.383633,
					"seconds":	7.290106,
					"bytes":	10616832,
					"bits_per_second":	11503098.271541936,
					"sender":	true
				}
			}],
		"sum_sent":	{
			"start":	0,
			"end":	7.290106,
			"seconds":	7.290106,
			"bytes":	107479040,
			"bits_per_second":	117945105.32494316,
			"retransmits":	21412,
			"sender":	true
		},
		"sum_received":	{
			"start":	0,
			"end":	7.383633,
			"seconds":	7.383633,
			"bytes":	10616832,
			"bits_per_second":	11503098.271541936,
			"sender":	true
		},
		"cpu_utilization_percent":	{
			"host_total":	4.3469376003970561,
			"host_user":	0.043191966320496981,
			"host_system":	4.30375875037365,
			"remote_total":	0.1479892383775222,
			"remote_user":	0,
			"remote_system":	0.14800278182388238
		},
		"sender_tcp_congestion":	"prague",
		"receiver_tcp_congestion":	"prague"
	}
}
