{
	"start":	{
		"connected":	[{
				"socket":	8,
				"local_host":	"172.16.0.88",
				"local_port":	43588,
				"remote_host":	"172.17.0.88",
				"remote_port":	5201
			}],
		"version":	"iperf 3.16",
		"system_info":	"Linux h1 6.12.54-0b264c55b-l4steam-117 #1 SMP PREEMPT_DYNAMIC Fri Nov  7 18:07:57 UTC 2025 x86_64",
		"timestamp":	{
			"time":	"Sun, 22 Feb 2026 02:52:22 GMT",
			"timesecs":	1771728742
		},
		"connecting_to":	{
			"host":	"172.17.0.88",
			"port":	5201
		},
		"cookie":	"nefk7hut25p4yn7rhavgp4l5ucuebxqsya2t",
		"tcp_mss_default":	1448,
		"target_bitrate":	0,
		"fq_rate":	0,
		"sock_bufsize":	0,
		"sndbuf_actual":	1000000,
		"rcvbuf_actual":	1000000,
		"test_start":	{
			"protocol":	"TCP",
			"num_streams":	1,
			"blksize":	131072,
			"omit":	0,
			"duration":	0,
			"bytes":	107374182,
			"blocks":	0,
			"reverse":	0,
			"tos":	0,
			"target_bitrate":	0,
			"bidir":	0,
			"fqrate":	0
		}
	},
	"intervals":	[{
			"streams":	[{
					"socket":	8,
					"start":	0,
					"end":	1.001055,
					"seconds":	1.0010550022125244,
					"bytes":	2097152,
					"bits_per_second":	16759534.6538593,
					"retransmits":	1,
					"snd_cwnd":	144800000,
					"snd_wnd":	966656,
					"rtt":	133149,
					"rttvar":	13269,
					"pmtu":	1500,
					"omitted":	false,
					"sender":	true
				}],
			"sum":	{
				"start":	0,
				"end":	1.001055,
				"seconds":	1.0010550022125244,
				"bytes":	2097152,
				"bits_per_second":	16759534.6538593,
				"retransmits":	1,
				"omitted":	false,
				"sender":	true
			}
		}, {
			"streams":	[{
					"socket":	8,
					"start":	1.001055,
					"end":	2.001128,
					"seconds":	1.0000729560852051,
					"bytes":	0,
					"bits_per_second":	0,
					"retransmits":	1,
					"snd_cwnd":	1448,
					"snd_wnd":	966656,
					"rtt":	133149,
					"rttvar":	13269,
					"pmtu":	1500,
					"omitted":	false,
					"sender":	true
				}],
			"sum":	{
				"start":	1.001055,
				"end":	2.001128,
				"seconds":	1.0000729560852051,
				"bytes":	0,
				"bits_per_second":	0,
				"retransmits":	1,
				"omitted":	false,
				"sender":	true
			}
		}, {
			"streams":	[{
					"socket":	8,
					"start":	2.001128,
					"end":	3.001039,
					"seconds":	0.99991101026535034,
					"bytes":	1179648,
					"bits_per_second":	9438023.887241343,
					"retransmits":	657,
					"snd_cwnd":	144627688,
					"snd_wnd":	3362816,
					"rtt":	130316,
					"rttvar":	11671,
					"pmtu":	1500,
					"omitted":	false,
					"sender":	true
				}],
			"sum":	{
				"start":	2.001128,
				"end":	3.001039,
				"seconds":	0.99991101026535034,
				"bytes":	1179648,
				"bits_per_second":	9438023.887241343,
				"retransmits":	657,
				"omitted":	false,
				"sender":	true
			}
		}, {
			"streams":	[{
					"socket":	8,
					"start":	3.001039,
					"end":	4.001801,
					"seconds":	1.0007619857788086,
					"bytes":	24117248,
					"bits_per_second":	192791079.93880549,
					"retransmits":	7173,
					"snd_cwnd":	143806672,
					"snd_wnd":	25391104,
					"rtt":	332098,
					"rttvar":	4770,
					"pmtu":	1500,
					"omitted":	false,
					"sender":	true
				}],
			"sum":	{
				"start":	3.001039,
				"end":	4.001801,
				"seconds":	1.0007619857788086,
				"bytes":	24117248,
				"bits_per_second":	192791079.93880549,
				"retransmits":	7173,
				"omitted":	false,
				"sender":	true
			}
		}, {
			"streams":	[{
					"socket":	8,
					"start":	4.001801,
					"end":	5.011588,
					"seconds":	1.0097869634628296,
					"bytes":	14417920,
					"bits_per_second":	114225439.79420844,
					"retransmits":	5672,
					"snd_cwnd":	143021856,
					"snd_wnd":	35758080,
					"rtt":	334934,
					"rttvar":	6271,
					"pmtu":	1500,
					"omitted":	false,
					"sender":	true
				}],
			"sum":	{
				"start":	4.001801,
				"end":	5.011588,
				"seconds":	1.0097869634628296,
				"bytes":	14417920,
				"bits_per_second":	114225439.79420844,
				"retransmits":	5672,
				"omitted":	false,
				"sender":	true
			}
		}, {
			"streams":	[{
					"socket":	8,
					"start":	5.011588,
					"end":	6.00102,
					"seconds":	0.98943197727203369,
					"bytes":	31981568,
					"bits_per_second":	258585279.10671729,
					"retransmits":	8379,
					"snd_cwnd":	141767888,
					"snd_wnd":	81793024,
					"rtt":	176641,
					"rttvar":	6264,
					"pmtu":	1500,
					"omitted":	false,
					"sender":	true
				}],
			"sum":	{
				"start":	5.011588,
				"end":	6.00102,
				"seconds":	0.98943197727203369,
				"bytes":	31981568,
				"bits_per_second":	258585279.10671729,
				"retransmits":	8379,
				"omitted":	false,
				"sender":	true
			}
		}, {
			"streams":	[{
					"socket":	8,
					"start":	6.00102,
					"end":	7.001021,
					"seconds":	1.0000009536743164,
					"bytes":	32374784,
					"bits_per_second":	258998025.00023556,
					"retransmits":	23163,
					"snd_cwnd":	139944856,
					"snd_wnd":	128417792,
					"rtt":	105888,
					"rttvar":	213,
					"pmtu":	1500,
					"omitted":	false,
					"sender":	true
				}],
			"sum":	{
				"start":	6.00102,
				"end":	7.001021,
				"seconds":	1.0000009536743164,
				"bytes":	32374784,
				"bits_per_second":	258998025.00023556,
				"retransmits":	23163,
				"omitted":	false,
				"sender":	true
			}
		}],
	"end":	{
		"streams":	[{
				"sender":	{
					"socket":	8,
					"start":	0,
					"end":	7.001235,
					"seconds":	7.001235,
					"bytes":	107479040,
					"bits_per_second":	122811521.11020412,
					"retransmits":	45046,
					"max_snd_cwnd":	144800000,
					"max_snd_wnd":	128569344,
					"max_rtt":	334934,
					"min_rtt":	105888,
					"mean_rtt":	181512,
					"sender":	true
				},
				"receiver":	{
					"socket":	8,
					"start":	0,
					"end":	7.370985,
					"seconds":	7.001235,
					"bytes":	106561536,
					"bits_per_second":	115655138.08534409,
					"sender":	true
				}
			}],
		"sum_sent":	{
			"start":	0,
			"end":	7.001235,
			"seconds":	7.001235,
			"bytes":	107479040,
			"bits_per_second":	122811521.11020412,
			"retransmits":	45046,
			"sender":	true
		},
		"sum_received":	{
			"start":	0,
			"end":	7.370985,
			"seconds":	7.370985,
			"bytes":	106561536,
			"bits_per_second":	115655138.08534409,
			"sender":	true
		},
		"cpu_utilization_percent":	{
			"host_total":	9.13889804913543,
			"host_user":	2.6353931275016134,
			"host_system":	6.5034918511274551,
			"remote_total":	0.94927431139252627,
			"remote_user":	0,
			"remote_system":	0.94928787807460024
		},
		"sender_tcp_congestion":	"prague",
		"receiver_tcp_congestion":	"prague"
	}
}
