{
	"start":	{
		"connected":	[{
				"socket":	8,
				"local_host":	"172.16.0.111",
				"local_port":	47116,
				"remote_host":	"172.17.0.111",
				"remote_port":	5201
			}],
		"version":	"iperf 3.16",
		"system_info":	"Linux h1 6.12.54-0b264c55b-l4steam-117 #1 SMP PREEMPT_DYNAMIC Fri Nov  7 18:07:57 UTC 2025 x86_64",
		"timestamp":	{
			"time":	"Sun, 22 Feb 2026 01:33:03 GMT",
			"timesecs":	1771723983
		},
		"connecting_to":	{
			"host":	"172.17.0.111",
			"port":	5201
		},
		"cookie":	"f2ak37oovdxz77ddpc2yl4efzy7trtshih5x",
		"tcp_mss_default":	1448,
		"target_bitrate":	0,
		"fq_rate":	0,
		"sock_bufsize":	0,
		"sndbuf_actual":	1000000,
		"rcvbuf_actual":	1000000,
		"test_start":	{
			"protocol":	"TCP",
			"num_streams":	1,
			"blksize":	131072,
			"omit":	0,
			"duration":	0,
			"bytes":	107374182,
			"blocks":	0,
			"reverse":	0,
			"tos":	0,
			"target_bitrate":	0,
			"bidir":	0,
			"fqrate":	0
		}
	},
	"intervals":	[{
			"streams":	[{
					"socket":	8,
					"start":	0,
					"end":	1.002113,
					"seconds":	1.0021129846572876,
					"bytes":	16121856,
					"bits_per_second":	128702900.74537662,
					"retransmits":	0,
					"snd_cwnd":	144800000,
					"snd_wnd":	4448256,
					"rtt":	494489,
					"rttvar":	1125,
					"pmtu":	1500,
					"omitted":	false,
					"sender":	true
				}],
			"sum":	{
				"start":	0,
				"end":	1.002113,
				"seconds":	1.0021129846572876,
				"bytes":	16121856,
				"bits_per_second":	128702900.74537662,
				"retransmits":	0,
				"omitted":	false,
				"sender":	true
			}
		}, {
			"streams":	[{
					"socket":	8,
					"start":	1.002113,
					"end":	2.001096,
					"seconds":	0.99898302555084229,
					"bytes":	0,
					"bits_per_second":	0,
					"retransmits":	121,
					"snd_cwnd":	144652304,
					"snd_wnd":	12996608,
					"rtt":	522001,
					"rttvar":	287,
					"pmtu":	1500,
					"omitted":	false,
					"sender":	true
				}],
			"sum":	{
				"start":	1.002113,
				"end":	2.001096,
				"seconds":	0.99898302555084229,
				"bytes":	0,
				"bits_per_second":	0,
				"retransmits":	121,
				"omitted":	false,
				"sender":	true
			}
		}, {
			"streams":	[{
					"socket":	8,
					"start":	2.001096,
					"end":	3.001078,
					"seconds":	0.99998199939727783,
					"bytes":	5636096,
					"bits_per_second":	45089579.63961,
					"retransmits":	0,
					"snd_cwnd":	144190392,
					"snd_wnd":	17113088,
					"rtt":	749142,
					"rttvar":	1294,
					"pmtu":	1500,
					"omitted":	false,
					"sender":	true
				}],
			"sum":	{
				"start":	2.001096,
				"end":	3.001078,
				"seconds":	0.99998199939727783,
				"bytes":	5636096,
				"bits_per_second":	45089579.63961,
				"retransmits":	0,
				"omitted":	false,
				"sender":	true
			}
		}, {
			"streams":	[{
					"socket":	8,
					"start":	3.001078,
					"end":	4.001076,
					"seconds":	0.99999797344207764,
					"bytes":	7995392,
					"bits_per_second":	63963265.6252627,
					"retransmits":	0,
					"snd_cwnd":	143838528,
					"snd_wnd":	29122560,
					"rtt":	974163,
					"rttvar":	184,
					"pmtu":	1500,
					"omitted":	false,
					"sender":	true
				}],
			"sum":	{
				"start":	3.001078,
				"end":	4.001076,
				"seconds":	0.99999797344207764,
				"bytes":	7995392,
				"bits_per_second":	63963265.6252627,
				"retransmits":	0,
				"omitted":	false,
				"sender":	true
			}
		}, {
			"streams":	[{
					"socket":	8,
					"start":	4.001076,
					"end":	5.000724,
					"seconds":	0.99964797496795654,
					"bytes":	6291456,
					"bits_per_second":	50349372.239375934,
					"retransmits":	7,
					"snd_cwnd":	143155072,
					"snd_wnd":	45170688,
					"rtt":	1005327,
					"rttvar":	227,
					"pmtu":	1500,
					"omitted":	false,
					"sender":	true
				}],
			"sum":	{
				"start":	4.001076,
				"end":	5.000724,
				"seconds":	0.99964797496795654,
				"bytes":	6291456,
				"bits_per_second":	50349372.239375934,
				"retransmits":	7,
				"omitted":	false,
				"sender":	true
			}
		}, {
			"streams":	[{
					"socket":	8,
					"start":	5.000724,
					"end":	6.003345,
					"seconds":	1.002621054649353,
					"bytes":	3932160,
					"bits_per_second":	31375044.294278823,
					"retransmits":	628,
					"snd_cwnd":	142795968,
					"snd_wnd":	55975936,
					"rtt":	1030310,
					"rttvar":	417,
					"pmtu":	1500,
					"omitted":	false,
					"sender":	true
				}],
			"sum":	{
				"start":	5.000724,
				"end":	6.003345,
				"seconds":	1.002621054649353,
				"bytes":	3932160,
				"bits_per_second":	31375044.294278823,
				"retransmits":	628,
				"omitted":	false,
				"sender":	true
			}
		}, {
			"streams":	[{
					"socket":	8,
					"start":	6.003345,
					"end":	7.04978,
					"seconds":	1.0464349985122681,
					"bytes":	67502080,
					"bits_per_second":	516053687.7758767,
					"retransmits":	165,
					"snd_cwnd":	142060384,
					"snd_wnd":	79904768,
					"rtt":	871289,
					"rttvar":	1263,
					"pmtu":	1500,
					"omitted":	false,
					"sender":	true
				}],
			"sum":	{
				"start":	6.003345,
				"end":	7.04978,
				"seconds":	1.0464349985122681,
				"bytes":	67502080,
				"bits_per_second":	516053687.7758767,
				"retransmits":	165,
				"omitted":	false,
				"sender":	true
			}
		}],
	"end":	{
		"streams":	[{
				"sender":	{
					"socket":	8,
					"start":	0,
					"end":	7.084675,
					"seconds":	7.084675,
					"bytes":	107479040,
					"bits_per_second":	121365104.25672314,
					"retransmits":	921,
					"max_snd_cwnd":	144800000,
					"max_snd_wnd":	79904768,
					"max_rtt":	1030310,
					"min_rtt":	494489,
					"mean_rtt":	814751,
					"sender":	true
				},
				"receiver":	{
					"socket":	8,
					"start":	0,
					"end":	7.587445,
					"seconds":	7.084675,
					"bytes":	50855936,
					"bits_per_second":	53621144.930869356,
					"sender":	true
				}
			}],
		"sum_sent":	{
			"start":	0,
			"end":	7.084675,
			"seconds":	7.084675,
			"bytes":	107479040,
			"bits_per_second":	121365104.25672314,
			"retransmits":	921,
			"sender":	true
		},
		"sum_received":	{
			"start":	0,
			"end":	7.587445,
			"seconds":	7.587445,
			"bytes":	50855936,
			"bits_per_second":	53621144.930869356,
			"sender":	true
		},
		"cpu_utilization_percent":	{
			"host_total":	1.3202139202896965,
			"host_user":	0,
			"host_system":	1.3202250344176758,
			"remote_total":	0.49780822567763128,
			"remote_user":	0.0029390599752749935,
			"remote_system":	0.494882345343501
		},
		"sender_tcp_congestion":	"prague",
		"receiver_tcp_congestion":	"prague"
	}
}
