{
	"start":	{
		"connected":	[{
				"socket":	8,
				"local_host":	"172.16.0.63",
				"local_port":	60516,
				"remote_host":	"172.17.0.63",
				"remote_port":	5201
			}],
		"version":	"iperf 3.16",
		"system_info":	"Linux h1 6.12.54-0b264c55b-l4steam-117 #1 SMP PREEMPT_DYNAMIC Fri Nov  7 18:07:57 UTC 2025 x86_64",
		"timestamp":	{
			"time":	"Sun, 22 Feb 2026 01:33:02 GMT",
			"timesecs":	1771723982
		},
		"connecting_to":	{
			"host":	"172.17.0.63",
			"port":	5201
		},
		"cookie":	"66usurepxmhiyg5oosi34nreze3nmmtii6p3",
		"tcp_mss_default":	1448,
		"target_bitrate":	0,
		"fq_rate":	0,
		"sock_bufsize":	0,
		"sndbuf_actual":	1000000,
		"rcvbuf_actual":	1000000,
		"test_start":	{
			"protocol":	"TCP",
			"num_streams":	1,
			"blksize":	131072,
			"omit":	0,
			"duration":	0,
			"bytes":	107374182,
			"blocks":	0,
			"reverse":	0,
			"tos":	0,
			"target_bitrate":	0,
			"bidir":	0,
			"fqrate":	0
		}
	},
	"intervals":	[{
			"streams":	[{
					"socket":	8,
					"start":	0,
					"end":	1.001061,
					"seconds":	1.001060962677002,
					"bytes":	38666240,
					"bits_per_second":	309002080.3256585,
					"retransmits":	0,
					"snd_cwnd":	144800000,
					"snd_wnd":	6451200,
					"rtt":	294082,
					"rttvar":	379,
					"pmtu":	1500,
					"omitted":	false,
					"sender":	true
				}],
			"sum":	{
				"start":	0,
				"end":	1.001061,
				"seconds":	1.001060962677002,
				"bytes":	38666240,
				"bits_per_second":	309002080.3256585,
				"retransmits":	0,
				"omitted":	false,
				"sender":	true
			}
		}, {
			"streams":	[{
					"socket":	8,
					"start":	1.001061,
					"end":	2.001052,
					"seconds":	0.999990999698639,
					"bytes":	2621440,
					"bits_per_second":	20971708.751698822,
					"retransmits":	102,
					"snd_cwnd":	144426416,
					"snd_wnd":	55332864,
					"rtt":	687123,
					"rttvar":	1976,
					"pmtu":	1500,
					"omitted":	false,
					"sender":	true
				}],
			"sum":	{
				"start":	1.001061,
				"end":	2.001052,
				"seconds":	0.999990999698639,
				"bytes":	2621440,
				"bits_per_second":	20971708.751698822,
				"retransmits":	102,
				"omitted":	false,
				"sender":	true
			}
		}, {
			"streams":	[{
					"socket":	8,
					"start":	2.001052,
					"end":	3.001136,
					"seconds":	1.0000840425491333,
					"bytes":	15728640,
					"bits_per_second":	125818545.88867527,
					"retransmits":	500,
					"snd_cwnd":	144345328,
					"snd_wnd":	55869440,
					"rtt":	411731,
					"rttvar":	12035,
					"pmtu":	1500,
					"omitted":	false,
					"sender":	true
				}],
			"sum":	{
				"start":	2.001052,
				"end":	3.001136,
				"seconds":	1.0000840425491333,
				"bytes":	15728640,
				"bits_per_second":	125818545.88867527,
				"retransmits":	500,
				"omitted":	false,
				"sender":	true
			}
		}, {
			"streams":	[{
					"socket":	8,
					"start":	3.001136,
					"end":	4.001053,
					"seconds":	0.999916970729828,
					"bytes":	19922944,
					"bits_per_second":	159396786.59885907,
					"retransmits":	0,
					"snd_cwnd":	143215888,
					"snd_wnd":	95236096,
					"rtt":	607670,
					"rttvar":	3195,
					"pmtu":	1500,
					"omitted":	false,
					"sender":	true
				}],
			"sum":	{
				"start":	3.001136,
				"end":	4.001053,
				"seconds":	0.999916970729828,
				"bytes":	19922944,
				"bits_per_second":	159396786.59885907,
				"retransmits":	0,
				"omitted":	false,
				"sender":	true
			}
		}, {
			"streams":	[{
					"socket":	8,
					"start":	4.001053,
					"end":	5.002072,
					"seconds":	1.00101900100708,
					"bytes":	11665408,
					"bits_per_second":	93228264.3047851,
					"retransmits":	0,
					"snd_cwnd":	142423832,
					"snd_wnd":	118448128,
					"rtt":	756859,
					"rttvar":	402,
					"pmtu":	1500,
					"omitted":	false,
					"sender":	true
				}],
			"sum":	{
				"start":	4.001053,
				"end":	5.002072,
				"seconds":	1.00101900100708,
				"bytes":	11665408,
				"bits_per_second":	93228264.3047851,
				"retransmits":	0,
				"omitted":	false,
				"sender":	true
			}
		}, {
			"streams":	[{
					"socket":	8,
					"start":	5.002072,
					"end":	6.009702,
					"seconds":	1.0076299905776978,
					"bytes":	13631488,
					"bits_per_second":	108226139.5747838,
					"retransmits":	0,
					"snd_cwnd":	141688248,
					"snd_wnd":	137224192,
					"rtt":	979856,
					"rttvar":	430,
					"pmtu":	1500,
					"omitted":	false,
					"sender":	true
				}],
			"sum":	{
				"start":	5.002072,
				"end":	6.009702,
				"seconds":	1.0076299905776978,
				"bytes":	13631488,
				"bits_per_second":	108226139.5747838,
				"retransmits":	0,
				"omitted":	false,
				"sender":	true
			}
		}, {
			"streams":	[{
					"socket":	8,
					"start":	6.009702,
					"end":	7.001037,
					"seconds":	0.99133497476577759,
					"bytes":	5242880,
					"bits_per_second":	42309654.221480355,
					"retransmits":	0,
					"snd_cwnd":	140642792,
					"snd_wnd":	147644416,
					"rtt":	1000832,
					"rttvar":	550,
					"pmtu":	1500,
					"omitted":	false,
					"sender":	true
				}],
			"sum":	{
				"start":	6.009702,
				"end":	7.001037,
				"seconds":	0.99133497476577759,
				"bytes":	5242880,
				"bits_per_second":	42309654.221480355,
				"retransmits":	0,
				"omitted":	false,
				"sender":	true
			}
		}],
	"end":	{
		"streams":	[{
				"sender":	{
					"socket":	8,
					"start":	0,
					"end":	7.001562,
					"seconds":	7.001562,
					"bytes":	107479040,
					"bits_per_second":	122805785.33761467,
					"retransmits":	602,
					"max_snd_cwnd":	144800000,
					"max_snd_wnd":	147644416,
					"max_rtt":	1000832,
					"min_rtt":	294082,
					"mean_rtt":	717373,
					"sender":	true
				},
				"receiver":	{
					"socket":	8,
					"start":	0,
					"end":	7.81929,
					"seconds":	7.001562,
					"bytes":	107479040,
					"bits_per_second":	109962965.94703612,
					"sender":	true
				}
			}],
		"sum_sent":	{
			"start":	0,
			"end":	7.001562,
			"seconds":	7.001562,
			"bytes":	107479040,
			"bits_per_second":	122805785.33761467,
			"retransmits":	602,
			"sender":	true
		},
		"sum_received":	{
			"start":	0,
			"end":	7.81929,
			"seconds":	7.81929,
			"bytes":	107479040,
			"bits_per_second":	109962965.94703612,
			"sender":	true
		},
		"cpu_utilization_percent":	{
			"host_total":	14.094180175711363,
			"host_user":	7.3405273526060064,
			"host_system":	6.7536528231053561,
			"remote_total":	1.0844189053679081,
			"remote_user":	0.053585338744386812,
			"remote_system":	1.0308335666235213
		},
		"sender_tcp_congestion":	"prague",
		"receiver_tcp_congestion":	"prague"
	}
}
