{
	"start":	{
		"connected":	[{
				"socket":	8,
				"local_host":	"172.16.0.111",
				"local_port":	45508,
				"remote_host":	"172.17.0.111",
				"remote_port":	5201
			}],
		"version":	"iperf 3.16",
		"system_info":	"Linux h1 6.12.54-0b264c55b-l4steam-117 #1 SMP PREEMPT_DYNAMIC Fri Nov  7 18:07:57 UTC 2025 x86_64",
		"timestamp":	{
			"time":	"Sun, 22 Feb 2026 02:49:51 GMT",
			"timesecs":	1771728591
		},
		"connecting_to":	{
			"host":	"172.17.0.111",
			"port":	5201
		},
		"cookie":	"a6ade3kbsgcg6h7qayfolbhhyuojabssdhcz",
		"tcp_mss_default":	1448,
		"target_bitrate":	0,
		"fq_rate":	0,
		"sock_bufsize":	0,
		"sndbuf_actual":	1000000,
		"rcvbuf_actual":	1000000,
		"test_start":	{
			"protocol":	"TCP",
			"num_streams":	1,
			"blksize":	131072,
			"omit":	0,
			"duration":	0,
			"bytes":	107374182,
			"blocks":	0,
			"reverse":	0,
			"tos":	0,
			"target_bitrate":	0,
			"bidir":	0,
			"fqrate":	0
		}
	},
	"intervals":	[{
			"streams":	[{
					"socket":	8,
					"start":	0,
					"end":	1.003373,
					"seconds":	1.0033730268478394,
					"bytes":	15990784,
					"bits_per_second":	127496223.814077,
					"retransmits":	2723,
					"snd_cwnd":	3147952,
					"snd_wnd":	15437824,
					"rtt":	196460,
					"rttvar":	1295,
					"pmtu":	1500,
					"omitted":	false,
					"sender":	true
				}],
			"sum":	{
				"start":	0,
				"end":	1.003373,
				"seconds":	1.0033730268478394,
				"bytes":	15990784,
				"bits_per_second":	127496223.814077,
				"retransmits":	2723,
				"omitted":	false,
				"sender":	true
			}
		}, {
			"streams":	[{
					"socket":	8,
					"start":	1.003373,
					"end":	2.001041,
					"seconds":	0.99766802787780762,
					"bytes":	28573696,
					"bits_per_second":	229123878.497184,
					"retransmits":	1587,
					"snd_cwnd":	2429744,
					"snd_wnd":	16310272,
					"rtt":	98956,
					"rttvar":	3756,
					"pmtu":	1500,
					"omitted":	false,
					"sender":	true
				}],
			"sum":	{
				"start":	1.003373,
				"end":	2.001041,
				"seconds":	0.99766802787780762,
				"bytes":	28573696,
				"bits_per_second":	229123878.497184,
				"retransmits":	1587,
				"omitted":	false,
				"sender":	true
			}
		}, {
			"streams":	[{
					"socket":	8,
					"start":	2.001041,
					"end":	3.001048,
					"seconds":	1.0000070333480835,
					"bytes":	10092544,
					"bits_per_second":	80739784.128994033,
					"retransmits":	265,
					"snd_cwnd":	2429744,
					"snd_wnd":	15212544,
					"rtt":	205792,
					"rttvar":	307,
					"pmtu":	1500,
					"omitted":	false,
					"sender":	true
				}],
			"sum":	{
				"start":	2.001041,
				"end":	3.001048,
				"seconds":	1.0000070333480835,
				"bytes":	10092544,
				"bits_per_second":	80739784.128994033,
				"retransmits":	265,
				"omitted":	false,
				"sender":	true
			}
		}, {
			"streams":	[{
					"socket":	8,
					"start":	3.001048,
					"end":	4.00335,
					"seconds":	1.0023020505905151,
					"bytes":	7602176,
					"bits_per_second":	60677724.807775147,
					"retransmits":	352,
					"snd_cwnd":	1601488,
					"snd_wnd":	14487552,
					"rtt":	204220,
					"rttvar":	706,
					"pmtu":	1500,
					"omitted":	false,
					"sender":	true
				}],
			"sum":	{
				"start":	3.001048,
				"end":	4.00335,
				"seconds":	1.0023020505905151,
				"bytes":	7602176,
				"bits_per_second":	60677724.807775147,
				"retransmits":	352,
				"omitted":	false,
				"sender":	true
			}
		}, {
			"streams":	[{
					"socket":	8,
					"start":	4.00335,
					"end":	5.001046,
					"seconds":	0.99769598245620728,
					"bytes":	14548992,
					"bits_per_second":	116660724.35558684,
					"retransmits":	14,
					"snd_cwnd":	1754976,
					"snd_wnd":	16543744,
					"rtt":	69140,
					"rttvar":	329,
					"pmtu":	1500,
					"omitted":	false,
					"sender":	true
				}],
			"sum":	{
				"start":	4.00335,
				"end":	5.001046,
				"seconds":	0.99769598245620728,
				"bytes":	14548992,
				"bits_per_second":	116660724.35558684,
				"retransmits":	14,
				"omitted":	false,
				"sender":	true
			}
		}, {
			"streams":	[{
					"socket":	8,
					"start":	5.001046,
					"end":	6.001041,
					"seconds":	0.999994993209839,
					"bytes":	7471104,
					"bits_per_second":	59769131.2514983,
					"retransmits":	10,
					"snd_cwnd":	1702848,
					"snd_wnd":	16543744,
					"rtt":	69295,
					"rttvar":	278,
					"pmtu":	1500,
					"omitted":	false,
					"sender":	true
				}],
			"sum":	{
				"start":	5.001046,
				"end":	6.001041,
				"seconds":	0.999994993209839,
				"bytes":	7471104,
				"bits_per_second":	59769131.2514983,
				"retransmits":	10,
				"omitted":	false,
				"sender":	true
			}
		}, {
			"streams":	[{
					"socket":	8,
					"start":	6.001041,
					"end":	7.003349,
					"seconds":	1.0023080110549927,
					"bytes":	14680064,
					"bits_per_second":	117170082.15507169,
					"retransmits":	0,
					"snd_cwnd":	2250192,
					"snd_wnd":	16556032,
					"rtt":	67074,
					"rttvar":	93,
					"pmtu":	1500,
					"omitted":	false,
					"sender":	true
				}],
			"sum":	{
				"start":	6.001041,
				"end":	7.003349,
				"seconds":	1.0023080110549927,
				"bytes":	14680064,
				"bits_per_second":	117170082.15507169,
				"retransmits":	0,
				"omitted":	false,
				"sender":	true
			}
		}, {
			"streams":	[{
					"socket":	8,
					"start":	7.003349,
					"end":	8.001024,
					"seconds":	0.99767500162124634,
					"bytes":	8519680,
					"bits_per_second":	68316275.229150265,
					"retransmits":	0,
					"snd_cwnd":	5024560,
					"snd_wnd":	16556032,
					"rtt":	65380,
					"rttvar":	191,
					"pmtu":	1500,
					"omitted":	false,
					"sender":	true
				}],
			"sum":	{
				"start":	7.003349,
				"end":	8.001024,
				"seconds":	0.99767500162124634,
				"bytes":	8519680,
				"bits_per_second":	68316275.229150265,
				"retransmits":	0,
				"omitted":	false,
				"sender":	true
			}
		}],
	"end":	{
		"streams":	[{
				"sender":	{
					"socket":	8,
					"start":	0,
					"end":	8.009182,
					"seconds":	8.009182,
					"bytes":	107479040,
					"bits_per_second":	107355822.35489218,
					"retransmits":	4951,
					"max_snd_cwnd":	5024560,
					"max_snd_wnd":	16556032,
					"max_rtt":	205792,
					"min_rtt":	65380,
					"mean_rtt":	115796,
					"sender":	true
				},
				"receiver":	{
					"socket":	8,
					"start":	0,
					"end":	8.087997,
					"seconds":	8.009182,
					"bytes":	107479040,
					"bits_per_second":	106309673.45808858,
					"sender":	true
				}
			}],
		"sum_sent":	{
			"start":	0,
			"end":	8.009182,
			"seconds":	8.009182,
			"bytes":	107479040,
			"bits_per_second":	107355822.35489218,
			"retransmits":	4951,
			"sender":	true
		},
		"sum_received":	{
			"start":	0,
			"end":	8.087997,
			"seconds":	8.087997,
			"bytes":	107479040,
			"bits_per_second":	106309673.45808858,
			"sender":	true
		},
		"cpu_utilization_percent":	{
			"host_total":	4.0180652666634273,
			"host_user":	2.0432577234078688,
			"host_system":	1.9748075432555585,
			"remote_total":	2.0801158653221417,
			"remote_user":	0.11024960277625737,
			"remote_system":	1.9698415345874281
		},
		"sender_tcp_congestion":	"bbr",
		"receiver_tcp_congestion":	"bbr"
	}
}
