{
	"start":	{
		"connected":	[{
				"socket":	8,
				"local_host":	"172.16.0.1",
				"local_port":	56894,
				"remote_host":	"172.17.0.1",
				"remote_port":	5201
			}],
		"version":	"iperf 3.16",
		"system_info":	"Linux h1 6.12.54-0b264c55b-l4steam-117 #1 SMP PREEMPT_DYNAMIC Fri Nov  7 18:07:57 UTC 2025 x86_64",
		"timestamp":	{
			"time":	"Sun, 22 Feb 2026 02:49:49 GMT",
			"timesecs":	1771728589
		},
		"connecting_to":	{
			"host":	"172.17.0.1",
			"port":	5201
		},
		"cookie":	"uukocxg5s3ad4eesaf5skqz4uv2vasi7ietu",
		"tcp_mss_default":	1448,
		"target_bitrate":	0,
		"fq_rate":	0,
		"sock_bufsize":	0,
		"sndbuf_actual":	1000000,
		"rcvbuf_actual":	1000000,
		"test_start":	{
			"protocol":	"TCP",
			"num_streams":	1,
			"blksize":	131072,
			"omit":	0,
			"duration":	0,
			"bytes":	107374182,
			"blocks":	0,
			"reverse":	0,
			"tos":	0,
			"target_bitrate":	0,
			"bidir":	0,
			"fqrate":	0
		}
	},
	"intervals":	[{
			"streams":	[{
					"socket":	8,
					"start":	0,
					"end":	1.002188,
					"seconds":	1.002187967300415,
					"bytes":	107479040,
					"bits_per_second":	857955142.20363545,
					"retransmits":	15811,
					"snd_cwnd":	10855656,
					"snd_wnd":	54571008,
					"rtt":	197000,
					"rttvar":	5808,
					"pmtu":	1500,
					"omitted":	false,
					"sender":	true
				}],
			"sum":	{
				"start":	0,
				"end":	1.002188,
				"seconds":	1.002187967300415,
				"bytes":	107479040,
				"bits_per_second":	857955142.20363545,
				"retransmits":	15811,
				"omitted":	false,
				"sender":	true
			}
		}],
	"end":	{
		"streams":	[{
				"sender":	{
					"socket":	8,
					"start":	0,
					"end":	1.002476,
					"seconds":	1.002476,
					"bytes":	107479040,
					"bits_per_second":	857708633.423643,
					"retransmits":	15811,
					"max_snd_cwnd":	10855656,
					"max_snd_wnd":	54571008,
					"max_rtt":	197000,
					"min_rtt":	197000,
					"mean_rtt":	197000,
					"sender":	true
				},
				"receiver":	{
					"socket":	8,
					"start":	0,
					"end":	1.063608,
					"seconds":	1.002476,
					"bytes":	10878976,
					"bits_per_second":	81826958.8043715,
					"sender":	true
				}
			}],
		"sum_sent":	{
			"start":	0,
			"end":	1.002476,
			"seconds":	1.002476,
			"bytes":	107479040,
			"bits_per_second":	857708633.423643,
			"retransmits":	15811,
			"sender":	true
		},
		"sum_received":	{
			"start":	0,
			"end":	1.063608,
			"seconds":	1.063608,
			"bytes":	10878976,
			"bits_per_second":	81826958.8043715,
			"sender":	true
		},
		"cpu_utilization_percent":	{
			"host_total":	56.696284160568553,
			"host_user":	52.276593382010951,
			"host_system":	4.4196907785576,
			"remote_total":	1.4462872078373856,
			"remote_user":	0,
			"remote_system":	1.4464752449182978
		},
		"sender_tcp_congestion":	"bbr",
		"receiver_tcp_congestion":	"bbr"
	}
}
