{
	"start":	{
		"connected":	[{
				"socket":	8,
				"local_host":	"172.16.0.67",
				"local_port":	42330,
				"remote_host":	"172.17.0.67",
				"remote_port":	5201
			}],
		"version":	"iperf 3.16",
		"system_info":	"Linux h1 6.12.54-0b264c55b-l4steam-117 #1 SMP PREEMPT_DYNAMIC Fri Nov  7 18:07:57 UTC 2025 x86_64",
		"timestamp":	{
			"time":	"Sun, 22 Feb 2026 02:49:49 GMT",
			"timesecs":	1771728589
		},
		"connecting_to":	{
			"host":	"172.17.0.67",
			"port":	5201
		},
		"cookie":	"6mu42s6wxvfsfzaiuhsqbkuruvgoigxwfhli",
		"tcp_mss_default":	1448,
		"target_bitrate":	0,
		"fq_rate":	0,
		"sock_bufsize":	0,
		"sndbuf_actual":	1000000,
		"rcvbuf_actual":	1000000,
		"test_start":	{
			"protocol":	"TCP",
			"num_streams":	1,
			"blksize":	131072,
			"omit":	0,
			"duration":	0,
			"bytes":	107374182,
			"blocks":	0,
			"reverse":	0,
			"tos":	0,
			"target_bitrate":	0,
			"bidir":	0,
			"fqrate":	0
		}
	},
	"intervals":	[{
			"streams":	[{
					"socket":	8,
					"start":	0,
					"end":	1.001042,
					"seconds":	1.0010420083999634,
					"bytes":	37617664,
					"bits_per_second":	300628055.04138225,
					"retransmits":	3464,
					"snd_cwnd":	5244656,
					"snd_wnd":	22695936,
					"rtt":	139512,
					"rttvar":	5327,
					"pmtu":	1500,
					"omitted":	false,
					"sender":	true
				}],
			"sum":	{
				"start":	0,
				"end":	1.001042,
				"seconds":	1.0010420083999634,
				"bytes":	37617664,
				"bits_per_second":	300628055.04138225,
				"retransmits":	3464,
				"omitted":	false,
				"sender":	true
			}
		}, {
			"streams":	[{
					"socket":	8,
					"start":	1.001042,
					"end":	2.000999,
					"seconds":	0.999957025051117,
					"bytes":	5505024,
					"bits_per_second":	44042084.706338957,
					"retransmits":	2190,
					"snd_cwnd":	4164448,
					"snd_wnd":	55439360,
					"rtt":	89604,
					"rttvar":	777,
					"pmtu":	1500,
					"omitted":	false,
					"sender":	true
				}],
			"sum":	{
				"start":	1.001042,
				"end":	2.000999,
				"seconds":	0.999957025051117,
				"bytes":	5505024,
				"bits_per_second":	44042084.706338957,
				"retransmits":	2190,
				"omitted":	false,
				"sender":	true
			}
		}, {
			"streams":	[{
					"socket":	8,
					"start":	2.000999,
					"end":	3.001047,
					"seconds":	1.000048041343689,
					"bytes":	14811136,
					"bits_per_second":	118483395.8984562,
					"retransmits":	1049,
					"snd_cwnd":	2105392,
					"snd_wnd":	73850880,
					"rtt":	179119,
					"rttvar":	1045,
					"pmtu":	1500,
					"omitted":	false,
					"sender":	true
				}],
			"sum":	{
				"start":	2.000999,
				"end":	3.001047,
				"seconds":	1.000048041343689,
				"bytes":	14811136,
				"bits_per_second":	118483395.8984562,
				"retransmits":	1049,
				"omitted":	false,
				"sender":	true
			}
		}, {
			"streams":	[{
					"socket":	8,
					"start":	3.001047,
					"end":	4.001062,
					"seconds":	1.0000150203704834,
					"bytes":	11010048,
					"bits_per_second":	88079061.019871652,
					"retransmits":	715,
					"snd_cwnd":	1728912,
					"snd_wnd":	75018240,
					"rtt":	158702,
					"rttvar":	1762,
					"pmtu":	1500,
					"omitted":	false,
					"sender":	true
				}],
			"sum":	{
				"start":	3.001047,
				"end":	4.001062,
				"seconds":	1.0000150203704834,
				"bytes":	11010048,
				"bits_per_second":	88079061.019871652,
				"retransmits":	715,
				"omitted":	false,
				"sender":	true
			}
		}, {
			"streams":	[{
					"socket":	8,
					"start":	4.001062,
					"end":	5.001061,
					"seconds":	0.99999898672103882,
					"bytes":	11534336,
					"bits_per_second":	92274781.500094742,
					"retransmits":	124,
					"snd_cwnd":	1540672,
					"snd_wnd":	75624448,
					"rtt":	130040,
					"rttvar":	173,
					"pmtu":	1500,
					"omitted":	false,
					"sender":	true
				}],
			"sum":	{
				"start":	4.001062,
				"end":	5.001061,
				"seconds":	0.99999898672103882,
				"bytes":	11534336,
				"bits_per_second":	92274781.500094742,
				"retransmits":	124,
				"omitted":	false,
				"sender":	true
			}
		}, {
			"streams":	[{
					"socket":	8,
					"start":	5.001061,
					"end":	6.001041,
					"seconds":	0.99997997283935547,
					"bytes":	14024704,
					"bits_per_second":	112199879.04500192,
					"retransmits":	0,
					"snd_cwnd":	1558048,
					"snd_wnd":	75624448,
					"rtt":	131193,
					"rttvar":	162,
					"pmtu":	1500,
					"omitted":	false,
					"sender":	true
				}],
			"sum":	{
				"start":	5.001061,
				"end":	6.001041,
				"seconds":	0.99997997283935547,
				"bytes":	14024704,
				"bits_per_second":	112199879.04500192,
				"retransmits":	0,
				"omitted":	false,
				"sender":	true
			}
		}, {
			"streams":	[{
					"socket":	8,
					"start":	6.001041,
					"end":	7.000587,
					"seconds":	0.999545991420746,
					"bytes":	12976128,
					"bits_per_second":	103856175.59472853,
					"retransmits":	0,
					"snd_cwnd":	1807104,
					"snd_wnd":	75624448,
					"rtt":	94258,
					"rttvar":	188,
					"pmtu":	1500,
					"omitted":	false,
					"sender":	true
				}],
			"sum":	{
				"start":	6.001041,
				"end":	7.000587,
				"seconds":	0.999545991420746,
				"bytes":	12976128,
				"bits_per_second":	103856175.59472853,
				"retransmits":	0,
				"omitted":	false,
				"sender":	true
			}
		}],
	"end":	{
		"streams":	[{
				"sender":	{
					"socket":	8,
					"start":	0,
					"end":	7.000918,
					"seconds":	7.000918,
					"bytes":	107479040,
					"bits_per_second":	122817081.98839065,
					"retransmits":	7542,
					"max_snd_cwnd":	5244656,
					"max_snd_wnd":	75624448,
					"max_rtt":	179119,
					"min_rtt":	89604,
					"mean_rtt":	127082,
					"sender":	true
				},
				"receiver":	{
					"socket":	8,
					"start":	0,
					"end":	7.112348,
					"seconds":	7.000918,
					"bytes":	98172928,
					"bits_per_second":	110425336.89296418,
					"sender":	true
				}
			}],
		"sum_sent":	{
			"start":	0,
			"end":	7.000918,
			"seconds":	7.000918,
			"bytes":	107479040,
			"bits_per_second":	122817081.98839065,
			"retransmits":	7542,
			"sender":	true
		},
		"sum_received":	{
			"start":	0,
			"end":	7.112348,
			"seconds":	7.112348,
			"bytes":	98172928,
			"bits_per_second":	110425336.89296418,
			"sender":	true
		},
		"cpu_utilization_percent":	{
			"host_total":	4.541972575153955,
			"host_user":	3.9587285622436728,
			"host_system":	0.583244012910283,
			"remote_total":	1.5060114338933488,
			"remote_user":	0.055537097867473857,
			"remote_system":	1.4505024560754283
		},
		"sender_tcp_congestion":	"bbr",
		"receiver_tcp_congestion":	"bbr"
	}
}
