{
	"start":	{
		"connected":	[{
				"socket":	8,
				"local_host":	"172.16.0.94",
				"local_port":	46668,
				"remote_host":	"172.17.0.94",
				"remote_port":	5201
			}],
		"version":	"iperf 3.16",
		"system_info":	"Linux h1 6.12.54-0b264c55b-l4steam-117 #1 SMP PREEMPT_DYNAMIC Fri Nov  7 18:07:57 UTC 2025 x86_64",
		"timestamp":	{
			"time":	"Sun, 22 Feb 2026 02:49:50 GMT",
			"timesecs":	1771728590
		},
		"connecting_to":	{
			"host":	"172.17.0.94",
			"port":	5201
		},
		"cookie":	"oqdhsuoczvix26g25dp7skgvwjxvo24n7qx5",
		"tcp_mss_default":	1448,
		"target_bitrate":	0,
		"fq_rate":	0,
		"sock_bufsize":	0,
		"sndbuf_actual":	1000000,
		"rcvbuf_actual":	1000000,
		"test_start":	{
			"protocol":	"TCP",
			"num_streams":	1,
			"blksize":	131072,
			"omit":	0,
			"duration":	0,
			"bytes":	107374182,
			"blocks":	0,
			"reverse":	0,
			"tos":	0,
			"target_bitrate":	0,
			"bidir":	0,
			"fqrate":	0
		}
	},
	"intervals":	[{
			"streams":	[{
					"socket":	8,
					"start":	0,
					"end":	1.00104,
					"seconds":	1.001039981842041,
					"bytes":	21495808,
					"bits_per_second":	171787807.7992048,
					"retransmits":	3151,
					"snd_cwnd":	4063088,
					"snd_wnd":	26951680,
					"rtt":	157663,
					"rttvar":	3521,
					"pmtu":	1500,
					"omitted":	false,
					"sender":	true
				}],
			"sum":	{
				"start":	0,
				"end":	1.00104,
				"seconds":	1.001039981842041,
				"bytes":	21495808,
				"bits_per_second":	171787807.7992048,
				"retransmits":	3151,
				"omitted":	false,
				"sender":	true
			}
		}, {
			"streams":	[{
					"socket":	8,
					"start":	1.00104,
					"end":	2.001059,
					"seconds":	1.0000189542770386,
					"bytes":	10223616,
					"bits_per_second":	81787377.7793833,
					"retransmits":	1770,
					"snd_cwnd":	2552824,
					"snd_wnd":	27369472,
					"rtt":	215406,
					"rttvar":	607,
					"pmtu":	1500,
					"omitted":	false,
					"sender":	true
				}],
			"sum":	{
				"start":	1.00104,
				"end":	2.001059,
				"seconds":	1.0000189542770386,
				"bytes":	10223616,
				"bits_per_second":	81787377.7793833,
				"retransmits":	1770,
				"omitted":	false,
				"sender":	true
			}
		}, {
			"streams":	[{
					"socket":	8,
					"start":	2.001059,
					"end":	3.00104,
					"seconds":	0.99998098611831665,
					"bytes":	17956864,
					"bits_per_second":	143657643.48943621,
					"retransmits":	714,
					"snd_cwnd":	1882400,
					"snd_wnd":	30048256,
					"rtt":	167109,
					"rttvar":	532,
					"pmtu":	1500,
					"omitted":	false,
					"sender":	true
				}],
			"sum":	{
				"start":	2.001059,
				"end":	3.00104,
				"seconds":	0.99998098611831665,
				"bytes":	17956864,
				"bits_per_second":	143657643.48943621,
				"retransmits":	714,
				"omitted":	false,
				"sender":	true
			}
		}, {
			"streams":	[{
					"socket":	8,
					"start":	3.00104,
					"end":	4.001033,
					"seconds":	0.99999302625656128,
					"bytes":	13369344,
					"bits_per_second":	106955497.88020158,
					"retransmits":	46,
					"snd_cwnd":	1937424,
					"snd_wnd":	30048256,
					"rtt":	168610,
					"rttvar":	188,
					"pmtu":	1500,
					"omitted":	false,
					"sender":	true
				}],
			"sum":	{
				"start":	3.00104,
				"end":	4.001033,
				"seconds":	0.99999302625656128,
				"bytes":	13369344,
				"bits_per_second":	106955497.88020158,
				"retransmits":	46,
				"omitted":	false,
				"sender":	true
			}
		}, {
			"streams":	[{
					"socket":	8,
					"start":	4.001033,
					"end":	5.001035,
					"seconds":	1.0000020265579224,
					"bytes":	11796480,
					"bits_per_second":	94371648.7503876,
					"retransmits":	0,
					"snd_cwnd":	1465376,
					"snd_wnd":	30040064,
					"rtt":	124783,
					"rttvar":	139,
					"pmtu":	1500,
					"omitted":	false,
					"sender":	true
				}],
			"sum":	{
				"start":	4.001033,
				"end":	5.001035,
				"seconds":	1.0000020265579224,
				"bytes":	11796480,
				"bits_per_second":	94371648.7503876,
				"retransmits":	0,
				"omitted":	false,
				"sender":	true
			}
		}, {
			"streams":	[{
					"socket":	8,
					"start":	5.001035,
					"end":	6.000693,
					"seconds":	0.99965798854827881,
					"bytes":	11665408,
					"bits_per_second":	93355192.544928,
					"retransmits":	0,
					"snd_cwnd":	1607280,
					"snd_wnd":	30048256,
					"rtt":	97821,
					"rttvar":	428,
					"pmtu":	1500,
					"omitted":	false,
					"sender":	true
				}],
			"sum":	{
				"start":	5.001035,
				"end":	6.000693,
				"seconds":	0.99965798854827881,
				"bytes":	11665408,
				"bits_per_second":	93355192.544928,
				"retransmits":	0,
				"omitted":	false,
				"sender":	true
			}
		}, {
			"streams":	[{
					"socket":	8,
					"start":	6.000693,
					"end":	7.000693,
					"seconds":	1,
					"bytes":	19922944,
					"bits_per_second":	159383552,
					"retransmits":	0,
					"snd_cwnd":	2290736,
					"snd_wnd":	30048256,
					"rtt":	61907,
					"rttvar":	211,
					"pmtu":	1500,
					"omitted":	false,
					"sender":	true
				}],
			"sum":	{
				"start":	6.000693,
				"end":	7.000693,
				"seconds":	1,
				"bytes":	19922944,
				"bits_per_second":	159383552,
				"retransmits":	0,
				"omitted":	false,
				"sender":	true
			}
		}, {
			"streams":	[{
					"socket":	8,
					"start":	7.000693,
					"end":	8.004678,
					"seconds":	1.0039850473403931,
					"bytes":	1048576,
					"bits_per_second":	8355311.6873820433,
					"retransmits":	0,
					"snd_cwnd":	3759008,
					"snd_wnd":	30048256,
					"rtt":	61277,
					"rttvar":	257,
					"pmtu":	1500,
					"omitted":	false,
					"sender":	true
				}],
			"sum":	{
				"start":	7.000693,
				"end":	8.004678,
				"seconds":	1.0039850473403931,
				"bytes":	1048576,
				"bits_per_second":	8355311.6873820433,
				"retransmits":	0,
				"omitted":	false,
				"sender":	true
			}
		}],
	"end":	{
		"streams":	[{
				"sender":	{
					"socket":	8,
					"start":	0,
					"end":	8.008737,
					"seconds":	8.008737,
					"bytes":	107479040,
					"bits_per_second":	107361787.50781803,
					"retransmits":	5681,
					"max_snd_cwnd":	4063088,
					"max_snd_wnd":	30048256,
					"max_rtt":	215406,
					"min_rtt":	61277,
					"mean_rtt":	123983,
					"sender":	true
				},
				"receiver":	{
					"socket":	8,
					"start":	0,
					"end":	8.071459,
					"seconds":	8.008737,
					"bytes":	107479040,
					"bits_per_second":	106527496.45386292,
					"sender":	true
				}
			}],
		"sum_sent":	{
			"start":	0,
			"end":	8.008737,
			"seconds":	8.008737,
			"bytes":	107479040,
			"bits_per_second":	107361787.50781803,
			"retransmits":	5681,
			"sender":	true
		},
		"sum_received":	{
			"start":	0,
			"end":	8.071459,
			"seconds":	8.071459,
			"bytes":	107479040,
			"bits_per_second":	106527496.45386292,
			"sender":	true
		},
		"cpu_utilization_percent":	{
			"host_total":	6.6558713193394263,
			"host_user":	6.07108444916744,
			"host_system":	0.58477557954237269,
			"remote_total":	2.8592143475988241,
			"remote_user":	0.25168856825938923,
			"remote_system":	2.6075257793394346
		},
		"sender_tcp_congestion":	"bbr",
		"receiver_tcp_congestion":	"bbr"
	}
}
