{
	"start":	{
		"connected":	[{
				"socket":	8,
				"local_host":	"172.16.0.122",
				"local_port":	44610,
				"remote_host":	"172.17.0.122",
				"remote_port":	5201
			}],
		"version":	"iperf 3.16",
		"system_info":	"Linux h1 6.12.54-0b264c55b-l4steam-117 #1 SMP PREEMPT_DYNAMIC Fri Nov  7 18:07:57 UTC 2025 x86_64",
		"timestamp":	{
			"time":	"Sun, 22 Feb 2026 01:32:34 GMT",
			"timesecs":	1771723954
		},
		"connecting_to":	{
			"host":	"172.17.0.122",
			"port":	5201
		},
		"cookie":	"l5a47n5nljv5h75trk5jfjju4asceqtaaedj",
		"tcp_mss_default":	1448,
		"target_bitrate":	0,
		"fq_rate":	0,
		"sock_bufsize":	0,
		"sndbuf_actual":	1000000,
		"rcvbuf_actual":	1000000,
		"test_start":	{
			"protocol":	"TCP",
			"num_streams":	1,
			"blksize":	131072,
			"omit":	0,
			"duration":	0,
			"bytes":	107374182,
			"blocks":	0,
			"reverse":	0,
			"tos":	0,
			"target_bitrate":	0,
			"bidir":	0,
			"fqrate":	0
		}
	},
	"intervals":	[{
			"streams":	[{
					"socket":	8,
					"start":	0,
					"end":	1.001038,
					"seconds":	1.0010379552841187,
					"bytes":	16121856,
					"bits_per_second":	128841116.68212804,
					"retransmits":	0,
					"snd_cwnd":	144800000,
					"snd_wnd":	622592,
					"rtt":	601371,
					"rttvar":	3244,
					"pmtu":	1500,
					"omitted":	false,
					"sender":	true
				}],
			"sum":	{
				"start":	0,
				"end":	1.001038,
				"seconds":	1.0010379552841187,
				"bytes":	16121856,
				"bits_per_second":	128841116.68212804,
				"retransmits":	0,
				"omitted":	false,
				"sender":	true
			}
		}, {
			"streams":	[{
					"socket":	8,
					"start":	1.001038,
					"end":	2.001035,
					"seconds":	0.99999701976776123,
					"bytes":	0,
					"bits_per_second":	0,
					"retransmits":	0,
					"snd_cwnd":	144800000,
					"snd_wnd":	5672960,
					"rtt":	603368,
					"rttvar":	238,
					"pmtu":	1500,
					"omitted":	false,
					"sender":	true
				}],
			"sum":	{
				"start":	1.001038,
				"end":	2.001035,
				"seconds":	0.99999701976776123,
				"bytes":	0,
				"bits_per_second":	0,
				"retransmits":	0,
				"omitted":	false,
				"sender":	true
			}
		}, {
			"streams":	[{
					"socket":	8,
					"start":	2.001035,
					"end":	3.001029,
					"seconds":	0.99999397993087769,
					"bytes":	0,
					"bits_per_second":	0,
					"retransmits":	0,
					"snd_cwnd":	144800000,
					"snd_wnd":	17018880,
					"rtt":	701740,
					"rttvar":	319,
					"pmtu":	1500,
					"omitted":	false,
					"sender":	true
				}],
			"sum":	{
				"start":	2.001035,
				"end":	3.001029,
				"seconds":	0.99999397993087769,
				"bytes":	0,
				"bits_per_second":	0,
				"retransmits":	0,
				"omitted":	false,
				"sender":	true
			}
		}, {
			"streams":	[{
					"socket":	8,
					"start":	3.001029,
					"end":	4.001055,
					"seconds":	1.0000259876251221,
					"bytes":	5898240,
					"bits_per_second":	47184693.7818665,
					"retransmits":	0,
					"snd_cwnd":	144800000,
					"snd_wnd":	31924224,
					"rtt":	924163,
					"rttvar":	372,
					"pmtu":	1500,
					"omitted":	false,
					"sender":	true
				}],
			"sum":	{
				"start":	3.001029,
				"end":	4.001055,
				"seconds":	1.0000259876251221,
				"bytes":	5898240,
				"bits_per_second":	47184693.7818665,
				"retransmits":	0,
				"omitted":	false,
				"sender":	true
			}
		}, {
			"streams":	[{
					"socket":	8,
					"start":	4.001055,
					"end":	5.001043,
					"seconds":	0.9999880194664,
					"bytes":	7995392,
					"bits_per_second":	63963902.321680941,
					"retransmits":	0,
					"snd_cwnd":	144800000,
					"snd_wnd":	43765760,
					"rtt":	1021784,
					"rttvar":	3338,
					"pmtu":	1500,
					"omitted":	false,
					"sender":	true
				}],
			"sum":	{
				"start":	4.001055,
				"end":	5.001043,
				"seconds":	0.9999880194664,
				"bytes":	7995392,
				"bits_per_second":	63963902.321680941,
				"retransmits":	0,
				"omitted":	false,
				"sender":	true
			}
		}, {
			"streams":	[{
					"socket":	8,
					"start":	5.001043,
					"end":	6.003026,
					"seconds":	1.0019830465316772,
					"bytes":	0,
					"bits_per_second":	0,
					"retransmits":	891,
					"snd_cwnd":	144458272,
					"snd_wnd":	57331712,
					"rtt":	1002314,
					"rttvar":	193,
					"pmtu":	1500,
					"omitted":	false,
					"sender":	true
				}],
			"sum":	{
				"start":	5.001043,
				"end":	6.003026,
				"seconds":	1.0019830465316772,
				"bytes":	0,
				"bits_per_second":	0,
				"retransmits":	891,
				"omitted":	false,
				"sender":	true
			}
		}, {
			"streams":	[{
					"socket":	8,
					"start":	6.003026,
					"end":	7.000217,
					"seconds":	0.99719101190567,
					"bytes":	77463552,
					"bits_per_second":	621454073.0924896,
					"retransmits":	415,
					"snd_cwnd":	144065864,
					"snd_wnd":	66490368,
					"rtt":	646242,
					"rttvar":	5031,
					"pmtu":	1500,
					"omitted":	false,
					"sender":	true
				}],
			"sum":	{
				"start":	6.003026,
				"end":	7.000217,
				"seconds":	0.99719101190567,
				"bytes":	77463552,
				"bits_per_second":	621454073.0924896,
				"retransmits":	415,
				"omitted":	false,
				"sender":	true
			}
		}],
	"end":	{
		"streams":	[{
				"sender":	{
					"socket":	8,
					"start":	0,
					"end":	7.002587,
					"seconds":	7.002587,
					"bytes":	107479040,
					"bits_per_second":	122787809.70518467,
					"retransmits":	1306,
					"max_snd_cwnd":	144800000,
					"max_snd_wnd":	66490368,
					"max_rtt":	1021784,
					"min_rtt":	601371,
					"mean_rtt":	768523,
					"sender":	true
				},
				"receiver":	{
					"socket":	8,
					"start":	0,
					"end":	7.589338,
					"seconds":	7.002587,
					"bytes":	52559872,
					"bits_per_second":	55403906.902024925,
					"sender":	true
				}
			}],
		"sum_sent":	{
			"start":	0,
			"end":	7.002587,
			"seconds":	7.002587,
			"bytes":	107479040,
			"bits_per_second":	122787809.70518467,
			"retransmits":	1306,
			"sender":	true
		},
		"sum_received":	{
			"start":	0,
			"end":	7.589338,
			"seconds":	7.589338,
			"bytes":	52559872,
			"bits_per_second":	55403906.902024925,
			"sender":	true
		},
		"cpu_utilization_percent":	{
			"host_total":	8.39389963952048,
			"host_user":	6.8619065770339214,
			"host_system":	1.531993062486559,
			"remote_total":	0.40979761655666175,
			"remote_user":	0,
			"remote_system":	0.40986349829946045
		},
		"sender_tcp_congestion":	"prague",
		"receiver_tcp_congestion":	"prague"
	}
}
