{
	"start":	{
		"connected":	[{
				"socket":	8,
				"local_host":	"172.16.0.120",
				"local_port":	42966,
				"remote_host":	"172.17.0.120",
				"remote_port":	5201
			}],
		"version":	"iperf 3.16",
		"system_info":	"Linux h1 6.12.54-0b264c55b-l4steam-117 #1 SMP PREEMPT_DYNAMIC Fri Nov  7 18:07:57 UTC 2025 x86_64",
		"timestamp":	{
			"time":	"Sun, 22 Feb 2026 01:32:34 GMT",
			"timesecs":	1771723954
		},
		"connecting_to":	{
			"host":	"172.17.0.120",
			"port":	5201
		},
		"cookie":	"bi5vzuw7eie4qxm2anqtht4gclgt3tveqjzt",
		"tcp_mss_default":	1448,
		"target_bitrate":	0,
		"fq_rate":	0,
		"sock_bufsize":	0,
		"sndbuf_actual":	1000000,
		"rcvbuf_actual":	1000000,
		"test_start":	{
			"protocol":	"TCP",
			"num_streams":	1,
			"blksize":	131072,
			"omit":	0,
			"duration":	0,
			"bytes":	107374182,
			"blocks":	0,
			"reverse":	0,
			"tos":	0,
			"target_bitrate":	0,
			"bidir":	0,
			"fqrate":	0
		}
	},
	"intervals":	[{
			"streams":	[{
					"socket":	8,
					"start":	0,
					"end":	1.00237,
					"seconds":	1.0023699998855591,
					"bytes":	16121856,
					"bits_per_second":	128669900.35089348,
					"retransmits":	0,
					"snd_cwnd":	144800000,
					"snd_wnd":	704512,
					"rtt":	593621,
					"rttvar":	11894,
					"pmtu":	1500,
					"omitted":	false,
					"sender":	true
				}],
			"sum":	{
				"start":	0,
				"end":	1.00237,
				"seconds":	1.0023699998855591,
				"bytes":	16121856,
				"bits_per_second":	128669900.35089348,
				"retransmits":	0,
				"omitted":	false,
				"sender":	true
			}
		}, {
			"streams":	[{
					"socket":	8,
					"start":	1.00237,
					"end":	2.00102,
					"seconds":	0.99865001440048218,
					"bytes":	0,
					"bits_per_second":	0,
					"retransmits":	0,
					"snd_cwnd":	144800000,
					"snd_wnd":	6291456,
					"rtt":	577406,
					"rttvar":	528,
					"pmtu":	1500,
					"omitted":	false,
					"sender":	true
				}],
			"sum":	{
				"start":	1.00237,
				"end":	2.00102,
				"seconds":	0.99865001440048218,
				"bytes":	0,
				"bits_per_second":	0,
				"retransmits":	0,
				"omitted":	false,
				"sender":	true
			}
		}, {
			"streams":	[{
					"socket":	8,
					"start":	2.00102,
					"end":	3.001024,
					"seconds":	1.0000040531158447,
					"bytes":	91357184,
					"bits_per_second":	730854509.76200628,
					"retransmits":	0,
					"snd_cwnd":	144800000,
					"snd_wnd":	18874368,
					"rtt":	709559,
					"rttvar":	527,
					"pmtu":	1500,
					"omitted":	false,
					"sender":	true
				}],
			"sum":	{
				"start":	2.00102,
				"end":	3.001024,
				"seconds":	1.0000040531158447,
				"bytes":	91357184,
				"bits_per_second":	730854509.76200628,
				"retransmits":	0,
				"omitted":	false,
				"sender":	true
			}
		}],
	"end":	{
		"streams":	[{
				"sender":	{
					"socket":	8,
					"start":	0,
					"end":	3.001474,
					"seconds":	3.001474,
					"bytes":	107479040,
					"bits_per_second":	286470021.06298441,
					"retransmits":	0,
					"max_snd_cwnd":	144800000,
					"max_snd_wnd":	18874368,
					"max_rtt":	709559,
					"min_rtt":	577406,
					"mean_rtt":	647536,
					"sender":	true
				},
				"receiver":	{
					"socket":	8,
					"start":	0,
					"end":	3.933285,
					"seconds":	3.001474,
					"bytes":	28442624,
					"bits_per_second":	57850115.615827478,
					"sender":	true
				}
			}],
		"sum_sent":	{
			"start":	0,
			"end":	3.001474,
			"seconds":	3.001474,
			"bytes":	107479040,
			"bits_per_second":	286470021.06298441,
			"retransmits":	0,
			"sender":	true
		},
		"sum_received":	{
			"start":	0,
			"end":	3.933285,
			"seconds":	3.933285,
			"bytes":	28442624,
			"bits_per_second":	57850115.615827478,
			"sender":	true
		},
		"cpu_utilization_percent":	{
			"host_total":	9.7803225886333855,
			"host_user":	7.9840036196679263,
			"host_system":	1.7962979829501218,
			"remote_total":	0.66453037954859329,
			"remote_user":	0,
			"remote_system":	0.664555803467009
		},
		"sender_tcp_congestion":	"prague",
		"receiver_tcp_congestion":	"prague"
	}
}
