{
	"start":	{
		"connected":	[{
				"socket":	8,
				"local_host":	"172.16.0.49",
				"local_port":	54280,
				"remote_host":	"172.17.0.49",
				"remote_port":	5201
			}],
		"version":	"iperf 3.16",
		"system_info":	"Linux h1 6.12.54-0b264c55b-l4steam-117 #1 SMP PREEMPT_DYNAMIC Fri Nov  7 18:07:57 UTC 2025 x86_64",
		"timestamp":	{
			"time":	"Sun, 22 Feb 2026 01:32:33 GMT",
			"timesecs":	1771723953
		},
		"connecting_to":	{
			"host":	"172.17.0.49",
			"port":	5201
		},
		"cookie":	"2kaip6xjayxttetrzvcvdp2n5ia2vlmiggqd",
		"tcp_mss_default":	1448,
		"target_bitrate":	0,
		"fq_rate":	0,
		"sock_bufsize":	0,
		"sndbuf_actual":	1000000,
		"rcvbuf_actual":	1000000,
		"test_start":	{
			"protocol":	"TCP",
			"num_streams":	1,
			"blksize":	131072,
			"omit":	0,
			"duration":	0,
			"bytes":	107374182,
			"blocks":	0,
			"reverse":	0,
			"tos":	0,
			"target_bitrate":	0,
			"bidir":	0,
			"fqrate":	0
		}
	},
	"intervals":	[{
			"streams":	[{
					"socket":	8,
					"start":	0,
					"end":	1.000522,
					"seconds":	1.0005220174789429,
					"bytes":	23724032,
					"bits_per_second":	189693232.81683242,
					"retransmits":	1,
					"snd_cwnd":	144800000,
					"snd_wnd":	4583424,
					"rtt":	375627,
					"rttvar":	43909,
					"pmtu":	1500,
					"omitted":	false,
					"sender":	true
				}],
			"sum":	{
				"start":	0,
				"end":	1.000522,
				"seconds":	1.0005220174789429,
				"bytes":	23724032,
				"bits_per_second":	189693232.81683242,
				"retransmits":	1,
				"omitted":	false,
				"sender":	true
			}
		}, {
			"streams":	[{
					"socket":	8,
					"start":	1.000522,
					"end":	2.000563,
					"seconds":	1.0000410079956055,
					"bytes":	5505024,
					"bits_per_second":	44038386.0740574,
					"retransmits":	102,
					"snd_cwnd":	144688504,
					"snd_wnd":	39763968,
					"rtt":	605431,
					"rttvar":	381,
					"pmtu":	1500,
					"omitted":	false,
					"sender":	true
				}],
			"sum":	{
				"start":	1.000522,
				"end":	2.000563,
				"seconds":	1.0000410079956055,
				"bytes":	5505024,
				"bits_per_second":	44038386.0740574,
				"retransmits":	102,
				"omitted":	false,
				"sender":	true
			}
		}, {
			"streams":	[{
					"socket":	8,
					"start":	2.000563,
					"end":	3.001042,
					"seconds":	1.000478982925415,
					"bytes":	12058624,
					"bits_per_second":	96422807.1217681,
					"retransmits":	545,
					"snd_cwnd":	144136816,
					"snd_wnd":	61153280,
					"rtt":	580731,
					"rttvar":	144,
					"pmtu":	1500,
					"omitted":	false,
					"sender":	true
				}],
			"sum":	{
				"start":	2.000563,
				"end":	3.001042,
				"seconds":	1.000478982925415,
				"bytes":	12058624,
				"bits_per_second":	96422807.1217681,
				"retransmits":	545,
				"omitted":	false,
				"sender":	true
			}
		}, {
			"streams":	[{
					"socket":	8,
					"start":	3.001042,
					"end":	4.020541,
					"seconds":	1.0194989442825317,
					"bytes":	6422528,
					"bits_per_second":	50397525.45909562,
					"retransmits":	25,
					"snd_cwnd":	143881968,
					"snd_wnd":	71348224,
					"rtt":	559383,
					"rttvar":	1074,
					"pmtu":	1500,
					"omitted":	false,
					"sender":	true
				}],
			"sum":	{
				"start":	3.001042,
				"end":	4.020541,
				"seconds":	1.0194989442825317,
				"bytes":	6422528,
				"bits_per_second":	50397525.45909562,
				"retransmits":	25,
				"omitted":	false,
				"sender":	true
			}
		}, {
			"streams":	[{
					"socket":	8,
					"start":	4.020541,
					"end":	5.000527,
					"seconds":	0.979986011981964,
					"bytes":	18874368,
					"bits_per_second":	154078672.70944163,
					"retransmits":	0,
					"snd_cwnd":	143178240,
					"snd_wnd":	80134144,
					"rtt":	680636,
					"rttvar":	492,
					"pmtu":	1500,
					"omitted":	false,
					"sender":	true
				}],
			"sum":	{
				"start":	4.020541,
				"end":	5.000527,
				"seconds":	0.979986011981964,
				"bytes":	18874368,
				"bits_per_second":	154078672.70944163,
				"retransmits":	0,
				"omitted":	false,
				"sender":	true
			}
		}, {
			"streams":	[{
					"socket":	8,
					"start":	5.000527,
					"end":	6.00105,
					"seconds":	1.0005229711532593,
					"bytes":	8650752,
					"bits_per_second":	69169842.1678707,
					"retransmits":	36,
					"snd_cwnd":	142726464,
					"snd_wnd":	80162816,
					"rtt":	943590,
					"rttvar":	1346,
					"pmtu":	1500,
					"omitted":	false,
					"sender":	true
				}],
			"sum":	{
				"start":	5.000527,
				"end":	6.00105,
				"seconds":	1.0005229711532593,
				"bytes":	8650752,
				"bits_per_second":	69169842.1678707,
				"retransmits":	36,
				"omitted":	false,
				"sender":	true
			}
		}, {
			"streams":	[{
					"socket":	8,
					"start":	6.00105,
					"end":	7.000722,
					"seconds":	0.999671995639801,
					"bytes":	11403264,
					"bits_per_second":	91256044.3804513,
					"retransmits":	0,
					"snd_cwnd":	142322472,
					"snd_wnd":	80105472,
					"rtt":	949693,
					"rttvar":	1217,
					"pmtu":	1500,
					"omitted":	false,
					"sender":	true
				}],
			"sum":	{
				"start":	6.00105,
				"end":	7.000722,
				"seconds":	0.999671995639801,
				"bytes":	11403264,
				"bits_per_second":	91256044.3804513,
				"retransmits":	0,
				"omitted":	false,
				"sender":	true
			}
		}, {
			"streams":	[{
					"socket":	8,
					"start":	7.000722,
					"end":	8.000528,
					"seconds":	0.999805986881256,
					"bytes":	20840448,
					"bits_per_second":	166755936.83937526,
					"retransmits":	616,
					"snd_cwnd":	142024184,
					"snd_wnd":	80162816,
					"rtt":	981513,
					"rttvar":	1395,
					"pmtu":	1500,
					"omitted":	false,
					"sender":	true
				}],
			"sum":	{
				"start":	7.000722,
				"end":	8.000528,
				"seconds":	0.999805986881256,
				"bytes":	20840448,
				"bits_per_second":	166755936.83937526,
				"retransmits":	616,
				"omitted":	false,
				"sender":	true
			}
		}],
	"end":	{
		"streams":	[{
				"sender":	{
					"socket":	8,
					"start":	0,
					"end":	8.001098,
					"seconds":	8.001098,
					"bytes":	107479040,
					"bits_per_second":	107464290.52612528,
					"retransmits":	1325,
					"max_snd_cwnd":	144800000,
					"max_snd_wnd":	80162816,
					"max_rtt":	981513,
					"min_rtt":	375627,
					"mean_rtt":	739790,
					"sender":	true
				},
				"receiver":	{
					"socket":	8,
					"start":	0,
					"end":	8.699415,
					"seconds":	8.001098,
					"bytes":	81264640,
					"bits_per_second":	74731130.77143693,
					"sender":	true
				}
			}],
		"sum_sent":	{
			"start":	0,
			"end":	8.001098,
			"seconds":	8.001098,
			"bytes":	107479040,
			"bits_per_second":	107464290.52612528,
			"retransmits":	1325,
			"sender":	true
		},
		"sum_received":	{
			"start":	0,
			"end":	8.699415,
			"seconds":	8.699415,
			"bytes":	81264640,
			"bits_per_second":	74731130.77143693,
			"sender":	true
		},
		"cpu_utilization_percent":	{
			"host_total":	2.771744908889346,
			"host_user":	0.831123859271763,
			"host_system":	1.9406330500198368,
			"remote_total":	0.90584189453528,
			"remote_user":	0,
			"remote_system":	0.90586488457105374
		},
		"sender_tcp_congestion":	"prague",
		"receiver_tcp_congestion":	"prague"
	}
}
