{
	"start":	{
		"connected":	[{
				"socket":	8,
				"local_host":	"172.16.0.57",
				"local_port":	54254,
				"remote_host":	"172.17.0.57",
				"remote_port":	5201
			}],
		"version":	"iperf 3.16",
		"system_info":	"Linux h1 6.12.54-0b264c55b-l4steam-117 #1 SMP PREEMPT_DYNAMIC Fri Nov  7 18:07:57 UTC 2025 x86_64",
		"timestamp":	{
			"time":	"Sun, 22 Feb 2026 01:32:33 GMT",
			"timesecs":	1771723953
		},
		"connecting_to":	{
			"host":	"172.17.0.57",
			"port":	5201
		},
		"cookie":	"u5bnhipp6rk4pqsd7toagx5bqnzrroq6vlsv",
		"tcp_mss_default":	1448,
		"target_bitrate":	0,
		"fq_rate":	0,
		"sock_bufsize":	0,
		"sndbuf_actual":	1000000,
		"rcvbuf_actual":	1000000,
		"test_start":	{
			"protocol":	"TCP",
			"num_streams":	1,
			"blksize":	131072,
			"omit":	0,
			"duration":	0,
			"bytes":	107374182,
			"blocks":	0,
			"reverse":	0,
			"tos":	0,
			"target_bitrate":	0,
			"bidir":	0,
			"fqrate":	0
		}
	},
	"intervals":	[{
			"streams":	[{
					"socket":	8,
					"start":	0,
					"end":	1.000618,
					"seconds":	1.0006179809570312,
					"bytes":	19267584,
					"bits_per_second":	154045474.83003819,
					"retransmits":	0,
					"snd_cwnd":	144800000,
					"snd_wnd":	1826816,
					"rtt":	539900,
					"rttvar":	14967,
					"pmtu":	1500,
					"omitted":	false,
					"sender":	true
				}],
			"sum":	{
				"start":	0,
				"end":	1.000618,
				"seconds":	1.0006179809570312,
				"bytes":	19267584,
				"bits_per_second":	154045474.83003819,
				"retransmits":	0,
				"omitted":	false,
				"sender":	true
			}
		}, {
			"streams":	[{
					"socket":	8,
					"start":	1.000618,
					"end":	2.004617,
					"seconds":	1.0039989948272705,
					"bytes":	0,
					"bits_per_second":	0,
					"retransmits":	0,
					"snd_cwnd":	144800000,
					"snd_wnd":	5480448,
					"rtt":	603121,
					"rttvar":	240,
					"pmtu":	1500,
					"omitted":	false,
					"sender":	true
				}],
			"sum":	{
				"start":	1.000618,
				"end":	2.004617,
				"seconds":	1.0039989948272705,
				"bytes":	0,
				"bits_per_second":	0,
				"retransmits":	0,
				"omitted":	false,
				"sender":	true
			}
		}, {
			"streams":	[{
					"socket":	8,
					"start":	2.004617,
					"end":	3.001038,
					"seconds":	0.996420979499817,
					"bytes":	4849664,
					"bits_per_second":	38936667.1298666,
					"retransmits":	199,
					"snd_cwnd":	144036904,
					"snd_wnd":	37994496,
					"rtt":	557491,
					"rttvar":	298,
					"pmtu":	1500,
					"omitted":	false,
					"sender":	true
				}],
			"sum":	{
				"start":	2.004617,
				"end":	3.001038,
				"seconds":	0.996420979499817,
				"bytes":	4849664,
				"bits_per_second":	38936667.1298666,
				"retransmits":	199,
				"omitted":	false,
				"sender":	true
			}
		}, {
			"streams":	[{
					"socket":	8,
					"start":	3.001038,
					"end":	4.000625,
					"seconds":	0.99958699941635132,
					"bytes":	9699328,
					"bits_per_second":	77626683.865743265,
					"retransmits":	0,
					"snd_cwnd":	143779160,
					"snd_wnd":	47935488,
					"rtt":	595452,
					"rttvar":	165,
					"pmtu":	1500,
					"omitted":	false,
					"sender":	true
				}],
			"sum":	{
				"start":	3.001038,
				"end":	4.000625,
				"seconds":	0.99958699941635132,
				"bytes":	9699328,
				"bits_per_second":	77626683.865743265,
				"retransmits":	0,
				"omitted":	false,
				"sender":	true
			}
		}, {
			"streams":	[{
					"socket":	8,
					"start":	4.000625,
					"end":	5.000623,
					"seconds":	0.99999797344207764,
					"bytes":	11534336,
					"bits_per_second":	92274875.000378966,
					"retransmits":	0,
					"snd_cwnd":	142969728,
					"snd_wnd":	77553664,
					"rtt":	864900,
					"rttvar":	759,
					"pmtu":	1500,
					"omitted":	false,
					"sender":	true
				}],
			"sum":	{
				"start":	4.000625,
				"end":	5.000623,
				"seconds":	0.99999797344207764,
				"bytes":	11534336,
				"bits_per_second":	92274875.000378966,
				"retransmits":	0,
				"omitted":	false,
				"sender":	true
			}
		}, {
			"streams":	[{
					"socket":	8,
					"start":	5.000623,
					"end":	6.000628,
					"seconds":	1.0000050067901611,
					"bytes":	9568256,
					"bits_per_second":	76545664.751918837,
					"retransmits":	0,
					"snd_cwnd":	142516504,
					"snd_wnd":	90497024,
					"rtt":	965988,
					"rttvar":	493,
					"pmtu":	1500,
					"omitted":	false,
					"sender":	true
				}],
			"sum":	{
				"start":	5.000623,
				"end":	6.000628,
				"seconds":	1.0000050067901611,
				"bytes":	9568256,
				"bits_per_second":	76545664.751918837,
				"retransmits":	0,
				"omitted":	false,
				"sender":	true
			}
		}, {
			"streams":	[{
					"socket":	8,
					"start":	6.000628,
					"end":	7.000628,
					"seconds":	1,
					"bytes":	52559872,
					"bits_per_second":	420478976,
					"retransmits":	0,
					"snd_cwnd":	141369688,
					"snd_wnd":	120918016,
					"rtt":	942058,
					"rttvar":	1172,
					"pmtu":	1500,
					"omitted":	false,
					"sender":	true
				}],
			"sum":	{
				"start":	6.000628,
				"end":	7.000628,
				"seconds":	1,
				"bytes":	52559872,
				"bits_per_second":	420478976,
				"retransmits":	0,
				"omitted":	false,
				"sender":	true
			}
		}],
	"end":	{
		"streams":	[{
				"sender":	{
					"socket":	8,
					"start":	0,
					"end":	7.001097,
					"seconds":	7.001097,
					"bytes":	107479040,
					"bits_per_second":	122813941.87225232,
					"retransmits":	199,
					"max_snd_cwnd":	144800000,
					"max_snd_wnd":	120918016,
					"max_rtt":	965988,
					"min_rtt":	539900,
					"mean_rtt":	751371,
					"sender":	true
				},
				"receiver":	{
					"socket":	8,
					"start":	0,
					"end":	7.771477,
					"seconds":	7.001097,
					"bytes":	82706432,
					"bits_per_second":	85138443.5674197,
					"sender":	true
				}
			}],
		"sum_sent":	{
			"start":	0,
			"end":	7.001097,
			"seconds":	7.001097,
			"bytes":	107479040,
			"bits_per_second":	122813941.87225232,
			"retransmits":	199,
			"sender":	true
		},
		"sum_received":	{
			"start":	0,
			"end":	7.771477,
			"seconds":	7.771477,
			"bytes":	82706432,
			"bits_per_second":	85138443.5674197,
			"sender":	true
		},
		"cpu_utilization_percent":	{
			"host_total":	14.239126871205327,
			"host_user":	12.404478026990995,
			"host_system":	1.8346619059318614,
			"remote_total":	1.2121981053340785,
			"remote_user":	0,
			"remote_system":	1.2121723702831191
		},
		"sender_tcp_congestion":	"prague",
		"receiver_tcp_congestion":	"prague"
	}
}
