{
	"start":	{
		"connected":	[{
				"socket":	8,
				"local_host":	"172.16.0.66",
				"local_port":	58162,
				"remote_host":	"172.17.0.66",
				"remote_port":	5201
			}],
		"version":	"iperf 3.16",
		"system_info":	"Linux h1 6.12.54-0b264c55b-l4steam-117 #1 SMP PREEMPT_DYNAMIC Fri Nov  7 18:07:57 UTC 2025 x86_64",
		"timestamp":	{
			"time":	"Sun, 22 Feb 2026 01:32:33 GMT",
			"timesecs":	1771723953
		},
		"connecting_to":	{
			"host":	"172.17.0.66",
			"port":	5201
		},
		"cookie":	"mujdqea4dsvw4ilxlyh62qktyqeb6vy67oof",
		"tcp_mss_default":	1448,
		"target_bitrate":	0,
		"fq_rate":	0,
		"sock_bufsize":	0,
		"sndbuf_actual":	1000000,
		"rcvbuf_actual":	1000000,
		"test_start":	{
			"protocol":	"TCP",
			"num_streams":	1,
			"blksize":	131072,
			"omit":	0,
			"duration":	0,
			"bytes":	107374182,
			"blocks":	0,
			"reverse":	0,
			"tos":	0,
			"target_bitrate":	0,
			"bidir":	0,
			"fqrate":	0
		}
	},
	"intervals":	[{
			"streams":	[{
					"socket":	8,
					"start":	0,
					"end":	1.002659,
					"seconds":	1.00265896320343,
					"bytes":	16121856,
					"bits_per_second":	128632818.06999834,
					"retransmits":	0,
					"snd_cwnd":	144800000,
					"snd_wnd":	1437696,
					"rtt":	566938,
					"rttvar":	14352,
					"pmtu":	1500,
					"omitted":	false,
					"sender":	true
				}],
			"sum":	{
				"start":	0,
				"end":	1.002659,
				"seconds":	1.00265896320343,
				"bytes":	16121856,
				"bits_per_second":	128632818.06999834,
				"retransmits":	0,
				"omitted":	false,
				"sender":	true
			}
		}, {
			"streams":	[{
					"socket":	8,
					"start":	1.002659,
					"end":	2.001025,
					"seconds":	0.99836599826812744,
					"bytes":	0,
					"bits_per_second":	0,
					"retransmits":	0,
					"snd_cwnd":	144800000,
					"snd_wnd":	12935168,
					"rtt":	561259,
					"rttvar":	322,
					"pmtu":	1500,
					"omitted":	false,
					"sender":	true
				}],
			"sum":	{
				"start":	1.002659,
				"end":	2.001025,
				"seconds":	0.99836599826812744,
				"bytes":	0,
				"bits_per_second":	0,
				"retransmits":	0,
				"omitted":	false,
				"sender":	true
			}
		}, {
			"streams":	[{
					"socket":	8,
					"start":	2.001025,
					"end":	3.001029,
					"seconds":	1.0000040531158447,
					"bytes":	7995392,
					"bits_per_second":	63962876.751050763,
					"retransmits":	0,
					"snd_cwnd":	144800000,
					"snd_wnd":	32710656,
					"rtt":	604751,
					"rttvar":	534,
					"pmtu":	1500,
					"omitted":	false,
					"sender":	true
				}],
			"sum":	{
				"start":	2.001025,
				"end":	3.001029,
				"seconds":	1.0000040531158447,
				"bytes":	7995392,
				"bits_per_second":	63962876.751050763,
				"retransmits":	0,
				"omitted":	false,
				"sender":	true
			}
		}, {
			"streams":	[{
					"socket":	8,
					"start":	3.001029,
					"end":	4.000557,
					"seconds":	0.99952799081802368,
					"bytes":	16121856,
					"bits_per_second":	129035754.06071989,
					"retransmits":	0,
					"snd_cwnd":	144800000,
					"snd_wnd":	64872448,
					"rtt":	874178,
					"rttvar":	1033,
					"pmtu":	1500,
					"omitted":	false,
					"sender":	true
				}],
			"sum":	{
				"start":	3.001029,
				"end":	4.000557,
				"seconds":	0.99952799081802368,
				"bytes":	16121856,
				"bits_per_second":	129035754.06071989,
				"retransmits":	0,
				"omitted":	false,
				"sender":	true
			}
		}, {
			"streams":	[{
					"socket":	8,
					"start":	4.000557,
					"end":	5.001028,
					"seconds":	1.0004709959030151,
					"bytes":	21364736,
					"bits_per_second":	170837424.27308571,
					"retransmits":	0,
					"snd_cwnd":	144800000,
					"snd_wnd":	71544832,
					"rtt":	1023427,
					"rttvar":	612,
					"pmtu":	1500,
					"omitted":	false,
					"sender":	true
				}],
			"sum":	{
				"start":	4.000557,
				"end":	5.001028,
				"seconds":	1.0004709959030151,
				"bytes":	21364736,
				"bits_per_second":	170837424.27308571,
				"retransmits":	0,
				"omitted":	false,
				"sender":	true
			}
		}, {
			"streams":	[{
					"socket":	8,
					"start":	5.001028,
					"end":	6.001024,
					"seconds":	0.9999960064888,
					"bytes":	45088768,
					"bits_per_second":	360711584.50575268,
					"retransmits":	0,
					"snd_cwnd":	144800000,
					"snd_wnd":	71544832,
					"rtt":	965464,
					"rttvar":	533,
					"pmtu":	1500,
					"omitted":	false,
					"sender":	true
				}],
			"sum":	{
				"start":	5.001028,
				"end":	6.001024,
				"seconds":	0.9999960064888,
				"bytes":	45088768,
				"bits_per_second":	360711584.50575268,
				"retransmits":	0,
				"omitted":	false,
				"sender":	true
			}
		}],
	"end":	{
		"streams":	[{
				"sender":	{
					"socket":	8,
					"start":	0,
					"end":	6.001303,
					"seconds":	6.001303,
					"bytes":	107479040,
					"bits_per_second":	143274272.27053857,
					"retransmits":	0,
					"max_snd_cwnd":	144800000,
					"max_snd_wnd":	71544832,
					"max_rtt":	1023427,
					"min_rtt":	561259,
					"mean_rtt":	794530,
					"sender":	true
				},
				"receiver":	{
					"socket":	8,
					"start":	0,
					"end":	6.787011,
					"seconds":	6.001303,
					"bytes":	60817408,
					"bits_per_second":	71686824.1409952,
					"sender":	true
				}
			}],
		"sum_sent":	{
			"start":	0,
			"end":	6.001303,
			"seconds":	6.001303,
			"bytes":	107479040,
			"bits_per_second":	143274272.27053857,
			"retransmits":	0,
			"sender":	true
		},
		"sum_received":	{
			"start":	0,
			"end":	6.787011,
			"seconds":	6.787011,
			"bytes":	60817408,
			"bits_per_second":	71686824.1409952,
			"sender":	true
		},
		"cpu_utilization_percent":	{
			"host_total":	14.94509521454391,
			"host_user":	11.660925358568978,
			"host_system":	3.2841831332339755,
			"remote_total":	1.27892220514884,
			"remote_user":	0,
			"remote_system":	1.27892220514884
		},
		"sender_tcp_congestion":	"prague",
		"receiver_tcp_congestion":	"prague"
	}
}
