{
	"start":	{
		"connected":	[{
				"socket":	8,
				"local_host":	"172.16.0.69",
				"local_port":	36696,
				"remote_host":	"172.17.0.69",
				"remote_port":	5201
			}],
		"version":	"iperf 3.16",
		"system_info":	"Linux h1 6.12.54-0b264c55b-l4steam-117 #1 SMP PREEMPT_DYNAMIC Fri Nov  7 18:07:57 UTC 2025 x86_64",
		"timestamp":	{
			"time":	"Sun, 22 Feb 2026 01:32:33 GMT",
			"timesecs":	1771723953
		},
		"connecting_to":	{
			"host":	"172.17.0.69",
			"port":	5201
		},
		"cookie":	"47s3ffmh2zalzttte6coznwwbvzknbf6eo2d",
		"tcp_mss_default":	1448,
		"target_bitrate":	0,
		"fq_rate":	0,
		"sock_bufsize":	0,
		"sndbuf_actual":	1000000,
		"rcvbuf_actual":	1000000,
		"test_start":	{
			"protocol":	"TCP",
			"num_streams":	1,
			"blksize":	131072,
			"omit":	0,
			"duration":	0,
			"bytes":	107374182,
			"blocks":	0,
			"reverse":	0,
			"tos":	0,
			"target_bitrate":	0,
			"bidir":	0,
			"fqrate":	0
		}
	},
	"intervals":	[{
			"streams":	[{
					"socket":	8,
					"start":	0,
					"end":	1.002506,
					"seconds":	1.0025060176849365,
					"bytes":	17563648,
					"bits_per_second":	140157945.709368,
					"retransmits":	0,
					"snd_cwnd":	144800000,
					"snd_wnd":	1441792,
					"rtt":	491418,
					"rttvar":	61364,
					"pmtu":	1500,
					"omitted":	false,
					"sender":	true
				}],
			"sum":	{
				"start":	0,
				"end":	1.002506,
				"seconds":	1.0025060176849365,
				"bytes":	17563648,
				"bits_per_second":	140157945.709368,
				"retransmits":	0,
				"omitted":	false,
				"sender":	true
			}
		}, {
			"streams":	[{
					"socket":	8,
					"start":	1.002506,
					"end":	2.001054,
					"seconds":	0.99854797124862671,
					"bytes":	0,
					"bits_per_second":	0,
					"retransmits":	0,
					"snd_cwnd":	144800000,
					"snd_wnd":	12976128,
					"rtt":	600935,
					"rttvar":	447,
					"pmtu":	1500,
					"omitted":	false,
					"sender":	true
				}],
			"sum":	{
				"start":	1.002506,
				"end":	2.001054,
				"seconds":	0.99854797124862671,
				"bytes":	0,
				"bits_per_second":	0,
				"retransmits":	0,
				"omitted":	false,
				"sender":	true
			}
		}, {
			"streams":	[{
					"socket":	8,
					"start":	2.001054,
					"end":	3.002354,
					"seconds":	1.0012999773025513,
					"bytes":	17432576,
					"bits_per_second":	139279547.74921641,
					"retransmits":	0,
					"snd_cwnd":	144800000,
					"snd_wnd":	53288960,
					"rtt":	588613,
					"rttvar":	1434,
					"pmtu":	1500,
					"omitted":	false,
					"sender":	true
				}],
			"sum":	{
				"start":	2.001054,
				"end":	3.002354,
				"seconds":	1.0012999773025513,
				"bytes":	17432576,
				"bits_per_second":	139279547.74921641,
				"retransmits":	0,
				"omitted":	false,
				"sender":	true
			}
		}, {
			"streams":	[{
					"socket":	8,
					"start":	3.002354,
					"end":	4.001045,
					"seconds":	0.99869102239608765,
					"bytes":	8781824,
					"bits_per_second":	70346674.2210651,
					"retransmits":	0,
					"snd_cwnd":	144800000,
					"snd_wnd":	70561792,
					"rtt":	658491,
					"rttvar":	192,
					"pmtu":	1500,
					"omitted":	false,
					"sender":	true
				}],
			"sum":	{
				"start":	3.002354,
				"end":	4.001045,
				"seconds":	0.99869102239608765,
				"bytes":	8781824,
				"bits_per_second":	70346674.2210651,
				"retransmits":	0,
				"omitted":	false,
				"sender":	true
			}
		}, {
			"streams":	[{
					"socket":	8,
					"start":	4.001045,
					"end":	5.000162,
					"seconds":	0.99911701679229736,
					"bytes":	3801088,
					"bits_per_second":	30435578.104382891,
					"retransmits":	231,
					"snd_cwnd":	144704432,
					"snd_wnd":	85131264,
					"rtt":	759330,
					"rttvar":	1687,
					"pmtu":	1500,
					"omitted":	false,
					"sender":	true
				}],
			"sum":	{
				"start":	4.001045,
				"end":	5.000162,
				"seconds":	0.99911701679229736,
				"bytes":	3801088,
				"bits_per_second":	30435578.104382891,
				"retransmits":	231,
				"omitted":	false,
				"sender":	true
			}
		}, {
			"streams":	[{
					"socket":	8,
					"start":	5.000162,
					"end":	6.001571,
					"seconds":	1.00140905380249,
					"bytes":	59899904,
					"bits_per_second":	478524964.57907337,
					"retransmits":	0,
					"snd_cwnd":	144617552,
					"snd_wnd":	85262336,
					"rtt":	934177,
					"rttvar":	333,
					"pmtu":	1500,
					"omitted":	false,
					"sender":	true
				}],
			"sum":	{
				"start":	5.000162,
				"end":	6.001571,
				"seconds":	1.00140905380249,
				"bytes":	59899904,
				"bits_per_second":	478524964.57907337,
				"retransmits":	0,
				"omitted":	false,
				"sender":	true
			}
		}],
	"end":	{
		"streams":	[{
				"sender":	{
					"socket":	8,
					"start":	0,
					"end":	6.002044,
					"seconds":	6.002044,
					"bytes":	107479040,
					"bits_per_second":	143256583.92374331,
					"retransmits":	231,
					"max_snd_cwnd":	144800000,
					"max_snd_wnd":	85262336,
					"max_rtt":	934177,
					"min_rtt":	491418,
					"mean_rtt":	709591,
					"sender":	true
				},
				"receiver":	{
					"socket":	8,
					"start":	0,
					"end":	6.984264,
					"seconds":	6.002044,
					"bytes":	48889856,
					"bits_per_second":	56000009.1634566,
					"sender":	true
				}
			}],
		"sum_sent":	{
			"start":	0,
			"end":	6.002044,
			"seconds":	6.002044,
			"bytes":	107479040,
			"bits_per_second":	143256583.92374331,
			"retransmits":	231,
			"sender":	true
		},
		"sum_received":	{
			"start":	0,
			"end":	6.984264,
			"seconds":	6.984264,
			"bytes":	48889856,
			"bits_per_second":	56000009.1634566,
			"sender":	true
		},
		"cpu_utilization_percent":	{
			"host_total":	9.13858504631825,
			"host_user":	6.89662074132933,
			"host_system":	2.2419928978253574,
			"remote_total":	0.55669287122140831,
			"remote_user":	0,
			"remote_system":	0.556707189085435
		},
		"sender_tcp_congestion":	"prague",
		"receiver_tcp_congestion":	"prague"
	}
}
