{
	"start":	{
		"connected":	[{
				"socket":	8,
				"local_host":	"172.16.0.84",
				"local_port":	60158,
				"remote_host":	"172.17.0.84",
				"remote_port":	5201
			}],
		"version":	"iperf 3.16",
		"system_info":	"Linux h1 6.12.54-0b264c55b-l4steam-117 #1 SMP PREEMPT_DYNAMIC Fri Nov  7 18:07:57 UTC 2025 x86_64",
		"timestamp":	{
			"time":	"Sun, 22 Feb 2026 01:32:33 GMT",
			"timesecs":	1771723953
		},
		"connecting_to":	{
			"host":	"172.17.0.84",
			"port":	5201
		},
		"cookie":	"fhhjm2vdtfhrsrgcgc2r2jh5iffggwrqlwkc",
		"tcp_mss_default":	1448,
		"target_bitrate":	0,
		"fq_rate":	0,
		"sock_bufsize":	0,
		"sndbuf_actual":	1000000,
		"rcvbuf_actual":	1000000,
		"test_start":	{
			"protocol":	"TCP",
			"num_streams":	1,
			"blksize":	131072,
			"omit":	0,
			"duration":	0,
			"bytes":	107374182,
			"blocks":	0,
			"reverse":	0,
			"tos":	0,
			"target_bitrate":	0,
			"bidir":	0,
			"fqrate":	0
		}
	},
	"intervals":	[{
			"streams":	[{
					"socket":	8,
					"start":	0,
					"end":	1.001051,
					"seconds":	1.00105094909668,
					"bytes":	16121856,
					"bits_per_second":	128839444.30239369,
					"retransmits":	0,
					"snd_cwnd":	144800000,
					"snd_wnd":	655360,
					"rtt":	592953,
					"rttvar":	22033,
					"pmtu":	1500,
					"omitted":	false,
					"sender":	true
				}],
			"sum":	{
				"start":	0,
				"end":	1.001051,
				"seconds":	1.00105094909668,
				"bytes":	16121856,
				"bits_per_second":	128839444.30239369,
				"retransmits":	0,
				"omitted":	false,
				"sender":	true
			}
		}, {
			"streams":	[{
					"socket":	8,
					"start":	1.001051,
					"end":	2.002172,
					"seconds":	1.0011210441589355,
					"bytes":	0,
					"bits_per_second":	0,
					"retransmits":	0,
					"snd_cwnd":	144800000,
					"snd_wnd":	5869568,
					"rtt":	576492,
					"rttvar":	83,
					"pmtu":	1500,
					"omitted":	false,
					"sender":	true
				}],
			"sum":	{
				"start":	1.001051,
				"end":	2.002172,
				"seconds":	1.0011210441589355,
				"bytes":	0,
				"bits_per_second":	0,
				"retransmits":	0,
				"omitted":	false,
				"sender":	true
			}
		}, {
			"streams":	[{
					"socket":	8,
					"start":	2.002172,
					"end":	3.00095,
					"seconds":	0.998777985572815,
					"bytes":	5242880,
					"bits_per_second":	41994357.7109832,
					"retransmits":	0,
					"snd_cwnd":	144800000,
					"snd_wnd":	27598848,
					"rtt":	632602,
					"rttvar":	430,
					"pmtu":	1500,
					"omitted":	false,
					"sender":	true
				}],
			"sum":	{
				"start":	2.002172,
				"end":	3.00095,
				"seconds":	0.998777985572815,
				"bytes":	5242880,
				"bits_per_second":	41994357.7109832,
				"retransmits":	0,
				"omitted":	false,
				"sender":	true
			}
		}, {
			"streams":	[{
					"socket":	8,
					"start":	3.00095,
					"end":	4.000279,
					"seconds":	0.99932897090911865,
					"bytes":	7995392,
					"bits_per_second":	64006085.945663,
					"retransmits":	0,
					"snd_cwnd":	144800000,
					"snd_wnd":	43679744,
					"rtt":	696579,
					"rttvar":	224,
					"pmtu":	1500,
					"omitted":	false,
					"sender":	true
				}],
			"sum":	{
				"start":	3.00095,
				"end":	4.000279,
				"seconds":	0.99932897090911865,
				"bytes":	7995392,
				"bits_per_second":	64006085.945663,
				"retransmits":	0,
				"omitted":	false,
				"sender":	true
			}
		}, {
			"streams":	[{
					"socket":	8,
					"start":	4.000279,
					"end":	5.005808,
					"seconds":	1.0055290460586548,
					"bytes":	0,
					"bits_per_second":	0,
					"retransmits":	195,
					"snd_cwnd":	144485784,
					"snd_wnd":	59113472,
					"rtt":	924375,
					"rttvar":	483,
					"pmtu":	1500,
					"omitted":	false,
					"sender":	true
				}],
			"sum":	{
				"start":	4.000279,
				"end":	5.005808,
				"seconds":	1.0055290460586548,
				"bytes":	0,
				"bits_per_second":	0,
				"retransmits":	195,
				"omitted":	false,
				"sender":	true
			}
		}, {
			"streams":	[{
					"socket":	8,
					"start":	5.005808,
					"end":	6.0011,
					"seconds":	0.99529200792312622,
					"bytes":	2752512,
					"bits_per_second":	22124256.82584279,
					"retransmits":	0,
					"snd_cwnd":	144472752,
					"snd_wnd":	59543552,
					"rtt":	973373,
					"rttvar":	30925,
					"pmtu":	1500,
					"omitted":	false,
					"sender":	true
				}],
			"sum":	{
				"start":	5.005808,
				"end":	6.0011,
				"seconds":	0.99529200792312622,
				"bytes":	2752512,
				"bits_per_second":	22124256.82584279,
				"retransmits":	0,
				"omitted":	false,
				"sender":	true
			}
		}, {
			"streams":	[{
					"socket":	8,
					"start":	6.0011,
					"end":	7.001028,
					"seconds":	0.99992799758911133,
					"bytes":	0,
					"bits_per_second":	0,
					"retransmits":	171,
					"snd_cwnd":	144316368,
					"snd_wnd":	63774720,
					"rtt":	972807,
					"rttvar":	253,
					"pmtu":	1500,
					"omitted":	false,
					"sender":	true
				}],
			"sum":	{
				"start":	6.0011,
				"end":	7.001028,
				"seconds":	0.99992799758911133,
				"bytes":	0,
				"bits_per_second":	0,
				"retransmits":	171,
				"omitted":	false,
				"sender":	true
			}
		}, {
			"streams":	[{
					"socket":	8,
					"start":	7.001028,
					"end":	8.001208,
					"seconds":	1.0001800060272217,
					"bytes":	8126464,
					"bits_per_second":	65000011.606141418,
					"retransmits":	0,
					"snd_cwnd":	144170120,
					"snd_wnd":	67641344,
					"rtt":	653251,
					"rttvar":	421,
					"pmtu":	1500,
					"omitted":	false,
					"sender":	true
				}],
			"sum":	{
				"start":	7.001028,
				"end":	8.001208,
				"seconds":	1.0001800060272217,
				"bytes":	8126464,
				"bits_per_second":	65000011.606141418,
				"retransmits":	0,
				"omitted":	false,
				"sender":	true
			}
		}, {
			"streams":	[{
					"socket":	8,
					"start":	8.001208,
					"end":	9.001036,
					"seconds":	0.99982798099517822,
					"bytes":	66715648,
					"bits_per_second":	533817010.67093253,
					"retransmits":	4799,
					"snd_cwnd":	143638704,
					"snd_wnd":	69435392,
					"rtt":	698366,
					"rttvar":	1968,
					"pmtu":	1500,
					"omitted":	false,
					"sender":	true
				}],
			"sum":	{
				"start":	8.001208,
				"end":	9.001036,
				"seconds":	0.99982798099517822,
				"bytes":	66715648,
				"bits_per_second":	533817010.67093253,
				"retransmits":	4799,
				"omitted":	false,
				"sender":	true
			}
		}],
	"end":	{
		"streams":	[{
				"sender":	{
					"socket":	8,
					"start":	0,
					"end":	9.001449,
					"seconds":	9.001449,
					"bytes":	107479040,
					"bits_per_second":	95521545.475622877,
					"retransmits":	5165,
					"max_snd_cwnd":	144800000,
					"max_snd_wnd":	69435392,
					"max_rtt":	973373,
					"min_rtt":	576492,
					"mean_rtt":	741935,
					"sender":	true
				},
				"receiver":	{
					"socket":	8,
					"start":	0,
					"end":	9.485973,
					"seconds":	9.001449,
					"bytes":	51511296,
					"bits_per_second":	43442076.843355976,
					"sender":	true
				}
			}],
		"sum_sent":	{
			"start":	0,
			"end":	9.001449,
			"seconds":	9.001449,
			"bytes":	107479040,
			"bits_per_second":	95521545.475622877,
			"retransmits":	5165,
			"sender":	true
		},
		"sum_received":	{
			"start":	0,
			"end":	9.485973,
			"seconds":	9.485973,
			"bytes":	51511296,
			"bits_per_second":	43442076.843355976,
			"sender":	true
		},
		"cpu_utilization_percent":	{
			"host_total":	10.260669470618877,
			"host_user":	8.59683072379247,
			"host_system":	1.6638289774119415,
			"remote_total":	0.42946519833893881,
			"remote_user":	0,
			"remote_system":	0.42947574020786877
		},
		"sender_tcp_congestion":	"prague",
		"receiver_tcp_congestion":	"prague"
	}
}
