{
	"start":	{
		"connected":	[{
				"socket":	8,
				"local_host":	"172.16.0.85",
				"local_port":	41372,
				"remote_host":	"172.17.0.85",
				"remote_port":	5201
			}],
		"version":	"iperf 3.16",
		"system_info":	"Linux h1 6.12.54-0b264c55b-l4steam-117 #1 SMP PREEMPT_DYNAMIC Fri Nov  7 18:07:57 UTC 2025 x86_64",
		"timestamp":	{
			"time":	"Sun, 22 Feb 2026 01:32:33 GMT",
			"timesecs":	1771723953
		},
		"connecting_to":	{
			"host":	"172.17.0.85",
			"port":	5201
		},
		"cookie":	"itd2xqjdctruihvj3q3txjyhuipqsyd7byyz",
		"tcp_mss_default":	1448,
		"target_bitrate":	0,
		"fq_rate":	0,
		"sock_bufsize":	0,
		"sndbuf_actual":	1000000,
		"rcvbuf_actual":	1000000,
		"test_start":	{
			"protocol":	"TCP",
			"num_streams":	1,
			"blksize":	131072,
			"omit":	0,
			"duration":	0,
			"bytes":	107374182,
			"blocks":	0,
			"reverse":	0,
			"tos":	0,
			"target_bitrate":	0,
			"bidir":	0,
			"fqrate":	0
		}
	},
	"intervals":	[{
			"streams":	[{
					"socket":	8,
					"start":	0,
					"end":	1.001065,
					"seconds":	1.0010650157928467,
					"bytes":	19136512,
					"bits_per_second":	152929223.96129343,
					"retransmits":	0,
					"snd_cwnd":	144800000,
					"snd_wnd":	2088960,
					"rtt":	537427,
					"rttvar":	10965,
					"pmtu":	1500,
					"omitted":	false,
					"sender":	true
				}],
			"sum":	{
				"start":	0,
				"end":	1.001065,
				"seconds":	1.0010650157928467,
				"bytes":	19136512,
				"bits_per_second":	152929223.96129343,
				"retransmits":	0,
				"omitted":	false,
				"sender":	true
			}
		}, {
			"streams":	[{
					"socket":	8,
					"start":	1.001065,
					"end":	2.002588,
					"seconds":	1.0015230178833008,
					"bytes":	0,
					"bits_per_second":	0,
					"retransmits":	0,
					"snd_cwnd":	144800000,
					"snd_wnd":	6266880,
					"rtt":	600387,
					"rttvar":	690,
					"pmtu":	1500,
					"omitted":	false,
					"sender":	true
				}],
			"sum":	{
				"start":	1.001065,
				"end":	2.002588,
				"seconds":	1.0015230178833008,
				"bytes":	0,
				"bits_per_second":	0,
				"retransmits":	0,
				"omitted":	false,
				"sender":	true
			}
		}, {
			"streams":	[{
					"socket":	8,
					"start":	2.002588,
					"end":	3.001025,
					"seconds":	0.998436987400055,
					"bytes":	9568256,
					"bits_per_second":	76665877.732882336,
					"retransmits":	44,
					"snd_cwnd":	144116544,
					"snd_wnd":	37965824,
					"rtt":	555674,
					"rttvar":	368,
					"pmtu":	1500,
					"omitted":	false,
					"sender":	true
				}],
			"sum":	{
				"start":	2.002588,
				"end":	3.001025,
				"seconds":	0.998436987400055,
				"bytes":	9568256,
				"bits_per_second":	76665877.732882336,
				"retransmits":	44,
				"omitted":	false,
				"sender":	true
			}
		}, {
			"streams":	[{
					"socket":	8,
					"start":	3.001025,
					"end":	4.00104,
					"seconds":	1.0000150203704834,
					"bytes":	3407872,
					"bits_per_second":	27262566.506150749,
					"retransmits":	58,
					"snd_cwnd":	143530104,
					"snd_wnd":	57344000,
					"rtt":	623850,
					"rttvar":	32489,
					"pmtu":	1500,
					"omitted":	false,
					"sender":	true
				}],
			"sum":	{
				"start":	3.001025,
				"end":	4.00104,
				"seconds":	1.0000150203704834,
				"bytes":	3407872,
				"bits_per_second":	27262566.506150749,
				"retransmits":	58,
				"omitted":	false,
				"sender":	true
			}
		}, {
			"streams":	[{
					"socket":	8,
					"start":	4.00104,
					"end":	5.001026,
					"seconds":	0.99998599290847778,
					"bytes":	20709376,
					"bits_per_second":	165677328.65750566,
					"retransmits":	0,
					"snd_cwnd":	143123216,
					"snd_wnd":	76382208,
					"rtt":	792617,
					"rttvar":	1007,
					"pmtu":	1500,
					"omitted":	false,
					"sender":	true
				}],
			"sum":	{
				"start":	4.00104,
				"end":	5.001026,
				"seconds":	0.99998599290847778,
				"bytes":	20709376,
				"bits_per_second":	165677328.65750566,
				"retransmits":	0,
				"omitted":	false,
				"sender":	true
			}
		}, {
			"streams":	[{
					"socket":	8,
					"start":	5.001026,
					"end":	6.000221,
					"seconds":	0.99919497966766357,
					"bytes":	33685504,
					"bits_per_second":	269701146.90691453,
					"retransmits":	327,
					"snd_cwnd":	142229800,
					"snd_wnd":	109555712,
					"rtt":	991934,
					"rttvar":	1664,
					"pmtu":	1500,
					"omitted":	false,
					"sender":	true
				}],
			"sum":	{
				"start":	5.001026,
				"end":	6.000221,
				"seconds":	0.99919497966766357,
				"bytes":	33685504,
				"bits_per_second":	269701146.90691453,
				"retransmits":	327,
				"omitted":	false,
				"sender":	true
			}
		}],
	"end":	{
		"streams":	[{
				"sender":	{
					"socket":	8,
					"start":	0,
					"end":	6.00099,
					"seconds":	6.00099,
					"bytes":	107479040,
					"bits_per_second":	143281745.17871219,
					"retransmits":	429,
					"max_snd_cwnd":	144800000,
					"max_snd_wnd":	109813760,
					"max_rtt":	992649,
					"min_rtt":	537427,
					"mean_rtt":	727791,
					"sender":	true
				},
				"receiver":	{
					"socket":	8,
					"start":	0,
					"end":	6.932939,
					"seconds":	6.00099,
					"bytes":	43122688,
					"bits_per_second":	49759777.779668912,
					"sender":	true
				}
			}],
		"sum_sent":	{
			"start":	0,
			"end":	6.00099,
			"seconds":	6.00099,
			"bytes":	107479040,
			"bits_per_second":	143281745.17871219,
			"retransmits":	429,
			"sender":	true
		},
		"sum_received":	{
			"start":	0,
			"end":	6.932939,
			"seconds":	6.932939,
			"bytes":	43122688,
			"bits_per_second":	49759777.779668912,
			"sender":	true
		},
		"cpu_utilization_percent":	{
			"host_total":	17.806529820396072,
			"host_user":	13.991314618014336,
			"host_system":	3.8152454397511346,
			"remote_total":	0.38624256431137743,
			"remote_user":	0,
			"remote_system":	0.38624256431137743
		},
		"sender_tcp_congestion":	"prague",
		"receiver_tcp_congestion":	"prague"
	}
}
