{
	"start":	{
		"connected":	[{
				"socket":	8,
				"local_host":	"172.16.0.93",
				"local_port":	43640,
				"remote_host":	"172.17.0.93",
				"remote_port":	5201
			}],
		"version":	"iperf 3.16",
		"system_info":	"Linux h1 6.12.54-0b264c55b-l4steam-117 #1 SMP PREEMPT_DYNAMIC Fri Nov  7 18:07:57 UTC 2025 x86_64",
		"timestamp":	{
			"time":	"Sun, 22 Feb 2026 01:32:33 GMT",
			"timesecs":	1771723953
		},
		"connecting_to":	{
			"host":	"172.17.0.93",
			"port":	5201
		},
		"cookie":	"ecuhr2cfxxgonhfziwnrbhwoy6s4dqjpwc5a",
		"tcp_mss_default":	1448,
		"target_bitrate":	0,
		"fq_rate":	0,
		"sock_bufsize":	0,
		"sndbuf_actual":	1000000,
		"rcvbuf_actual":	1000000,
		"test_start":	{
			"protocol":	"TCP",
			"num_streams":	1,
			"blksize":	131072,
			"omit":	0,
			"duration":	0,
			"bytes":	107374182,
			"blocks":	0,
			"reverse":	0,
			"tos":	0,
			"target_bitrate":	0,
			"bidir":	0,
			"fqrate":	0
		}
	},
	"intervals":	[{
			"streams":	[{
					"socket":	8,
					"start":	0,
					"end":	1.001046,
					"seconds":	1.0010459423065186,
					"bytes":	19267584,
					"bits_per_second":	153979618.20297992,
					"retransmits":	0,
					"snd_cwnd":	144800000,
					"snd_wnd":	2068480,
					"rtt":	546867,
					"rttvar":	24021,
					"pmtu":	1500,
					"omitted":	false,
					"sender":	true
				}],
			"sum":	{
				"start":	0,
				"end":	1.001046,
				"seconds":	1.0010459423065186,
				"bytes":	19267584,
				"bits_per_second":	153979618.20297992,
				"retransmits":	0,
				"omitted":	false,
				"sender":	true
			}
		}, {
			"streams":	[{
					"socket":	8,
					"start":	1.001046,
					"end":	2.00104,
					"seconds":	0.99999397993087769,
					"bytes":	0,
					"bits_per_second":	0,
					"retransmits":	32,
					"snd_cwnd":	144789864,
					"snd_wnd":	6111232,
					"rtt":	582160,
					"rttvar":	109,
					"pmtu":	1500,
					"omitted":	false,
					"sender":	true
				}],
			"sum":	{
				"start":	1.001046,
				"end":	2.00104,
				"seconds":	0.99999397993087769,
				"bytes":	0,
				"bits_per_second":	0,
				"retransmits":	32,
				"omitted":	false,
				"sender":	true
			}
		}, {
			"streams":	[{
					"socket":	8,
					"start":	2.00104,
					"end":	3.00396,
					"seconds":	1.0029200315475464,
					"bytes":	9043968,
					"bits_per_second":	72141089.742078751,
					"retransmits":	121,
					"snd_cwnd":	144015184,
					"snd_wnd":	37363712,
					"rtt":	562223,
					"rttvar":	486,
					"pmtu":	1500,
					"omitted":	false,
					"sender":	true
				}],
			"sum":	{
				"start":	2.00104,
				"end":	3.00396,
				"seconds":	1.0029200315475464,
				"bytes":	9043968,
				"bits_per_second":	72141089.742078751,
				"retransmits":	121,
				"omitted":	false,
				"sender":	true
			}
		}, {
			"streams":	[{
					"socket":	8,
					"start":	3.00396,
					"end":	4.001039,
					"seconds":	0.99707901477813721,
					"bytes":	4063232,
					"bits_per_second":	32601083.282484856,
					"retransmits":	329,
					"snd_cwnd":	143415712,
					"snd_wnd":	56434688,
					"rtt":	634622,
					"rttvar":	17428,
					"pmtu":	1500,
					"omitted":	false,
					"sender":	true
				}],
			"sum":	{
				"start":	3.00396,
				"end":	4.001039,
				"seconds":	0.99707901477813721,
				"bytes":	4063232,
				"bits_per_second":	32601083.282484856,
				"retransmits":	329,
				"omitted":	false,
				"sender":	true
			}
		}, {
			"streams":	[{
					"socket":	8,
					"start":	4.001039,
					"end":	5.003954,
					"seconds":	1.0029150247573853,
					"bytes":	75104256,
					"bits_per_second":	599087692.54438829,
					"retransmits":	0,
					"snd_cwnd":	142816240,
					"snd_wnd":	75698176,
					"rtt":	865231,
					"rttvar":	2235,
					"pmtu":	1500,
					"omitted":	false,
					"sender":	true
				}],
			"sum":	{
				"start":	4.001039,
				"end":	5.003954,
				"seconds":	1.0029150247573853,
				"bytes":	75104256,
				"bits_per_second":	599087692.54438829,
				"retransmits":	0,
				"omitted":	false,
				"sender":	true
			}
		}],
	"end":	{
		"streams":	[{
				"sender":	{
					"socket":	8,
					"start":	0,
					"end":	5.00429,
					"seconds":	5.00429,
					"bytes":	107479040,
					"bits_per_second":	171819043.26088217,
					"retransmits":	482,
					"max_snd_cwnd":	144800000,
					"max_snd_wnd":	75698176,
					"max_rtt":	865231,
					"min_rtt":	546867,
					"mean_rtt":	676055,
					"sender":	true
				},
				"receiver":	{
					"socket":	8,
					"start":	0,
					"end":	6.031989,
					"seconds":	5.00429,
					"bytes":	73400320,
					"bits_per_second":	97348082.033969223,
					"sender":	true
				}
			}],
		"sum_sent":	{
			"start":	0,
			"end":	5.00429,
			"seconds":	5.00429,
			"bytes":	107479040,
			"bits_per_second":	171819043.26088217,
			"retransmits":	482,
			"sender":	true
		},
		"sum_received":	{
			"start":	0,
			"end":	6.031989,
			"seconds":	6.031989,
			"bytes":	73400320,
			"bits_per_second":	97348082.033969223,
			"sender":	true
		},
		"cpu_utilization_percent":	{
			"host_total":	4.3171240824910955,
			"host_user":	2.7900346375521625,
			"host_system":	1.5270718891598332,
			"remote_total":	1.3309343513257537,
			"remote_user":	0,
			"remote_system":	1.330917773084662
		},
		"sender_tcp_congestion":	"prague",
		"receiver_tcp_congestion":	"prague"
	}
}
