{
	"start":	{
		"connected":	[{
				"socket":	8,
				"local_host":	"172.16.0.109",
				"local_port":	40816,
				"remote_host":	"172.17.0.109",
				"remote_port":	5201
			}],
		"version":	"iperf 3.16",
		"system_info":	"Linux h1 6.12.54-0b264c55b-l4steam-117 #1 SMP PREEMPT_DYNAMIC Fri Nov  7 18:07:57 UTC 2025 x86_64",
		"timestamp":	{
			"time":	"Sun, 22 Feb 2026 01:29:33 GMT",
			"timesecs":	1771723773
		},
		"connecting_to":	{
			"host":	"172.17.0.109",
			"port":	5201
		},
		"cookie":	"kcbb6uyckcfhl2hiipkxllcvdykxbeiw7kak",
		"tcp_mss_default":	1448,
		"target_bitrate":	0,
		"fq_rate":	0,
		"sock_bufsize":	0,
		"sndbuf_actual":	1000000,
		"rcvbuf_actual":	1000000,
		"test_start":	{
			"protocol":	"TCP",
			"num_streams":	1,
			"blksize":	131072,
			"omit":	0,
			"duration":	0,
			"bytes":	107374182,
			"blocks":	0,
			"reverse":	0,
			"tos":	0,
			"target_bitrate":	0,
			"bidir":	0,
			"fqrate":	0
		}
	},
	"intervals":	[{
			"streams":	[{
					"socket":	8,
					"start":	0,
					"end":	1.001036,
					"seconds":	1.0010360479354858,
					"bytes":	16121856,
					"bits_per_second":	128841362.17271577,
					"retransmits":	92,
					"snd_cwnd":	2964056,
					"snd_wnd":	8716288,
					"rtt":	384532,
					"rttvar":	667,
					"pmtu":	1500,
					"omitted":	false,
					"sender":	true
				}],
			"sum":	{
				"start":	0,
				"end":	1.001036,
				"seconds":	1.0010360479354858,
				"bytes":	16121856,
				"bits_per_second":	128841362.17271577,
				"retransmits":	92,
				"omitted":	false,
				"sender":	true
			}
		}, {
			"streams":	[{
					"socket":	8,
					"start":	1.001036,
					"end":	2.001044,
					"seconds":	1.0000079870224,
					"bytes":	3538944,
					"bits_per_second":	28311325.876806051,
					"retransmits":	3,
					"snd_cwnd":	144801448,
					"snd_wnd":	11337728,
					"rtt":	520090,
					"rttvar":	277,
					"pmtu":	1500,
					"omitted":	false,
					"sender":	true
				}],
			"sum":	{
				"start":	1.001036,
				"end":	2.001044,
				"seconds":	1.0000079870224,
				"bytes":	3538944,
				"bits_per_second":	28311325.876806051,
				"retransmits":	3,
				"omitted":	false,
				"sender":	true
			}
		}, {
			"streams":	[{
					"socket":	8,
					"start":	2.001044,
					"end":	3.000799,
					"seconds":	0.999755024909973,
					"bytes":	7864320,
					"bits_per_second":	62929976.276603751,
					"retransmits":	476,
					"snd_cwnd":	144801448,
					"snd_wnd":	27275264,
					"rtt":	564084,
					"rttvar":	894,
					"pmtu":	1500,
					"omitted":	false,
					"sender":	true
				}],
			"sum":	{
				"start":	2.001044,
				"end":	3.000799,
				"seconds":	0.999755024909973,
				"bytes":	7864320,
				"bits_per_second":	62929976.276603751,
				"retransmits":	476,
				"omitted":	false,
				"sender":	true
			}
		}, {
			"streams":	[{
					"socket":	8,
					"start":	3.000799,
					"end":	4.000869,
					"seconds":	1.0000699758529663,
					"bytes":	0,
					"bits_per_second":	0,
					"retransmits":	732,
					"snd_cwnd":	4538032,
					"snd_wnd":	41197568,
					"rtt":	615241,
					"rttvar":	333,
					"pmtu":	1500,
					"omitted":	false,
					"sender":	true
				}],
			"sum":	{
				"start":	3.000799,
				"end":	4.000869,
				"seconds":	1.0000699758529663,
				"bytes":	0,
				"bits_per_second":	0,
				"retransmits":	732,
				"omitted":	false,
				"sender":	true
			}
		}, {
			"streams":	[{
					"socket":	8,
					"start":	4.000869,
					"end":	5.009502,
					"seconds":	1.008633017539978,
					"bytes":	11927552,
					"bits_per_second":	94603700.5934301,
					"retransmits":	73,
					"snd_cwnd":	5807928,
					"snd_wnd":	55083008,
					"rtt":	622346,
					"rttvar":	991,
					"pmtu":	1500,
					"omitted":	false,
					"sender":	true
				}],
			"sum":	{
				"start":	4.000869,
				"end":	5.009502,
				"seconds":	1.008633017539978,
				"bytes":	11927552,
				"bits_per_second":	94603700.5934301,
				"retransmits":	73,
				"omitted":	false,
				"sender":	true
			}
		}, {
			"streams":	[{
					"socket":	8,
					"start":	5.009502,
					"end":	6.001096,
					"seconds":	0.99159401655197144,
					"bytes":	0,
					"bits_per_second":	0,
					"retransmits":	994,
					"snd_cwnd":	6109112,
					"snd_wnd":	63746048,
					"rtt":	558259,
					"rttvar":	154,
					"pmtu":	1500,
					"omitted":	false,
					"sender":	true
				}],
			"sum":	{
				"start":	5.009502,
				"end":	6.001096,
				"seconds":	0.99159401655197144,
				"bytes":	0,
				"bits_per_second":	0,
				"retransmits":	994,
				"omitted":	false,
				"sender":	true
			}
		}, {
			"streams":	[{
					"socket":	8,
					"start":	6.001096,
					"end":	7.001031,
					"seconds":	0.99993497133255,
					"bytes":	50069504,
					"bits_per_second":	400582081.3189525,
					"retransmits":	181,
					"snd_cwnd":	5289544,
					"snd_wnd":	82157568,
					"rtt":	409542,
					"rttvar":	394,
					"pmtu":	1500,
					"omitted":	false,
					"sender":	true
				}],
			"sum":	{
				"start":	6.001096,
				"end":	7.001031,
				"seconds":	0.99993497133255,
				"bytes":	50069504,
				"bits_per_second":	400582081.3189525,
				"retransmits":	181,
				"omitted":	false,
				"sender":	true
			}
		}, {
			"streams":	[{
					"socket":	8,
					"start":	7.001031,
					"end":	8.015129,
					"seconds":	1.014098048210144,
					"bytes":	17825792,
					"bits_per_second":	140623814.68113106,
					"retransmits":	2566,
					"snd_cwnd":	44740304,
					"snd_wnd":	136822784,
					"rtt":	424017,
					"rttvar":	6395,
					"pmtu":	1500,
					"omitted":	false,
					"sender":	true
				}],
			"sum":	{
				"start":	7.001031,
				"end":	8.015129,
				"seconds":	1.014098048210144,
				"bytes":	17825792,
				"bits_per_second":	140623814.68113106,
				"retransmits":	2566,
				"omitted":	false,
				"sender":	true
			}
		}],
	"end":	{
		"streams":	[{
				"sender":	{
					"socket":	8,
					"start":	0,
					"end":	8.015576,
					"seconds":	8.015576,
					"bytes":	107479040,
					"bits_per_second":	107270184.94990255,
					"retransmits":	5117,
					"max_snd_cwnd":	144801448,
					"max_snd_wnd":	136822784,
					"max_rtt":	622346,
					"min_rtt":	384532,
					"mean_rtt":	502458,
					"sender":	true
				},
				"receiver":	{
					"socket":	8,
					"start":	0,
					"end":	8.162889,
					"seconds":	8.015576,
					"bytes":	100401152,
					"bits_per_second":	98397664.846355259,
					"sender":	true
				}
			}],
		"sum_sent":	{
			"start":	0,
			"end":	8.015576,
			"seconds":	8.015576,
			"bytes":	107479040,
			"bits_per_second":	107270184.94990255,
			"retransmits":	5117,
			"sender":	true
		},
		"sum_received":	{
			"start":	0,
			"end":	8.162889,
			"seconds":	8.162889,
			"bytes":	100401152,
			"bits_per_second":	98397664.846355259,
			"sender":	true
		},
		"cpu_utilization_percent":	{
			"host_total":	7.5026729315027252,
			"host_user":	5.3628660814213251,
			"host_system":	2.1398296883298489,
			"remote_total":	0.79741239115545048,
			"remote_user":	0,
			"remote_system":	0.79740014061174069
		},
		"sender_tcp_congestion":	"bbr",
		"receiver_tcp_congestion":	"bbr"
	}
}
