{
	"start":	{
		"connected":	[{
				"socket":	8,
				"local_host":	"172.16.0.105",
				"local_port":	59498,
				"remote_host":	"172.17.0.105",
				"remote_port":	5201
			}],
		"version":	"iperf 3.16",
		"system_info":	"Linux h1 6.12.54-0b264c55b-l4steam-117 #1 SMP PREEMPT_DYNAMIC Fri Nov  7 18:07:57 UTC 2025 x86_64",
		"timestamp":	{
			"time":	"Sun, 22 Feb 2026 01:29:33 GMT",
			"timesecs":	1771723773
		},
		"connecting_to":	{
			"host":	"172.17.0.105",
			"port":	5201
		},
		"cookie":	"jjar3oosl4wcn6hkgveihzcwx33oebnmbt4c",
		"tcp_mss_default":	1448,
		"target_bitrate":	0,
		"fq_rate":	0,
		"sock_bufsize":	0,
		"sndbuf_actual":	1000000,
		"rcvbuf_actual":	1000000,
		"test_start":	{
			"protocol":	"TCP",
			"num_streams":	1,
			"blksize":	131072,
			"omit":	0,
			"duration":	0,
			"bytes":	107374182,
			"blocks":	0,
			"reverse":	0,
			"tos":	0,
			"target_bitrate":	0,
			"bidir":	0,
			"fqrate":	0
		}
	},
	"intervals":	[{
			"streams":	[{
					"socket":	8,
					"start":	0,
					"end":	1.001038,
					"seconds":	1.0010379552841187,
					"bytes":	16121856,
					"bits_per_second":	128841116.68212804,
					"retransmits":	0,
					"snd_cwnd":	144801448,
					"snd_wnd":	6094848,
					"rtt":	325484,
					"rttvar":	1381,
					"pmtu":	1500,
					"omitted":	false,
					"sender":	true
				}],
			"sum":	{
				"start":	0,
				"end":	1.001038,
				"seconds":	1.0010379552841187,
				"bytes":	16121856,
				"bits_per_second":	128841116.68212804,
				"retransmits":	0,
				"omitted":	false,
				"sender":	true
			}
		}, {
			"streams":	[{
					"socket":	8,
					"start":	1.001038,
					"end":	2.001031,
					"seconds":	0.99999302625656128,
					"bytes":	7995392,
					"bits_per_second":	63963582.065610744,
					"retransmits":	98,
					"snd_cwnd":	144801448,
					"snd_wnd":	31916032,
					"rtt":	427319,
					"rttvar":	959,
					"pmtu":	1500,
					"omitted":	false,
					"sender":	true
				}],
			"sum":	{
				"start":	1.001038,
				"end":	2.001031,
				"seconds":	0.99999302625656128,
				"bytes":	7995392,
				"bits_per_second":	63963582.065610744,
				"retransmits":	98,
				"omitted":	false,
				"sender":	true
			}
		}, {
			"streams":	[{
					"socket":	8,
					"start":	2.001031,
					"end":	3.001214,
					"seconds":	1.0001829862594604,
					"bytes":	6946816,
					"bits_per_second":	55564360.485515445,
					"retransmits":	385,
					"snd_cwnd":	5978792,
					"snd_wnd":	40677376,
					"rtt":	579264,
					"rttvar":	659,
					"pmtu":	1500,
					"omitted":	false,
					"sender":	true
				}],
			"sum":	{
				"start":	2.001031,
				"end":	3.001214,
				"seconds":	1.0001829862594604,
				"bytes":	6946816,
				"bits_per_second":	55564360.485515445,
				"retransmits":	385,
				"omitted":	false,
				"sender":	true
			}
		}, {
			"streams":	[{
					"socket":	8,
					"start":	3.001214,
					"end":	4.000745,
					"seconds":	0.99953097105026245,
					"bytes":	12845056,
					"bits_per_second":	102808668.24168931,
					"retransmits":	0,
					"snd_cwnd":	144801448,
					"snd_wnd":	41455616,
					"rtt":	625391,
					"rttvar":	361,
					"pmtu":	1500,
					"omitted":	false,
					"sender":	true
				}],
			"sum":	{
				"start":	3.001214,
				"end":	4.000745,
				"seconds":	0.99953097105026245,
				"bytes":	12845056,
				"bits_per_second":	102808668.24168931,
				"retransmits":	0,
				"omitted":	false,
				"sender":	true
			}
		}, {
			"streams":	[{
					"socket":	8,
					"start":	4.000745,
					"end":	5.000371,
					"seconds":	0.99962598085403442,
					"bytes":	8650752,
					"bits_per_second":	69231910.059874162,
					"retransmits":	0,
					"snd_cwnd":	144801448,
					"snd_wnd":	41390080,
					"rtt":	647605,
					"rttvar":	80,
					"pmtu":	1500,
					"omitted":	false,
					"sender":	true
				}],
			"sum":	{
				"start":	4.000745,
				"end":	5.000371,
				"seconds":	0.99962598085403442,
				"bytes":	8650752,
				"bits_per_second":	69231910.059874162,
				"retransmits":	0,
				"omitted":	false,
				"sender":	true
			}
		}, {
			"streams":	[{
					"socket":	8,
					"start":	5.000371,
					"end":	6.000468,
					"seconds":	1.0000970363616943,
					"bytes":	13107200,
					"bits_per_second":	104847425.98724918,
					"retransmits":	45,
					"snd_cwnd":	7468784,
					"snd_wnd":	41455616,
					"rtt":	570004,
					"rttvar":	3062,
					"pmtu":	1500,
					"omitted":	false,
					"sender":	true
				}],
			"sum":	{
				"start":	5.000371,
				"end":	6.000468,
				"seconds":	1.0000970363616943,
				"bytes":	13107200,
				"bits_per_second":	104847425.98724918,
				"retransmits":	45,
				"omitted":	false,
				"sender":	true
			}
		}, {
			"streams":	[{
					"socket":	8,
					"start":	6.000468,
					"end":	7.001134,
					"seconds":	1.00066602230072,
					"bytes":	28835840,
					"bits_per_second":	230533179.76122308,
					"retransmits":	82,
					"snd_cwnd":	4031232,
					"snd_wnd":	41455616,
					"rtt":	493236,
					"rttvar":	684,
					"pmtu":	1500,
					"omitted":	false,
					"sender":	true
				}],
			"sum":	{
				"start":	6.000468,
				"end":	7.001134,
				"seconds":	1.00066602230072,
				"bytes":	28835840,
				"bits_per_second":	230533179.76122308,
				"retransmits":	82,
				"omitted":	false,
				"sender":	true
			}
		}, {
			"streams":	[{
					"socket":	8,
					"start":	7.001134,
					"end":	8.000146,
					"seconds":	0.999011993408203,
					"bytes":	8912896,
					"bits_per_second":	71373685.6719247,
					"retransmits":	0,
					"snd_cwnd":	4364272,
					"snd_wnd":	41435136,
					"rtt":	469423,
					"rttvar":	275,
					"pmtu":	1500,
					"omitted":	false,
					"sender":	true
				}],
			"sum":	{
				"start":	7.001134,
				"end":	8.000146,
				"seconds":	0.999011993408203,
				"bytes":	8912896,
				"bits_per_second":	71373685.6719247,
				"retransmits":	0,
				"omitted":	false,
				"sender":	true
			}
		}],
	"end":	{
		"streams":	[{
				"sender":	{
					"socket":	8,
					"start":	0,
					"end":	8.000642,
					"seconds":	8.000642,
					"bytes":	107479040,
					"bits_per_second":	107470415.49915621,
					"retransmits":	610,
					"max_snd_cwnd":	144801448,
					"max_snd_wnd":	41455616,
					"max_rtt":	647605,
					"min_rtt":	325484,
					"mean_rtt":	511896,
					"sender":	true
				},
				"receiver":	{
					"socket":	8,
					"start":	0,
					"end":	8.248908,
					"seconds":	8.000642,
					"bytes":	90832896,
					"bits_per_second":	88092044.1833028,
					"sender":	true
				}
			}],
		"sum_sent":	{
			"start":	0,
			"end":	8.000642,
			"seconds":	8.000642,
			"bytes":	107479040,
			"bits_per_second":	107470415.49915621,
			"retransmits":	610,
			"sender":	true
		},
		"sum_received":	{
			"start":	0,
			"end":	8.248908,
			"seconds":	8.248908,
			"bytes":	90832896,
			"bits_per_second":	88092044.1833028,
			"sender":	true
		},
		"cpu_utilization_percent":	{
			"host_total":	11.163866637062011,
			"host_user":	7.7669761002734719,
			"host_system":	3.39689053678854,
			"remote_total":	0.953166855842878,
			"remote_user":	0.0076373606590824034,
			"remote_system":	0.94552949518379548
		},
		"sender_tcp_congestion":	"bbr",
		"receiver_tcp_congestion":	"bbr"
	}
}
