{
	"start":	{
		"connected":	[{
				"socket":	8,
				"local_host":	"172.16.0.111",
				"local_port":	46346,
				"remote_host":	"172.17.0.111",
				"remote_port":	5201
			}],
		"version":	"iperf 3.16",
		"system_info":	"Linux h1 6.12.54-0b264c55b-l4steam-117 #1 SMP PREEMPT_DYNAMIC Fri Nov  7 18:07:57 UTC 2025 x86_64",
		"timestamp":	{
			"time":	"Sun, 22 Feb 2026 01:29:33 GMT",
			"timesecs":	1771723773
		},
		"connecting_to":	{
			"host":	"172.17.0.111",
			"port":	5201
		},
		"cookie":	"kvn4nmvqf3zvo2yg6x6zd6emw5joo7cz2wgv",
		"tcp_mss_default":	1448,
		"target_bitrate":	0,
		"fq_rate":	0,
		"sock_bufsize":	0,
		"sndbuf_actual":	1000000,
		"rcvbuf_actual":	1000000,
		"test_start":	{
			"protocol":	"TCP",
			"num_streams":	1,
			"blksize":	131072,
			"omit":	0,
			"duration":	0,
			"bytes":	107374182,
			"blocks":	0,
			"reverse":	0,
			"tos":	0,
			"target_bitrate":	0,
			"bidir":	0,
			"fqrate":	0
		}
	},
	"intervals":	[{
			"streams":	[{
					"socket":	8,
					"start":	0,
					"end":	1.00105,
					"seconds":	1.0010499954223633,
					"bytes":	16121856,
					"bits_per_second":	128839567.04438414,
					"retransmits":	0,
					"snd_cwnd":	144801448,
					"snd_wnd":	2564096,
					"rtt":	407067,
					"rttvar":	2231,
					"pmtu":	1500,
					"omitted":	false,
					"sender":	true
				}],
			"sum":	{
				"start":	0,
				"end":	1.00105,
				"seconds":	1.0010499954223633,
				"bytes":	16121856,
				"bits_per_second":	128839567.04438414,
				"retransmits":	0,
				"omitted":	false,
				"sender":	true
			}
		}, {
			"streams":	[{
					"socket":	8,
					"start":	1.00105,
					"end":	2.001062,
					"seconds":	1.0000120401382446,
					"bytes":	0,
					"bits_per_second":	0,
					"retransmits":	221,
					"snd_cwnd":	9149912,
					"snd_wnd":	19206144,
					"rtt":	577976,
					"rttvar":	1466,
					"pmtu":	1500,
					"omitted":	false,
					"sender":	true
				}],
			"sum":	{
				"start":	1.00105,
				"end":	2.001062,
				"seconds":	1.0000120401382446,
				"bytes":	0,
				"bits_per_second":	0,
				"retransmits":	221,
				"omitted":	false,
				"sender":	true
			}
		}, {
			"streams":	[{
					"socket":	8,
					"start":	2.001062,
					"end":	3.00103,
					"seconds":	0.99996799230575562,
					"bytes":	7995392,
					"bits_per_second":	63965183.37803185,
					"retransmits":	0,
					"snd_cwnd":	144801448,
					"snd_wnd":	18743296,
					"rtt":	566740,
					"rttvar":	1261,
					"pmtu":	1500,
					"omitted":	false,
					"sender":	true
				}],
			"sum":	{
				"start":	2.001062,
				"end":	3.00103,
				"seconds":	0.99996799230575562,
				"bytes":	7995392,
				"bits_per_second":	63965183.37803185,
				"retransmits":	0,
				"omitted":	false,
				"sender":	true
			}
		}, {
			"streams":	[{
					"socket":	8,
					"start":	3.00103,
					"end":	4.001044,
					"seconds":	1.0000139474868774,
					"bytes":	7995392,
					"bits_per_second":	63962243.88744273,
					"retransmits":	632,
					"snd_cwnd":	144801448,
					"snd_wnd":	35553280,
					"rtt":	686239,
					"rttvar":	3714,
					"pmtu":	1500,
					"omitted":	false,
					"sender":	true
				}],
			"sum":	{
				"start":	3.00103,
				"end":	4.001044,
				"seconds":	1.0000139474868774,
				"bytes":	7995392,
				"bits_per_second":	63962243.88744273,
				"retransmits":	632,
				"omitted":	false,
				"sender":	true
			}
		}, {
			"streams":	[{
					"socket":	8,
					"start":	4.001044,
					"end":	5.002975,
					"seconds":	1.0019309520721436,
					"bytes":	27918336,
					"bits_per_second":	222916247.41014892,
					"retransmits":	146,
					"snd_cwnd":	4763920,
					"snd_wnd":	53600256,
					"rtt":	540442,
					"rttvar":	567,
					"pmtu":	1500,
					"omitted":	false,
					"sender":	true
				}],
			"sum":	{
				"start":	4.001044,
				"end":	5.002975,
				"seconds":	1.0019309520721436,
				"bytes":	27918336,
				"bits_per_second":	222916247.41014892,
				"retransmits":	146,
				"omitted":	false,
				"sender":	true
			}
		}, {
			"streams":	[{
					"socket":	8,
					"start":	5.002975,
					"end":	6.001024,
					"seconds":	0.998049020767212,
					"bytes":	32636928,
					"bits_per_second":	261605811.50542375,
					"retransmits":	8,
					"snd_cwnd":	8265184,
					"snd_wnd":	72220672,
					"rtt":	515370,
					"rttvar":	733,
					"pmtu":	1500,
					"omitted":	false,
					"sender":	true
				}],
			"sum":	{
				"start":	5.002975,
				"end":	6.001024,
				"seconds":	0.998049020767212,
				"bytes":	32636928,
				"bits_per_second":	261605811.50542375,
				"retransmits":	8,
				"omitted":	false,
				"sender":	true
			}
		}, {
			"streams":	[{
					"socket":	8,
					"start":	6.001024,
					"end":	7.001028,
					"seconds":	1.0000040531158447,
					"bytes":	14811136,
					"bits_per_second":	118488607.75194649,
					"retransmits":	47,
					"snd_cwnd":	6798360,
					"snd_wnd":	73834496,
					"rtt":	439941,
					"rttvar":	1445,
					"pmtu":	1500,
					"omitted":	false,
					"sender":	true
				}],
			"sum":	{
				"start":	6.001024,
				"end":	7.001028,
				"seconds":	1.0000040531158447,
				"bytes":	14811136,
				"bits_per_second":	118488607.75194649,
				"retransmits":	47,
				"omitted":	false,
				"sender":	true
			}
		}],
	"end":	{
		"streams":	[{
				"sender":	{
					"socket":	8,
					"start":	0,
					"end":	7.001253,
					"seconds":	7.001253,
					"bytes":	107479040,
					"bits_per_second":	122811205.36566812,
					"retransmits":	1054,
					"max_snd_cwnd":	144801448,
					"max_snd_wnd":	73834496,
					"max_rtt":	686239,
					"min_rtt":	407067,
					"mean_rtt":	521714,
					"sender":	true
				},
				"receiver":	{
					"socket":	8,
					"start":	0,
					"end":	7.899745,
					"seconds":	7.001253,
					"bytes":	65142784,
					"bits_per_second":	65969505.5979655,
					"sender":	true
				}
			}],
		"sum_sent":	{
			"start":	0,
			"end":	7.001253,
			"seconds":	7.001253,
			"bytes":	107479040,
			"bits_per_second":	122811205.36566812,
			"retransmits":	1054,
			"sender":	true
		},
		"sum_received":	{
			"start":	0,
			"end":	7.899745,
			"seconds":	7.899745,
			"bytes":	65142784,
			"bits_per_second":	65969505.5979655,
			"sender":	true
		},
		"cpu_utilization_percent":	{
			"host_total":	8.05507687500635,
			"host_user":	7.09087466931256,
			"host_system":	0.964190388042049,
			"remote_total":	0.728868767924559,
			"remote_user":	0,
			"remote_system":	0.728780157817133
		},
		"sender_tcp_congestion":	"bbr",
		"receiver_tcp_congestion":	"bbr"
	}
}
