{
	"start":	{
		"connected":	[{
				"socket":	8,
				"local_host":	"172.16.0.110",
				"local_port":	54910,
				"remote_host":	"172.17.0.110",
				"remote_port":	5201
			}],
		"version":	"iperf 3.16",
		"system_info":	"Linux h1 6.12.54-0b264c55b-l4steam-117 #1 SMP PREEMPT_DYNAMIC Fri Nov  7 18:07:57 UTC 2025 x86_64",
		"timestamp":	{
			"time":	"Sun, 22 Feb 2026 01:29:33 GMT",
			"timesecs":	1771723773
		},
		"connecting_to":	{
			"host":	"172.17.0.110",
			"port":	5201
		},
		"cookie":	"3r3e4gwi5pqry7ns34m42rxtgfx7mbtlxzj5",
		"tcp_mss_default":	1448,
		"target_bitrate":	0,
		"fq_rate":	0,
		"sock_bufsize":	0,
		"sndbuf_actual":	1000000,
		"rcvbuf_actual":	1000000,
		"test_start":	{
			"protocol":	"TCP",
			"num_streams":	1,
			"blksize":	131072,
			"omit":	0,
			"duration":	0,
			"bytes":	107374182,
			"blocks":	0,
			"reverse":	0,
			"tos":	0,
			"target_bitrate":	0,
			"bidir":	0,
			"fqrate":	0
		}
	},
	"intervals":	[{
			"streams":	[{
					"socket":	8,
					"start":	0,
					"end":	1.001035,
					"seconds":	1.00103497505188,
					"bytes":	16121856,
					"bits_per_second":	128841500.26158249,
					"retransmits":	0,
					"snd_cwnd":	144802896,
					"snd_wnd":	1900544,
					"rtt":	374676,
					"rttvar":	6211,
					"pmtu":	1500,
					"omitted":	false,
					"sender":	true
				}],
			"sum":	{
				"start":	0,
				"end":	1.001035,
				"seconds":	1.00103497505188,
				"bytes":	16121856,
				"bits_per_second":	128841500.26158249,
				"retransmits":	0,
				"omitted":	false,
				"sender":	true
			}
		}, {
			"streams":	[{
					"socket":	8,
					"start":	1.001035,
					"end":	2.001049,
					"seconds":	1.0000139474868774,
					"bytes":	0,
					"bits_per_second":	0,
					"retransmits":	0,
					"snd_cwnd":	144802896,
					"snd_wnd":	17104896,
					"rtt":	516113,
					"rttvar":	565,
					"pmtu":	1500,
					"omitted":	false,
					"sender":	true
				}],
			"sum":	{
				"start":	1.001035,
				"end":	2.001049,
				"seconds":	1.0000139474868774,
				"bytes":	0,
				"bits_per_second":	0,
				"retransmits":	0,
				"omitted":	false,
				"sender":	true
			}
		}, {
			"streams":	[{
					"socket":	8,
					"start":	2.001049,
					"end":	3.003161,
					"seconds":	1.0021120309829712,
					"bytes":	8781824,
					"bits_per_second":	70106524.847413823,
					"retransmits":	1365,
					"snd_cwnd":	4623464,
					"snd_wnd":	39833600,
					"rtt":	568451,
					"rttvar":	415,
					"pmtu":	1500,
					"omitted":	false,
					"sender":	true
				}],
			"sum":	{
				"start":	2.001049,
				"end":	3.003161,
				"seconds":	1.0021120309829712,
				"bytes":	8781824,
				"bits_per_second":	70106524.847413823,
				"retransmits":	1365,
				"omitted":	false,
				"sender":	true
			}
		}, {
			"streams":	[{
					"socket":	8,
					"start":	3.003161,
					"end":	4.000767,
					"seconds":	0.99760597944259644,
					"bytes":	7733248,
					"bits_per_second":	62014447.863040149,
					"retransmits":	0,
					"snd_cwnd":	144802896,
					"snd_wnd":	49520640,
					"rtt":	677561,
					"rttvar":	22186,
					"pmtu":	1500,
					"omitted":	false,
					"sender":	true
				}],
			"sum":	{
				"start":	3.003161,
				"end":	4.000767,
				"seconds":	0.99760597944259644,
				"bytes":	7733248,
				"bits_per_second":	62014447.863040149,
				"retransmits":	0,
				"omitted":	false,
				"sender":	true
			}
		}, {
			"streams":	[{
					"socket":	8,
					"start":	4.000767,
					"end":	5.003157,
					"seconds":	1.0023900270462036,
					"bytes":	7995392,
					"bits_per_second":	63810626.875931315,
					"retransmits":	538,
					"snd_cwnd":	144802896,
					"snd_wnd":	65052672,
					"rtt":	633792,
					"rttvar":	8336,
					"pmtu":	1500,
					"omitted":	false,
					"sender":	true
				}],
			"sum":	{
				"start":	4.000767,
				"end":	5.003157,
				"seconds":	1.0023900270462036,
				"bytes":	7995392,
				"bits_per_second":	63810626.875931315,
				"retransmits":	538,
				"omitted":	false,
				"sender":	true
			}
		}, {
			"streams":	[{
					"socket":	8,
					"start":	5.003157,
					"end":	6.001025,
					"seconds":	0.997868001461029,
					"bytes":	3014656,
					"bits_per_second":	24168775.79468298,
					"retransmits":	1550,
					"snd_cwnd":	5902048,
					"snd_wnd":	68435968,
					"rtt":	569471,
					"rttvar":	859,
					"pmtu":	1500,
					"omitted":	false,
					"sender":	true
				}],
			"sum":	{
				"start":	5.003157,
				"end":	6.001025,
				"seconds":	0.997868001461029,
				"bytes":	3014656,
				"bits_per_second":	24168775.79468298,
				"retransmits":	1550,
				"omitted":	false,
				"sender":	true
			}
		}, {
			"streams":	[{
					"socket":	8,
					"start":	6.001025,
					"end":	7.001025,
					"seconds":	1,
					"bytes":	49807360,
					"bits_per_second":	398458880,
					"retransmits":	100,
					"snd_cwnd":	5304024,
					"snd_wnd":	70324224,
					"rtt":	412664,
					"rttvar":	1178,
					"pmtu":	1500,
					"omitted":	false,
					"sender":	true
				}],
			"sum":	{
				"start":	6.001025,
				"end":	7.001025,
				"seconds":	1,
				"bytes":	49807360,
				"bits_per_second":	398458880,
				"retransmits":	100,
				"omitted":	false,
				"sender":	true
			}
		}, {
			"streams":	[{
					"socket":	8,
					"start":	7.001025,
					"end":	8.00104,
					"seconds":	1.0000150203704834,
					"bytes":	14024704,
					"bits_per_second":	112195946.77531269,
					"retransmits":	25,
					"snd_cwnd":	3434656,
					"snd_wnd":	70356992,
					"rtt":	60930,
					"rttvar":	69,
					"pmtu":	1500,
					"omitted":	false,
					"sender":	true
				}],
			"sum":	{
				"start":	7.001025,
				"end":	8.00104,
				"seconds":	1.0000150203704834,
				"bytes":	14024704,
				"bits_per_second":	112195946.77531269,
				"retransmits":	25,
				"omitted":	false,
				"sender":	true
			}
		}],
	"end":	{
		"streams":	[{
				"sender":	{
					"socket":	8,
					"start":	0,
					"end":	8.001296,
					"seconds":	8.001296,
					"bytes":	107479040,
					"bits_per_second":	107461631.21574305,
					"retransmits":	3578,
					"max_snd_cwnd":	144802896,
					"max_snd_wnd":	70356992,
					"max_rtt":	677561,
					"min_rtt":	60930,
					"mean_rtt":	430509,
					"sender":	true
				},
				"receiver":	{
					"socket":	8,
					"start":	0,
					"end":	8.062975,
					"seconds":	8.001296,
					"bytes":	67895296,
					"bits_per_second":	67365007.0848539,
					"sender":	true
				}
			}],
		"sum_sent":	{
			"start":	0,
			"end":	8.001296,
			"seconds":	8.001296,
			"bytes":	107479040,
			"bits_per_second":	107461631.21574305,
			"retransmits":	3578,
			"sender":	true
		},
		"sum_received":	{
			"start":	0,
			"end":	8.062975,
			"seconds":	8.062975,
			"bytes":	67895296,
			"bits_per_second":	67365007.0848539,
			"sender":	true
		},
		"cpu_utilization_percent":	{
			"host_total":	10.131408959052985,
			"host_user":	6.6581549589971161,
			"host_system":	3.4732653097923429,
			"remote_total":	0.922319163829442,
			"remote_user":	0,
			"remote_system":	0.922319163829442
		},
		"sender_tcp_congestion":	"bbr",
		"receiver_tcp_congestion":	"bbr"
	}
}
