{
	"start":	{
		"connected":	[{
				"socket":	8,
				"local_host":	"172.16.0.121",
				"local_port":	58826,
				"remote_host":	"172.17.0.121",
				"remote_port":	5201
			}],
		"version":	"iperf 3.16",
		"system_info":	"Linux h1 6.12.54-0b264c55b-l4steam-117 #1 SMP PREEMPT_DYNAMIC Fri Nov  7 18:07:57 UTC 2025 x86_64",
		"timestamp":	{
			"time":	"Sun, 22 Feb 2026 01:29:33 GMT",
			"timesecs":	1771723773
		},
		"connecting_to":	{
			"host":	"172.17.0.121",
			"port":	5201
		},
		"cookie":	"mnzzofsqeg62geowzhzjamp4p2yoaq5wooh7",
		"tcp_mss_default":	1448,
		"target_bitrate":	0,
		"fq_rate":	0,
		"sock_bufsize":	0,
		"sndbuf_actual":	1000000,
		"rcvbuf_actual":	1000000,
		"test_start":	{
			"protocol":	"TCP",
			"num_streams":	1,
			"blksize":	131072,
			"omit":	0,
			"duration":	0,
			"bytes":	107374182,
			"blocks":	0,
			"reverse":	0,
			"tos":	0,
			"target_bitrate":	0,
			"bidir":	0,
			"fqrate":	0
		}
	},
	"intervals":	[{
			"streams":	[{
					"socket":	8,
					"start":	0,
					"end":	1.001042,
					"seconds":	1.0010420083999634,
					"bytes":	15990784,
					"bits_per_second":	127793110.50539593,
					"retransmits":	1,
					"snd_cwnd":	144801448,
					"snd_wnd":	1499136,
					"rtt":	445769,
					"rttvar":	16883,
					"pmtu":	1500,
					"omitted":	false,
					"sender":	true
				}],
			"sum":	{
				"start":	0,
				"end":	1.001042,
				"seconds":	1.0010420083999634,
				"bytes":	15990784,
				"bits_per_second":	127793110.50539593,
				"retransmits":	1,
				"omitted":	false,
				"sender":	true
			}
		}, {
			"streams":	[{
					"socket":	8,
					"start":	1.001042,
					"end":	2.002487,
					"seconds":	1.0014450550079346,
					"bytes":	0,
					"bits_per_second":	0,
					"retransmits":	22,
					"snd_cwnd":	5693536,
					"snd_wnd":	13426688,
					"rtt":	605148,
					"rttvar":	83,
					"pmtu":	1500,
					"omitted":	false,
					"sender":	true
				}],
			"sum":	{
				"start":	1.001042,
				"end":	2.002487,
				"seconds":	1.0014450550079346,
				"bytes":	0,
				"bits_per_second":	0,
				"retransmits":	22,
				"omitted":	false,
				"sender":	true
			}
		}, {
			"streams":	[{
					"socket":	8,
					"start":	2.002487,
					"end":	3.001047,
					"seconds":	0.99856001138687134,
					"bytes":	8126464,
					"bits_per_second":	65105463.125553265,
					"retransmits":	3,
					"snd_cwnd":	6381336,
					"snd_wnd":	32792576,
					"rtt":	664251,
					"rttvar":	1058,
					"pmtu":	1500,
					"omitted":	false,
					"sender":	true
				}],
			"sum":	{
				"start":	2.002487,
				"end":	3.001047,
				"seconds":	0.99856001138687134,
				"bytes":	8126464,
				"bits_per_second":	65105463.125553265,
				"retransmits":	3,
				"omitted":	false,
				"sender":	true
			}
		}, {
			"streams":	[{
					"socket":	8,
					"start":	3.001047,
					"end":	4.002371,
					"seconds":	1.0013240575790405,
					"bytes":	5242880,
					"bits_per_second":	41887578.4343064,
					"retransmits":	625,
					"snd_cwnd":	5480680,
					"snd_wnd":	38957056,
					"rtt":	653269,
					"rttvar":	721,
					"pmtu":	1500,
					"omitted":	false,
					"sender":	true
				}],
			"sum":	{
				"start":	3.001047,
				"end":	4.002371,
				"seconds":	1.0013240575790405,
				"bytes":	5242880,
				"bits_per_second":	41887578.4343064,
				"retransmits":	625,
				"omitted":	false,
				"sender":	true
			}
		}, {
			"streams":	[{
					"socket":	8,
					"start":	4.002371,
					"end":	5.001033,
					"seconds":	0.998661994934082,
					"bytes":	10354688,
					"bits_per_second":	82948489.499160126,
					"retransmits":	29,
					"snd_cwnd":	144801448,
					"snd_wnd":	55955456,
					"rtt":	566408,
					"rttvar":	7284,
					"pmtu":	1500,
					"omitted":	false,
					"sender":	true
				}],
			"sum":	{
				"start":	4.002371,
				"end":	5.001033,
				"seconds":	0.998661994934082,
				"bytes":	10354688,
				"bits_per_second":	82948489.499160126,
				"retransmits":	29,
				"omitted":	false,
				"sender":	true
			}
		}, {
			"streams":	[{
					"socket":	8,
					"start":	5.001033,
					"end":	6.001034,
					"seconds":	1.0000009536743164,
					"bytes":	12320768,
					"bits_per_second":	98566050.000089645,
					"retransmits":	263,
					"snd_cwnd":	144801448,
					"snd_wnd":	80404480,
					"rtt":	422313,
					"rttvar":	5231,
					"pmtu":	1500,
					"omitted":	false,
					"sender":	true
				}],
			"sum":	{
				"start":	5.001033,
				"end":	6.001034,
				"seconds":	1.0000009536743164,
				"bytes":	12320768,
				"bits_per_second":	98566050.000089645,
				"retransmits":	263,
				"omitted":	false,
				"sender":	true
			}
		}, {
			"streams":	[{
					"socket":	8,
					"start":	6.001034,
					"end":	7.001131,
					"seconds":	1.0000970363616943,
					"bytes":	13762560,
					"bits_per_second":	110089797.28661165,
					"retransmits":	505,
					"snd_cwnd":	144801448,
					"snd_wnd":	111362048,
					"rtt":	130697,
					"rttvar":	829,
					"pmtu":	1500,
					"omitted":	false,
					"sender":	true
				}],
			"sum":	{
				"start":	6.001034,
				"end":	7.001131,
				"seconds":	1.0000970363616943,
				"bytes":	13762560,
				"bits_per_second":	110089797.28661165,
				"retransmits":	505,
				"omitted":	false,
				"sender":	true
			}
		}, {
			"streams":	[{
					"socket":	8,
					"start":	7.001131,
					"end":	8.001048,
					"seconds":	0.999916970729828,
					"bytes":	41680896,
					"bits_per_second":	333474856.17392886,
					"retransmits":	0,
					"snd_cwnd":	144801448,
					"snd_wnd":	146866176,
					"rtt":	61133,
					"rttvar":	100,
					"pmtu":	1500,
					"omitted":	false,
					"sender":	true
				}],
			"sum":	{
				"start":	7.001131,
				"end":	8.001048,
				"seconds":	0.999916970729828,
				"bytes":	41680896,
				"bits_per_second":	333474856.17392886,
				"retransmits":	0,
				"omitted":	false,
				"sender":	true
			}
		}],
	"end":	{
		"streams":	[{
				"sender":	{
					"socket":	8,
					"start":	0,
					"end":	8.001344,
					"seconds":	8.001344,
					"bytes":	107479040,
					"bits_per_second":	107460986.55425888,
					"retransmits":	1448,
					"max_snd_cwnd":	144801448,
					"max_snd_wnd":	146866176,
					"max_rtt":	664251,
					"min_rtt":	61133,
					"mean_rtt":	401124,
					"sender":	true
				},
				"receiver":	{
					"socket":	8,
					"start":	0,
					"end":	8.065889,
					"seconds":	8.001344,
					"bytes":	107479040,
					"bits_per_second":	106601060.34189163,
					"sender":	true
				}
			}],
		"sum_sent":	{
			"start":	0,
			"end":	8.001344,
			"seconds":	8.001344,
			"bytes":	107479040,
			"bits_per_second":	107460986.55425888,
			"retransmits":	1448,
			"sender":	true
		},
		"sum_received":	{
			"start":	0,
			"end":	8.065889,
			"seconds":	8.065889,
			"bytes":	107479040,
			"bits_per_second":	106601060.34189163,
			"sender":	true
		},
		"cpu_utilization_percent":	{
			"host_total":	11.275789439199428,
			"host_user":	7.3441547000792253,
			"host_system":	3.931644727090692,
			"remote_total":	1.4398998847990829,
			"remote_user":	0,
			"remote_system":	1.4399122826593111
		},
		"sender_tcp_congestion":	"bbr",
		"receiver_tcp_congestion":	"bbr"
	}
}
