{
	"start":	{
		"connected":	[{
				"socket":	8,
				"local_host":	"172.16.0.21",
				"local_port":	56810,
				"remote_host":	"172.17.0.21",
				"remote_port":	5201
			}],
		"version":	"iperf 3.16",
		"system_info":	"Linux h1 6.12.54-0b264c55b-l4steam-117 #1 SMP PREEMPT_DYNAMIC Fri Nov  7 18:07:57 UTC 2025 x86_64",
		"timestamp":	{
			"time":	"Sun, 22 Feb 2026 01:29:32 GMT",
			"timesecs":	1771723772
		},
		"connecting_to":	{
			"host":	"172.17.0.21",
			"port":	5201
		},
		"cookie":	"mc74c6azv26p53rphepwcjumlfv7y5qi377u",
		"tcp_mss_default":	1448,
		"target_bitrate":	0,
		"fq_rate":	0,
		"sock_bufsize":	0,
		"sndbuf_actual":	1000000,
		"rcvbuf_actual":	1000000,
		"test_start":	{
			"protocol":	"TCP",
			"num_streams":	1,
			"blksize":	131072,
			"omit":	0,
			"duration":	0,
			"bytes":	107374182,
			"blocks":	0,
			"reverse":	0,
			"tos":	0,
			"target_bitrate":	0,
			"bidir":	0,
			"fqrate":	0
		}
	},
	"intervals":	[{
			"streams":	[{
					"socket":	8,
					"start":	0,
					"end":	1.00308,
					"seconds":	1.0030800104141235,
					"bytes":	39190528,
					"bits_per_second":	312561531.228761,
					"retransmits":	812,
					"snd_cwnd":	154936,
					"snd_wnd":	7467008,
					"rtt":	201338,
					"rttvar":	12040,
					"pmtu":	1500,
					"omitted":	false,
					"sender":	true
				}],
			"sum":	{
				"start":	0,
				"end":	1.00308,
				"seconds":	1.0030800104141235,
				"bytes":	39190528,
				"bits_per_second":	312561531.228761,
				"retransmits":	812,
				"omitted":	false,
				"sender":	true
			}
		}, {
			"streams":	[{
					"socket":	8,
					"start":	1.00308,
					"end":	2.002425,
					"seconds":	0.99934500455856323,
					"bytes":	0,
					"bits_per_second":	0,
					"retransmits":	17,
					"snd_cwnd":	515488,
					"snd_wnd":	9203712,
					"rtt":	329265,
					"rttvar":	9915,
					"pmtu":	1500,
					"omitted":	false,
					"sender":	true
				}],
			"sum":	{
				"start":	1.00308,
				"end":	2.002425,
				"seconds":	0.99934500455856323,
				"bytes":	0,
				"bits_per_second":	0,
				"retransmits":	17,
				"omitted":	false,
				"sender":	true
			}
		}, {
			"streams":	[{
					"socket":	8,
					"start":	2.002425,
					"end":	3.000899,
					"seconds":	0.99847400188446045,
					"bytes":	0,
					"bits_per_second":	0,
					"retransmits":	6,
					"snd_cwnd":	1455240,
					"snd_wnd":	11571200,
					"rtt":	499347,
					"rttvar":	5404,
					"pmtu":	1500,
					"omitted":	false,
					"sender":	true
				}],
			"sum":	{
				"start":	2.002425,
				"end":	3.000899,
				"seconds":	0.99847400188446045,
				"bytes":	0,
				"bits_per_second":	0,
				"retransmits":	6,
				"omitted":	false,
				"sender":	true
			}
		}, {
			"streams":	[{
					"socket":	8,
					"start":	3.000899,
					"end":	4.000814,
					"seconds":	0.99991500377655029,
					"bytes":	0,
					"bits_per_second":	0,
					"retransmits":	9,
					"snd_cwnd":	1754976,
					"snd_wnd":	17215488,
					"rtt":	602398,
					"rttvar":	11306,
					"pmtu":	1500,
					"omitted":	false,
					"sender":	true
				}],
			"sum":	{
				"start":	3.000899,
				"end":	4.000814,
				"seconds":	0.99991500377655029,
				"bytes":	0,
				"bits_per_second":	0,
				"retransmits":	9,
				"omitted":	false,
				"sender":	true
			}
		}, {
			"streams":	[{
					"socket":	8,
					"start":	4.000814,
					"end":	5.003373,
					"seconds":	1.0025589466094971,
					"bytes":	0,
					"bits_per_second":	0,
					"retransmits":	0,
					"snd_cwnd":	1057040,
					"snd_wnd":	23330816,
					"rtt":	626401,
					"rttvar":	372,
					"pmtu":	1500,
					"omitted":	false,
					"sender":	true
				}],
			"sum":	{
				"start":	4.000814,
				"end":	5.003373,
				"seconds":	1.0025589466094971,
				"bytes":	0,
				"bits_per_second":	0,
				"retransmits":	0,
				"omitted":	false,
				"sender":	true
			}
		}, {
			"streams":	[{
					"socket":	8,
					"start":	5.003373,
					"end":	6.000319,
					"seconds":	0.99694597721099854,
					"bytes":	0,
					"bits_per_second":	0,
					"retransmits":	0,
					"snd_cwnd":	1071520,
					"snd_wnd":	25698304,
					"rtt":	648417,
					"rttvar":	1000,
					"pmtu":	1500,
					"omitted":	false,
					"sender":	true
				}],
			"sum":	{
				"start":	5.003373,
				"end":	6.000319,
				"seconds":	0.99694597721099854,
				"bytes":	0,
				"bits_per_second":	0,
				"retransmits":	0,
				"omitted":	false,
				"sender":	true
			}
		}, {
			"streams":	[{
					"socket":	8,
					"start":	6.000319,
					"end":	7.001277,
					"seconds":	1.00095796585083,
					"bytes":	0,
					"bits_per_second":	0,
					"retransmits":	5,
					"snd_cwnd":	718208,
					"snd_wnd":	28782592,
					"rtt":	570300,
					"rttvar":	2361,
					"pmtu":	1500,
					"omitted":	false,
					"sender":	true
				}],
			"sum":	{
				"start":	6.000319,
				"end":	7.001277,
				"seconds":	1.00095796585083,
				"bytes":	0,
				"bits_per_second":	0,
				"retransmits":	5,
				"omitted":	false,
				"sender":	true
			}
		}, {
			"streams":	[{
					"socket":	8,
					"start":	7.001277,
					"end":	8.001878,
					"seconds":	1.000601053237915,
					"bytes":	0,
					"bits_per_second":	0,
					"retransmits":	0,
					"snd_cwnd":	718208,
					"snd_wnd":	31522816,
					"rtt":	485178,
					"rttvar":	804,
					"pmtu":	1500,
					"omitted":	false,
					"sender":	true
				}],
			"sum":	{
				"start":	7.001277,
				"end":	8.001878,
				"seconds":	1.000601053237915,
				"bytes":	0,
				"bits_per_second":	0,
				"retransmits":	0,
				"omitted":	false,
				"sender":	true
			}
		}, {
			"streams":	[{
					"socket":	8,
					"start":	8.001878,
					"end":	9.000574,
					"seconds":	0.99869602918624878,
					"bytes":	0,
					"bits_per_second":	0,
					"retransmits":	0,
					"snd_cwnd":	718208,
					"snd_wnd":	34484224,
					"rtt":	473032,
					"rttvar":	545,
					"pmtu":	1500,
					"omitted":	false,
					"sender":	true
				}],
			"sum":	{
				"start":	8.001878,
				"end":	9.000574,
				"seconds":	0.99869602918624878,
				"bytes":	0,
				"bits_per_second":	0,
				"retransmits":	0,
				"omitted":	false,
				"sender":	true
			}
		}, {
			"streams":	[{
					"socket":	8,
					"start":	9.000574,
					"end":	10.000632,
					"seconds":	1.0000580549240112,
					"bytes":	0,
					"bits_per_second":	0,
					"retransmits":	0,
					"snd_cwnd":	1419040,
					"snd_wnd":	42115072,
					"rtt":	64469,
					"rttvar":	45,
					"pmtu":	1500,
					"omitted":	false,
					"sender":	true
				}],
			"sum":	{
				"start":	9.000574,
				"end":	10.000632,
				"seconds":	1.0000580549240112,
				"bytes":	0,
				"bits_per_second":	0,
				"retransmits":	0,
				"omitted":	false,
				"sender":	true
			}
		}, {
			"streams":	[{
					"socket":	8,
					"start":	10.000632,
					"end":	11.00112,
					"seconds":	1.0004880428314209,
					"bytes":	65536000,
					"bits_per_second":	524032249.81704342,
					"retransmits":	0,
					"snd_cwnd":	8505552,
					"snd_wnd":	70356992,
					"rtt":	64771,
					"rttvar":	116,
					"pmtu":	1500,
					"omitted":	false,
					"sender":	true
				}],
			"sum":	{
				"start":	10.000632,
				"end":	11.00112,
				"seconds":	1.0004880428314209,
				"bytes":	65536000,
				"bits_per_second":	524032249.81704342,
				"retransmits":	0,
				"omitted":	false,
				"sender":	true
			}
		}, {
			"streams":	[{
					"socket":	8,
					"start":	11.00112,
					"end":	12.001103,
					"seconds":	0.999983012676239,
					"bytes":	2752512,
					"bits_per_second":	22020470.068854429,
					"retransmits":	0,
					"snd_cwnd":	23411264,
					"snd_wnd":	70356992,
					"rtt":	65018,
					"rttvar":	130,
					"pmtu":	1500,
					"omitted":	false,
					"sender":	true
				}],
			"sum":	{
				"start":	11.00112,
				"end":	12.001103,
				"seconds":	0.999983012676239,
				"bytes":	2752512,
				"bits_per_second":	22020470.068854429,
				"retransmits":	0,
				"omitted":	false,
				"sender":	true
			}
		}],
	"end":	{
		"streams":	[{
				"sender":	{
					"socket":	8,
					"start":	0,
					"end":	12.001539,
					"seconds":	12.001539,
					"bytes":	107479040,
					"bits_per_second":	71643505.0538102,
					"retransmits":	849,
					"max_snd_cwnd":	23411264,
					"max_snd_wnd":	70356992,