{
	"start":	{
		"connected":	[{
				"socket":	8,
				"local_host":	"172.16.0.22",
				"local_port":	51560,
				"remote_host":	"172.17.0.22",
				"remote_port":	5201
			}],
		"version":	"iperf 3.16",
		"system_info":	"Linux h1 6.12.54-0b264c55b-l4steam-117 #1 SMP PREEMPT_DYNAMIC Fri Nov  7 18:07:57 UTC 2025 x86_64",
		"timestamp":	{
			"time":	"Sun, 22 Feb 2026 01:29:32 GMT",
			"timesecs":	1771723772
		},
		"connecting_to":	{
			"host":	"172.17.0.22",
			"port":	5201
		},
		"cookie":	"rvhw2ks26zdtsyc6gsn3fwbkodutawgk3sg2",
		"tcp_mss_default":	1448,
		"target_bitrate":	0,
		"fq_rate":	0,
		"sock_bufsize":	0,
		"sndbuf_actual":	1000000,
		"rcvbuf_actual":	1000000,
		"test_start":	{
			"protocol":	"TCP",
			"num_streams":	1,
			"blksize":	131072,
			"omit":	0,
			"duration":	0,
			"bytes":	107374182,
			"blocks":	0,
			"reverse":	0,
			"tos":	0,
			"target_bitrate":	0,
			"bidir":	0,
			"fqrate":	0
		}
	},
	"intervals":	[{
			"streams":	[{
					"socket":	8,
					"start":	0,
					"end":	1.001041,
					"seconds":	1.001041054725647,
					"bytes":	39452672,
					"bits_per_second":	315293138.58810878,
					"retransmits":	6237,
					"snd_cwnd":	144801448,
					"snd_wnd":	43810816,
					"rtt":	184808,
					"rttvar":	184,
					"pmtu":	1500,
					"omitted":	false,
					"sender":	true
				}],
			"sum":	{
				"start":	0,
				"end":	1.001041,
				"seconds":	1.001041054725647,
				"bytes":	39452672,
				"bits_per_second":	315293138.58810878,
				"retransmits":	6237,
				"omitted":	false,
				"sender":	true
			}
		}, {
			"streams":	[{
					"socket":	8,
					"start":	1.001041,
					"end":	2.001048,
					"seconds":	1.0000070333480835,
					"bytes":	12189696,
					"bits_per_second":	97516882.129823968,
					"retransmits":	1093,
					"snd_cwnd":	11827264,
					"snd_wnd":	85286912,
					"rtt":	288192,
					"rttvar":	10232,
					"pmtu":	1500,
					"omitted":	false,
					"sender":	true
				}],
			"sum":	{
				"start":	1.001041,
				"end":	2.001048,
				"seconds":	1.0000070333480835,
				"bytes":	12189696,
				"bits_per_second":	97516882.129823968,
				"retransmits":	1093,
				"omitted":	false,
				"sender":	true
			}
		}, {
			"streams":	[{
					"socket":	8,
					"start":	2.001048,
					"end":	3.001046,
					"seconds":	0.99999797344207764,
					"bytes":	13893632,
					"bits_per_second":	111149281.25045648,
					"retransmits":	26,
					"snd_cwnd":	11867808,
					"snd_wnd":	107671552,
					"rtt":	492635,
					"rttvar":	1576,
					"pmtu":	1500,
					"omitted":	false,
					"sender":	true
				}],
			"sum":	{
				"start":	2.001048,
				"end":	3.001046,
				"seconds":	0.99999797344207764,
				"bytes":	13893632,
				"bits_per_second":	111149281.25045648,
				"retransmits":	26,
				"omitted":	false,
				"sender":	true
			}
		}, {
			"streams":	[{
					"socket":	8,
					"start":	3.001046,
					"end":	4.00116,
					"seconds":	1.0001139640808105,
					"bytes":	8650752,
					"bits_per_second":	69198129.898732275,
					"retransmits":	0,
					"snd_cwnd":	7465888,
					"snd_wnd":	109490176,
					"rtt":	580603,
					"rttvar":	661,
					"pmtu":	1500,
					"omitted":	false,
					"sender":	true
				}],
			"sum":	{
				"start":	3.001046,
				"end":	4.00116,
				"seconds":	1.0001139640808105,
				"bytes":	8650752,
				"bits_per_second":	69198129.898732275,
				"retransmits":	0,
				"omitted":	false,
				"sender":	true
			}
		}, {
			"streams":	[{
					"socket":	8,
					"start":	4.00116,
					"end":	5.000848,
					"seconds":	0.99968802928924561,
					"bytes":	11010048,
					"bits_per_second":	88107871.0751624,
					"retransmits":	0,
					"snd_cwnd":	7425344,
					"snd_wnd":	109490176,
					"rtt":	622527,
					"rttvar":	351,
					"pmtu":	1500,
					"omitted":	false,
					"sender":	true
				}],
			"sum":	{
				"start":	4.00116,
				"end":	5.000848,
				"seconds":	0.99968802928924561,
				"bytes":	11010048,
				"bits_per_second":	88107871.0751624,
				"retransmits":	0,
				"omitted":	false,
				"sender":	true
			}
		}, {
			"streams":	[{
					"socket":	8,
					"start":	5.000848,
					"end":	6.001052,
					"seconds":	1.0002039670944214,
					"bytes":	5898240,
					"bits_per_second":	47176297.587655485,
					"retransmits":	0,
					"snd_cwnd":	7465888,
					"snd_wnd":	109490176,
					"rtt":	657260,
					"rttvar":	195,
					"pmtu":	1500,
					"omitted":	false,
					"sender":	true
				}],
			"sum":	{
				"start":	5.000848,
				"end":	6.001052,
				"seconds":	1.0002039670944214,
				"bytes":	5898240,
				"bits_per_second":	47176297.587655485,
				"retransmits":	0,
				"omitted":	false,
				"sender":	true
			}
		}, {
			"streams":	[{
					"socket":	8,
					"start":	6.001052,
					"end":	7.00105,
					"seconds":	0.99999797344207764,
					"bytes":	16384000,
					"bits_per_second":	131072265.6255383,
					"retransmits":	0,
					"snd_cwnd":	3675024,
					"snd_wnd":	109490176,
					"rtt":	547133,
					"rttvar":	802,
					"pmtu":	1500,
					"omitted":	false,
					"sender":	true
				}],
			"sum":	{
				"start":	6.001052,
				"end":	7.00105,
				"seconds":	0.99999797344207764,
				"bytes":	16384000,
				"bits_per_second":	131072265.6255383,
				"retransmits":	0,
				"omitted":	false,
				"sender":	true
			}
		}],
	"end":	{
		"streams":	[{
				"sender":	{
					"socket":	8,
					"start":	0,
					"end":	7.001441,
					"seconds":	7.001441,
					"bytes":	107479040,
					"bits_per_second":	122807907.686432,
					"retransmits":	7356,
					"max_snd_cwnd":	144801448,
					"max_snd_wnd":	109490176,
					"max_rtt":	657260,
					"min_rtt":	184808,
					"mean_rtt":	490036,
					"sender":	true
				},
				"receiver":	{
					"socket":	8,
					"start":	0,
					"end":	7.523198,
					"seconds":	7.001441,
					"bytes":	102105088,
					"bits_per_second":	108576260.25527973,
					"sender":	true
				}
			}],
		"sum_sent":	{
			"start":	0,
			"end":	7.001441,
			"seconds":	7.001441,
			"bytes":	107479040,
			"bits_per_second":	122807907.686432,
			"retransmits":	7356,
			"sender":	true
		},
		"sum_received":	{
			"start":	0,
			"end":	7.523198,
			"seconds":	7.523198,
			"bytes":	102105088,
			"bits_per_second":	108576260.25527973,
			"sender":	true
		},
		"cpu_utilization_percent":	{
			"host_total":	9.3448745126181869,
			"host_user":	8.51199865952777,
			"host_system":	0.83287585309041678,
			"remote_total":	1.3609750839036907,
			"remote_user":	0,
			"remote_system":	1.361014960504221
		},
		"sender_tcp_congestion":	"bbr",
		"receiver_tcp_congestion":	"bbr"
	}
}
