{
	"start":	{
		"connected":	[{
				"socket":	8,
				"local_host":	"172.16.0.26",
				"local_port":	58160,
				"remote_host":	"172.17.0.26",
				"remote_port":	5201
			}],
		"version":	"iperf 3.16",
		"system_info":	"Linux h1 6.12.54-0b264c55b-l4steam-117 #1 SMP PREEMPT_DYNAMIC Fri Nov  7 18:07:57 UTC 2025 x86_64",
		"timestamp":	{
			"time":	"Sun, 22 Feb 2026 01:29:32 GMT",
			"timesecs":	1771723772
		},
		"connecting_to":	{
			"host":	"172.17.0.26",
			"port":	5201
		},
		"cookie":	"6vnpfpdypikv3h5ha3bpg2quwsspoogr3kew",
		"tcp_mss_default":	1448,
		"target_bitrate":	0,
		"fq_rate":	0,
		"sock_bufsize":	0,
		"sndbuf_actual":	1000000,
		"rcvbuf_actual":	1000000,
		"test_start":	{
			"protocol":	"TCP",
			"num_streams":	1,
			"blksize":	131072,
			"omit":	0,
			"duration":	0,
			"bytes":	107374182,
			"blocks":	0,
			"reverse":	0,
			"tos":	0,
			"target_bitrate":	0,
			"bidir":	0,
			"fqrate":	0
		}
	},
	"intervals":	[{
			"streams":	[{
					"socket":	8,
					"start":	0,
					"end":	1.00082,
					"seconds":	1.00082004070282,
					"bytes":	39190528,
					"bits_per_second":	313267332.036866,
					"retransmits":	2320,
					"snd_cwnd":	5467648,
					"snd_wnd":	36265984,
					"rtt":	185977,
					"rttvar":	264,
					"pmtu":	1500,
					"omitted":	false,
					"sender":	true
				}],
			"sum":	{
				"start":	0,
				"end":	1.00082,
				"seconds":	1.00082004070282,
				"bytes":	39190528,
				"bits_per_second":	313267332.036866,
				"retransmits":	2320,
				"omitted":	false,
				"sender":	true
			}
		}, {
			"streams":	[{
					"socket":	8,
					"start":	1.00082,
					"end":	2.000505,
					"seconds":	0.999684989452362,
					"bytes":	3276800,
					"bits_per_second":	26222660.414617732,
					"retransmits":	1260,
					"snd_cwnd":	5679056,
					"snd_wnd":	68780032,
					"rtt":	320091,
					"rttvar":	1261,
					"pmtu":	1500,
					"omitted":	false,
					"sender":	true
				}],
			"sum":	{
				"start":	1.00082,
				"end":	2.000505,
				"seconds":	0.999684989452362,
				"bytes":	3276800,
				"bits_per_second":	26222660.414617732,
				"retransmits":	1260,
				"omitted":	false,
				"sender":	true
			}
		}, {
			"streams":	[{
					"socket":	8,
					"start":	2.000505,
					"end":	3.000935,
					"seconds":	1.00042998790741,
					"bytes":	10878976,
					"bits_per_second":	86994401.459360138,
					"retransmits":	0,
					"snd_cwnd":	6127936,
					"snd_wnd":	88641536,
					"rtt":	484853,
					"rttvar":	1866,
					"pmtu":	1500,
					"omitted":	false,
					"sender":	true
				}],
			"sum":	{
				"start":	2.000505,
				"end":	3.000935,
				"seconds":	1.00042998790741,
				"bytes":	10878976,
				"bits_per_second":	86994401.459360138,
				"retransmits":	0,
				"omitted":	false,
				"sender":	true
			}
		}, {
			"streams":	[{
					"socket":	8,
					"start":	3.000935,
					"end":	4.000311,
					"seconds":	0.99937599897384644,
					"bytes":	49545216,
					"bits_per_second":	396609212.55561668,
					"retransmits":	0,
					"snd_cwnd":	4178928,
					"snd_wnd":	103407616,
					"rtt":	602814,
					"rttvar":	2961,
					"pmtu":	1500,
					"omitted":	false,
					"sender":	true
				}],
			"sum":	{
				"start":	3.000935,
				"end":	4.000311,
				"seconds":	0.99937599897384644,
				"bytes":	49545216,
				"bits_per_second":	396609212.55561668,
				"retransmits":	0,
				"omitted":	false,
				"sender":	true
			}
		}, {
			"streams":	[{
					"socket":	8,
					"start":	4.000311,
					"end":	5.00093,
					"seconds":	1.0006190538406372,
					"bytes":	0,
					"bits_per_second":	0,
					"retransmits":	0,
					"snd_cwnd":	4178928,
					"snd_wnd":	121081856,
					"rtt":	603450,
					"rttvar":	588,
					"pmtu":	1500,
					"omitted":	false,
					"sender":	true
				}],
			"sum":	{
				"start":	4.000311,
				"end":	5.00093,
				"seconds":	1.0006190538406372,
				"bytes":	0,
				"bits_per_second":	0,
				"retransmits":	0,
				"omitted":	false,
				"sender":	true
			}
		}, {
			"streams":	[{
					"socket":	8,
					"start":	5.00093,
					"end":	6.001219,
					"seconds":	1.0002889633178711,
					"bytes":	4587520,
					"bits_per_second":	36689558.063570723,
					"retransmits":	0,
					"snd_cwnd":	3272480,
					"snd_wnd":	129363968,
					"rtt":	651616,
					"rttvar":	1511,
					"pmtu":	1500,
					"omitted":	false,
					"sender":	true
				}],
			"sum":	{
				"start":	5.00093,
				"end":	6.001219,
				"seconds":	1.0002889633178711,
				"bytes":	4587520,
				"bits_per_second":	36689558.063570723,
				"retransmits":	0,
				"omitted":	false,
				"sender":	true
			}
		}],
	"end":	{
		"streams":	[{
				"sender":	{
					"socket":	8,
					"start":	0,
					"end":	6.005637,
					"seconds":	6.005637,
					"bytes":	107479040,
					"bits_per_second":	143170877.627136,
					"retransmits":	3580,
					"max_snd_cwnd":	6127936,
					"max_snd_wnd":	129470464,
					"max_rtt":	652155,
					"min_rtt":	185977,
					"mean_rtt":	500136,
					"sender":	true
				},
				"receiver":	{
					"socket":	8,
					"start":	0,
					"end":	6.584316,
					"seconds":	6.005637,
					"bytes":	71827456,
					"bits_per_second":	87270970.5913264,
					"sender":	true
				}
			}],
		"sum_sent":	{
			"start":	0,
			"end":	6.005637,
			"seconds":	6.005637,
			"bytes":	107479040,
			"bits_per_second":	143170877.627136,
			"retransmits":	3580,
			"sender":	true
		},
		"sum_received":	{
			"start":	0,
			"end":	6.584316,
			"seconds":	6.584316,
			"bytes":	71827456,
			"bits_per_second":	87270970.5913264,
			"sender":	true
		},
		"cpu_utilization_percent":	{
			"host_total":	8.8291571928900634,
			"host_user":	7.70561381353816,
			"host_system":	1.1234953872379689,
			"remote_total":	1.17117316881363,
			"remote_user":	0.0842301838089114,
			"remote_system":	1.0869733601160816
		},
		"sender_tcp_congestion":	"bbr",
		"receiver_tcp_congestion":	"bbr"
	}
}
