{
	"start":	{
		"connected":	[{
				"socket":	8,
				"local_host":	"172.16.0.34",
				"local_port":	51074,
				"remote_host":	"172.17.0.34",
				"remote_port":	5201
			}],
		"version":	"iperf 3.16",
		"system_info":	"Linux h1 6.12.54-0b264c55b-l4steam-117 #1 SMP PREEMPT_DYNAMIC Fri Nov  7 18:07:57 UTC 2025 x86_64",
		"timestamp":	{
			"time":	"Sun, 22 Feb 2026 01:29:32 GMT",
			"timesecs":	1771723772
		},
		"connecting_to":	{
			"host":	"172.17.0.34",
			"port":	5201
		},
		"cookie":	"wnyk2dpd3fh4xye3ui63ohlumrvy4g6yx573",
		"tcp_mss_default":	1448,
		"target_bitrate":	0,
		"fq_rate":	0,
		"sock_bufsize":	0,
		"sndbuf_actual":	1000000,
		"rcvbuf_actual":	1000000,
		"test_start":	{
			"protocol":	"TCP",
			"num_streams":	1,
			"blksize":	131072,
			"omit":	0,
			"duration":	0,
			"bytes":	107374182,
			"blocks":	0,
			"reverse":	0,
			"tos":	0,
			"target_bitrate":	0,
			"bidir":	0,
			"fqrate":	0
		}
	},
	"intervals":	[{
			"streams":	[{
					"socket":	8,
					"start":	0,
					"end":	1.000124,
					"seconds":	1.0001239776611328,
					"bytes":	39059456,
					"bits_per_second":	312436912.8022992,
					"retransmits":	2185,
					"snd_cwnd":	4681384,
					"snd_wnd":	13156352,
					"rtt":	194419,
					"rttvar":	10115,
					"pmtu":	1500,
					"omitted":	false,
					"sender":	true
				}],
			"sum":	{
				"start":	0,
				"end":	1.000124,
				"seconds":	1.0001239776611328,
				"bytes":	39059456,
				"bits_per_second":	312436912.8022992,
				"retransmits":	2185,
				"omitted":	false,
				"sender":	true
			}
		}, {
			"streams":	[{
					"socket":	8,
					"start":	1.000124,
					"end":	2.001066,
					"seconds":	1.00094199180603,
					"bytes":	0,
					"bits_per_second":	0,
					"retransmits":	188,
					"snd_cwnd":	4717584,
					"snd_wnd":	38076416,
					"rtt":	334598,
					"rttvar":	2217,
					"pmtu":	1500,
					"omitted":	false,
					"sender":	true
				}],
			"sum":	{
				"start":	1.000124,
				"end":	2.001066,
				"seconds":	1.00094199180603,
				"bytes":	0,
				"bits_per_second":	0,
				"retransmits":	188,
				"omitted":	false,
				"sender":	true
			}
		}, {
			"streams":	[{
					"socket":	8,
					"start":	2.001066,
					"end":	3.001068,
					"seconds":	1.0000020265579224,
					"bytes":	3276800,
					"bits_per_second":	26214346.875107661,
					"retransmits":	0,
					"snd_cwnd":	4717584,
					"snd_wnd":	58597376,
					"rtt":	498074,
					"rttvar":	3743,
					"pmtu":	1500,
					"omitted":	false,
					"sender":	true
				}],
			"sum":	{
				"start":	2.001066,
				"end":	3.001068,
				"seconds":	1.0000020265579224,
				"bytes":	3276800,
				"bits_per_second":	26214346.875107661,
				"retransmits":	0,
				"omitted":	false,
				"sender":	true
			}
		}, {
			"streams":	[{
					"socket":	8,
					"start":	3.001068,
					"end":	4.000159,
					"seconds":	0.99909102916717529,
					"bytes":	5505024,
					"bits_per_second":	44080259.670343682,
					"retransmits":	0,
					"snd_cwnd":	4717584,
					"snd_wnd":	59817984,
					"rtt":	603645,
					"rttvar":	2549,
					"pmtu":	1500,
					"omitted":	false,
					"sender":	true
				}],
			"sum":	{
				"start":	3.001068,
				"end":	4.000159,
				"seconds":	0.99909102916717529,
				"bytes":	5505024,
				"bits_per_second":	44080259.670343682,
				"retransmits":	0,
				"omitted":	false,
				"sender":	true
			}
		}, {
			"streams":	[{
					"socket":	8,
					"start":	4.000159,
					"end":	5.00022,
					"seconds":	1.00006103515625,
					"bytes":	35782656,
					"bits_per_second":	286243777.06634116,
					"retransmits":	42,
					"snd_cwnd":	2869936,
					"snd_wnd":	59817984,
					"rtt":	625546,
					"rttvar":	960,
					"pmtu":	1500,
					"omitted":	false,
					"sender":	true
				}],
			"sum":	{
				"start":	4.000159,
				"end":	5.00022,
				"seconds":	1.00006103515625,
				"bytes":	35782656,
				"bits_per_second":	286243777.06634116,
				"retransmits":	42,
				"omitted":	false,
				"sender":	true
			}
		}, {
			"streams":	[{
					"socket":	8,
					"start":	5.00022,
					"end":	6.001038,
					"seconds":	1.0008180141448975,
					"bytes":	0,
					"bits_per_second":	0,
					"retransmits":	14,
					"snd_cwnd":	2869936,
					"snd_wnd":	59817984,
					"rtt":	657619,
					"rttvar":	513,
					"pmtu":	1500,
					"omitted":	false,
					"sender":	true
				}],
			"sum":	{
				"start":	5.00022,
				"end":	6.001038,
				"seconds":	1.0008180141448975,
				"bytes":	0,
				"bits_per_second":	0,
				"retransmits":	14,
				"omitted":	false,
				"sender":	true
			}
		}, {
			"streams":	[{
					"socket":	8,
					"start":	6.001038,
					"end":	7.001046,
					"seconds":	1.0000079870224,
					"bytes":	15466496,
					"bits_per_second":	123730979.75789312,
					"retransmits":	0,
					"snd_cwnd":	2276256,
					"snd_wnd":	59817984,
					"rtt":	575404,
					"rttvar":	360,
					"pmtu":	1500,
					"omitted":	false,
					"sender":	true
				}],
			"sum":	{
				"start":	6.001038,
				"end":	7.001046,
				"seconds":	1.0000079870224,
				"bytes":	15466496,
				"bits_per_second":	123730979.75789312,
				"retransmits":	0,
				"omitted":	false,
				"sender":	true
			}
		}, {
			"streams":	[{
					"socket":	8,
					"start":	7.001046,
					"end":	8.001272,
					"seconds":	1.0002260208129883,
					"bytes":	0,
					"bits_per_second":	0,
					"retransmits":	0,
					"snd_cwnd":	1937424,
					"snd_wnd":	59813888,
					"rtt":	475952,
					"rttvar":	1491,
					"pmtu":	1500,
					"omitted":	false,
					"sender":	true
				}],
			"sum":	{
				"start":	7.001046,
				"end":	8.001272,
				"seconds":	1.0002260208129883,
				"bytes":	0,
				"bits_per_second":	0,
				"retransmits":	0,
				"omitted":	false,
				"sender":	true
			}
		}, {
			"streams":	[{
					"socket":	8,
					"start":	8.001272,
					"end":	9.000558,
					"seconds":	0.9992859959602356,
					"bytes":	0,
					"bits_per_second":	0,
					"retransmits":	0,
					"snd_cwnd":	1992448,
					"snd_wnd":	59817984,
					"rtt":	468089,
					"rttvar":	412,
					"pmtu":	1500,
					"omitted":	false,
					"sender":	true
				}],
			"sum":	{
				"start":	8.001272,
				"end":	9.000558,
				"seconds":	0.9992859959602356,
				"bytes":	0,
				"bits_per_second":	0,
				"retransmits":	0,
				"omitted":	false,
				"sender":	true
			}
		}, {
			"streams":	[{
					"socket":	8,
					"start":	9.000558,
					"end":	10.000447,
					"seconds":	0.99988901615142822,
					"bytes":	8388608,
					"bits_per_second":	67116312.826699451,
					"retransmits":	0,
					"snd_cwnd":	1972176,
					"snd_wnd":	59817984,
					"rtt":	60845,
					"rttvar":	33,
					"pmtu":	1500,
					"omitted":	false,
					"sender":	true
				}],
			"sum":	{
				"start":	9.000558,
				"end":	10.000447,
				"seconds":	0.99988901615142822,
				"bytes":	8388608,
				"bits_per_second":	67116312.826699451,
				"retransmits":	0,
				"omitted":	false,
				"sender":	true
			}
		}],
	"end":	{
		"streams":	[{
				"sender":	{
					"socket":	8,
					"start":	0,
					"end":	10.000666,
					"seconds":	10.000666,
					"bytes":	107479040,
					"bits_per_second":	85977505.8981072,
					"retransmits":	2429,
					"max_snd_cwnd":	4717584,
					"max_snd_wnd":	59817984,
					"max_rtt":	657619,
					"min_rtt":	60845,
					"mean_rtt":	414094,
					"sender":	true
				},
				"receiver":	{
					"socket":	8,
					"start":	0,
					"end":	10.082871,
					"seconds":	10.000666,
					"bytes":	75759616,
					"bits_per_second":	60109558.874649882,
					"sender":	true
				}
			}],
		"sum_sent":	{
			"start":	0,
			"end":	10.000666,
			"seconds":	10.000666,
			"bytes":	107479040,
			"bits_per_second":	85977505.8981072,
			"retransmits":	2429,
			"sender":	true
		},
		"sum_received":	{
			"start":	0,
			"end":	10.082871,
			"seconds":	10.082871,
			"bytes":	75759616,
			"bits_per_second":	60109558.874649882,
			"sender":	true
		},
		"cpu_utilization_percent":	{
			"host_total":	6.236487403033828,
			"host_user":	4.61422648635404,
			"host_system":	1.6222609166797872,
			"remote_total":	1.311181615588388,
			"remote_user":	0.0628887154377366,
			"remote_system":	1.2482929001506513
		},
		"sender_tcp_congestion":	"bbr",