{
	"start":	{
		"connected":	[{
				"socket":	8,
				"local_host":	"172.16.0.45",
				"local_port":	47984,
				"remote_host":	"172.17.0.45",
				"remote_port":	5201
			}],
		"version":	"iperf 3.16",
		"system_info":	"Linux h1 6.12.54-0b264c55b-l4steam-117 #1 SMP PREEMPT_DYNAMIC Fri Nov  7 18:07:57 UTC 2025 x86_64",
		"timestamp":	{
			"time":	"Sun, 22 Feb 2026 01:29:32 GMT",
			"timesecs":	1771723772
		},
		"connecting_to":	{
			"host":	"172.17.0.45",
			"port":	5201
		},
		"cookie":	"zk3iv4butebf4limxgfiohtkqlo4gjoohy2f",
		"tcp_mss_default":	1448,
		"target_bitrate":	0,
		"fq_rate":	0,
		"sock_bufsize":	0,
		"sndbuf_actual":	1000000,
		"rcvbuf_actual":	1000000,
		"test_start":	{
			"protocol":	"TCP",
			"num_streams":	1,
			"blksize":	131072,
			"omit":	0,
			"duration":	0,
			"bytes":	107374182,
			"blocks":	0,
			"reverse":	0,
			"tos":	0,
			"target_bitrate":	0,
			"bidir":	0,
			"fqrate":	0
		}
	},
	"intervals":	[{
			"streams":	[{
					"socket":	8,
					"start":	0,
					"end":	1.001037,
					"seconds":	1.0010370016098022,
					"bytes":	38666240,
					"bits_per_second":	309009476.67524362,
					"retransmits":	1491,
					"snd_cwnd":	16638968,
					"snd_wnd":	32047104,
					"rtt":	226362,
					"rttvar":	988,
					"pmtu":	1500,
					"omitted":	false,
					"sender":	true
				}],
			"sum":	{
				"start":	0,
				"end":	1.001037,
				"seconds":	1.0010370016098022,
				"bytes":	38666240,
				"bits_per_second":	309009476.67524362,
				"retransmits":	1491,
				"omitted":	false,
				"sender":	true
			}
		}, {
			"streams":	[{
					"socket":	8,
					"start":	1.001037,
					"end":	2.001028,
					"seconds":	0.999990999698639,
					"bytes":	19267584,
					"bits_per_second":	154142059.32498634,
					"retransmits":	1006,
					"snd_cwnd":	144801448,
					"snd_wnd":	81989632,
					"rtt":	309388,
					"rttvar":	14605,
					"pmtu":	1500,
					"omitted":	false,
					"sender":	true
				}],
			"sum":	{
				"start":	1.001037,
				"end":	2.001028,
				"seconds":	0.999990999698639,
				"bytes":	19267584,
				"bits_per_second":	154142059.32498634,
				"retransmits":	1006,
				"omitted":	false,
				"sender":	true
			}
		}, {
			"streams":	[{
					"socket":	8,
					"start":	2.001028,
					"end":	3.001044,
					"seconds":	1.0000159740448,
					"bytes":	12058624,
					"bits_per_second":	96467451.0246156,
					"retransmits":	0,
					"snd_cwnd":	15829536,
					"snd_wnd":	106373120,
					"rtt":	510261,
					"rttvar":	420,
					"pmtu":	1500,
					"omitted":	false,
					"sender":	true
				}],
			"sum":	{
				"start":	2.001028,
				"end":	3.001044,
				"seconds":	1.0000159740448,
				"bytes":	12058624,
				"bits_per_second":	96467451.0246156,
				"retransmits":	0,
				"omitted":	false,
				"sender":	true
			}
		}, {
			"streams":	[{
					"socket":	8,
					"start":	3.001044,
					"end":	4.001423,
					"seconds":	1.0003789663314819,
					"bytes":	8650752,
					"bits_per_second":	69179799.1852901,
					"retransmits":	0,
					"snd_cwnd":	15829536,
					"snd_wnd":	120991744,
					"rtt":	610600,
					"rttvar":	595,
					"pmtu":	1500,
					"omitted":	false,
					"sender":	true
				}],
			"sum":	{
				"start":	3.001044,
				"end":	4.001423,
				"seconds":	1.0003789663314819,
				"bytes":	8650752,
				"bits_per_second":	69179799.1852901,
				"retransmits":	0,
				"omitted":	false,
				"sender":	true
			}
		}, {
			"streams":	[{
					"socket":	8,
					"start":	4.001423,
					"end":	5.001042,
					"seconds":	0.9996190071105957,
					"bytes":	8781824,
					"bits_per_second":	70281368.701732963,
					"retransmits":	0,
					"snd_cwnd":	15070784,
					"snd_wnd":	135995392,
					"rtt":	608979,
					"rttvar":	486,
					"pmtu":	1500,
					"omitted":	false,
					"sender":	true
				}],
			"sum":	{
				"start":	4.001423,
				"end":	5.001042,
				"seconds":	0.9996190071105957,
				"bytes":	8781824,
				"bits_per_second":	70281368.701732963,
				"retransmits":	0,
				"omitted":	false,
				"sender":	true
			}
		}, {
			"streams":	[{
					"socket":	8,
					"start":	5.001042,
					"end":	6.003187,
					"seconds":	1.0021450519561768,
					"bytes":	20054016,
					"bits_per_second":	160088729.35792893,
					"retransmits":	0,
					"snd_cwnd":	15070784,
					"snd_wnd":	147644416,
					"rtt":	639254,
					"rttvar":	1225,
					"pmtu":	1500,
					"omitted":	false,
					"sender":	true
				}],
			"sum":	{
				"start":	5.001042,
				"end":	6.003187,
				"seconds":	1.0021450519561768,
				"bytes":	20054016,
				"bits_per_second":	160088729.35792893,
				"retransmits":	0,
				"omitted":	false,
				"sender":	true
			}
		}],
	"end":	{
		"streams":	[{
				"sender":	{
					"socket":	8,
					"start":	0,
					"end":	6.00435,
					"seconds":	6.00435,
					"bytes":	107479040,
					"bits_per_second":	143201565.53165624,
					"retransmits":	2497,
					"max_snd_cwnd":	144801448,
					"max_snd_wnd":	147644416,
					"max_rtt":	639254,
					"min_rtt":	226362,
					"mean_rtt":	506189,
					"sender":	true
				},
				"receiver":	{
					"socket":	8,
					"start":	0,
					"end":	6.560138,
					"seconds":	6.00435,
					"bytes":	105906176,
					"bits_per_second":	129151156.27140769,
					"sender":	true
				}
			}],
		"sum_sent":	{
			"start":	0,
			"end":	6.00435,
			"seconds":	6.00435,
			"bytes":	107479040,
			"bits_per_second":	143201565.53165624,
			"retransmits":	2497,
			"sender":	true
		},
		"sum_received":	{
			"start":	0,
			"end":	6.560138,
			"seconds":	6.560138,
			"bytes":	105906176,
			"bits_per_second":	129151156.27140769,
			"sender":	true
		},
		"cpu_utilization_percent":	{
			"host_total":	5.7670492585060122,
			"host_user":	2.4850259024172443,
			"host_system":	3.28200735854855,
			"remote_total":	1.6178131238422524,
			"remote_user":	0.0044053857288672577,
			"remote_system":	1.61339249456415
		},
		"sender_tcp_congestion":	"bbr",
		"receiver_tcp_congestion":	"bbr"
	}
}
