{
	"start":	{
		"connected":	[{
				"socket":	8,
				"local_host":	"172.16.0.78",
				"local_port":	55486,
				"remote_host":	"172.17.0.78",
				"remote_port":	5201
			}],
		"version":	"iperf 3.16",
		"system_info":	"Linux h1 6.12.54-0b264c55b-l4steam-117 #1 SMP PREEMPT_DYNAMIC Fri Nov  7 18:07:57 UTC 2025 x86_64",
		"timestamp":	{
			"time":	"Sun, 22 Feb 2026 01:29:34 GMT",
			"timesecs":	1771723774
		},
		"connecting_to":	{
			"host":	"172.17.0.78",
			"port":	5201
		},
		"cookie":	"4xwynnpzrbdlc2abf4dtnw47wxob4puy33at",
		"tcp_mss_default":	1448,
		"target_bitrate":	0,
		"fq_rate":	0,
		"sock_bufsize":	0,
		"sndbuf_actual":	1000000,
		"rcvbuf_actual":	1000000,
		"test_start":	{
			"protocol":	"TCP",
			"num_streams":	1,
			"blksize":	131072,
			"omit":	0,
			"duration":	0,
			"bytes":	107374182,
			"blocks":	0,
			"reverse":	0,
			"tos":	0,
			"target_bitrate":	0,
			"bidir":	0,
			"fqrate":	0
		}
	},
	"intervals":	[{
			"streams":	[{
					"socket":	8,
					"start":	0,
					"end":	1.001282,
					"seconds":	1.0012819766998291,
					"bytes":	16121856,
					"bits_per_second":	128809716.944166,
					"retransmits":	0,
					"snd_cwnd":	144808688,
					"snd_wnd":	679936,
					"rtt":	561620,
					"rttvar":	34586,
					"pmtu":	1500,
					"omitted":	false,
					"sender":	true
				}],
			"sum":	{
				"start":	0,
				"end":	1.001282,
				"seconds":	1.0012819766998291,
				"bytes":	16121856,
				"bits_per_second":	128809716.944166,
				"retransmits":	0,
				"omitted":	false,
				"sender":	true
			}
		}, {
			"streams":	[{
					"socket":	8,
					"start":	1.001282,
					"end":	2.001036,
					"seconds":	0.999754011631012,
					"bytes":	0,
					"bits_per_second":	0,
					"retransmits":	0,
					"snd_cwnd":	144808688,
					"snd_wnd":	6119424,
					"rtt":	606106,
					"rttvar":	451,
					"pmtu":	1500,
					"omitted":	false,
					"sender":	true
				}],
			"sum":	{
				"start":	1.001282,
				"end":	2.001036,
				"seconds":	0.999754011631012,
				"bytes":	0,
				"bits_per_second":	0,
				"retransmits":	0,
				"omitted":	false,
				"sender":	true
			}
		}, {
			"streams":	[{
					"socket":	8,
					"start":	2.001036,
					"end":	3.001026,
					"seconds":	0.99998998641967773,
					"bytes":	0,
					"bits_per_second":	0,
					"retransmits":	97,
					"snd_cwnd":	7387696,
					"snd_wnd":	18079744,
					"rtt":	676119,
					"rttvar":	348,
					"pmtu":	1500,
					"omitted":	false,
					"sender":	true
				}],
			"sum":	{
				"start":	2.001036,
				"end":	3.001026,
				"seconds":	0.99998998641967773,
				"bytes":	0,
				"bits_per_second":	0,
				"retransmits":	97,
				"omitted":	false,
				"sender":	true
			}
		}, {
			"streams":	[{
					"socket":	8,
					"start":	3.001026,
					"end":	4.001025,
					"seconds":	0.99999898672103882,
					"bytes":	7995392,
					"bits_per_second":	63963200.812565677,
					"retransmits":	64,
					"snd_cwnd":	5529912,
					"snd_wnd":	47857664,
					"rtt":	552254,
					"rttvar":	232,
					"pmtu":	1500,
					"omitted":	false,
					"sender":	true
				}],
			"sum":	{
				"start":	3.001026,
				"end":	4.001025,
				"seconds":	0.99999898672103882,
				"bytes":	7995392,
				"bits_per_second":	63963200.812565677,
				"retransmits":	64,
				"omitted":	false,
				"sender":	true
			}
		}, {
			"streams":	[{
					"socket":	8,
					"start":	4.001025,
					"end":	5.001072,
					"seconds":	1.000046968460083,
					"bytes":	15990784,
					"bits_per_second":	127920263.78219675,
					"retransmits":	0,
					"snd_cwnd":	144808688,
					"snd_wnd":	64163840,
					"rtt":	504856,
					"rttvar":	320,
					"pmtu":	1500,
					"omitted":	false,
					"sender":	true
				}],
			"sum":	{
				"start":	4.001025,
				"end":	5.001072,
				"seconds":	1.000046968460083,
				"bytes":	15990784,
				"bits_per_second":	127920263.78219675,
				"retransmits":	0,
				"omitted":	false,
				"sender":	true
			}
		}, {
			"streams":	[{
					"socket":	8,
					"start":	5.001072,
					"end":	6.001046,
					"seconds":	0.999974012374878,
					"bytes":	8126464,
					"bits_per_second":	65013401.543907233,
					"retransmits":	440,
					"snd_cwnd":	6840352,
					"snd_wnd":	73973760,
					"rtt":	460821,
					"rttvar":	1412,
					"pmtu":	1500,
					"omitted":	false,
					"sender":	true
				}],
			"sum":	{
				"start":	5.001072,
				"end":	6.001046,
				"seconds":	0.999974012374878,
				"bytes":	8126464,
				"bits_per_second":	65013401.543907233,
				"retransmits":	440,
				"omitted":	false,
				"sender":	true
			}
		}, {
			"streams":	[{
					"socket":	8,
					"start":	6.001046,
					"end":	7.001636,
					"seconds":	1.0005899667739868,
					"bytes":	59244544,
					"bits_per_second":	473676898.36835754,
					"retransmits":	247,
					"snd_cwnd":	16675168,
					"snd_wnd":	74002432,
					"rtt":	61188,
					"rttvar":	212,
					"pmtu":	1500,
					"omitted":	false,
					"sender":	true
				}],
			"sum":	{
				"start":	6.001046,
				"end":	7.001636,
				"seconds":	1.0005899667739868,
				"bytes":	59244544,
				"bits_per_second":	473676898.36835754,
				"retransmits":	247,
				"omitted":	false,
				"sender":	true
			}
		}],
	"end":	{
		"streams":	[{
				"sender":	{
					"socket":	8,
					"start":	0,
					"end":	7.002155,
					"seconds":	7.002155,
					"bytes":	107479040,
					"bits_per_second":	122795385.13500486,
					"retransmits":	848,
					"max_snd_cwnd":	144808688,
					"max_snd_wnd":	74010624,
					"max_rtt":	676119,
					"min_rtt":	61187,
					"mean_rtt":	435518,
					"sender":	true
				},
				"receiver":	{
					"socket":	8,
					"start":	0,
					"end":	7.062941,
					"seconds":	7.002155,
					"bytes":	95420416,
					"bits_per_second":	108080094.11376932,
					"sender":	true
				}
			}],
		"sum_sent":	{
			"start":	0,
			"end":	7.002155,
			"seconds":	7.002155,
			"bytes":	107479040,
			"bits_per_second":	122795385.13500486,
			"retransmits":	848,
			"sender":	true
		},
		"sum_received":	{
			"start":	0,
			"end":	7.062941,
			"seconds":	7.062941,
			"bytes":	95420416,
			"bits_per_second":	108080094.11376932,
			"sender":	true
		},
		"cpu_utilization_percent":	{
			"host_total":	9.40205056061178,
			"host_user":	7.40039066473808,
			"host_system":	2.0016598958736993,
			"remote_total":	1.760928605469251,
			"remote_user":	0.0410166929586925,
			"remote_system":	1.7199119125105584
		},
		"sender_tcp_congestion":	"bbr",
		"receiver_tcp_congestion":	"bbr"
	}
}
