{
	"start":	{
		"connected":	[{
				"socket":	8,
				"local_host":	"172.16.0.8",
				"local_port":	42414,
				"remote_host":	"172.17.0.8",
				"remote_port":	5201
			}],
		"version":	"iperf 3.16",
		"system_info":	"Linux h1 6.12.54-0b264c55b-l4steam-117 #1 SMP PREEMPT_DYNAMIC Fri Nov  7 18:07:57 UTC 2025 x86_64",
		"timestamp":	{
			"time":	"Sun, 22 Feb 2026 01:29:32 GMT",
			"timesecs":	1771723772
		},
		"connecting_to":	{
			"host":	"172.17.0.8",
			"port":	5201
		},
		"cookie":	"fsp27m2q7fcn4gfqejj7nbc7puqorupx6qfe",
		"tcp_mss_default":	1448,
		"target_bitrate":	0,
		"fq_rate":	0,
		"sock_bufsize":	0,
		"sndbuf_actual":	1000000,
		"rcvbuf_actual":	1000000,
		"test_start":	{
			"protocol":	"TCP",
			"num_streams":	1,
			"blksize":	131072,
			"omit":	0,
			"duration":	0,
			"bytes":	107374182,
			"blocks":	0,
			"reverse":	0,
			"tos":	0,
			"target_bitrate":	0,
			"bidir":	0,
			"fqrate":	0
		}
	},
	"intervals":	[{
			"streams":	[{
					"socket":	8,
					"start":	0,
					"end":	1.001027,
					"seconds":	1.00102698802948,
					"bytes":	107479040,
					"bits_per_second":	858950188.438554,
					"retransmits":	18849,
					"snd_cwnd":	17567136,
					"snd_wnd":	53129216,
					"rtt":	186378,
					"rttvar":	12681,
					"pmtu":	1500,
					"omitted":	false,
					"sender":	true
				}],
			"sum":	{
				"start":	0,
				"end":	1.001027,
				"seconds":	1.00102698802948,
				"bytes":	107479040,
				"bits_per_second":	858950188.438554,
				"retransmits":	18849,
				"omitted":	false,
				"sender":	true
			}
		}],
	"end":	{
		"streams":	[{
				"sender":	{
					"socket":	8,
					"start":	0,
					"end":	1.001338,
					"seconds":	1.001338,
					"bytes":	107479040,
					"bits_per_second":	858683401.60864758,
					"retransmits":	19043,
					"max_snd_cwnd":	17707592,
					"max_snd_wnd":	53129216,
					"max_rtt":	187777,
					"min_rtt":	186378,
					"mean_rtt":	187077,
					"sender":	true
				},
				"receiver":	{
					"socket":	8,
					"start":	0,
					"end":	1.206224,
					"seconds":	1.001338,
					"bytes":	47579136,
					"bits_per_second":	315557548.183422,
					"sender":	true
				}
			}],
		"sum_sent":	{
			"start":	0,
			"end":	1.001338,
			"seconds":	1.001338,
			"bytes":	107479040,
			"bits_per_second":	858683401.60864758,
			"retransmits":	19043,
			"sender":	true
		},
		"sum_received":	{
			"start":	0,
			"end":	1.206224,
			"seconds":	1.206224,
			"bytes":	47579136,
			"bits_per_second":	315557548.183422,
			"sender":	true
		},
		"cpu_utilization_percent":	{
			"host_total":	58.654382649566614,
			"host_user":	55.4189547738534,
			"host_system":	3.235586611289115,
			"remote_total":	2.58663069817723,
			"remote_user":	0,
			"remote_system":	2.5867136003501789
		},
		"sender_tcp_congestion":	"bbr",
		"receiver_tcp_congestion":	"bbr"
	}
}
