{
	"start":	{
		"connected":	[{
				"socket":	8,
				"local_host":	"172.16.0.20",
				"local_port":	42384,
				"remote_host":	"172.17.0.20",
				"remote_port":	5201
			}],
		"version":	"iperf 3.16",
		"system_info":	"Linux h1 6.12.54-0b264c55b-l4steam-117 #1 SMP PREEMPT_DYNAMIC Fri Nov  7 18:07:57 UTC 2025 x86_64",
		"timestamp":	{
			"time":	"Sun, 22 Feb 2026 02:48:54 GMT",
			"timesecs":	1771728534
		},
		"connecting_to":	{
			"host":	"172.17.0.20",
			"port":	5201
		},
		"cookie":	"flv4zlr7qpj47wvlizq7albs25nyr7qitc5x",
		"tcp_mss_default":	1448,
		"target_bitrate":	0,
		"fq_rate":	0,
		"sock_bufsize":	0,
		"sndbuf_actual":	1000000,
		"rcvbuf_actual":	1000000,
		"test_start":	{
			"protocol":	"TCP",
			"num_streams":	1,
			"blksize":	131072,
			"omit":	0,
			"duration":	0,
			"bytes":	107374182,
			"blocks":	0,
			"reverse":	0,
			"tos":	0,
			"target_bitrate":	0,
			"bidir":	0,
			"fqrate":	0
		}
	},
	"intervals":	[{
			"streams":	[{
					"socket":	8,
					"start":	0,
					"end":	1.001034,
					"seconds":	1.0010340213775635,
					"bytes":	31064064,
					"bits_per_second":	248255810.18516421,
					"retransmits":	6397,
					"snd_cwnd":	6701344,
					"snd_wnd":	47558656,
					"rtt":	167287,
					"rttvar":	2229,
					"pmtu":	1500,
					"omitted":	false,
					"sender":	true
				}],
			"sum":	{
				"start":	0,
				"end":	1.001034,
				"seconds":	1.0010340213775635,
				"bytes":	31064064,
				"bits_per_second":	248255810.18516421,
				"retransmits":	6397,
				"omitted":	false,
				"sender":	true
			}
		}, {
			"streams":	[{
					"socket":	8,
					"start":	1.001034,
					"end":	2.001035,
					"seconds":	1.0000009536743164,
					"bytes":	13107200,
					"bits_per_second":	104857500.00009537,
					"retransmits":	2256,
					"snd_cwnd":	1439312,
					"snd_wnd":	60018688,
					"rtt":	118204,
					"rttvar":	3146,
					"pmtu":	1500,
					"omitted":	false,
					"sender":	true
				}],
			"sum":	{
				"start":	1.001034,
				"end":	2.001035,
				"seconds":	1.0000009536743164,
				"bytes":	13107200,
				"bits_per_second":	104857500.00009537,
				"retransmits":	2256,
				"omitted":	false,
				"sender":	true
			}
		}, {
			"streams":	[{
					"socket":	8,
					"start":	2.001035,
					"end":	3.001037,
					"seconds":	1.0000020265579224,
					"bytes":	13893632,
					"bits_per_second":	111148830.75045648,
					"retransmits":	0,
					"snd_cwnd":	1592800,
					"snd_wnd":	75370496,
					"rtt":	126880,
					"rttvar":	1728,
					"pmtu":	1500,
					"omitted":	false,
					"sender":	true
				}],
			"sum":	{
				"start":	2.001035,
				"end":	3.001037,
				"seconds":	1.0000020265579224,
				"bytes":	13893632,
				"bits_per_second":	111148830.75045648,
				"retransmits":	0,
				"omitted":	false,
				"sender":	true
			}
		}, {
			"streams":	[{
					"socket":	8,
					"start":	3.001037,
					"end":	4.003151,
					"seconds":	1.0021140575408936,
					"bytes":	9437184,
					"bits_per_second":	75338202.7044553,
					"retransmits":	0,
					"snd_cwnd":	1294512,
					"snd_wnd":	75370496,
					"rtt":	111262,
					"rttvar":	394,
					"pmtu":	1500,
					"omitted":	false,
					"sender":	true
				}],
			"sum":	{
				"start":	3.001037,
				"end":	4.003151,
				"seconds":	1.0021140575408936,
				"bytes":	9437184,
				"bits_per_second":	75338202.7044553,
				"retransmits":	0,
				"omitted":	false,
				"sender":	true
			}
		}, {
			"streams":	[{
					"socket":	8,
					"start":	4.003151,
					"end":	5.001035,
					"seconds":	0.997883975505829,
					"bytes":	9699328,
					"bits_per_second":	77759164.296297237,
					"retransmits":	21,
					"snd_cwnd":	1259760,
					"snd_wnd":	75370496,
					"rtt":	104629,
					"rttvar":	296,
					"pmtu":	1500,
					"omitted":	false,
					"sender":	true
				}],
			"sum":	{
				"start":	4.003151,
				"end":	5.001035,
				"seconds":	0.997883975505829,
				"bytes":	9699328,
				"bits_per_second":	77759164.296297237,
				"retransmits":	21,
				"omitted":	false,
				"sender":	true
			}
		}, {
			"streams":	[{
					"socket":	8,
					"start":	5.001035,
					"end":	6.001038,
					"seconds":	1.0000029802322388,
					"bytes":	9437184,
					"bits_per_second":	75497247.000670552,
					"retransmits":	0,
					"snd_cwnd":	1326368,
					"snd_wnd":	75370496,
					"rtt":	109236,
					"rttvar":	185,
					"pmtu":	1500,
					"omitted":	false,
					"sender":	true
				}],
			"sum":	{
				"start":	5.001035,
				"end":	6.001038,
				"seconds":	1.0000029802322388,
				"bytes":	9437184,
				"bits_per_second":	75497247.000670552,
				"retransmits":	0,
				"omitted":	false,
				"sender":	true
			}
		}, {
			"streams":	[{
					"socket":	8,
					"start":	6.001038,
					"end":	7.00104,
					"seconds":	1.0000020265579224,
					"bytes":	14155776,
					"bits_per_second":	113245978.5004651,
					"retransmits":	0,
					"snd_cwnd":	1337952,
					"snd_wnd":	75370496,
					"rtt":	100487,
					"rttvar":	263,
					"pmtu":	1500,
					"omitted":	false,
					"sender":	true
				}],
			"sum":	{
				"start":	6.001038,
				"end":	7.00104,
				"seconds":	1.0000020265579224,
				"bytes":	14155776,
				"bits_per_second":	113245978.5004651,
				"retransmits":	0,
				"omitted":	false,
				"sender":	true
			}
		}, {
			"streams":	[{
					"socket":	8,
					"start":	7.00104,
					"end":	8.001026,
					"seconds":	0.99998599290847778,
					"bytes":	6684672,
					"bits_per_second":	53478125.072992332,
					"retransmits":	0,
					"snd_cwnd":	1413248,
					"snd_wnd":	75370496,
					"rtt":	85485,
					"rttvar":	1270,
					"pmtu":	1500,
					"omitted":	false,
					"sender":	true
				}],
			"sum":	{
				"start":	7.00104,
				"end":	8.001026,
				"seconds":	0.99998599290847778,
				"bytes":	6684672,
				"bits_per_second":	53478125.072992332,
				"retransmits":	0,
				"omitted":	false,
				"sender":	true
			}
		}],
	"end":	{
		"streams":	[{
				"sender":	{
					"socket":	8,
					"start":	0,
					"end":	8.001195,
					"seconds":	8.001195,
					"bytes":	107479040,
					"bits_per_second":	107462987.7162099,
					"retransmits":	8674,
					"max_snd_cwnd":	6701344,
					"max_snd_wnd":	75370496,
					"max_rtt":	167287,
					"min_rtt":	85485,
					"mean_rtt":	112131,
					"sender":	true
				},
				"receiver":	{
					"socket":	8,
					"start":	0,
					"end":	8.059581,
					"seconds":	8.001195,
					"bytes":	98566144,
					"bits_per_second":	97837487.085246742,
					"sender":	true
				}
			}],
		"sum_sent":	{
			"start":	0,
			"end":	8.001195,
			"seconds":	8.001195,
			"bytes":	107479040,
			"bits_per_second":	107462987.7162099,
			"retransmits":	8674,
			"sender":	true
		},
		"sum_received":	{
			"start":	0,
			"end":	8.059581,
			"seconds":	8.059581,
			"bytes":	98566144,
			"bits_per_second":	97837487.085246742,
			"sender":	true
		},
		"cpu_utilization_percent":	{
			"host_total":	2.5619878264717286,
			"host_user":	1.6912184529763896,
			"host_system":	0.8707815164234316,
			"remote_total":	2.23596760036915,
			"remote_user":	0.11763614016480724,
			"remote_system":	2.1183314602043426
		},
		"sender_tcp_congestion":	"bbr",
		"receiver_tcp_congestion":	"bbr"
	}
}
