{
	"start":	{
		"connected":	[{
				"socket":	8,
				"local_host":	"172.16.0.21",
				"local_port":	56700,
				"remote_host":	"172.17.0.21",
				"remote_port":	5201
			}],
		"version":	"iperf 3.16",
		"system_info":	"Linux h1 6.12.54-0b264c55b-l4steam-117 #1 SMP PREEMPT_DYNAMIC Fri Nov  7 18:07:57 UTC 2025 x86_64",
		"timestamp":	{
			"time":	"Sun, 22 Feb 2026 02:48:54 GMT",
			"timesecs":	1771728534
		},
		"connecting_to":	{
			"host":	"172.17.0.21",
			"port":	5201
		},
		"cookie":	"dnvmlrnlstfknbswnt7tq3t3u4uxwu2yw7yg",
		"tcp_mss_default":	1448,
		"target_bitrate":	0,
		"fq_rate":	0,
		"sock_bufsize":	0,
		"sndbuf_actual":	1000000,
		"rcvbuf_actual":	1000000,
		"test_start":	{
			"protocol":	"TCP",
			"num_streams":	1,
			"blksize":	131072,
			"omit":	0,
			"duration":	0,
			"bytes":	107374182,
			"blocks":	0,
			"reverse":	0,
			"tos":	0,
			"target_bitrate":	0,
			"bidir":	0,
			"fqrate":	0
		}
	},
	"intervals":	[{
			"streams":	[{
					"socket":	8,
					"start":	0,
					"end":	1.001037,
					"seconds":	1.0010370016098022,
					"bytes":	30015488,
					"bits_per_second":	239875153.08010438,
					"retransmits":	9539,
					"snd_cwnd":	9494536,
					"snd_wnd":	36626432,
					"rtt":	228662,
					"rttvar":	3290,
					"pmtu":	1500,
					"omitted":	false,
					"sender":	true
				}],
			"sum":	{
				"start":	0,
				"end":	1.001037,
				"seconds":	1.0010370016098022,
				"bytes":	30015488,
				"bits_per_second":	239875153.08010438,
				"retransmits":	9539,
				"omitted":	false,
				"sender":	true
			}
		}, {
			"streams":	[{
					"socket":	8,
					"start":	1.001037,
					"end":	2.001038,
					"seconds":	1.0000009536743164,
					"bytes":	14286848,
					"bits_per_second":	114294675.00010395,
					"retransmits":	5451,
					"snd_cwnd":	5162120,
					"snd_wnd":	60112896,
					"rtt":	193741,
					"rttvar":	2035,
					"pmtu":	1500,
					"omitted":	false,
					"sender":	true
				}],
			"sum":	{
				"start":	1.001037,
				"end":	2.001038,
				"seconds":	1.0000009536743164,
				"bytes":	14286848,
				"bits_per_second":	114294675.00010395,
				"retransmits":	5451,
				"omitted":	false,
				"sender":	true
			}
		}, {
			"streams":	[{
					"socket":	8,
					"start":	2.001038,
					"end":	3.001035,
					"seconds":	0.99999701976776123,
					"bytes":	11272192,
					"bits_per_second":	90177804.750800937,
					"retransmits":	2530,
					"snd_cwnd":	2311008,
					"snd_wnd":	69050368,
					"rtt":	212738,
					"rttvar":	3025,
					"pmtu":	1500,
					"omitted":	false,
					"sender":	true
				}],
			"sum":	{
				"start":	2.001038,
				"end":	3.001035,
				"seconds":	0.99999701976776123,
				"bytes":	11272192,
				"bits_per_second":	90177804.750800937,
				"retransmits":	2530,
				"omitted":	false,
				"sender":	true
			}
		}, {
			"streams":	[{
					"socket":	8,
					"start":	3.001035,
					"end":	4.001036,
					"seconds":	1.0000009536743164,
					"bytes":	13762560,
					"bits_per_second":	110100375.00010014,
					"retransmits":	1145,
					"snd_cwnd":	1529088,
					"snd_wnd":	69705728,
					"rtt":	116270,
					"rttvar":	1743,
					"pmtu":	1500,
					"omitted":	false,
					"sender":	true
				}],
			"sum":	{
				"start":	3.001035,
				"end":	4.001036,
				"seconds":	1.0000009536743164,
				"bytes":	13762560,
				"bits_per_second":	110100375.00010014,
				"retransmits":	1145,
				"omitted":	false,
				"sender":	true
			}
		}, {
			"streams":	[{
					"socket":	8,
					"start":	4.001036,
					"end":	5.001033,
					"seconds":	0.99999701976776123,
					"bytes":	9306112,
					"bits_per_second":	74449117.875661239,
					"retransmits":	0,
					"snd_cwnd":	1378496,
					"snd_wnd":	69705728,
					"rtt":	132009,
					"rttvar":	932,
					"pmtu":	1500,
					"omitted":	false,
					"sender":	true
				}],
			"sum":	{
				"start":	4.001036,
				"end":	5.001033,
				"seconds":	0.99999701976776123,
				"bytes":	9306112,
				"bits_per_second":	74449117.875661239,
				"retransmits":	0,
				"omitted":	false,
				"sender":	true
			}
		}, {
			"streams":	[{
					"socket":	8,
					"start":	5.001033,
					"end":	6.001049,
					"seconds":	1.0000159740448,
					"bytes":	14024704,
					"bits_per_second":	112195839.778629,
					"retransmits":	0,
					"snd_cwnd":	1404560,
					"snd_wnd":	69693440,
					"rtt":	124540,
					"rttvar":	1783,
					"pmtu":	1500,
					"omitted":	false,
					"sender":	true
				}],
			"sum":	{
				"start":	5.001033,
				"end":	6.001049,
				"seconds":	1.0000159740448,
				"bytes":	14024704,
				"bits_per_second":	112195839.778629,
				"retransmits":	0,
				"omitted":	false,
				"sender":	true
			}
		}, {
			"streams":	[{
					"socket":	8,
					"start":	6.001049,
					"end":	7.001858,
					"seconds":	1.0008089542388916,
					"bytes":	9306112,
					"bits_per_second":	74388718.930495456,
					"retransmits":	0,
					"snd_cwnd":	1462480,
					"snd_wnd":	69693440,
					"rtt":	129244,
					"rttvar":	1690,
					"pmtu":	1500,
					"omitted":	false,
					"sender":	true
				}],
			"sum":	{
				"start":	6.001049,
				"end":	7.001858,
				"seconds":	1.0008089542388916,
				"bytes":	9306112,
				"bits_per_second":	74388718.930495456,
				"retransmits":	0,
				"omitted":	false,
				"sender":	true
			}
		}, {
			"streams":	[{
					"socket":	8,
					"start":	7.001858,
					"end":	8.005549,
					"seconds":	1.0036909580230713,
					"bytes":	5505024,
					"bits_per_second":	43878239.260762244,
					"retransmits":	0,
					"snd_cwnd":	1503024,
					"snd_wnd":	69705728,
					"rtt":	133399,
					"rttvar":	564,
					"pmtu":	1500,
					"omitted":	false,
					"sender":	true
				}],
			"sum":	{
				"start":	7.001858,
				"end":	8.005549,
				"seconds":	1.0036909580230713,
				"bytes":	5505024,
				"bits_per_second":	43878239.260762244,
				"retransmits":	0,
				"omitted":	false,
				"sender":	true
			}
		}],
	"end":	{
		"streams":	[{
				"sender":	{
					"socket":	8,
					"start":	0,
					"end":	8.005822,
					"seconds":	8.005822,
					"bytes":	107479040,
					"bits_per_second":	107400879.01030025,
					"retransmits":	18665,
					"max_snd_cwnd":	9494536,
					"max_snd_wnd":	69705728,
					"max_rtt":	228662,
					"min_rtt":	116270,
					"mean_rtt":	156000,
					"sender":	true
				},
				"receiver":	{
					"socket":	8,
					"start":	0,
					"end":	8.063392,
					"seconds":	8.005822,
					"bytes":	102629376,
					"bits_per_second":	101822534.2386926,
					"sender":	true
				}
			}],
		"sum_sent":	{
			"start":	0,
			"end":	8.005822,
			"seconds":	8.005822,
			"bytes":	107479040,
			"bits_per_second":	107400879.01030025,
			"retransmits":	18665,
			"sender":	true
		},
		"sum_received":	{
			"start":	0,
			"end":	8.063392,
			"seconds":	8.063392,
			"bytes":	102629376,
			"bits_per_second":	101822534.2386926,
			"sender":	true
		},
		"cpu_utilization_percent":	{
			"host_total":	5.313265283719244,
			"host_user":	4.5157235801725921,
			"host_system":	0.79754170354665277,
			"remote_total":	2.1937619684180723,
			"remote_user":	0.082124074321419147,
			"remote_system":	2.1117123043119852
		},
		"sender_tcp_congestion":	"bbr",
		"receiver_tcp_congestion":	"bbr"
	}
}
