{
	"start":	{
		"connected":	[{
				"socket":	8,
				"local_host":	"172.16.0.65",
				"local_port":	49070,
				"remote_host":	"172.17.0.65",
				"remote_port":	5201
			}],
		"version":	"iperf 3.16",
		"system_info":	"Linux h1 6.12.54-0b264c55b-l4steam-117 #1 SMP PREEMPT_DYNAMIC Fri Nov  7 18:07:57 UTC 2025 x86_64",
		"timestamp":	{
			"time":	"Sun, 22 Feb 2026 02:48:55 GMT",
			"timesecs":	1771728535
		},
		"connecting_to":	{
			"host":	"172.17.0.65",
			"port":	5201
		},
		"cookie":	"jioioe3k4wmn5x2ie2go45y6jvvlbwczfniq",
		"tcp_mss_default":	1448,
		"target_bitrate":	0,
		"fq_rate":	0,
		"sock_bufsize":	0,
		"sndbuf_actual":	1000000,
		"rcvbuf_actual":	1000000,
		"test_start":	{
			"protocol":	"TCP",
			"num_streams":	1,
			"blksize":	131072,
			"omit":	0,
			"duration":	0,
			"bytes":	107374182,
			"blocks":	0,
			"reverse":	0,
			"tos":	0,
			"target_bitrate":	0,
			"bidir":	0,
			"fqrate":	0
		}
	},
	"intervals":	[{
			"streams":	[{
					"socket":	8,
					"start":	0,
					"end":	1.001039,
					"seconds":	1.0010390281677246,
					"bytes":	19267584,
					"bits_per_second":	153980681.73439252,
					"retransmits":	1901,
					"snd_cwnd":	4459840,
					"snd_wnd":	31207424,
					"rtt":	148144,
					"rttvar":	1416,
					"pmtu":	1500,
					"omitted":	false,
					"sender":	true
				}],
			"sum":	{
				"start":	0,
				"end":	1.001039,
				"seconds":	1.0010390281677246,
				"bytes":	19267584,
				"bits_per_second":	153980681.73439252,
				"retransmits":	1901,
				"omitted":	false,
				"sender":	true
			}
		}, {
			"streams":	[{
					"socket":	8,
					"start":	1.001039,
					"end":	2.00104,
					"seconds":	1.0000009536743164,
					"bytes":	13893632,
					"bits_per_second":	111148950.00010109,
					"retransmits":	666,
					"snd_cwnd":	2030096,
					"snd_wnd":	49774592,
					"rtt":	177565,
					"rttvar":	847,
					"pmtu":	1500,
					"omitted":	false,
					"sender":	true
				}],
			"sum":	{
				"start":	1.001039,
				"end":	2.00104,
				"seconds":	1.0000009536743164,
				"bytes":	13893632,
				"bits_per_second":	111148950.00010109,
				"retransmits":	666,
				"omitted":	false,
				"sender":	true
			}
		}, {
			"streams":	[{
					"socket":	8,
					"start":	2.00104,
					"end":	3.001033,
					"seconds":	0.99999302625656128,
					"bytes":	14548992,
					"bits_per_second":	116392747.69316053,
					"retransmits":	78,
					"snd_cwnd":	1867920,
					"snd_wnd":	68005888,
					"rtt":	171189,
					"rttvar":	309,
					"pmtu":	1500,
					"omitted":	false,
					"sender":	true
				}],
			"sum":	{
				"start":	2.00104,
				"end":	3.001033,
				"seconds":	0.99999302625656128,
				"bytes":	14548992,
				"bits_per_second":	116392747.69316053,
				"retransmits":	78,
				"omitted":	false,
				"sender":	true
			}
		}, {
			"streams":	[{
					"socket":	8,
					"start":	3.001033,
					"end":	4.001032,
					"seconds":	0.99999898672103882,
					"bytes":	15335424,
					"bits_per_second":	122683516.31262596,
					"retransmits":	192,
					"snd_cwnd":	1601488,
					"snd_wnd":	68907008,
					"rtt":	154668,
					"rttvar":	364,
					"pmtu":	1500,
					"omitted":	false,
					"sender":	true
				}],
			"sum":	{
				"start":	3.001033,
				"end":	4.001032,
				"seconds":	0.99999898672103882,
				"bytes":	15335424,
				"bits_per_second":	122683516.31262596,
				"retransmits":	192,
				"omitted":	false,
				"sender":	true
			}
		}, {
			"streams":	[{
					"socket":	8,
					"start":	4.001032,
					"end":	5.001049,
					"seconds":	1.0000170469284058,
					"bytes":	10092544,
					"bits_per_second":	80738975.648462564,
					"retransmits":	16,
					"snd_cwnd":	1366912,
					"snd_wnd":	68907008,
					"rtt":	100443,
					"rttvar":	181,
					"pmtu":	1500,
					"omitted":	false,
					"sender":	true
				}],
			"sum":	{
				"start":	4.001032,
				"end":	5.001049,
				"seconds":	1.0000170469284058,
				"bytes":	10092544,
				"bits_per_second":	80738975.648462564,
				"retransmits":	16,
				"omitted":	false,
				"sender":	true
			}
		}, {
			"streams":	[{
					"socket":	8,
					"start":	5.001049,
					"end":	6.001043,
					"seconds":	0.99999397993087769,
					"bytes":	10223616,
					"bits_per_second":	81789420.377964154,
					"retransmits":	0,
					"snd_cwnd":	1390080,
					"snd_wnd":	68907008,
					"rtt":	96352,
					"rttvar":	1276,
					"pmtu":	1500,
					"omitted":	false,
					"sender":	true
				}],
			"sum":	{
				"start":	5.001049,
				"end":	6.001043,
				"seconds":	0.99999397993087769,
				"bytes":	10223616,
				"bits_per_second":	81789420.377964154,
				"retransmits":	0,
				"omitted":	false,
				"sender":	true
			}
		}, {
			"streams":	[{
					"socket":	8,
					"start":	6.001043,
					"end":	7.005736,
					"seconds":	1.0046930313110352,
					"bytes":	10092544,
					"bits_per_second":	80363204.9628542,
					"retransmits":	0,
					"snd_cwnd":	1433520,
					"snd_wnd":	68907008,
					"rtt":	82942,
					"rttvar":	1733,
					"pmtu":	1500,
					"omitted":	false,
					"sender":	true
				}],
			"sum":	{
				"start":	6.001043,
				"end":	7.005736,
				"seconds":	1.0046930313110352,
				"bytes":	10092544,
				"bits_per_second":	80363204.9628542,
				"retransmits":	0,
				"omitted":	false,
				"sender":	true
			}
		}, {
			"streams":	[{
					"socket":	8,
					"start":	7.005736,
					"end":	8.001021,
					"seconds":	0.99528497457504272,
					"bytes":	10092544,
					"bits_per_second":	81122848.29224287,
					"retransmits":	10,
					"snd_cwnd":	1867920,
					"snd_wnd":	68907008,
					"rtt":	60040,
					"rttvar":	175,
					"pmtu":	1500,
					"omitted":	false,
					"sender":	true
				}],
			"sum":	{
				"start":	7.005736,
				"end":	8.001021,
				"seconds":	0.99528497457504272,
				"bytes":	10092544,
				"bits_per_second":	81122848.29224287,
				"retransmits":	10,
				"omitted":	false,
				"sender":	true
			}
		}, {
			"streams":	[{
					"socket":	8,
					"start":	8.001021,
					"end":	9.001026,
					"seconds":	1.0000050067901611,
					"bytes":	3932160,
					"bits_per_second":	31457122.500788566,
					"retransmits":	0,
					"snd_cwnd":	3133472,
					"snd_wnd":	68907008,
					"rtt":	57684,
					"rttvar":	124,
					"pmtu":	1500,
					"omitted":	false,
					"sender":	true
				}],
			"sum":	{
				"start":	8.001021,
				"end":	9.001026,
				"seconds":	1.0000050067901611,
				"bytes":	3932160,
				"bits_per_second":	31457122.500788566,
				"retransmits":	0,
				"omitted":	false,
				"sender":	true
			}
		}],
	"end":	{
		"streams":	[{
				"sender":	{
					"socket":	8,
					"start":	0,
					"end":	9.009903,
					"seconds":	9.009903,
					"bytes":	107479040,
					"bits_per_second":	95431917.5245283,
					"retransmits":	2863,
					"max_snd_cwnd":	4459840,
					"max_snd_wnd":	68907008,
					"max_rtt":	177565,
					"min_rtt":	57684,
					"mean_rtt":	110671,
					"sender":	true
				},
				"receiver":	{
					"socket":	8,
					"start":	0,
					"end":	9.312726,
					"seconds":	9.009903,
					"bytes":	107479040,
					"bits_per_second":	92328746.706388652,
					"sender":	true
				}
			}],
		"sum_sent":	{
			"start":	0,
			"end":	9.009903,
			"seconds":	9.009903,
			"bytes":	107479040,
			"bits_per_second":	95431917.5245283,
			"retransmits":	2863,
			"sender":	true
		},
		"sum_received":	{
			"start":	0,
			"end":	9.312726,
			"seconds":	9.312726,
			"bytes":	107479040,
			"bits_per_second":	92328746.706388652,
			"sender":	true
		},
		"cpu_utilization_percent":	{
			"host_total":	6.0080007821624122,
			"host_user":	3.306915048739703,
			"host_system":	2.70104372684847,
			"remote_total":	2.2744653613147929,
			"remote_user":	0.0415989368540165,
			"remote_system":	2.2328664244607763
		},
		"sender_tcp_congestion":	"bbr",
		"receiver_tcp_congestion":	"bbr"
	}
}
