{
	"start":	{
		"connected":	[{
				"socket":	8,
				"local_host":	"172.16.0.77",
				"local_port":	35138,
				"remote_host":	"172.17.0.77",
				"remote_port":	5201
			}],
		"version":	"iperf 3.16",
		"system_info":	"Linux h1 6.12.54-0b264c55b-l4steam-117 #1 SMP PREEMPT_DYNAMIC Fri Nov  7 18:07:57 UTC 2025 x86_64",
		"timestamp":	{
			"time":	"Sun, 22 Feb 2026 02:48:55 GMT",
			"timesecs":	1771728535
		},
		"connecting_to":	{
			"host":	"172.17.0.77",
			"port":	5201
		},
		"cookie":	"gh52xpvmbqelkhuj5zxvk43ojicvhletmb5z",
		"tcp_mss_default":	1448,
		"target_bitrate":	0,
		"fq_rate":	0,
		"sock_bufsize":	0,
		"sndbuf_actual":	1000000,
		"rcvbuf_actual":	1000000,
		"test_start":	{
			"protocol":	"TCP",
			"num_streams":	1,
			"blksize":	131072,
			"omit":	0,
			"duration":	0,
			"bytes":	107374182,
			"blocks":	0,
			"reverse":	0,
			"tos":	0,
			"target_bitrate":	0,
			"bidir":	0,
			"fqrate":	0
		}
	},
	"intervals":	[{
			"streams":	[{
					"socket":	8,
					"start":	0,
					"end":	1.001043,
					"seconds":	1.00104296207428,
					"bytes":	15859712,
					"bits_per_second":	126745505.2449441,
					"retransmits":	3332,
					"snd_cwnd":	4414952,
					"snd_wnd":	21753856,
					"rtt":	296133,
					"rttvar":	7375,
					"pmtu":	1500,
					"omitted":	false,
					"sender":	true
				}],
			"sum":	{
				"start":	0,
				"end":	1.001043,
				"seconds":	1.00104296207428,
				"bytes":	15859712,
				"bits_per_second":	126745505.2449441,
				"retransmits":	3332,
				"omitted":	false,
				"sender":	true
			}
		}, {
			"streams":	[{
					"socket":	8,
					"start":	1.001043,
					"end":	2.001039,
					"seconds":	0.9999960064888,
					"bytes":	10485760,
					"bits_per_second":	83886415.001337826,
					"retransmits":	756,
					"snd_cwnd":	4917408,
					"snd_wnd":	41369600,
					"rtt":	378283,
					"rttvar":	782,
					"pmtu":	1500,
					"omitted":	false,
					"sender":	true
				}],
			"sum":	{
				"start":	1.001043,
				"end":	2.001039,
				"seconds":	0.9999960064888,
				"bytes":	10485760,
				"bits_per_second":	83886415.001337826,
				"retransmits":	756,
				"omitted":	false,
				"sender":	true
			}
		}, {
			"streams":	[{
					"socket":	8,
					"start":	2.001039,
					"end":	3.001038,
					"seconds":	0.99999898672103882,
					"bytes":	30408704,
					"bits_per_second":	243269878.50024977,
					"retransmits":	2107,
					"snd_cwnd":	3032112,
					"snd_wnd":	56418304,
					"rtt":	183932,
					"rttvar":	1211,
					"pmtu":	1500,
					"omitted":	false,
					"sender":	true
				}],
			"sum":	{
				"start":	2.001039,
				"end":	3.001038,
				"seconds":	0.99999898672103882,
				"bytes":	30408704,
				"bits_per_second":	243269878.50024977,
				"retransmits":	2107,
				"omitted":	false,
				"sender":	true
			}
		}, {
			"streams":	[{
					"socket":	8,
					"start":	3.001038,
					"end":	4.001297,
					"seconds":	1.0002590417861938,
					"bytes":	11272192,
					"bits_per_second":	90154182.29958427,
					"retransmits":	1573,
					"snd_cwnd":	1439312,
					"snd_wnd":	58404864,
					"rtt":	133487,
					"rttvar":	806,
					"pmtu":	1500,
					"omitted":	false,
					"sender":	true
				}],
			"sum":	{
				"start":	3.001038,
				"end":	4.001297,
				"seconds":	1.0002590417861938,
				"bytes":	11272192,
				"bits_per_second":	90154182.29958427,
				"retransmits":	1573,
				"omitted":	false,
				"sender":	true
			}
		}, {
			"streams":	[{
					"socket":	8,
					"start":	4.001297,
					"end":	5.001146,
					"seconds":	0.999849021434784,
					"bytes":	10878976,
					"bits_per_second":	87044949.921648473,
					"retransmits":	18,
					"snd_cwnd":	1882400,
					"snd_wnd":	58404864,
					"rtt":	83840,
					"rttvar":	82,
					"pmtu":	1500,
					"omitted":	false,
					"sender":	true
				}],
			"sum":	{
				"start":	4.001297,
				"end":	5.001146,
				"seconds":	0.999849021434784,
				"bytes":	10878976,
				"bits_per_second":	87044949.921648473,
				"retransmits":	18,
				"omitted":	false,
				"sender":	true
			}
		}, {
			"streams":	[{
					"socket":	8,
					"start":	5.001146,
					"end":	6.001041,
					"seconds":	0.99989497661590576,
					"bytes":	11010048,
					"bits_per_second":	88089635.471620858,
					"retransmits":	0,
					"snd_cwnd":	1673888,
					"snd_wnd":	58413056,
					"rtt":	64112,
					"rttvar":	293,
					"pmtu":	1500,
					"omitted":	false,
					"sender":	true
				}],
			"sum":	{
				"start":	5.001146,
				"end":	6.001041,
				"seconds":	0.99989497661590576,
				"bytes":	11010048,
				"bits_per_second":	88089635.471620858,
				"retransmits":	0,
				"omitted":	false,
				"sender":	true
			}
		}, {
			"streams":	[{
					"socket":	8,
					"start":	6.001041,
					"end":	7.004472,
					"seconds":	1.003430962562561,
					"bytes":	11010048,
					"bits_per_second":	87779216.7934109,
					"retransmits":	0,
					"snd_cwnd":	1352432,
					"snd_wnd":	58413056,
					"rtt":	63711,
					"rttvar":	275,
					"pmtu":	1500,
					"omitted":	false,
					"sender":	true
				}],
			"sum":	{
				"start":	6.001041,
				"end":	7.004472,
				"seconds":	1.003430962562561,
				"bytes":	11010048,
				"bits_per_second":	87779216.7934109,
				"retransmits":	0,
				"omitted":	false,
				"sender":	true
			}
		}, {
			"streams":	[{
					"socket":	8,
					"start":	7.004472,
					"end":	8.000476,
					"seconds":	0.99600398540496826,
					"bytes":	6553600,
					"bits_per_second":	52639146.798878334,
					"retransmits":	18,
					"snd_cwnd":	1737600,
					"snd_wnd":	58413056,
					"rtt":	64059,
					"rttvar":	176,
					"pmtu":	1500,
					"omitted":	false,
					"sender":	true
				}],
			"sum":	{
				"start":	7.004472,
				"end":	8.000476,
				"seconds":	0.99600398540496826,
				"bytes":	6553600,
				"bits_per_second":	52639146.798878334,
				"retransmits":	18,
				"omitted":	false,
				"sender":	true
			}
		}],
	"end":	{
		"streams":	[{
				"sender":	{
					"socket":	8,
					"start":	0,
					"end":	8.004601,
					"seconds":	8.004601,
					"bytes":	107479040,
					"bits_per_second":	107417261.64739506,
					"retransmits":	7804,
					"max_snd_cwnd":	4917408,
					"max_snd_wnd":	58413056,
					"max_rtt":	378283,
					"min_rtt":	63711,
					"mean_rtt":	147946,
					"sender":	true
				},
				"receiver":	{
					"socket":	8,
					"start":	0,
					"end":	8.082664,
					"seconds":	8.004601,
					"bytes":	84803584,
					"bits_per_second":	83936270.516750425,
					"sender":	true
				}
			}],
		"sum_sent":	{
			"start":	0,
			"end":	8.004601,
			"seconds":	8.004601,
			"bytes":	107479040,
			"bits_per_second":	107417261.64739506,
			"retransmits":	7804,
			"sender":	true
		},
		"sum_received":	{
			"start":	0,
			"end":	8.082664,
			"seconds":	8.082664,
			"bytes":	84803584,
			"bits_per_second":	83936270.516750425,
			"sender":	true
		},
		"cpu_utilization_percent":	{
			"host_total":	3.8377863101179974,
			"host_user":	3.2110352246041618,
			"host_system":	0.62672814020592726,
			"remote_total":	2.387116944765467,
			"remote_user":	0.00915538028913433,
			"remote_system":	2.3779739366118586
		},
		"sender_tcp_congestion":	"bbr",
		"receiver_tcp_congestion":	"bbr"
	}
}
