{
	"start":	{
		"connected":	[{
				"socket":	8,
				"local_host":	"172.16.0.86",
				"local_port":	45814,
				"remote_host":	"172.17.0.86",
				"remote_port":	5201
			}],
		"version":	"iperf 3.16",
		"system_info":	"Linux h1 6.12.54-0b264c55b-l4steam-117 #1 SMP PREEMPT_DYNAMIC Fri Nov  7 18:07:57 UTC 2025 x86_64",
		"timestamp":	{
			"time":	"Sun, 22 Feb 2026 02:48:56 GMT",
			"timesecs":	1771728536
		},
		"connecting_to":	{
			"host":	"172.17.0.86",
			"port":	5201
		},
		"cookie":	"gthdhtcnoepdupyz3pdhv5ikdouz7u7mhipf",
		"tcp_mss_default":	1448,
		"target_bitrate":	0,
		"fq_rate":	0,
		"sock_bufsize":	0,
		"sndbuf_actual":	1000000,
		"rcvbuf_actual":	1000000,
		"test_start":	{
			"protocol":	"TCP",
			"num_streams":	1,
			"blksize":	131072,
			"omit":	0,
			"duration":	0,
			"bytes":	107374182,
			"blocks":	0,
			"reverse":	0,
			"tos":	0,
			"target_bitrate":	0,
			"bidir":	0,
			"fqrate":	0
		}
	},
	"intervals":	[{
			"streams":	[{
					"socket":	8,
					"start":	0,
					"end":	1.001041,
					"seconds":	1.001041054725647,
					"bytes":	16121856,
					"bits_per_second":	128840717.7619182,
					"retransmits":	1792,
					"snd_cwnd":	2493456,
					"snd_wnd":	13488128,
					"rtt":	359284,
					"rttvar":	30254,
					"pmtu":	1500,
					"omitted":	false,
					"sender":	true
				}],
			"sum":	{
				"start":	0,
				"end":	1.001041,
				"seconds":	1.001041054725647,
				"bytes":	16121856,
				"bits_per_second":	128840717.7619182,
				"retransmits":	1792,
				"omitted":	false,
				"sender":	true
			}
		}, {
			"streams":	[{
					"socket":	8,
					"start":	1.001041,
					"end":	2.001036,
					"seconds":	0.999994993209839,
					"bytes":	13107200,
					"bits_per_second":	104858125.00262858,
					"retransmits":	2735,
					"snd_cwnd":	1818688,
					"snd_wnd":	25280512,
					"rtt":	108867,
					"rttvar":	1388,
					"pmtu":	1500,
					"omitted":	false,
					"sender":	true
				}],
			"sum":	{
				"start":	1.001041,
				"end":	2.001036,
				"seconds":	0.999994993209839,
				"bytes":	13107200,
				"bits_per_second":	104858125.00262858,
				"retransmits":	2735,
				"omitted":	false,
				"sender":	true
			}
		}, {
			"streams":	[{
					"socket":	8,
					"start":	2.001036,
					"end":	3.001031,
					"seconds":	0.999994993209839,
					"bytes":	8126464,
					"bits_per_second":	65012037.501629718,
					"retransmits":	0,
					"snd_cwnd":	1810000,
					"snd_wnd":	25280512,
					"rtt":	174335,
					"rttvar":	354,
					"pmtu":	1500,
					"omitted":	false,
					"sender":	true
				}],
			"sum":	{
				"start":	2.001036,
				"end":	3.001031,
				"seconds":	0.999994993209839,
				"bytes":	8126464,
				"bits_per_second":	65012037.501629718,
				"retransmits":	0,
				"omitted":	false,
				"sender":	true
			}
		}, {
			"streams":	[{
					"socket":	8,
					"start":	3.001031,
					"end":	4.001998,
					"seconds":	1.0009670257568359,
					"bytes":	16252928,
					"bits_per_second":	129897809.47248355,
					"retransmits":	0,
					"snd_cwnd":	1413248,
					"snd_wnd":	25280512,
					"rtt":	64764,
					"rttvar":	272,
					"pmtu":	1500,
					"omitted":	false,
					"sender":	true
				}],
			"sum":	{
				"start":	3.001031,
				"end":	4.001998,
				"seconds":	1.0009670257568359,
				"bytes":	16252928,
				"bits_per_second":	129897809.47248355,
				"retransmits":	0,
				"omitted":	false,
				"sender":	true
			}
		}, {
			"streams":	[{
					"socket":	8,
					"start":	4.001998,
					"end":	5.002283,
					"seconds":	1.0002850294113159,
					"bytes":	20447232,
					"bits_per_second":	163531244.785567,
					"retransmits":	0,
					"snd_cwnd":	2455808,
					"snd_wnd":	25280512,
					"rtt":	64269,
					"rttvar":	307,
					"pmtu":	1500,
					"omitted":	false,
					"sender":	true
				}],
			"sum":	{
				"start":	4.001998,
				"end":	5.002283,
				"seconds":	1.0002850294113159,
				"bytes":	20447232,
				"bits_per_second":	163531244.785567,
				"retransmits":	0,
				"omitted":	false,
				"sender":	true
			}
		}, {
			"streams":	[{
					"socket":	8,
					"start":	5.002283,
					"end":	6.001027,
					"seconds":	0.998744010925293,
					"bytes":	7471104,
					"bits_per_second":	59843995.404414766,
					"retransmits":	150,
					"snd_cwnd":	2455808,
					"snd_wnd":	25165824,
					"rtt":	198421,
					"rttvar":	328,
					"pmtu":	1500,
					"omitted":	false,
					"sender":	true
				}],
			"sum":	{
				"start":	5.002283,
				"end":	6.001027,
				"seconds":	0.998744010925293,
				"bytes":	7471104,
				"bits_per_second":	59843995.404414766,
				"retransmits":	150,
				"omitted":	false,
				"sender":	true
			}
		}, {
			"streams":	[{
					"socket":	8,
					"start":	6.001027,
					"end":	7.001941,
					"seconds":	1.0009139776229858,
					"bytes":	17563648,
					"bits_per_second":	140380879.01788259,
					"retransmits":	587,
					"snd_cwnd":	2325488,
					"snd_wnd":	25280512,
					"rtt":	138516,
					"rttvar":	2002,
					"pmtu":	1500,
					"omitted":	false,
					"sender":	true
				}],
			"sum":	{
				"start":	6.001027,
				"end":	7.001941,
				"seconds":	1.0009139776229858,
				"bytes":	17563648,
				"bits_per_second":	140380879.01788259,
				"retransmits":	587,
				"omitted":	false,
				"sender":	true
			}
		}, {
			"streams":	[{
					"socket":	8,
					"start":	7.001941,
					"end":	8.001025,
					"seconds":	0.9990839958190918,
					"bytes":	8388608,
					"bits_per_second":	67170392.3602352,
					"retransmits":	59,
					"snd_cwnd":	3147952,
					"snd_wnd":	32301056,
					"rtt":	61331,
					"rttvar":	205,
					"pmtu":	1500,
					"omitted":	false,
					"sender":	true
				}],
			"sum":	{
				"start":	7.001941,
				"end":	8.001025,
				"seconds":	0.9990839958190918,
				"bytes":	8388608,
				"bits_per_second":	67170392.3602352,
				"retransmits":	59,
				"omitted":	false,
				"sender":	true
			}
		}],
	"end":	{
		"streams":	[{
				"sender":	{
					"socket":	8,
					"start":	0,
					"end":	8.001313,
					"seconds":	8.001313,
					"bytes":	107479040,
					"bits_per_second":	107461402.89724949,
					"retransmits":	5323,
					"max_snd_cwnd":	3147952,
					"max_snd_wnd":	32301056,
					"max_rtt":	359284,
					"min_rtt":	61276,
					"mean_rtt":	136784,
					"sender":	true
				},
				"receiver":	{
					"socket":	8,
					"start":	0,
					"end":	8.115486,
					"seconds":	8.001313,
					"bytes":	96337920,
					"bits_per_second":	94967000.1279036,
					"sender":	true
				}
			}],
		"sum_sent":	{
			"start":	0,
			"end":	8.001313,
			"seconds":	8.001313,
			"bytes":	107479040,
			"bits_per_second":	107461402.89724949,
			"retransmits":	5323,
			"sender":	true
		},
		"sum_received":	{
			"start":	0,
			"end":	8.115486,
			"seconds":	8.115486,
			"bytes":	96337920,
			"bits_per_second":	94967000.1279036,
			"sender":	true
		},
		"cpu_utilization_percent":	{
			"host_total":	1.4595946385853884,
			"host_user":	0.979528667988026,
			"host_system":	0.48006597059736245,
			"remote_total":	2.4664900499045039,
			"remote_user":	0.14395909062904319,
			"remote_system":	2.3225556034748318
		},
		"sender_tcp_congestion":	"bbr",
		"receiver_tcp_congestion":	"bbr"
	}
}
