{
	"start":	{
		"connected":	[{
				"socket":	8,
				"local_host":	"172.16.0.56",
				"local_port":	38248,
				"remote_host":	"172.17.0.56",
				"remote_port":	5201
			}],
		"version":	"iperf 3.16",
		"system_info":	"Linux h1 6.12.54-0b264c55b-l4steam-117 #1 SMP PREEMPT_DYNAMIC Fri Nov  7 18:07:57 UTC 2025 x86_64",
		"timestamp":	{
			"time":	"Sun, 22 Feb 2026 02:14:08 GMT",
			"timesecs":	1771726448
		},
		"connecting_to":	{
			"host":	"172.17.0.56",
			"port":	5201
		},
		"cookie":	"spq4jyvp2qtpfendrpoifhddnj6mawhf4efh",
		"tcp_mss_default":	1448,
		"target_bitrate":	0,
		"fq_rate":	0,
		"sock_bufsize":	0,
		"sndbuf_actual":	1000000,
		"rcvbuf_actual":	1000000,
		"test_start":	{
			"protocol":	"TCP",
			"num_streams":	1,
			"blksize":	131072,
			"omit":	0,
			"duration":	0,
			"bytes":	107374182,
			"blocks":	0,
			"reverse":	0,
			"tos":	0,
			"target_bitrate":	0,
			"bidir":	0,
			"fqrate":	0
		}
	},
	"intervals":	[{
			"streams":	[{
					"socket":	8,
					"start":	0,
					"end":	1.002812,
					"seconds":	1.0028120279312134,
					"bytes":	27656192,
					"bits_per_second":	220629120.75001192,
					"retransmits":	5741,
					"snd_cwnd":	5502400,
					"snd_wnd":	22499328,
					"rtt":	99458,
					"rttvar":	3957,
					"pmtu":	1500,
					"omitted":	false,
					"sender":	true
				}],
			"sum":	{
				"start":	0,
				"end":	1.002812,
				"seconds":	1.0028120279312134,
				"bytes":	27656192,
				"bits_per_second":	220629120.75001192,
				"retransmits":	5741,
				"omitted":	false,
				"sender":	true
			}
		}, {
			"streams":	[{
					"socket":	8,
					"start":	1.002812,
					"end":	2.000797,
					"seconds":	0.997985005378723,
					"bytes":	11403264,
					"bits_per_second":	91410303.269417167,
					"retransmits":	2313,
					"snd_cwnd":	1972176,
					"snd_wnd":	35700736,
					"rtt":	69886,
					"rttvar":	1899,
					"pmtu":	1500,
					"omitted":	false,
					"sender":	true
				}],
			"sum":	{
				"start":	1.002812,
				"end":	2.000797,
				"seconds":	0.997985005378723,
				"bytes":	11403264,
				"bits_per_second":	91410303.269417167,
				"retransmits":	2313,
				"omitted":	false,
				"sender":	true
			}
		}, {
			"streams":	[{
					"socket":	8,
					"start":	2.000797,
					"end":	3.000906,
					"seconds":	1.0001089572906494,
					"bytes":	10747904,
					"bits_per_second":	85973864.52065517,
					"retransmits":	0,
					"snd_cwnd":	1726016,
					"snd_wnd":	56848384,
					"rtt":	71849,
					"rttvar":	208,
					"pmtu":	1500,
					"omitted":	false,
					"sender":	true
				}],
			"sum":	{
				"start":	2.000797,
				"end":	3.000906,
				"seconds":	1.0001089572906494,
				"bytes":	10747904,
				"bits_per_second":	85973864.52065517,
				"retransmits":	0,
				"omitted":	false,
				"sender":	true
			}
		}, {
			"streams":	[{
					"socket":	8,
					"start":	3.000906,
					"end":	4.001006,
					"seconds":	1.0001000165939331,
					"bytes":	10878976,
					"bits_per_second":	87023104.245519876,
					"retransmits":	0,
					"snd_cwnd":	1624656,
					"snd_wnd":	80125952,
					"rtt":	64530,
					"rttvar":	433,
					"pmtu":	1500,
					"omitted":	false,
					"sender":	true
				}],
			"sum":	{
				"start":	3.000906,
				"end":	4.001006,
				"seconds":	1.0001000165939331,
				"bytes":	10878976,
				"bits_per_second":	87023104.245519876,
				"retransmits":	0,
				"omitted":	false,
				"sender":	true
			}
		}, {
			"streams":	[{
					"socket":	8,
					"start":	4.001006,
					"end":	5.001083,
					"seconds":	1.00007700920105,
					"bytes":	16777216,
					"bits_per_second":	134207392.79590581,
					"retransmits":	0,
					"snd_cwnd":	1665200,
					"snd_wnd":	103530496,
					"rtt":	82616,
					"rttvar":	138,
					"pmtu":	1500,
					"omitted":	false,
					"sender":	true
				}],
			"sum":	{
				"start":	4.001006,
				"end":	5.001083,
				"seconds":	1.00007700920105,
				"bytes":	16777216,
				"bits_per_second":	134207392.79590581,
				"retransmits":	0,
				"omitted":	false,
				"sender":	true
			}
		}, {
			"streams":	[{
					"socket":	8,
					"start":	5.001083,
					"end":	6.000677,
					"seconds":	0.99959397315979,
					"bytes":	9699328,
					"bits_per_second":	77626142.297274649,
					"retransmits":	0,
					"snd_cwnd":	1555152,
					"snd_wnd":	116449280,
					"rtt":	64714,
					"rttvar":	282,
					"pmtu":	1500,
					"omitted":	false,
					"sender":	true
				}],
			"sum":	{
				"start":	5.001083,
				"end":	6.000677,
				"seconds":	0.99959397315979,
				"bytes":	9699328,
				"bits_per_second":	77626142.297274649,
				"retransmits":	0,
				"omitted":	false,
				"sender":	true
			}
		}, {
			"streams":	[{
					"socket":	8,
					"start":	6.000677,
					"end":	7.003135,
					"seconds":	1.0024579763412476,
					"bytes":	9699328,
					"bits_per_second":	77404365.899908751,
					"retransmits":	0,
					"snd_cwnd":	1636240,
					"snd_wnd":	116436992,
					"rtt":	67723,
					"rttvar":	399,
					"pmtu":	1500,
					"omitted":	false,
					"sender":	true
				}],
			"sum":	{
				"start":	6.000677,
				"end":	7.003135,
				"seconds":	1.0024579763412476,
				"bytes":	9699328,
				"bits_per_second":	77404365.899908751,
				"retransmits":	0,
				"omitted":	false,
				"sender":	true
			}
		}, {
			"streams":	[{
					"socket":	8,
					"start":	7.003135,
					"end":	8.006803,
					"seconds":	1.003667950630188,
					"bytes":	10616832,
					"bits_per_second":	84624258.398079574,
					"retransmits":	0,
					"snd_cwnd":	1795520,
					"snd_wnd":	116449280,
					"rtt":	64554,
					"rttvar":	204,
					"pmtu":	1500,
					"omitted":	false,
					"sender":	true
				}],
			"sum":	{
				"start":	7.003135,
				"end":	8.006803,
				"seconds":	1.003667950630188,
				"bytes":	10616832,
				"bits_per_second":	84624258.398079574,
				"retransmits":	0,
				"omitted":	false,
				"sender":	true
			}
		}],
	"end":	{
		"streams":	[{
				"sender":	{
					"socket":	8,
					"start":	0,
					"end":	8.019977,
					"seconds":	8.019977,
					"bytes":	107479040,
					"bits_per_second":	107211319.932713,
					"retransmits":	8054,
					"max_snd_cwnd":	5502400,
					"max_snd_wnd":	116449280,
					"max_rtt":	99458,
					"min_rtt":	64518,
					"mean_rtt":	72205,
					"sender":	true
				},
				"receiver":	{
					"socket":	8,
					"start":	0,
					"end":	8.313042,
					"seconds":	8.019977,
					"bytes":	98566144,
					"bits_per_second":	94854465.0682626,
					"sender":	true
				}
			}],
		"sum_sent":	{
			"start":	0,
			"end":	8.019977,
			"seconds":	8.019977,
			"bytes":	107479040,
			"bits_per_second":	107211319.932713,
			"retransmits":	8054,
			"sender":	true
		},
		"sum_received":	{
			"start":	0,
			"end":	8.313042,
			"seconds":	8.313042,
			"bytes":	98566144,
			"bits_per_second":	94854465.0682626,
			"sender":	true
		},
		"cpu_utilization_percent":	{
			"host_total":	0.902350793215558,
			"host_user":	0.27513477917771562,
			"host_system":	0.62722771692083568,
			"remote_total":	1.8644536326730545,
			"remote_user":	0.12352863906060013,
			"remote_system":	1.7409129643360826
		},
		"sender_tcp_congestion":	"bbr",
		"receiver_tcp_congestion":	"bbr"
	}
}
