{
	"start":	{
		"connected":	[{
				"socket":	8,
				"local_host":	"172.16.0.80",
				"local_port":	40068,
				"remote_host":	"172.17.0.80",
				"remote_port":	5201
			}],
		"version":	"iperf 3.16",
		"system_info":	"Linux h1 6.12.54-0b264c55b-l4steam-117 #1 SMP PREEMPT_DYNAMIC Fri Nov  7 18:07:57 UTC 2025 x86_64",
		"timestamp":	{
			"time":	"Sun, 22 Feb 2026 02:09:24 GMT",
			"timesecs":	1771726164
		},
		"connecting_to":	{
			"host":	"172.17.0.80",
			"port":	5201
		},
		"cookie":	"5r7yp7mrlw3z3njqlbp3l5vewxyp3hfd7kt7",
		"tcp_mss_default":	1448,
		"target_bitrate":	0,
		"fq_rate":	0,
		"sock_bufsize":	0,
		"sndbuf_actual":	1000000,
		"rcvbuf_actual":	1000000,
		"test_start":	{
			"protocol":	"TCP",
			"num_streams":	1,
			"blksize":	131072,
			"omit":	0,
			"duration":	0,
			"bytes":	107374182,
			"blocks":	0,
			"reverse":	0,
			"tos":	0,
			"target_bitrate":	0,
			"bidir":	0,
			"fqrate":	0
		}
	},
	"intervals":	[{
			"streams":	[{
					"socket":	8,
					"start":	0,
					"end":	1.001044,
					"seconds":	1.0010440349578857,
					"bytes":	14024704,
					"bits_per_second":	112080615.91887933,
					"retransmits":	1746,
					"snd_cwnd":	1847648,
					"snd_wnd":	20197376,
					"rtt":	93060,
					"rttvar":	2657,
					"pmtu":	1500,
					"omitted":	false,
					"sender":	true
				}],
			"sum":	{
				"start":	0,
				"end":	1.001044,
				"seconds":	1.0010440349578857,
				"bytes":	14024704,
				"bits_per_second":	112080615.91887933,
				"retransmits":	1746,
				"omitted":	false,
				"sender":	true
			}
		}, {
			"streams":	[{
					"socket":	8,
					"start":	1.001044,
					"end":	2.001048,
					"seconds":	1.0000040531158447,
					"bytes":	13631488,
					"bits_per_second":	109051462.00179148,
					"retransmits":	4012,
					"snd_cwnd":	34802680,
					"snd_wnd":	45780992,
					"rtt":	89907,
					"rttvar":	3863,
					"pmtu":	1500,
					"omitted":	false,
					"sender":	true
				}],
			"sum":	{
				"start":	1.001044,
				"end":	2.001048,
				"seconds":	1.0000040531158447,
				"bytes":	13631488,
				"bits_per_second":	109051462.00179148,
				"retransmits":	4012,
				"omitted":	false,
				"sender":	true
			}
		}, {
			"streams":	[{
					"socket":	8,
					"start":	2.001048,
					"end":	3.001048,
					"seconds":	1,
					"bytes":	12976128,
					"bits_per_second":	103809024,
					"retransmits":	2538,
					"snd_cwnd":	1041112,
					"snd_wnd":	67878912,
					"rtt":	94105,
					"rttvar":	763,
					"pmtu":	1500,
					"omitted":	false,
					"sender":	true
				}],
			"sum":	{
				"start":	2.001048,
				"end":	3.001048,
				"seconds":	1,
				"bytes":	12976128,
				"bits_per_second":	103809024,
				"retransmits":	2538,
				"omitted":	false,
				"sender":	true
			}
		}, {
			"streams":	[{
					"socket":	8,
					"start":	3.001048,
					"end":	4.002631,
					"seconds":	1.0015829801559448,
					"bytes":	12058624,
					"bits_per_second":	96316524.852469,
					"retransmits":	1751,
					"snd_cwnd":	1020840,
					"snd_wnd":	68747264,
					"rtt":	89134,
					"rttvar":	455,
					"pmtu":	1500,
					"omitted":	false,
					"sender":	true
				}],
			"sum":	{
				"start":	3.001048,
				"end":	4.002631,
				"seconds":	1.0015829801559448,
				"bytes":	12058624,
				"bits_per_second":	96316524.852469,
				"retransmits":	1751,
				"omitted":	false,
				"sender":	true
			}
		}, {
			"streams":	[{
					"socket":	8,
					"start":	4.002631,
					"end":	5.001041,
					"seconds":	0.99840998649597168,
					"bytes":	9568256,
					"bits_per_second":	76667951.077539474,
					"retransmits":	0,
					"snd_cwnd":	741376,
					"snd_wnd":	68763648,
					"rtt":	64777,
					"rttvar":	175,
					"pmtu":	1500,
					"omitted":	false,
					"sender":	true
				}],
			"sum":	{
				"start":	4.002631,
				"end":	5.001041,
				"seconds":	0.99840998649597168,
				"bytes":	9568256,
				"bits_per_second":	76667951.077539474,
				"retransmits":	0,
				"omitted":	false,
				"sender":	true
			}
		}, {
			"streams":	[{
					"socket":	8,
					"start":	5.001041,
					"end":	6.001037,
					"seconds":	0.9999960064888,
					"bytes":	11927552,
					"bits_per_second":	95420797.0640218,
					"retransmits":	0,
					"snd_cwnd":	792056,
					"snd_wnd":	68763648,
					"rtt":	61914,
					"rttvar":	166,
					"pmtu":	1500,
					"omitted":	false,
					"sender":	true
				}],
			"sum":	{
				"start":	5.001041,
				"end":	6.001037,
				"seconds":	0.9999960064888,
				"bytes":	11927552,
				"bits_per_second":	95420797.0640218,
				"retransmits":	0,
				"omitted":	false,
				"sender":	true
			}
		}, {
			"streams":	[{
					"socket":	8,
					"start":	6.001037,
					"end":	7.001044,
					"seconds":	1.0000070333480835,
					"bytes":	12058624,
					"bits_per_second":	96468313.5047721,
					"retransmits":	0,
					"snd_cwnd":	819568,
					"snd_wnd":	68751360,
					"rtt":	61121,
					"rttvar":	149,
					"pmtu":	1500,
					"omitted":	false,
					"sender":	true
				}],
			"sum":	{
				"start":	6.001037,
				"end":	7.001044,
				"seconds":	1.0000070333480835,
				"bytes":	12058624,
				"bits_per_second":	96468313.5047721,
				"retransmits":	0,
				"omitted":	false,
				"sender":	true
			}
		}, {
			"streams":	[{
					"socket":	8,
					"start":	7.001044,
					"end":	8.00104,
					"seconds":	0.9999960064888,
					"bytes":	14548992,
					"bits_per_second":	116392400.81435624,
					"retransmits":	0,
					"snd_cwnd":	835496,
					"snd_wnd":	68751360,
					"rtt":	61007,
					"rttvar":	39,
					"pmtu":	1500,
					"omitted":	false,
					"sender":	true
				}],
			"sum":	{
				"start":	7.001044,
				"end":	8.00104,
				"seconds":	0.9999960064888,
				"bytes":	14548992,
				"bits_per_second":	116392400.81435624,
				"retransmits":	0,
				"omitted":	false,
				"sender":	true
			}
		}, {
			"streams":	[{
					"socket":	8,
					"start":	8.00104,
					"end":	9.002637,
					"seconds":	1.0015970468521118,
					"bytes":	6684672,
					"bits_per_second":	53392106.30469846,
					"retransmits":	0,
					"snd_cwnd":	841288,
					"snd_wnd":	68763648,
					"rtt":	61039,
					"rttvar":	164,
					"pmtu":	1500,
					"omitted":	false,
					"sender":	true
				}],
			"sum":	{
				"start":	8.00104,
				"end":	9.002637,
				"seconds":	1.0015970468521118,
				"bytes":	6684672,
				"bits_per_second":	53392106.30469846,
				"retransmits":	0,
				"omitted":	false,
				"sender":	true
			}
		}],
	"end":	{
		"streams":	[{
				"sender":	{
					"socket":	8,
					"start":	0,
					"end":	9.00675,
					"seconds":	9.00675,
					"bytes":	107479040,
					"bits_per_second":	95465325.450356677,
					"retransmits":	10047,
					"max_snd_cwnd":	34802680,
					"max_snd_wnd":	68763648,
					"max_rtt":	94105,
					"min_rtt":	61007,
					"mean_rtt":	73710,
					"sender":	true
				},
				"receiver":	{
					"socket":	8,
					"start":	0,
					"end":	9.077445,
					"seconds":	9.00675,
					"bytes":	107479040,
					"bits_per_second":	94721842.985553741,
					"sender":	true
				}
			}],
		"sum_sent":	{
			"start":	0,
			"end":	9.00675,
			"seconds":	9.00675,
			"bytes":	107479040,
			"bits_per_second":	95465325.450356677,
			"retransmits":	10047,
			"sender":	true
		},
		"sum_received":	{
			"start":	0,
			"end":	9.077445,
			"seconds":	9.077445,
			"bytes":	107479040,
			"bits_per_second":	94721842.985553741,
			"sender":	true
		},
		"cpu_utilization_percent":	{
			"host_total":	5.36723908140195,
			"host_user":	4.2267400299895872,
			"host_system":	1.140488297060158,
			"remote_total":	2.1852995668178172,
			"remote_user":	0.033797948636371748,
			"remote_system":	2.1515126344619659
		},
		"sender_tcp_congestion":	"cubic",
		"receiver_tcp_congestion":	"cubic"
	}
}
