{
	"start":	{
		"connected":	[{
				"socket":	8,
				"local_host":	"172.16.0.91",
				"local_port":	40968,
				"remote_host":	"172.17.0.91",
				"remote_port":	5201
			}],
		"version":	"iperf 3.16",
		"system_info":	"Linux h1 6.12.54-0b264c55b-l4steam-117 #1 SMP PREEMPT_DYNAMIC Fri Nov  7 18:07:57 UTC 2025 x86_64",
		"timestamp":	{
			"time":	"Sun, 22 Feb 2026 02:09:24 GMT",
			"timesecs":	1771726164
		},
		"connecting_to":	{
			"host":	"172.17.0.91",
			"port":	5201
		},
		"cookie":	"5toq3mnpwffqqckkq7y3c4ptjq7qne3gb5u7",
		"tcp_mss_default":	1448,
		"target_bitrate":	0,
		"fq_rate":	0,
		"sock_bufsize":	0,
		"sndbuf_actual":	1000000,
		"rcvbuf_actual":	1000000,
		"test_start":	{
			"protocol":	"TCP",
			"num_streams":	1,
			"blksize":	131072,
			"omit":	0,
			"duration":	0,
			"bytes":	107374182,
			"blocks":	0,
			"reverse":	0,
			"tos":	0,
			"target_bitrate":	0,
			"bidir":	0,
			"fqrate":	0
		}
	},
	"intervals":	[{
			"streams":	[{
					"socket":	8,
					"start":	0,
					"end":	1.001064,
					"seconds":	1.0010639429092407,
					"bytes":	10878976,
					"bits_per_second":	86939309.538082674,
					"retransmits":	1494,
					"snd_cwnd":	4332416,
					"snd_wnd":	13029376,
					"rtt":	91083,
					"rttvar":	4437,
					"pmtu":	1500,
					"omitted":	false,
					"sender":	true
				}],
			"sum":	{
				"start":	0,
				"end":	1.001064,
				"seconds":	1.0010639429092407,
				"bytes":	10878976,
				"bits_per_second":	86939309.538082674,
				"retransmits":	1494,
				"omitted":	false,
				"sender":	true
			}
		}, {
			"streams":	[{
					"socket":	8,
					"start":	1.001064,
					"end":	2.001059,
					"seconds":	0.999994993209839,
					"bytes":	7864320,
					"bits_per_second":	62914875.001577146,
					"retransmits":	137,
					"snd_cwnd":	3032112,
					"snd_wnd":	27381760,
					"rtt":	81058,
					"rttvar":	706,
					"pmtu":	1500,
					"omitted":	false,
					"sender":	true
				}],
			"sum":	{
				"start":	1.001064,
				"end":	2.001059,
				"seconds":	0.999994993209839,
				"bytes":	7864320,
				"bits_per_second":	62914875.001577146,
				"retransmits":	137,
				"omitted":	false,
				"sender":	true
			}
		}, {
			"streams":	[{
					"socket":	8,
					"start":	2.001059,
					"end":	3.001071,
					"seconds":	1.0000120401382446,
					"bytes":	13762560,
					"bits_per_second":	110099154.39096051,
					"retransmits":	553,
					"snd_cwnd":	1097584,
					"snd_wnd":	28975104,
					"rtt":	100748,
					"rttvar":	2234,
					"pmtu":	1500,
					"omitted":	false,
					"sender":	true
				}],
			"sum":	{
				"start":	2.001059,
				"end":	3.001071,
				"seconds":	1.0000120401382446,
				"bytes":	13762560,
				"bits_per_second":	110099154.39096051,
				"retransmits":	553,
				"omitted":	false,
				"sender":	true
			}
		}, {
			"streams":	[{
					"socket":	8,
					"start":	3.001071,
					"end":	4.001074,
					"seconds":	1.0000029802322388,
					"bytes":	9699328,
					"bits_per_second":	77594392.7506892,
					"retransmits":	6,
					"snd_cwnd":	382272,
					"snd_wnd":	29626368,
					"rtt":	64842,
					"rttvar":	73,
					"pmtu":	1500,
					"omitted":	false,
					"sender":	true
				}],
			"sum":	{
				"start":	3.001071,
				"end":	4.001074,
				"seconds":	1.0000029802322388,
				"bytes":	9699328,
				"bits_per_second":	77594392.7506892,
				"retransmits":	6,
				"omitted":	false,
				"sender":	true
			}
		}, {
			"streams":	[{
					"socket":	8,
					"start":	4.001074,
					"end":	5.001055,
					"seconds":	0.99998098611831665,
					"bytes":	5898240,
					"bits_per_second":	47186817.204559341,
					"retransmits":	0,
					"snd_cwnd":	412680,
					"snd_wnd":	29630464,
					"rtt":	64918,
					"rttvar":	111,
					"pmtu":	1500,
					"omitted":	false,
					"sender":	true
				}],
			"sum":	{
				"start":	4.001074,
				"end":	5.001055,
				"seconds":	0.99998098611831665,
				"bytes":	5898240,
				"bits_per_second":	47186817.204559341,
				"retransmits":	0,
				"omitted":	false,
				"sender":	true
			}
		}, {
			"streams":	[{
					"socket":	8,
					"start":	5.001055,
					"end":	6.001409,
					"seconds":	1.0003540515899658,
					"bytes":	5898240,
					"bits_per_second":	47169219.662780948,
					"retransmits":	0,
					"snd_cwnd":	430056,
					"snd_wnd":	29630464,
					"rtt":	64940,
					"rttvar":	238,
					"pmtu":	1500,
					"omitted":	false,
					"sender":	true
				}],
			"sum":	{
				"start":	5.001055,
				"end":	6.001409,
				"seconds":	1.0003540515899658,
				"bytes":	5898240,
				"bits_per_second":	47169219.662780948,
				"retransmits":	0,
				"omitted":	false,
				"sender":	true
			}
		}, {
			"streams":	[{
					"socket":	8,
					"start":	6.001409,
					"end":	7.001054,
					"seconds":	0.99964499473571777,
					"bytes":	6029312,
					"bits_per_second":	48251625.581091464,
					"retransmits":	0,
					"snd_cwnd":	438744,
					"snd_wnd":	29630464,
					"rtt":	64692,
					"rttvar":	97,
					"pmtu":	1500,
					"omitted":	false,
					"sender":	true
				}],
			"sum":	{
				"start":	6.001409,
				"end":	7.001054,
				"seconds":	0.99964499473571777,
				"bytes":	6029312,
				"bits_per_second":	48251625.581091464,
				"retransmits":	0,
				"omitted":	false,
				"sender":	true
			}
		}, {
			"streams":	[{
					"socket":	8,
					"start":	7.001054,
					"end":	8.001062,
					"seconds":	1.0000079870224,
					"bytes":	6029312,
					"bits_per_second":	48234110.753076978,
					"retransmits":	0,
					"snd_cwnd":	440192,
					"snd_wnd":	29630464,
					"rtt":	64636,
					"rttvar":	65,
					"pmtu":	1500,
					"omitted":	false,
					"sender":	true
				}],
			"sum":	{
				"start":	7.001054,
				"end":	8.001062,
				"seconds":	1.0000079870224,
				"bytes":	6029312,
				"bits_per_second":	48234110.753076978,
				"retransmits":	0,
				"omitted":	false,
				"sender":	true
			}
		}, {
			"streams":	[{
					"socket":	8,
					"start":	8.001062,
					"end":	9.002931,
					"seconds":	1.0018689632415771,
					"bytes":	8912896,
					"bits_per_second":	71170153.599026024,
					"retransmits":	0,
					"snd_cwnd":	440192,
					"snd_wnd":	29630464,
					"rtt":	64533,
					"rttvar":	78,
					"pmtu":	1500,
					"omitted":	false,
					"sender":	true
				}],
			"sum":	{
				"start":	8.001062,
				"end":	9.002931,
				"seconds":	1.0018689632415771,
				"bytes":	8912896,
				"bits_per_second":	71170153.599026024,
				"retransmits":	0,
				"omitted":	false,
				"sender":	true
			}
		}, {
			"streams":	[{
					"socket":	8,
					"start":	9.002931,
					"end":	10.001045,
					"seconds":	0.998113989830017,
					"bytes":	6029312,
					"bits_per_second":	48325638.6459572,
					"retransmits":	0,
					"snd_cwnd":	441640,
					"snd_wnd":	29630464,
					"rtt":	64476,
					"rttvar":	37,
					"pmtu":	1500,
					"omitted":	false,
					"sender":	true
				}],
			"sum":	{
				"start":	9.002931,
				"end":	10.001045,
				"seconds":	0.998113989830017,
				"bytes":	6029312,
				"bits_per_second":	48325638.6459572,
				"retransmits":	0,
				"omitted":	false,
				"sender":	true
			}
		}, {
			"streams":	[{
					"socket":	8,
					"start":	10.001045,
					"end":	11.001054,
					"seconds":	1.0000089406967163,
					"bytes":	6029312,
					"bits_per_second":	48234064.753855638,
					"retransmits":	0,
					"snd_cwnd":	448880,
					"snd_wnd":	29630464,
					"rtt":	64518,
					"rttvar":	69,
					"pmtu":	1500,
					"omitted":	false,
					"sender":	true
				}],
			"sum":	{
				"start":	10.001045,
				"end":	11.001054,
				"seconds":	1.0000089406967163,
				"bytes":	6029312,
				"bits_per_second":	48234064.753855638,
				"retransmits":	0,
				"omitted":	false,
				"sender":	true
			}
		}, {
			"streams":	[{
					"socket":	8,
					"start":	11.001054,
					"end":	12.001059,
					"seconds":	1.0000050067901611,
					"bytes":	5898240,
					"bits_per_second":	47185683.751182847,
					"retransmits":	0,
					"snd_cwnd":	461912,
					"snd_wnd":	29630464,
					"rtt":	64413,
					"rttvar":	17,
					"pmtu":	1500,
					"omitted":	false,
					"sender":	true
				}],
			"sum":	{
				"start":	11.001054,
				"end":	12.001059,
				"seconds":	1.0000050067901611,
				"bytes":	5898240,