{
	"start":	{
		"connected":	[{
				"socket":	8,
				"local_host":	"172.16.0.93",
				"local_port":	37074,
				"remote_host":	"172.17.0.93",
				"remote_port":	5201
			}],
		"version":	"iperf 3.16",
		"system_info":	"Linux h1 6.12.54-0b264c55b-l4steam-117 #1 SMP PREEMPT_DYNAMIC Fri Nov  7 18:07:57 UTC 2025 x86_64",
		"timestamp":	{
			"time":	"Sun, 22 Feb 2026 02:09:24 GMT",
			"timesecs":	1771726164
		},
		"connecting_to":	{
			"host":	"172.17.0.93",
			"port":	5201
		},
		"cookie":	"rlwuciwhgop2jeqidaqsdaqrmixair5sajq5",
		"tcp_mss_default":	1448,
		"target_bitrate":	0,
		"fq_rate":	0,
		"sock_bufsize":	0,
		"sndbuf_actual":	1000000,
		"rcvbuf_actual":	1000000,
		"test_start":	{
			"protocol":	"TCP",
			"num_streams":	1,
			"blksize":	131072,
			"omit":	0,
			"duration":	0,
			"bytes":	107374182,
			"blocks":	0,
			"reverse":	0,
			"tos":	0,
			"target_bitrate":	0,
			"bidir":	0,
			"fqrate":	0
		}
	},
	"intervals":	[{
			"streams":	[{
					"socket":	8,
					"start":	0,
					"end":	1.001042,
					"seconds":	1.0010420083999634,
					"bytes":	9699328,
					"bits_per_second":	77513853.913109,
					"retransmits":	1881,
					"snd_cwnd":	595128,
					"snd_wnd":	14082048,
					"rtt":	104484,
					"rttvar":	5251,
					"pmtu":	1500,
					"omitted":	false,
					"sender":	true
				}],
			"sum":	{
				"start":	0,
				"end":	1.001042,
				"seconds":	1.0010420083999634,
				"bytes":	9699328,
				"bits_per_second":	77513853.913109,
				"retransmits":	1881,
				"omitted":	false,
				"sender":	true
			}
		}, {
			"streams":	[{
					"socket":	8,
					"start":	1.001042,
					"end":	2.001081,
					"seconds":	1.0000389814376831,
					"bytes":	8519680,
					"bits_per_second":	68154783.228564769,
					"retransmits":	3553,
					"snd_cwnd":	3321712,
					"snd_wnd":	29114368,
					"rtt":	78600,
					"rttvar":	2401,
					"pmtu":	1500,
					"omitted":	false,
					"sender":	true
				}],
			"sum":	{
				"start":	1.001042,
				"end":	2.001081,
				"seconds":	1.0000389814376831,
				"bytes":	8519680,
				"bits_per_second":	68154783.228564769,
				"retransmits":	3553,
				"omitted":	false,
				"sender":	true
			}
		}, {
			"streams":	[{
					"socket":	8,
					"start":	2.001081,
					"end":	3.001039,
					"seconds":	0.99995797872543335,
					"bytes":	10747904,
					"bits_per_second":	85986845.2768345,
					"retransmits":	4062,
					"snd_cwnd":	17061784,
					"snd_wnd":	50245632,
					"rtt":	84393,
					"rttvar":	1061,
					"pmtu":	1500,
					"omitted":	false,
					"sender":	true
				}],
			"sum":	{
				"start":	2.001081,
				"end":	3.001039,
				"seconds":	0.99995797872543335,
				"bytes":	10747904,
				"bits_per_second":	85986845.2768345,
				"retransmits":	4062,
				"omitted":	false,
				"sender":	true
			}
		}, {
			"streams":	[{
					"socket":	8,
					"start":	3.001039,
					"end":	4.001038,
					"seconds":	0.99999898672103882,
					"bytes":	15859712,
					"bits_per_second":	126877824.56263027,
					"retransmits":	1677,
					"snd_cwnd":	1928736,
					"snd_wnd":	72777728,
					"rtt":	122781,
					"rttvar":	1638,
					"pmtu":	1500,
					"omitted":	false,
					"sender":	true
				}],
			"sum":	{
				"start":	3.001039,
				"end":	4.001038,
				"seconds":	0.99999898672103882,
				"bytes":	15859712,
				"bits_per_second":	126877824.56263027,
				"retransmits":	1677,
				"omitted":	false,
				"sender":	true
			}
		}, {
			"streams":	[{
					"socket":	8,
					"start":	4.001038,
					"end":	5.001164,
					"seconds":	1.0001260042190552,
					"bytes":	12189696,
					"bits_per_second":	97505281.9230975,
					"retransmits":	0,
					"snd_cwnd":	732688,
					"snd_wnd":	72777728,
					"rtt":	58282,
					"rttvar":	274,
					"pmtu":	1500,
					"omitted":	false,
					"sender":	true
				}],
			"sum":	{
				"start":	4.001038,
				"end":	5.001164,
				"seconds":	1.0001260042190552,
				"bytes":	12189696,
				"bits_per_second":	97505281.9230975,
				"retransmits":	0,
				"omitted":	false,
				"sender":	true
			}
		}, {
			"streams":	[{
					"socket":	8,
					"start":	5.001164,
					"end":	6.00124,
					"seconds":	1.0000760555267334,
					"bytes":	14155776,
					"bits_per_second":	113237595.65501644,
					"retransmits":	0,
					"snd_cwnd":	779024,
					"snd_wnd":	72769536,
					"rtt":	57803,
					"rttvar":	219,
					"pmtu":	1500,
					"omitted":	false,
					"sender":	true
				}],
			"sum":	{
				"start":	5.001164,
				"end":	6.00124,
				"seconds":	1.0000760555267334,
				"bytes":	14155776,
				"bits_per_second":	113237595.65501644,
				"retransmits":	0,
				"omitted":	false,
				"sender":	true
			}
		}, {
			"streams":	[{
					"socket":	8,
					"start":	6.00124,
					"end":	7.000536,
					"seconds":	0.999296009540558,
					"bytes":	14155776,
					"bits_per_second":	113325988.41465077,
					"retransmits":	0,
					"snd_cwnd":	809432,
					"snd_wnd":	72769536,
					"rtt":	57593,
					"rttvar":	162,
					"pmtu":	1500,
					"omitted":	false,
					"sender":	true
				}],
			"sum":	{
				"start":	6.00124,
				"end":	7.000536,
				"seconds":	0.999296009540558,
				"bytes":	14155776,
				"bits_per_second":	113325988.41465077,
				"retransmits":	0,
				"omitted":	false,
				"sender":	true
			}
		}, {
			"streams":	[{
					"socket":	8,
					"start":	7.000536,
					"end":	8.00488,
					"seconds":	1.0043439865112305,
					"bytes":	11927552,
					"bits_per_second":	95007703.8161596,
					"retransmits":	0,
					"snd_cwnd":	826808,
					"snd_wnd":	72777728,
					"rtt":	57545,
					"rttvar":	81,
					"pmtu":	1500,
					"omitted":	false,
					"sender":	true
				}],
			"sum":	{
				"start":	7.000536,
				"end":	8.00488,
				"seconds":	1.0043439865112305,
				"bytes":	11927552,
				"bits_per_second":	95007703.8161596,
				"retransmits":	0,
				"omitted":	false,
				"sender":	true
			}
		}, {
			"streams":	[{
					"socket":	8,
					"start":	8.00488,
					"end":	9.001126,
					"seconds":	0.99624598026275635,
					"bytes":	10223616,
					"bits_per_second":	82097122.217174172,
					"retransmits":	0,
					"snd_cwnd":	834048,
					"snd_wnd":	72777728,
					"rtt":	57468,
					"rttvar":	122,
					"pmtu":	1500,
					"omitted":	false,
					"sender":	true
				}],
			"sum":	{
				"start":	8.00488,
				"end":	9.001126,
				"seconds":	0.99624598026275635,
				"bytes":	10223616,
				"bits_per_second":	82097122.217174172,
				"retransmits":	0,
				"omitted":	false,
				"sender":	true
			}
		}],
	"end":	{
		"streams":	[{
				"sender":	{
					"socket":	8,
					"start":	0,
					"end":	9.002463,
					"seconds":	9.002463,
					"bytes":	107479040,
					"bits_per_second":	95510786.3259199,
					"retransmits":	11173,
					"max_snd_cwnd":	17061784,
					"max_snd_wnd":	72777728,
					"max_rtt":	122781,
					"min_rtt":	57468,
					"mean_rtt":	73641,
					"sender":	true
				},
				"receiver":	{
					"socket":	8,
					"start":	0,
					"end":	9.080198,
					"seconds":	9.002463,
					"bytes":	106168320,
					"bits_per_second":	93538330.331563264,
					"sender":	true
				}
			}],
		"sum_sent":	{
			"start":	0,
			"end":	9.002463,
			"seconds":	9.002463,
			"bytes":	107479040,
			"bits_per_second":	95510786.3259199,
			"retransmits":	11173,
			"sender":	true
		},
		"sum_received":	{
			"start":	0,
			"end":	9.080198,
			"seconds":	9.080198,
			"bytes":	106168320,
			"bits_per_second":	93538330.331563264,
			"sender":	true
		},
		"cpu_utilization_percent":	{
			"host_total":	2.5153003434191752,
			"host_user":	0.76979046528008921,
			"host_system":	1.745520628801972,
			"remote_total":	2.7317520778330735,
			"remote_user":	0.15698901781701458,
			"remote_system":	2.5747520471070575
		},
		"sender_tcp_congestion":	"cubic",
		"receiver_tcp_congestion":	"cubic"
	}
}
