{
	"start":	{
		"connected":	[{
				"socket":	8,
				"local_host":	"172.16.0.98",
				"local_port":	36210,
				"remote_host":	"172.17.0.98",
				"remote_port":	5201
			}],
		"version":	"iperf 3.16",
		"system_info":	"Linux h1 6.12.54-0b264c55b-l4steam-117 #1 SMP PREEMPT_DYNAMIC Fri Nov  7 18:07:57 UTC 2025 x86_64",
		"timestamp":	{
			"time":	"Sun, 22 Feb 2026 02:09:24 GMT",
			"timesecs":	1771726164
		},
		"connecting_to":	{
			"host":	"172.17.0.98",
			"port":	5201
		},
		"cookie":	"6t6zzdkuvwomqqr47o7jqx4df4s7ujqjqn5x",
		"tcp_mss_default":	1448,
		"target_bitrate":	0,
		"fq_rate":	0,
		"sock_bufsize":	0,
		"sndbuf_actual":	1000000,
		"rcvbuf_actual":	1000000,
		"test_start":	{
			"protocol":	"TCP",
			"num_streams":	1,
			"blksize":	131072,
			"omit":	0,
			"duration":	0,
			"bytes":	107374182,
			"blocks":	0,
			"reverse":	0,
			"tos":	0,
			"target_bitrate":	0,
			"bidir":	0,
			"fqrate":	0
		}
	},
	"intervals":	[{
			"streams":	[{
					"socket":	8,
					"start":	0,
					"end":	1.001032,
					"seconds":	1.0010319948196411,
					"bytes":	1310720,
					"bits_per_second":	10474949.905961048,
					"retransmits":	4,
					"snd_cwnd":	2896,
					"snd_wnd":	3072000,
					"rtt":	80229,
					"rttvar":	8355,
					"pmtu":	1500,
					"omitted":	false,
					"sender":	true
				}],
			"sum":	{
				"start":	0,
				"end":	1.001032,
				"seconds":	1.0010319948196411,
				"bytes":	1310720,
				"bits_per_second":	10474949.905961048,
				"retransmits":	4,
				"omitted":	false,
				"sender":	true
			}
		}, {
			"streams":	[{
					"socket":	8,
					"start":	1.001032,
					"end":	2.001032,
					"seconds":	1,
					"bytes":	393216,
					"bits_per_second":	3145728,
					"retransmits":	88,
					"snd_cwnd":	69504,
					"snd_wnd":	3420160,
					"rtt":	77788,
					"rttvar":	3457,
					"pmtu":	1500,
					"omitted":	false,
					"sender":	true
				}],
			"sum":	{
				"start":	1.001032,
				"end":	2.001032,
				"seconds":	1,
				"bytes":	393216,
				"bits_per_second":	3145728,
				"retransmits":	88,
				"omitted":	false,
				"sender":	true
			}
		}, {
			"streams":	[{
					"socket":	8,
					"start":	2.001032,
					"end":	3.001035,
					"seconds":	1.0000029802322388,
					"bytes":	1572864,
					"bits_per_second":	12582874.500111759,
					"retransmits":	0,
					"snd_cwnd":	259192,
					"snd_wnd":	3420160,
					"rtt":	64628,
					"rttvar":	386,
					"pmtu":	1500,
					"omitted":	false,
					"sender":	true
				}],
			"sum":	{
				"start":	2.001032,
				"end":	3.001035,
				"seconds":	1.0000029802322388,
				"bytes":	1572864,
				"bits_per_second":	12582874.500111759,
				"retransmits":	0,
				"omitted":	false,
				"sender":	true
			}
		}, {
			"streams":	[{
					"socket":	8,
					"start":	3.001035,
					"end":	4.001037,
					"seconds":	1.0000020265579224,
					"bytes":	14811136,
					"bits_per_second":	118488847.87548663,
					"retransmits":	0,
					"snd_cwnd":	670424,
					"snd_wnd":	6578176,
					"rtt":	61616,
					"rttvar":	169,
					"pmtu":	1500,
					"omitted":	false,
					"sender":	true
				}],
			"sum":	{
				"start":	3.001035,
				"end":	4.001037,
				"seconds":	1.0000020265579224,
				"bytes":	14811136,
				"bits_per_second":	118488847.87548663,
				"retransmits":	0,
				"omitted":	false,
				"sender":	true
			}
		}, {
			"streams":	[{
					"socket":	8,
					"start":	4.001037,
					"end":	5.00103,
					"seconds":	0.99999302625656128,
					"bytes":	11010048,
					"bits_per_second":	88080998.254283652,
					"retransmits":	0,
					"snd_cwnd":	725448,
					"snd_wnd":	6586368,
					"rtt":	61635,
					"rttvar":	160,
					"pmtu":	1500,
					"omitted":	false,
					"sender":	true
				}],
			"sum":	{
				"start":	4.001037,
				"end":	5.00103,
				"seconds":	0.99999302625656128,
				"bytes":	11010048,
				"bits_per_second":	88080998.254283652,
				"retransmits":	0,
				"omitted":	false,
				"sender":	true
			}
		}, {
			"streams":	[{
					"socket":	8,
					"start":	5.00103,
					"end":	6.001038,
					"seconds":	1.0000079870224,
					"bytes":	13369344,
					"bits_per_second":	106953897.75682285,
					"retransmits":	0,
					"snd_cwnd":	764544,
					"snd_wnd":	6586368,
					"rtt":	61326,
					"rttvar":	77,
					"pmtu":	1500,
					"omitted":	false,
					"sender":	true
				}],
			"sum":	{
				"start":	5.00103,
				"end":	6.001038,
				"seconds":	1.0000079870224,
				"bytes":	13369344,
				"bits_per_second":	106953897.75682285,
				"retransmits":	0,
				"omitted":	false,
				"sender":	true
			}
		}, {
			"streams":	[{
					"socket":	8,
					"start":	6.001038,
					"end":	7.001038,
					"seconds":	1,
					"bytes":	11534336,
					"bits_per_second":	92274688,
					"retransmits":	0,
					"snd_cwnd":	787712,
					"snd_wnd":	6586368,
					"rtt":	61099,
					"rttvar":	93,
					"pmtu":	1500,
					"omitted":	false,
					"sender":	true
				}],
			"sum":	{
				"start":	6.001038,
				"end":	7.001038,
				"seconds":	1,
				"bytes":	11534336,
				"bits_per_second":	92274688,
				"retransmits":	0,
				"omitted":	false,
				"sender":	true
			}
		}, {
			"streams":	[{
					"socket":	8,
					"start":	7.001038,
					"end":	8.001023,
					"seconds":	0.9999849796295166,
					"bytes":	13500416,
					"bits_per_second":	108004950.27436717,
					"retransmits":	0,
					"snd_cwnd":	799296,
					"snd_wnd":	6586368,
					"rtt":	60987,
					"rttvar":	46,
					"pmtu":	1500,
					"omitted":	false,
					"sender":	true
				}],
			"sum":	{
				"start":	7.001038,
				"end":	8.001023,
				"seconds":	0.9999849796295166,
				"bytes":	13500416,
				"bits_per_second":	108004950.27436717,
				"retransmits":	0,
				"omitted":	false,
				"sender":	true
			}
		}, {
			"streams":	[{
					"socket":	8,
					"start":	8.001023,
					"end":	9.001032,
					"seconds":	1.0000089406967163,
					"bytes":	11927552,
					"bits_per_second":	95419562.882627457,
					"retransmits":	0,
					"snd_cwnd":	803640,
					"snd_wnd":	6586368,
					"rtt":	60974,
					"rttvar":	71,
					"pmtu":	1500,
					"omitted":	false,
					"sender":	true
				}],
			"sum":	{
				"start":	8.001023,
				"end":	9.001032,
				"seconds":	1.0000089406967163,
				"bytes":	11927552,
				"bits_per_second":	95419562.882627457,
				"retransmits":	0,
				"omitted":	false,
				"sender":	true
			}
		}, {
			"streams":	[{
					"socket":	8,
					"start":	9.001032,
					"end":	10.001041,
					"seconds":	1.0000089406967163,
					"bytes":	13107200,
					"bits_per_second":	104856662.50838183,
					"retransmits":	0,
					"snd_cwnd":	803640,
					"snd_wnd":	6586368,
					"rtt":	60859,
					"rttvar":	78,
					"pmtu":	1500,
					"omitted":	false,
					"sender":	true
				}],
			"sum":	{
				"start":	9.001032,
				"end":	10.001041,
				"seconds":	1.0000089406967163,
				"bytes":	13107200,
				"bits_per_second":	104856662.50838183,
				"retransmits":	0,
				"omitted":	false,
				"sender":	true
			}
		}, {
			"streams":	[{
					"socket":	8,
					"start":	10.001041,
					"end":	11.001046,
					"seconds":	1.0000050067901611,
					"bytes":	13238272,
					"bits_per_second":	105905645.75265484,
					"retransmits":	0,
					"snd_cwnd":	803640,
					"snd_wnd":	6586368,
					"rtt":	60850,
					"rttvar":	38,
					"pmtu":	1500,
					"omitted":	false,
					"sender":	true
				}],
			"sum":	{
				"start":	10.001041,
				"end":	11.001046,
				"seconds":	1.0000050067901611,
				"bytes":	13238272,
				"bits_per_second":	105905645.75265484,
				"retransmits":	0,
				"omitted":	false,
				"sender":	true
			}
		}, {
			"streams":	[{
					"socket":	8,
					"start":	11.001046,
					"end":	12.001047,
					"seconds":	1.0000009536743164,
					"bytes":	1703936,
					"bits_per_second":	13631475.0000124,
					"retransmits":	0,
					"snd_cwnd":	805088,
					"snd_wnd":	6586368,
					"rtt":	60865,
					"rttvar":	64,
					"pmtu":	1500,
					"omitted":	false,
					"sender":	true
				}],
			"sum":	{
				"start":	11.001046,
				"end":	12.001047,
				"seconds":	1.0000009536743164,
				"bytes":	1703936,
				"bits_per_second":	13631475.0000124,
				"retransmits":	0,
				"omitted":	false,
				"sender":	true
			}
		}],