{
	"start":	{
		"connected":	[{
				"socket":	8,
				"local_host":	"172.16.0.121",
				"local_port":	49146,
				"remote_host":	"172.17.0.121",
				"remote_port":	5201
			}],
		"version":	"iperf 3.16",
		"system_info":	"Linux h1 6.12.54-0b264c55b-l4steam-117 #1 SMP PREEMPT_DYNAMIC Fri Nov  7 18:07:57 UTC 2025 x86_64",
		"timestamp":	{
			"time":	"Sun, 22 Feb 2026 02:13:32 GMT",
			"timesecs":	1771726412
		},
		"connecting_to":	{
			"host":	"172.17.0.121",
			"port":	5201
		},
		"cookie":	"glg3e47v77kfpfk2w4rdr7xmllfjcjb7ue3y",
		"tcp_mss_default":	1448,
		"target_bitrate":	0,
		"fq_rate":	0,
		"sock_bufsize":	0,
		"sndbuf_actual":	1000000,
		"rcvbuf_actual":	1000000,
		"test_start":	{
			"protocol":	"TCP",
			"num_streams":	1,
			"blksize":	131072,
			"omit":	0,
			"duration":	0,
			"bytes":	107374182,
			"blocks":	0,
			"reverse":	0,
			"tos":	0,
			"target_bitrate":	0,
			"bidir":	0,
			"fqrate":	0
		}
	},
	"intervals":	[{
			"streams":	[{
					"socket":	8,
					"start":	0,
					"end":	1.000484,
					"seconds":	1.0004839897155762,
					"bytes":	23724032,
					"bits_per_second":	189700442.93657845,
					"retransmits":	2475,
					"snd_cwnd":	1708640,
					"snd_wnd":	20938752,
					"rtt":	76531,
					"rttvar":	833,
					"pmtu":	1500,
					"omitted":	false,
					"sender":	true
				}],
			"sum":	{
				"start":	0,
				"end":	1.000484,
				"seconds":	1.0004839897155762,
				"bytes":	23724032,
				"bits_per_second":	189700442.93657845,
				"retransmits":	2475,
				"omitted":	false,
				"sender":	true
			}
		}, {
			"streams":	[{
					"socket":	8,
					"start":	1.000484,
					"end":	2.000492,
					"seconds":	1.0000079870224,
					"bytes":	10354688,
					"bits_per_second":	82836842.380284369,
					"retransmits":	0,
					"snd_cwnd":	1482752,
					"snd_wnd":	29687808,
					"rtt":	61521,
					"rttvar":	279,
					"pmtu":	1500,
					"omitted":	false,
					"sender":	true
				}],
			"sum":	{
				"start":	1.000484,
				"end":	2.000492,
				"seconds":	1.0000079870224,
				"bytes":	10354688,
				"bits_per_second":	82836842.380284369,
				"retransmits":	0,
				"omitted":	false,
				"sender":	true
			}
		}, {
			"streams":	[{
					"socket":	8,
					"start":	2.000492,
					"end":	3.004465,
					"seconds":	1.0039730072021484,
					"bytes":	10354688,
					"bits_per_second":	82509692.397856265,
					"retransmits":	0,
					"snd_cwnd":	1474064,
					"snd_wnd":	29687808,
					"rtt":	64726,
					"rttvar":	1055,
					"pmtu":	1500,
					"omitted":	false,
					"sender":	true
				}],
			"sum":	{
				"start":	2.000492,
				"end":	3.004465,
				"seconds":	1.0039730072021484,
				"bytes":	10354688,
				"bits_per_second":	82509692.397856265,
				"retransmits":	0,
				"omitted":	false,
				"sender":	true
			}
		}, {
			"streams":	[{
					"socket":	8,
					"start":	3.004465,
					"end":	4.000469,
					"seconds":	0.99600398540496826,
					"bytes":	10223616,
					"bits_per_second":	82117069.0062502,
					"retransmits":	0,
					"snd_cwnd":	1448000,
					"snd_wnd":	29679616,
					"rtt":	61707,
					"rttvar":	835,
					"pmtu":	1500,
					"omitted":	false,
					"sender":	true
				}],
			"sum":	{
				"start":	3.004465,
				"end":	4.000469,
				"seconds":	0.99600398540496826,
				"bytes":	10223616,
				"bits_per_second":	82117069.0062502,
				"retransmits":	0,
				"omitted":	false,
				"sender":	true
			}
		}, {
			"streams":	[{
					"socket":	8,
					"start":	4.000469,
					"end":	5.000473,
					"seconds":	1.0000040531158447,
					"bytes":	15466496,
					"bits_per_second":	123731466.50203262,
					"retransmits":	0,
					"snd_cwnd":	1560944,
					"snd_wnd":	29687808,
					"rtt":	65910,
					"rttvar":	390,
					"pmtu":	1500,
					"omitted":	false,
					"sender":	true
				}],
			"sum":	{
				"start":	4.000469,
				"end":	5.000473,
				"seconds":	1.0000040531158447,
				"bytes":	15466496,
				"bits_per_second":	123731466.50203262,
				"retransmits":	0,
				"omitted":	false,
				"sender":	true
			}
		}, {
			"streams":	[{
					"socket":	8,
					"start":	5.000473,
					"end":	6.000475,
					"seconds":	1.0000020265579224,
					"bytes":	10354688,
					"bits_per_second":	82837336.1253402,
					"retransmits":	0,
					"snd_cwnd":	1737600,
					"snd_wnd":	29687808,
					"rtt":	74957,
					"rttvar":	818,
					"pmtu":	1500,
					"omitted":	false,
					"sender":	true
				}],
			"sum":	{
				"start":	5.000473,
				"end":	6.000475,
				"seconds":	1.0000020265579224,
				"bytes":	10354688,
				"bits_per_second":	82837336.1253402,
				"retransmits":	0,
				"omitted":	false,
				"sender":	true
			}
		}, {
			"streams":	[{
					"socket":	8,
					"start":	6.000475,
					"end":	7.00048,
					"seconds":	1.0000050067901611,
					"bytes":	17956864,
					"bits_per_second":	143654192.7536011,
					"retransmits":	0,
					"snd_cwnd":	2189376,
					"snd_wnd":	29671424,
					"rtt":	71919,
					"rttvar":	409,
					"pmtu":	1500,
					"omitted":	false,
					"sender":	true
				}],
			"sum":	{
				"start":	6.000475,
				"end":	7.00048,
				"seconds":	1.0000050067901611,
				"bytes":	17956864,
				"bits_per_second":	143654192.7536011,
				"retransmits":	0,
				"omitted":	false,
				"sender":	true
			}
		}, {
			"streams":	[{
					"socket":	8,
					"start":	7.00048,
					"end":	8.000476,
					"seconds":	0.9999960064888,
					"bytes":	9043968,
					"bits_per_second":	72352032.9386539,
					"retransmits":	0,
					"snd_cwnd":	5360496,
					"snd_wnd":	29687808,
					"rtt":	59960,
					"rttvar":	98,
					"pmtu":	1500,
					"omitted":	false,
					"sender":	true
				}],
			"sum":	{
				"start":	7.00048,
				"end":	8.000476,
				"seconds":	0.9999960064888,
				"bytes":	9043968,
				"bits_per_second":	72352032.9386539,
				"retransmits":	0,
				"omitted":	false,
				"sender":	true
			}
		}],
	"end":	{
		"streams":	[{
				"sender":	{
					"socket":	8,
					"start":	0,
					"end":	8.000851,
					"seconds":	8.000851,
					"bytes":	107479040,
					"bits_per_second":	107467608.13318482,
					"retransmits":	2475,
					"max_snd_cwnd":	5360496,
					"max_snd_wnd":	29687808,
					"max_rtt":	76531,
					"min_rtt":	59960,
					"mean_rtt":	66366,
					"sender":	true
				},
				"receiver":	{
					"socket":	8,
					"start":	0,
					"end":	8.070466,
					"seconds":	8.000851,
					"bytes":	107479040,
					"bits_per_second":	106540603.72721972,
					"sender":	true
				}
			}],
		"sum_sent":	{
			"start":	0,
			"end":	8.000851,
			"seconds":	8.000851,
			"bytes":	107479040,
			"bits_per_second":	107467608.13318482,
			"retransmits":	2475,
			"sender":	true
		},
		"sum_received":	{
			"start":	0,
			"end":	8.070466,
			"seconds":	8.070466,
			"bytes":	107479040,
			"bits_per_second":	106540603.72721972,
			"sender":	true
		},
		"cpu_utilization_percent":	{
			"host_total":	3.30578112845593,
			"host_user":	2.802079541218804,
			"host_system":	0.50370158723712632,
			"remote_total":	2.660348169905526,
			"remote_user":	0.18422684634194847,
			"remote_system":	2.4761213235635777
		},
		"sender_tcp_congestion":	"bbr",
		"receiver_tcp_congestion":	"bbr"
	}
}
