{
	"start":	{
		"connected":	[{
				"socket":	8,
				"local_host":	"172.16.0.17",
				"local_port":	57632,
				"remote_host":	"172.17.0.17",
				"remote_port":	5201
			}],
		"version":	"iperf 3.16",
		"system_info":	"Linux h1 6.12.54-0b264c55b-l4steam-117 #1 SMP PREEMPT_DYNAMIC Fri Nov  7 18:07:57 UTC 2025 x86_64",
		"timestamp":	{
			"time":	"Sun, 22 Feb 2026 02:13:30 GMT",
			"timesecs":	1771726410
		},
		"connecting_to":	{
			"host":	"172.17.0.17",
			"port":	5201
		},
		"cookie":	"4fcw37rr7qrskyd32otabrsplp2okjloeygu",
		"tcp_mss_default":	1448,
		"target_bitrate":	0,
		"fq_rate":	0,
		"sock_bufsize":	0,
		"sndbuf_actual":	1000000,
		"rcvbuf_actual":	1000000,
		"test_start":	{
			"protocol":	"TCP",
			"num_streams":	1,
			"blksize":	131072,
			"omit":	0,
			"duration":	0,
			"bytes":	107374182,
			"blocks":	0,
			"reverse":	0,
			"tos":	0,
			"target_bitrate":	0,
			"bidir":	0,
			"fqrate":	0
		}
	},
	"intervals":	[{
			"streams":	[{
					"socket":	8,
					"start":	0,
					"end":	1.000522,
					"seconds":	1.0005220174789429,
					"bytes":	37224448,
					"bits_per_second":	297640210.60762656,
					"retransmits":	4490,
					"snd_cwnd":	4126800,
					"snd_wnd":	15093760,
					"rtt":	66249,
					"rttvar":	414,
					"pmtu":	1500,
					"omitted":	false,
					"sender":	true
				}],
			"sum":	{
				"start":	0,
				"end":	1.000522,
				"seconds":	1.0005220174789429,
				"bytes":	37224448,
				"bits_per_second":	297640210.60762656,
				"retransmits":	4490,
				"omitted":	false,
				"sender":	true
			}
		}, {
			"streams":	[{
					"socket":	8,
					"start":	1.000522,
					"end":	2.001055,
					"seconds":	1.0005329847335815,
					"bytes":	0,
					"bits_per_second":	0,
					"retransmits":	0,
					"snd_cwnd":	1601488,
					"snd_wnd":	17219584,
					"rtt":	71005,
					"rttvar":	315,
					"pmtu":	1500,
					"omitted":	false,
					"sender":	true
				}],
			"sum":	{
				"start":	1.000522,
				"end":	2.001055,
				"seconds":	1.0005329847335815,
				"bytes":	0,
				"bits_per_second":	0,
				"retransmits":	0,
				"omitted":	false,
				"sender":	true
			}
		}, {
			"streams":	[{
					"socket":	8,
					"start":	2.001055,
					"end":	3.00106,
					"seconds":	1.0000050067901611,
					"bytes":	4718592,
					"bits_per_second":	37748547.000946276,
					"retransmits":	0,
					"snd_cwnd":	1508816,
					"snd_wnd":	17223680,
					"rtt":	75198,
					"rttvar":	271,
					"pmtu":	1500,
					"omitted":	false,
					"sender":	true
				}],
			"sum":	{
				"start":	2.001055,
				"end":	3.00106,
				"seconds":	1.0000050067901611,
				"bytes":	4718592,
				"bits_per_second":	37748547.000946276,
				"retransmits":	0,
				"omitted":	false,
				"sender":	true
			}
		}, {
			"streams":	[{
					"socket":	8,
					"start":	3.00106,
					"end":	4.001057,
					"seconds":	0.99999701976776123,
					"bytes":	11141120,
					"bits_per_second":	89129225.625791624,
					"retransmits":	0,
					"snd_cwnd":	1479856,
					"snd_wnd":	17223680,
					"rtt":	63740,
					"rttvar":	166,
					"pmtu":	1500,
					"omitted":	false,
					"sender":	true
				}],
			"sum":	{
				"start":	3.00106,
				"end":	4.001057,
				"seconds":	0.99999701976776123,
				"bytes":	11141120,
				"bits_per_second":	89129225.625791624,
				"retransmits":	0,
				"omitted":	false,
				"sender":	true
			}
		}, {
			"streams":	[{
					"socket":	8,
					"start":	4.001057,
					"end":	5.001056,
					"seconds":	0.99999898672103882,
					"bytes":	8912896,
					"bits_per_second":	71303240.2500732,
					"retransmits":	0,
					"snd_cwnd":	1526192,
					"snd_wnd":	17223680,
					"rtt":	64566,
					"rttvar":	150,
					"pmtu":	1500,
					"omitted":	false,
					"sender":	true
				}],
			"sum":	{
				"start":	4.001057,
				"end":	5.001056,
				"seconds":	0.99999898672103882,
				"bytes":	8912896,
				"bits_per_second":	71303240.2500732,
				"retransmits":	0,
				"omitted":	false,
				"sender":	true
			}
		}, {
			"streams":	[{
					"socket":	8,
					"start":	5.001056,
					"end":	6.000532,
					"seconds":	0.99947601556777954,
					"bytes":	13762560,
					"bits_per_second":	110158201.18250103,
					"retransmits":	0,
					"snd_cwnd":	1511712,
					"snd_wnd":	17223680,
					"rtt":	74960,
					"rttvar":	496,
					"pmtu":	1500,
					"omitted":	false,
					"sender":	true
				}],
			"sum":	{
				"start":	5.001056,
				"end":	6.000532,
				"seconds":	0.99947601556777954,
				"bytes":	13762560,
				"bits_per_second":	110158201.18250103,
				"retransmits":	0,
				"omitted":	false,
				"sender":	true
			}
		}, {
			"streams":	[{
					"socket":	8,
					"start":	6.000532,
					"end":	7.000546,
					"seconds":	1.0000139474868774,
					"bytes":	14548992,
					"bits_per_second":	116390312.64764169,
					"retransmits":	0,
					"snd_cwnd":	1621760,
					"snd_wnd":	17223680,
					"rtt":	76997,
					"rttvar":	244,
					"pmtu":	1500,
					"omitted":	false,
					"sender":	true
				}],
			"sum":	{
				"start":	6.000532,
				"end":	7.000546,
				"seconds":	1.0000139474868774,
				"bytes":	14548992,
				"bits_per_second":	116390312.64764169,
				"retransmits":	0,
				"omitted":	false,
				"sender":	true
			}
		}, {
			"streams":	[{
					"socket":	8,
					"start":	7.000546,
					"end":	8.004517,
					"seconds":	1.0039709806442261,
					"bytes":	10878976,
					"bits_per_second":	86687573.32423453,
					"retransmits":	0,
					"snd_cwnd":	1879504,
					"snd_wnd":	17223680,
					"rtt":	74987,
					"rttvar":	1237,
					"pmtu":	1500,
					"omitted":	false,
					"sender":	true
				}],
			"sum":	{
				"start":	7.000546,
				"end":	8.004517,
				"seconds":	1.0039709806442261,
				"bytes":	10878976,
				"bits_per_second":	86687573.32423453,
				"retransmits":	0,
				"omitted":	false,
				"sender":	true
			}
		}, {
			"streams":	[{
					"socket":	8,
					"start":	8.004517,
					"end":	9.000523,
					"seconds":	0.99600601196289062,
					"bytes":	6291456,
					"bits_per_second":	50533478.107033022,
					"retransmits":	0,
					"snd_cwnd":	2374720,
					"snd_wnd":	17223680,
					"rtt":	78985,
					"rttvar":	662,
					"pmtu":	1500,
					"omitted":	false,
					"sender":	true
				}],
			"sum":	{
				"start":	8.004517,
				"end":	9.000523,
				"seconds":	0.99600601196289062,
				"bytes":	6291456,
				"bits_per_second":	50533478.107033022,
				"retransmits":	0,
				"omitted":	false,
				"sender":	true
			}
		}],
	"end":	{
		"streams":	[{
				"sender":	{
					"socket":	8,
					"start":	0,
					"end":	9.006391,
					"seconds":	9.006391,
					"bytes":	107479040,
					"bits_per_second":	95469130.753927946,
					"retransmits":	4490,
					"max_snd_cwnd":	4126800,
					"max_snd_wnd":	17223680,
					"max_rtt":	79833,
					"min_rtt":	63740,
					"mean_rtt":	72652,
					"sender":	true
				},
				"receiver":	{
					"socket":	8,
					"start":	0,
					"end":	9.078728,
					"seconds":	9.006391,
					"bytes":	106823680,
					"bits_per_second":	94130966.364451051,
					"sender":	true
				}
			}],
		"sum_sent":	{
			"start":	0,
			"end":	9.006391,
			"seconds":	9.006391,
			"bytes":	107479040,
			"bits_per_second":	95469130.753927946,
			"retransmits":	4490,
			"sender":	true
		},
		"sum_received":	{
			"start":	0,
			"end":	9.078728,
			"seconds":	9.078728,
			"bytes":	106823680,
			"bits_per_second":	94130966.364451051,
			"sender":	true
		},
		"cpu_utilization_percent":	{
			"host_total":	2.5043195023726268,
			"host_user":	1.6335298177733857,
			"host_system":	0.870789684599241,
			"remote_total":	2.9419688833815227,
			"remote_user":	0.10551011978521271,
			"remote_system":	2.83645876359631
		},
		"sender_tcp_congestion":	"bbr",
		"receiver_tcp_congestion":	"bbr"
	}
}
