{
	"start":	{
		"connected":	[{
				"socket":	8,
				"local_host":	"172.16.0.20",
				"local_port":	51450,
				"remote_host":	"172.17.0.20",
				"remote_port":	5201
			}],
		"version":	"iperf 3.16",
		"system_info":	"Linux h1 6.12.54-0b264c55b-l4steam-117 #1 SMP PREEMPT_DYNAMIC Fri Nov  7 18:07:57 UTC 2025 x86_64",
		"timestamp":	{
			"time":	"Sun, 22 Feb 2026 02:13:30 GMT",
			"timesecs":	1771726410
		},
		"connecting_to":	{
			"host":	"172.17.0.20",
			"port":	5201
		},
		"cookie":	"lyamxb36k27oc7kg2qpfkopavmqnh2turffi",
		"tcp_mss_default":	1448,
		"target_bitrate":	0,
		"fq_rate":	0,
		"sock_bufsize":	0,
		"sndbuf_actual":	1000000,
		"rcvbuf_actual":	1000000,
		"test_start":	{
			"protocol":	"TCP",
			"num_streams":	1,
			"blksize":	131072,
			"omit":	0,
			"duration":	0,
			"bytes":	107374182,
			"blocks":	0,
			"reverse":	0,
			"tos":	0,
			"target_bitrate":	0,
			"bidir":	0,
			"fqrate":	0
		}
	},
	"intervals":	[{
			"streams":	[{
					"socket":	8,
					"start":	0,
					"end":	1.001038,
					"seconds":	1.0010379552841187,
					"bytes":	32636928,
					"bits_per_second":	260824699.62479579,
					"retransmits":	4799,
					"snd_cwnd":	4862384,
					"snd_wnd":	16420864,
					"rtt":	80790,
					"rttvar":	1613,
					"pmtu":	1500,
					"omitted":	false,
					"sender":	true
				}],
			"sum":	{
				"start":	0,
				"end":	1.001038,
				"seconds":	1.0010379552841187,
				"bytes":	32636928,
				"bits_per_second":	260824699.62479579,
				"retransmits":	4799,
				"omitted":	false,
				"sender":	true
			}
		}, {
			"streams":	[{
					"socket":	8,
					"start":	1.001038,
					"end":	2.001042,
					"seconds":	1.0000040531158447,
					"bytes":	0,
					"bits_per_second":	0,
					"retransmits":	19,
					"snd_cwnd":	2090912,
					"snd_wnd":	28602368,
					"rtt":	65347,
					"rttvar":	600,
					"pmtu":	1500,
					"omitted":	false,
					"sender":	true
				}],
			"sum":	{
				"start":	1.001038,
				"end":	2.001042,
				"seconds":	1.0000040531158447,
				"bytes":	0,
				"bits_per_second":	0,
				"retransmits":	19,
				"omitted":	false,
				"sender":	true
			}
		}, {
			"streams":	[{
					"socket":	8,
					"start":	2.001042,
					"end":	3.001036,
					"seconds":	0.99999397993087769,
					"bytes":	5505024,
					"bits_per_second":	44040457.126596078,
					"retransmits":	0,
					"snd_cwnd":	1213424,
					"snd_wnd":	45064192,
					"rtt":	60946,
					"rttvar":	215,
					"pmtu":	1500,
					"omitted":	false,
					"sender":	true
				}],
			"sum":	{
				"start":	2.001042,
				"end":	3.001036,
				"seconds":	0.99999397993087769,
				"bytes":	5505024,
				"bits_per_second":	44040457.126596078,
				"retransmits":	0,
				"omitted":	false,
				"sender":	true
			}
		}, {
			"streams":	[{
					"socket":	8,
					"start":	3.001036,
					"end":	4.00104,
					"seconds":	1.0000040531158447,
					"bytes":	11141120,
					"bits_per_second":	89128598.7514642,
					"retransmits":	0,
					"snd_cwnd":	1520400,
					"snd_wnd":	62902272,
					"rtt":	67593,
					"rttvar":	1221,
					"pmtu":	1500,
					"omitted":	false,
					"sender":	true
				}],
			"sum":	{
				"start":	3.001036,
				"end":	4.00104,
				"seconds":	1.0000040531158447,
				"bytes":	11141120,
				"bits_per_second":	89128598.7514642,
				"retransmits":	0,
				"omitted":	false,
				"sender":	true
			}
		}, {
			"streams":	[{
					"socket":	8,
					"start":	4.00104,
					"end":	5.000179,
					"seconds":	0.99913901090621948,
					"bytes":	12320768,
					"bits_per_second":	98651081.5052657,
					"retransmits":	0,
					"snd_cwnd":	1448000,
					"snd_wnd":	62889984,
					"rtt":	77627,
					"rttvar":	1259,
					"pmtu":	1500,
					"omitted":	false,
					"sender":	true
				}],
			"sum":	{
				"start":	4.00104,
				"end":	5.000179,
				"seconds":	0.99913901090621948,
				"bytes":	12320768,
				"bits_per_second":	98651081.5052657,
				"retransmits":	0,
				"omitted":	false,
				"sender":	true
			}
		}, {
			"streams":	[{
					"socket":	8,
					"start":	5.000179,
					"end":	6.001065,
					"seconds":	1.0008859634399414,
					"bytes":	13107200,
					"bits_per_second":	104764782.233148,
					"retransmits":	0,
					"snd_cwnd":	1413248,
					"snd_wnd":	62898176,
					"rtt":	71119,
					"rttvar":	731,
					"pmtu":	1500,
					"omitted":	false,
					"sender":	true
				}],
			"sum":	{
				"start":	5.000179,
				"end":	6.001065,
				"seconds":	1.0008859634399414,
				"bytes":	13107200,
				"bits_per_second":	104764782.233148,
				"retransmits":	0,
				"omitted":	false,
				"sender":	true
			}
		}, {
			"streams":	[{
					"socket":	8,
					"start":	6.001065,
					"end":	7.001041,
					"seconds":	0.99997597932815552,
					"bytes":	9175040,
					"bits_per_second":	73402083.167352468,
					"retransmits":	8,
					"snd_cwnd":	1471168,
					"snd_wnd":	62894080,
					"rtt":	68410,
					"rttvar":	280,
					"pmtu":	1500,
					"omitted":	false,
					"sender":	true
				}],
			"sum":	{
				"start":	6.001065,
				"end":	7.001041,
				"seconds":	0.99997597932815552,
				"bytes":	9175040,
				"bits_per_second":	73402083.167352468,
				"retransmits":	8,
				"omitted":	false,
				"sender":	true
			}
		}, {
			"streams":	[{
					"socket":	8,
					"start":	7.001041,
					"end":	8.001035,
					"seconds":	0.99999397993087769,
					"bytes":	15335424,
					"bits_per_second":	122684130.56694622,
					"retransmits":	0,
					"snd_cwnd":	1804208,
					"snd_wnd":	62902272,
					"rtt":	60891,
					"rttvar":	797,
					"pmtu":	1500,
					"omitted":	false,
					"sender":	true
				}],
			"sum":	{
				"start":	7.001041,
				"end":	8.001035,
				"seconds":	0.99999397993087769,
				"bytes":	15335424,
				"bits_per_second":	122684130.56694622,
				"retransmits":	0,
				"omitted":	false,
				"sender":	true
			}
		}, {
			"streams":	[{
					"socket":	8,
					"start":	8.001035,
					"end":	9.014985,
					"seconds":	1.013949990272522,
					"bytes":	8257536,
					"bits_per_second":	65151426.237742558,
					"retransmits":	0,
					"snd_cwnd":	2241504,
					"snd_wnd":	62885888,
					"rtt":	100525,
					"rttvar":	335,
					"pmtu":	1500,
					"omitted":	false,
					"sender":	true
				}],
			"sum":	{
				"start":	8.001035,
				"end":	9.014985,
				"seconds":	1.013949990272522,
				"bytes":	8257536,
				"bits_per_second":	65151426.237742558,
				"retransmits":	0,
				"omitted":	false,
				"sender":	true
			}
		}],
	"end":	{
		"streams":	[{
				"sender":	{
					"socket":	8,
					"start":	0,
					"end":	9.015176,
					"seconds":	9.015176,
					"bytes":	107479040,
					"bits_per_second":	95376099.1465946,
					"retransmits":	4826,
					"max_snd_cwnd":	4862384,
					"max_snd_wnd":	62902272,
					"max_rtt":	100525,
					"min_rtt":	60891,
					"mean_rtt":	75377,
					"sender":	true
				},
				"receiver":	{
					"socket":	8,
					"start":	0,
					"end":	9.07968,
					"seconds":	9.015176,
					"bytes":	105644032,
					"bits_per_second":	93081722.703883842,
					"sender":	true
				}
			}],
		"sum_sent":	{
			"start":	0,
			"end":	9.015176,
			"seconds":	9.015176,
			"bytes":	107479040,
			"bits_per_second":	95376099.1465946,
			"retransmits":	4826,
			"sender":	true
		},
		"sum_received":	{
			"start":	0,
			"end":	9.07968,
			"seconds":	9.07968,
			"bytes":	105644032,
			"bits_per_second":	93081722.703883842,
			"sender":	true
		},
		"cpu_utilization_percent":	{
			"host_total":	3.7615561044650483,
			"host_user":	3.0787902825037725,
			"host_system":	0.68276582196127567,
			"remote_total":	2.344748622585739,
			"remote_user":	0.11512502513851237,
			"remote_system":	2.229612583860205
		},
		"sender_tcp_congestion":	"bbr",
		"receiver_tcp_congestion":	"bbr"
	}
}
