{
	"start":	{
		"connected":	[{
				"socket":	8,
				"local_host":	"172.16.0.37",
				"local_port":	52412,
				"remote_host":	"172.17.0.37",
				"remote_port":	5201
			}],
		"version":	"iperf 3.16",
		"system_info":	"Linux h1 6.12.54-0b264c55b-l4steam-117 #1 SMP PREEMPT_DYNAMIC Fri Nov  7 18:07:57 UTC 2025 x86_64",
		"timestamp":	{
			"time":	"Sun, 22 Feb 2026 02:13:30 GMT",
			"timesecs":	1771726410
		},
		"connecting_to":	{
			"host":	"172.17.0.37",
			"port":	5201
		},
		"cookie":	"xi7ezyhibmvccartcysajizgst7z6bznoxad",
		"tcp_mss_default":	1448,
		"target_bitrate":	0,
		"fq_rate":	0,
		"sock_bufsize":	0,
		"sndbuf_actual":	1000000,
		"rcvbuf_actual":	1000000,
		"test_start":	{
			"protocol":	"TCP",
			"num_streams":	1,
			"blksize":	131072,
			"omit":	0,
			"duration":	0,
			"bytes":	107374182,
			"blocks":	0,
			"reverse":	0,
			"tos":	0,
			"target_bitrate":	0,
			"bidir":	0,
			"fqrate":	0
		}
	},
	"intervals":	[{
			"streams":	[{
					"socket":	8,
					"start":	0,
					"end":	1.000461,
					"seconds":	1.0004609823226929,
					"bytes":	48889856,
					"bits_per_second":	390938632.20129746,
					"retransmits":	9275,
					"snd_cwnd":	6643424,
					"snd_wnd":	36913152,
					"rtt":	74346,
					"rttvar":	367,
					"pmtu":	1500,
					"omitted":	false,
					"sender":	true
				}],
			"sum":	{
				"start":	0,
				"end":	1.000461,
				"seconds":	1.0004609823226929,
				"bytes":	48889856,
				"bits_per_second":	390938632.20129746,
				"retransmits":	9275,
				"omitted":	false,
				"sender":	true
			}
		}, {
			"streams":	[{
					"socket":	8,
					"start":	1.000461,
					"end":	2.001072,
					"seconds":	1.0006109476089478,
					"bytes":	131072,
					"bits_per_second":	1047935.7661493402,
					"retransmits":	914,
					"snd_cwnd":	3192840,
					"snd_wnd":	50597888,
					"rtt":	110769,
					"rttvar":	1151,
					"pmtu":	1500,
					"omitted":	false,
					"sender":	true
				}],
			"sum":	{
				"start":	1.000461,
				"end":	2.001072,
				"seconds":	1.0006109476089478,
				"bytes":	131072,
				"bits_per_second":	1047935.7661493402,
				"retransmits":	914,
				"omitted":	false,
				"sender":	true
			}
		}, {
			"streams":	[{
					"socket":	8,
					"start":	2.001072,
					"end":	3.000435,
					"seconds":	0.9993630051612854,
					"bytes":	14680064,
					"bits_per_second":	117515368.68332092,
					"retransmits":	2093,
					"snd_cwnd":	1879504,
					"snd_wnd":	50630656,
					"rtt":	106497,
					"rttvar":	926,
					"pmtu":	1500,
					"omitted":	false,
					"sender":	true
				}],
			"sum":	{
				"start":	2.001072,
				"end":	3.000435,
				"seconds":	0.9993630051612854,
				"bytes":	14680064,
				"bits_per_second":	117515368.68332092,
				"retransmits":	2093,
				"omitted":	false,
				"sender":	true
			}
		}, {
			"streams":	[{
					"socket":	8,
					"start":	3.000435,
					"end":	4.001053,
					"seconds":	1.0006179809570312,
					"bytes":	13107200,
					"bits_per_second":	104792840.02043416,
					"retransmits":	30,
					"snd_cwnd":	1720224,
					"snd_wnd":	50638848,
					"rtt":	70819,
					"rttvar":	2342,
					"pmtu":	1500,
					"omitted":	false,
					"sender":	true
				}],
			"sum":	{
				"start":	3.000435,
				"end":	4.001053,
				"seconds":	1.0006179809570312,
				"bytes":	13107200,
				"bits_per_second":	104792840.02043416,
				"retransmits":	30,
				"omitted":	false,
				"sender":	true
			}
		}, {
			"streams":	[{
					"socket":	8,
					"start":	4.001053,
					"end":	5.000426,
					"seconds":	0.99937301874160767,
					"bytes":	12713984,
					"bits_per_second":	101775683.44608076,
					"retransmits":	7,
					"snd_cwnd":	1575424,
					"snd_wnd":	50638848,
					"rtt":	77178,
					"rttvar":	1029,
					"pmtu":	1500,
					"omitted":	false,
					"sender":	true
				}],
			"sum":	{
				"start":	4.001053,
				"end":	5.000426,
				"seconds":	0.99937301874160767,
				"bytes":	12713984,
				"bits_per_second":	101775683.44608076,
				"retransmits":	7,
				"omitted":	false,
				"sender":	true
			}
		}, {
			"streams":	[{
					"socket":	8,
					"start":	5.000426,
					"end":	6.001056,
					"seconds":	1.0006300210952759,
					"bytes":	10354688,
					"bits_per_second":	82785347.4847049,
					"retransmits":	0,
					"snd_cwnd":	1589904,
					"snd_wnd":	50626560,
					"rtt":	76164,
					"rttvar":	1165,
					"pmtu":	1500,
					"omitted":	false,
					"sender":	true
				}],
			"sum":	{
				"start":	5.000426,
				"end":	6.001056,
				"seconds":	1.0006300210952759,
				"bytes":	10354688,
				"bits_per_second":	82785347.4847049,
				"retransmits":	0,
				"omitted":	false,
				"sender":	true
			}
		}, {
			"streams":	[{
					"socket":	8,
					"start":	6.001056,
					"end":	7.001056,
					"seconds":	1,
					"bytes":	7602176,
					"bits_per_second":	60817408,
					"retransmits":	0,
					"snd_cwnd":	1676784,
					"snd_wnd":	50638848,
					"rtt":	85215,
					"rttvar":	244,
					"pmtu":	1500,
					"omitted":	false,
					"sender":	true
				}],
			"sum":	{
				"start":	6.001056,
				"end":	7.001056,
				"seconds":	1,
				"bytes":	7602176,
				"bits_per_second":	60817408,
				"retransmits":	0,
				"omitted":	false,
				"sender":	true
			}
		}],
	"end":	{
		"streams":	[{
				"sender":	{
					"socket":	8,
					"start":	0,
					"end":	7.001308,
					"seconds":	7.001308,
					"bytes":	107479040,
					"bits_per_second":	122810240.60075632,
					"retransmits":	12319,
					"max_snd_cwnd":	6643424,
					"max_snd_wnd":	50638848,
					"max_rtt":	110769,
					"min_rtt":	70819,
					"mean_rtt":	85775,
					"sender":	true
				},
				"receiver":	{
					"socket":	8,
					"start":	0,
					"end":	7.069577,
					"seconds":	7.001308,
					"bytes":	102105088,
					"bits_per_second":	115543080.4417294,
					"sender":	true
				}
			}],
		"sum_sent":	{
			"start":	0,
			"end":	7.001308,
			"seconds":	7.001308,
			"bytes":	107479040,
			"bits_per_second":	122810240.60075632,
			"retransmits":	12319,
			"sender":	true
		},
		"sum_received":	{
			"start":	0,
			"end":	7.069577,
			"seconds":	7.069577,
			"bytes":	102105088,
			"bits_per_second":	115543080.4417294,
			"sender":	true
		},
		"cpu_utilization_percent":	{
			"host_total":	7.7496111825148537,
			"host_user":	5.4097082456858132,
			"host_system":	2.339916712470675,
			"remote_total":	2.5175406013184909,
			"remote_user":	0,
			"remote_system":	2.51755474639435
		},
		"sender_tcp_congestion":	"bbr",
		"receiver_tcp_congestion":	"bbr"
	}
}
