{
	"start":	{
		"connected":	[{
				"socket":	8,
				"local_host":	"172.16.0.80",
				"local_port":	53076,
				"remote_host":	"172.17.0.80",
				"remote_port":	5201
			}],
		"version":	"iperf 3.16",
		"system_info":	"Linux h1 6.12.54-0b264c55b-l4steam-117 #1 SMP PREEMPT_DYNAMIC Fri Nov  7 18:07:57 UTC 2025 x86_64",
		"timestamp":	{
			"time":	"Sun, 22 Feb 2026 02:13:30 GMT",
			"timesecs":	1771726410
		},
		"connecting_to":	{
			"host":	"172.17.0.80",
			"port":	5201
		},
		"cookie":	"r7c7mgskybqy43ch3n53bs2thbjktcxzaalw",
		"tcp_mss_default":	1448,
		"target_bitrate":	0,
		"fq_rate":	0,
		"sock_bufsize":	0,
		"sndbuf_actual":	1000000,
		"rcvbuf_actual":	1000000,
		"test_start":	{
			"protocol":	"TCP",
			"num_streams":	1,
			"blksize":	131072,
			"omit":	0,
			"duration":	0,
			"bytes":	107374182,
			"blocks":	0,
			"reverse":	0,
			"tos":	0,
			"target_bitrate":	0,
			"bidir":	0,
			"fqrate":	0
		}
	},
	"intervals":	[{
			"streams":	[{
					"socket":	8,
					"start":	0,
					"end":	1.001064,
					"seconds":	1.0010639429092407,
					"bytes":	19267584,
					"bits_per_second":	153976849.42286932,
					"retransmits":	4577,
					"snd_cwnd":	2535448,
					"snd_wnd":	19279872,
					"rtt":	105217,
					"rttvar":	1485,
					"pmtu":	1500,
					"omitted":	false,
					"sender":	true
				}],
			"sum":	{
				"start":	0,
				"end":	1.001064,
				"seconds":	1.0010639429092407,
				"bytes":	19267584,
				"bits_per_second":	153976849.42286932,
				"retransmits":	4577,
				"omitted":	false,
				"sender":	true
			}
		}, {
			"streams":	[{
					"socket":	8,
					"start":	1.001064,
					"end":	2.001058,
					"seconds":	0.99999397993087769,
					"bytes":	6946816,
					"bits_per_second":	55574862.5645141,
					"retransmits":	3199,
					"snd_cwnd":	899208,
					"snd_wnd":	38903808,
					"rtt":	94688,
					"rttvar":	3630,
					"pmtu":	1500,
					"omitted":	false,
					"sender":	true
				}],
			"sum":	{
				"start":	1.001064,
				"end":	2.001058,
				"seconds":	0.99999397993087769,
				"bytes":	6946816,
				"bits_per_second":	55574862.5645141,
				"retransmits":	3199,
				"omitted":	false,
				"sender":	true
			}
		}, {
			"streams":	[{
					"socket":	8,
					"start":	2.001058,
					"end":	3.001646,
					"seconds":	1.000588059425354,
					"bytes":	10354688,
					"bits_per_second":	82788819.254523441,
					"retransmits":	233,
					"snd_cwnd":	1274240,
					"snd_wnd":	54759424,
					"rtt":	101576,
					"rttvar":	1246,
					"pmtu":	1500,
					"omitted":	false,
					"sender":	true
				}],
			"sum":	{
				"start":	2.001058,
				"end":	3.001646,
				"seconds":	1.000588059425354,
				"bytes":	10354688,
				"bits_per_second":	82788819.254523441,
				"retransmits":	233,
				"omitted":	false,
				"sender":	true
			}
		}, {
			"streams":	[{
					"socket":	8,
					"start":	3.001646,
					"end":	4.001041,
					"seconds":	0.99939501285552979,
					"bytes":	7733248,
					"bits_per_second":	61903434.7822418,
					"retransmits":	0,
					"snd_cwnd":	1054144,
					"snd_wnd":	67633152,
					"rtt":	96214,
					"rttvar":	332,
					"pmtu":	1500,
					"omitted":	false,
					"sender":	true
				}],
			"sum":	{
				"start":	3.001646,
				"end":	4.001041,
				"seconds":	0.99939501285552979,
				"bytes":	7733248,
				"bits_per_second":	61903434.7822418,
				"retransmits":	0,
				"omitted":	false,
				"sender":	true
			}
		}, {
			"streams":	[{
					"socket":	8,
					"start":	4.001041,
					"end":	5.002204,
					"seconds":	1.0011630058288574,
					"bytes":	3801088,
					"bits_per_second":	30373379.582503449,
					"retransmits":	0,
					"snd_cwnd":	891968,
					"snd_wnd":	71561216,
					"rtt":	127549,
					"rttvar":	822,
					"pmtu":	1500,
					"omitted":	false,
					"sender":	true
				}],
			"sum":	{
				"start":	4.001041,
				"end":	5.002204,
				"seconds":	1.0011630058288574,
				"bytes":	3801088,
				"bits_per_second":	30373379.582503449,
				"retransmits":	0,
				"omitted":	false,
				"sender":	true
			}
		}, {
			"streams":	[{
					"socket":	8,
					"start":	5.002204,
					"end":	6.001037,
					"seconds":	0.99883300065994263,
					"bytes":	7602176,
					"bits_per_second":	60888464.798236646,
					"retransmits":	0,
					"snd_cwnd":	796400,
					"snd_wnd":	71565312,
					"rtt":	96697,
					"rttvar":	186,
					"pmtu":	1500,
					"omitted":	false,
					"sender":	true
				}],
			"sum":	{
				"start":	5.002204,
				"end":	6.001037,
				"seconds":	0.99883300065994263,
				"bytes":	7602176,
				"bits_per_second":	60888464.798236646,
				"retransmits":	0,
				"omitted":	false,
				"sender":	true
			}
		}, {
			"streams":	[{
					"socket":	8,
					"start":	6.001037,
					"end":	7.002561,
					"seconds":	1.0015239715576172,
					"bytes":	3801088,
					"bits_per_second":	30362432.5164249,
					"retransmits":	0,
					"snd_cwnd":	654496,
					"snd_wnd":	71561216,
					"rtt":	76662,
					"rttvar":	1115,
					"pmtu":	1500,
					"omitted":	false,
					"sender":	true
				}],
			"sum":	{
				"start":	6.001037,
				"end":	7.002561,
				"seconds":	1.0015239715576172,
				"bytes":	3801088,
				"bits_per_second":	30362432.5164249,
				"retransmits":	0,
				"omitted":	false,
				"sender":	true
			}
		}, {
			"streams":	[{
					"socket":	8,
					"start":	7.002561,
					"end":	8.002563,
					"seconds":	1.0000020265579224,
					"bytes":	3801088,
					"bits_per_second":	30408642.375124887,
					"retransmits":	0,
					"snd_cwnd":	529968,
					"snd_wnd":	71561216,
					"rtt":	98361,
					"rttvar":	257,
					"pmtu":	1500,
					"omitted":	false,
					"sender":	true
				}],
			"sum":	{
				"start":	7.002561,
				"end":	8.002563,
				"seconds":	1.0000020265579224,
				"bytes":	3801088,
				"bits_per_second":	30408642.375124887,
				"retransmits":	0,
				"omitted":	false,
				"sender":	true
			}
		}, {
			"streams":	[{
					"socket":	8,
					"start":	8.002563,
					"end":	9.001032,
					"seconds":	0.99846899509429932,
					"bytes":	0,
					"bits_per_second":	0,
					"retransmits":	0,
					"snd_cwnd":	454672,
					"snd_wnd":	71565312,
					"rtt":	67069,
					"rttvar":	194,
					"pmtu":	1500,
					"omitted":	false,
					"sender":	true
				}],
			"sum":	{
				"start":	8.002563,
				"end":	9.001032,
				"seconds":	0.99846899509429932,
				"bytes":	0,
				"bits_per_second":	0,
				"retransmits":	0,
				"omitted":	false,
				"sender":	true
			}
		}, {
			"streams":	[{
					"socket":	8,
					"start":	9.001032,
					"end":	10.001038,
					"seconds":	1.0000059604644775,
					"bytes":	21495808,
					"bits_per_second":	171965439.00610945,
					"retransmits":	0,
					"snd_cwnd":	3307232,
					"snd_wnd":	71565312,
					"rtt":	64966,
					"rttvar":	112,
					"pmtu":	1500,
					"omitted":	false,
					"sender":	true
				}],
			"sum":	{
				"start":	9.001032,
				"end":	10.001038,
				"seconds":	1.0000059604644775,
				"bytes":	21495808,
				"bits_per_second":	171965439.00610945,
				"retransmits":	0,
				"omitted":	false,
				"sender":	true
			}
		}, {
			"streams":	[{
					"socket":	8,
					"start":	10.001038,
					"end":	11.001063,
					"seconds":	1.0000250339508057,
					"bytes":	22675456,
					"bits_per_second":	181399106.8636826,
					"retransmits":	0,
					"snd_cwnd":	14760912,
					"snd_wnd":	71565312,
					"rtt":	64799,
					"rttvar":	88,
					"pmtu":	1500,
					"omitted":	false,
					"sender":	true
				}],
			"sum":	{
				"start":	10.001038,
				"end":	11.001063,
				"seconds":	1.0000250339508057,
				"bytes":	22675456,
				"bits_per_second":	181399106.8636826,
				"retransmits":	0,
				"omitted":	false,
				"sender":	true
			}
		}],
	"end":	{
		"streams":	[{
				"sender":	{
					"socket":	8,
					"start":	0,
					"end":	11.001436,
					"seconds":	11.001436,
					"bytes":	107479040,
					"bits_per_second":	78156371.5864002,
					"retransmits":	8009,
					"max_snd_cwnd":	14760912,
					"max_snd_wnd":	71565312,
					"max_rtt":	127549,
					"min_rtt":	64799,
					"mean_rtt":	88216,
					"sender":	true
				},
				"receiver":	{
					"socket":	8,
					"start":	0,
					"end":	11.52257,
					"seconds":	11.001436,
					"bytes":	107479040,