{
	"start":	{
		"connected":	[{
				"socket":	8,
				"local_host":	"172.16.0.86",
				"local_port":	54966,
				"remote_host":	"172.17.0.86",
				"remote_port":	5201
			}],
		"version":	"iperf 3.16",
		"system_info":	"Linux h1 6.12.54-0b264c55b-l4steam-117 #1 SMP PREEMPT_DYNAMIC Fri Nov  7 18:07:57 UTC 2025 x86_64",
		"timestamp":	{
			"time":	"Sun, 22 Feb 2026 02:13:30 GMT",
			"timesecs":	1771726410
		},
		"connecting_to":	{
			"host":	"172.17.0.86",
			"port":	5201
		},
		"cookie":	"2hsaa3mjapppdw5ulksukssloyykg6gyysvi",
		"tcp_mss_default":	1448,
		"target_bitrate":	0,
		"fq_rate":	0,
		"sock_bufsize":	0,
		"sndbuf_actual":	1000000,
		"rcvbuf_actual":	1000000,
		"test_start":	{
			"protocol":	"TCP",
			"num_streams":	1,
			"blksize":	131072,
			"omit":	0,
			"duration":	0,
			"bytes":	107374182,
			"blocks":	0,
			"reverse":	0,
			"tos":	0,
			"target_bitrate":	0,
			"bidir":	0,
			"fqrate":	0
		}
	},
	"intervals":	[{
			"streams":	[{
					"socket":	8,
					"start":	0,
					"end":	1.001064,
					"seconds":	1.0010639429092407,
					"bytes":	16121856,
					"bits_per_second":	128837771.96607432,
					"retransmits":	6057,
					"snd_cwnd":	2710656,
					"snd_wnd":	14974976,
					"rtt":	71143,
					"rttvar":	1563,
					"pmtu":	1500,
					"omitted":	false,
					"sender":	true
				}],
			"sum":	{
				"start":	0,
				"end":	1.001064,
				"seconds":	1.0010639429092407,
				"bytes":	16121856,
				"bits_per_second":	128837771.96607432,
				"retransmits":	6057,
				"omitted":	false,
				"sender":	true
			}
		}, {
			"streams":	[{
					"socket":	8,
					"start":	1.001064,
					"end":	2.001042,
					"seconds":	0.999978005886078,
					"bytes":	13762560,
					"bits_per_second":	110102901.61576129,
					"retransmits":	1416,
					"snd_cwnd":	1621760,
					"snd_wnd":	36335616,
					"rtt":	65159,
					"rttvar":	365,
					"pmtu":	1500,
					"omitted":	false,
					"sender":	true
				}],
			"sum":	{
				"start":	1.001064,
				"end":	2.001042,
				"seconds":	0.999978005886078,
				"bytes":	13762560,
				"bits_per_second":	110102901.61576129,
				"retransmits":	1416,
				"omitted":	false,
				"sender":	true
			}
		}, {
			"streams":	[{
					"socket":	8,
					"start":	2.001042,
					"end":	3.001048,
					"seconds":	1.0000059604644775,
					"bytes":	8388608,
					"bits_per_second":	67108464.002384171,
					"retransmits":	27,
					"snd_cwnd":	716760,
					"snd_wnd":	55705600,
					"rtt":	66343,
					"rttvar":	405,
					"pmtu":	1500,
					"omitted":	false,
					"sender":	true
				}],
			"sum":	{
				"start":	2.001042,
				"end":	3.001048,
				"seconds":	1.0000059604644775,
				"bytes":	8388608,
				"bits_per_second":	67108464.002384171,
				"retransmits":	27,
				"omitted":	false,
				"sender":	true
			}
		}, {
			"streams":	[{
					"socket":	8,
					"start":	3.001048,
					"end":	4.001051,
					"seconds":	1.0000029802322388,
					"bytes":	13369344,
					"bits_per_second":	106954433.25094995,
					"retransmits":	2,
					"snd_cwnd":	1595696,
					"snd_wnd":	73846784,
					"rtt":	73706,
					"rttvar":	761,
					"pmtu":	1500,
					"omitted":	false,
					"sender":	true
				}],
			"sum":	{
				"start":	3.001048,
				"end":	4.001051,
				"seconds":	1.0000029802322388,
				"bytes":	13369344,
				"bits_per_second":	106954433.25094995,
				"retransmits":	2,
				"omitted":	false,
				"sender":	true
			}
		}, {
			"streams":	[{
					"socket":	8,
					"start":	4.001051,
					"end":	5.001048,
					"seconds":	0.99999701976776123,
					"bytes":	14286848,
					"bits_per_second":	114295124.62601514,
					"retransmits":	0,
					"snd_cwnd":	1578320,
					"snd_wnd":	73846784,
					"rtt":	65437,
					"rttvar":	876,
					"pmtu":	1500,
					"omitted":	false,
					"sender":	true
				}],
			"sum":	{
				"start":	4.001051,
				"end":	5.001048,
				"seconds":	0.99999701976776123,
				"bytes":	14286848,
				"bits_per_second":	114295124.62601514,
				"retransmits":	0,
				"omitted":	false,
				"sender":	true
			}
		}, {
			"streams":	[{
					"socket":	8,
					"start":	5.001048,
					"end":	6.001045,
					"seconds":	0.99999701976776123,
					"bytes":	10223616,
					"bits_per_second":	81789171.750726432,
					"retransmits":	0,
					"snd_cwnd":	1752080,
					"snd_wnd":	73846784,
					"rtt":	65525,
					"rttvar":	352,
					"pmtu":	1500,
					"omitted":	false,
					"sender":	true
				}],
			"sum":	{
				"start":	5.001048,
				"end":	6.001045,
				"seconds":	0.99999701976776123,
				"bytes":	10223616,
				"bits_per_second":	81789171.750726432,
				"retransmits":	0,
				"omitted":	false,
				"sender":	true
			}
		}, {
			"streams":	[{
					"socket":	8,
					"start":	6.001045,
					"end":	7.001565,
					"seconds":	1.0005199909210205,
					"bytes":	10354688,
					"bits_per_second":	82794451.636837974,
					"retransmits":	10,
					"snd_cwnd":	1615968,
					"snd_wnd":	73846784,
					"rtt":	64743,
					"rttvar":	206,
					"pmtu":	1500,
					"omitted":	false,
					"sender":	true
				}],
			"sum":	{
				"start":	6.001045,
				"end":	7.001565,
				"seconds":	1.0005199909210205,
				"bytes":	10354688,
				"bits_per_second":	82794451.636837974,
				"retransmits":	10,
				"omitted":	false,
				"sender":	true
			}
		}, {
			"streams":	[{
					"socket":	8,
					"start":	7.001565,
					"end":	8.001035,
					"seconds":	0.99946999549865723,
					"bytes":	10616832,
					"bits_per_second":	84979695.621201977,
					"retransmits":	0,
					"snd_cwnd":	1676784,
					"snd_wnd":	73846784,
					"rtt":	63964,
					"rttvar":	97,
					"pmtu":	1500,
					"omitted":	false,
					"sender":	true
				}],
			"sum":	{
				"start":	7.001565,
				"end":	8.001035,
				"seconds":	0.99946999549865723,
				"bytes":	10616832,
				"bits_per_second":	84979695.621201977,
				"retransmits":	0,
				"omitted":	false,
				"sender":	true
			}
		}, {
			"streams":	[{
					"socket":	8,
					"start":	8.001035,
					"end":	9.001033,
					"seconds":	0.99999797344207764,
					"bytes":	10354688,
					"bits_per_second":	82837671.8753402,
					"retransmits":	0,
					"snd_cwnd":	5684848,
					"snd_wnd":	99524608,
					"rtt":	61141,
					"rttvar":	75,
					"pmtu":	1500,
					"omitted":	false,
					"sender":	true
				}],
			"sum":	{
				"start":	8.001035,
				"end":	9.001033,
				"seconds":	0.99999797344207764,
				"bytes":	10354688,
				"bits_per_second":	82837671.8753402,
				"retransmits":	0,
				"omitted":	false,
				"sender":	true
			}
		}],
	"end":	{
		"streams":	[{
				"sender":	{
					"socket":	8,
					"start":	0,
					"end":	9.001302,
					"seconds":	9.001302,
					"bytes":	107479040,
					"bits_per_second":	95523105.4351915,
					"retransmits":	7512,
					"max_snd_cwnd":	5684848,
					"max_snd_wnd":	99524608,
					"max_rtt":	73706,
					"min_rtt":	61141,
					"mean_rtt":	65830,
					"sender":	true
				},
				"receiver":	{
					"socket":	8,
					"start":	0,
					"end":	10.095747,
					"seconds":	9.001302,
					"bytes":	107479040,
					"bits_per_second":	85167776.094230577,
					"sender":	true
				}
			}],
		"sum_sent":	{
			"start":	0,
			"end":	9.001302,
			"seconds":	9.001302,
			"bytes":	107479040,
			"bits_per_second":	95523105.4351915,
			"retransmits":	7512,
			"sender":	true
		},
		"sum_received":	{
			"start":	0,
			"end":	10.095747,
			"seconds":	10.095747,
			"bytes":	107479040,
			"bits_per_second":	85167776.094230577,
			"sender":	true
		},
		"cpu_utilization_percent":	{
			"host_total":	6.8216348247278873,
			"host_user":	5.8930865725495316,
			"host_system":	0.92853856941192781,
			"remote_total":	1.9931353305826054,
			"remote_user":	0.0669885710346292,
			"remote_system":	1.9261665698602739
		},
		"sender_tcp_congestion":	"bbr",
		"receiver_tcp_congestion":	"bbr"
	}
}
