{
	"start":	{
		"connected":	[{
				"socket":	8,
				"local_host":	"172.16.0.87",
				"local_port":	32882,
				"remote_host":	"172.17.0.87",
				"remote_port":	5201
			}],
		"version":	"iperf 3.16",
		"system_info":	"Linux h1 6.12.54-0b264c55b-l4steam-117 #1 SMP PREEMPT_DYNAMIC Fri Nov  7 18:07:57 UTC 2025 x86_64",
		"timestamp":	{
			"time":	"Sun, 22 Feb 2026 02:13:30 GMT",
			"timesecs":	1771726410
		},
		"connecting_to":	{
			"host":	"172.17.0.87",
			"port":	5201
		},
		"cookie":	"dsyfa22i4a3kvnop2oaxt6lgsyxufocgrg32",
		"tcp_mss_default":	1448,
		"target_bitrate":	0,
		"fq_rate":	0,
		"sock_bufsize":	0,
		"sndbuf_actual":	1000000,
		"rcvbuf_actual":	1000000,
		"test_start":	{
			"protocol":	"TCP",
			"num_streams":	1,
			"blksize":	131072,
			"omit":	0,
			"duration":	0,
			"bytes":	107374182,
			"blocks":	0,
			"reverse":	0,
			"tos":	0,
			"target_bitrate":	0,
			"bidir":	0,
			"fqrate":	0
		}
	},
	"intervals":	[{
			"streams":	[{
					"socket":	8,
					"start":	0,
					"end":	1.001049,
					"seconds":	1.0010490417480469,
					"bytes":	22282240,
					"bits_per_second":	178071115.96523118,
					"retransmits":	7112,
					"snd_cwnd":	4225264,
					"snd_wnd":	18022400,
					"rtt":	72671,
					"rttvar":	700,
					"pmtu":	1500,
					"omitted":	false,
					"sender":	true
				}],
			"sum":	{
				"start":	0,
				"end":	1.001049,
				"seconds":	1.0010490417480469,
				"bytes":	22282240,
				"bits_per_second":	178071115.96523118,
				"retransmits":	7112,
				"omitted":	false,
				"sender":	true
			}
		}, {
			"streams":	[{
					"socket":	8,
					"start":	1.001049,
					"end":	2.000972,
					"seconds":	0.9999229907989502,
					"bytes":	17825792,
					"bits_per_second":	142617318.84578016,
					"retransmits":	1451,
					"snd_cwnd":	1873712,
					"snd_wnd":	42799104,
					"rtt":	94302,
					"rttvar":	180,
					"pmtu":	1500,
					"omitted":	false,
					"sender":	true
				}],
			"sum":	{
				"start":	1.001049,
				"end":	2.000972,
				"seconds":	0.9999229907989502,
				"bytes":	17825792,
				"bits_per_second":	142617318.84578016,
				"retransmits":	1451,
				"omitted":	false,
				"sender":	true
			}
		}, {
			"streams":	[{
					"socket":	8,
					"start":	2.000972,
					"end":	3.001041,
					"seconds":	1.00006902217865,
					"bytes":	7471104,
					"bits_per_second":	59764706.909722716,
					"retransmits":	24,
					"snd_cwnd":	1850544,
					"snd_wnd":	63275008,
					"rtt":	70049,
					"rttvar":	571,
					"pmtu":	1500,
					"omitted":	false,
					"sender":	true
				}],
			"sum":	{
				"start":	2.000972,
				"end":	3.001041,
				"seconds":	1.00006902217865,
				"bytes":	7471104,
				"bits_per_second":	59764706.909722716,
				"retransmits":	24,
				"omitted":	false,
				"sender":	true
			}
		}, {
			"streams":	[{
					"socket":	8,
					"start":	3.001041,
					"end":	4.00104,
					"seconds":	0.99999898672103882,
					"bytes":	13631488,
					"bits_per_second":	109052014.50011197,
					"retransmits":	23,
					"snd_cwnd":	1847648,
					"snd_wnd":	85331968,
					"rtt":	69283,
					"rttvar":	182,
					"pmtu":	1500,
					"omitted":	false,
					"sender":	true
				}],
			"sum":	{
				"start":	3.001041,
				"end":	4.00104,
				"seconds":	0.99999898672103882,
				"bytes":	13631488,
				"bits_per_second":	109052014.50011197,
				"retransmits":	23,
				"omitted":	false,
				"sender":	true
			}
		}, {
			"streams":	[{
					"socket":	8,
					"start":	4.00104,
					"end":	5.005854,
					"seconds":	1.0048140287399292,
					"bytes":	15073280,
					"bits_per_second":	120008515.557072,
					"retransmits":	0,
					"snd_cwnd":	1844752,
					"snd_wnd":	108265472,
					"rtt":	91695,
					"rttvar":	126,
					"pmtu":	1500,
					"omitted":	false,
					"sender":	true
				}],
			"sum":	{
				"start":	4.00104,
				"end":	5.005854,
				"seconds":	1.0048140287399292,
				"bytes":	15073280,
				"bits_per_second":	120008515.557072,
				"retransmits":	0,
				"omitted":	false,
				"sender":	true
			}
		}, {
			"streams":	[{
					"socket":	8,
					"start":	5.005854,
					"end":	6.001065,
					"seconds":	0.99521100521087646,
					"bytes":	11141120,
					"bits_per_second":	89557852.0869696,
					"retransmits":	0,
					"snd_cwnd":	1763664,
					"snd_wnd":	125157376,
					"rtt":	78776,
					"rttvar":	283,
					"pmtu":	1500,
					"omitted":	false,
					"sender":	true
				}],
			"sum":	{
				"start":	5.005854,
				"end":	6.001065,
				"seconds":	0.99521100521087646,
				"bytes":	11141120,
				"bits_per_second":	89557852.0869696,
				"retransmits":	0,
				"omitted":	false,
				"sender":	true
			}
		}, {
			"streams":	[{
					"socket":	8,
					"start":	6.001065,
					"end":	7.001044,
					"seconds":	0.999979019165039,
					"bytes":	17039360,
					"bits_per_second":	136317740.06000644,
					"retransmits":	0,
					"snd_cwnd":	1995344,
					"snd_wnd":	125157376,
					"rtt":	76289,
					"rttvar":	1290,
					"pmtu":	1500,
					"omitted":	false,
					"sender":	true
				}],
			"sum":	{
				"start":	6.001065,
				"end":	7.001044,
				"seconds":	0.999979019165039,
				"bytes":	17039360,
				"bits_per_second":	136317740.06000644,
				"retransmits":	0,
				"omitted":	false,
				"sender":	true
			}
		}, {
			"streams":	[{
					"socket":	8,
					"start":	7.001044,
					"end":	8.001761,
					"seconds":	1.0007170438766479,
					"bytes":	3014656,
					"bits_per_second":	24099967.266044468,
					"retransmits":	18,
					"snd_cwnd":	2438432,
					"snd_wnd":	125153280,
					"rtt":	78722,
					"rttvar":	138,
					"pmtu":	1500,
					"omitted":	false,
					"sender":	true
				}],
			"sum":	{
				"start":	7.001044,
				"end":	8.001761,
				"seconds":	1.0007170438766479,
				"bytes":	3014656,
				"bits_per_second":	24099967.266044468,
				"retransmits":	18,
				"omitted":	false,
				"sender":	true
			}
		}],
	"end":	{
		"streams":	[{
				"sender":	{
					"socket":	8,
					"start":	0,
					"end":	8.002209,
					"seconds":	8.002209,
					"bytes":	107479040,
					"bits_per_second":	107449370.54255892,
					"retransmits":	8628,
					"max_snd_cwnd":	4225264,
					"max_snd_wnd":	125157376,
					"max_rtt":	94302,
					"min_rtt":	69283,
					"mean_rtt":	78945,
					"sender":	true
				},
				"receiver":	{
					"socket":	8,
					"start":	0,
					"end":	8.07513,
					"seconds":	8.002209,
					"bytes":	103284736,
					"bits_per_second":	102323787.72849478,
					"sender":	true
				}
			}],
		"sum_sent":	{
			"start":	0,
			"end":	8.002209,
			"seconds":	8.002209,
			"bytes":	107479040,
			"bits_per_second":	107449370.54255892,
			"retransmits":	8628,
			"sender":	true
		},
		"sum_received":	{
			"start":	0,
			"end":	8.07513,
			"seconds":	8.07513,
			"bytes":	103284736,
			"bits_per_second":	102323787.72849478,
			"sender":	true
		},
		"cpu_utilization_percent":	{
			"host_total":	2.6386859862332956,
			"host_user":	2.2222155226822009,
			"host_system":	0.41647046355109452,
			"remote_total":	1.8812141980645083,
			"remote_user":	0.071342266162750773,
			"remote_system":	1.8098719319017575
		},
		"sender_tcp_congestion":	"bbr",
		"receiver_tcp_congestion":	"bbr"
	}
}
