{
	"start":	{
		"connected":	[{
				"socket":	8,
				"local_host":	"172.16.0.102",
				"local_port":	43984,
				"remote_host":	"172.17.0.102",
				"remote_port":	5201
			}],
		"version":	"iperf 3.16",
		"system_info":	"Linux h1 6.12.54-0b264c55b-l4steam-117 #1 SMP PREEMPT_DYNAMIC Fri Nov  7 18:07:57 UTC 2025 x86_64",
		"timestamp":	{
			"time":	"Sun, 22 Feb 2026 01:57:51 GMT",
			"timesecs":	1771725471
		},
		"connecting_to":	{
			"host":	"172.17.0.102",
			"port":	5201
		},
		"cookie":	"gfseoxgx44il2gyy2eknqw73agflh5u6jy5a",
		"tcp_mss_default":	1448,
		"target_bitrate":	0,
		"fq_rate":	0,
		"sock_bufsize":	0,
		"sndbuf_actual":	1000000,
		"rcvbuf_actual":	1000000,
		"test_start":	{
			"protocol":	"TCP",
			"num_streams":	1,
			"blksize":	131072,
			"omit":	0,
			"duration":	0,
			"bytes":	107374182,
			"blocks":	0,
			"reverse":	0,
			"tos":	0,
			"target_bitrate":	0,
			"bidir":	0,
			"fqrate":	0
		}
	},
	"intervals":	[{
			"streams":	[{
					"socket":	8,
					"start":	0,
					"end":	1.001051,
					"seconds":	1.00105094909668,
					"bytes":	19136512,
					"bits_per_second":	152931372.91178438,
					"retransmits":	445,
					"snd_cwnd":	144740632,
					"snd_wnd":	2125824,
					"rtt":	266840,
					"rttvar":	322,
					"pmtu":	1500,
					"omitted":	false,
					"sender":	true
				}],
			"sum":	{
				"start":	0,
				"end":	1.001051,
				"seconds":	1.00105094909668,
				"bytes":	19136512,
				"bits_per_second":	152931372.91178438,
				"retransmits":	445,
				"omitted":	false,
				"sender":	true
			}
		}, {
			"streams":	[{
					"socket":	8,
					"start":	1.001051,
					"end":	2.009069,
					"seconds":	1.0080180168151855,
					"bytes":	27525120,
					"bits_per_second":	218449428.80656132,
					"retransmits":	2683,
					"snd_cwnd":	144112200,
					"snd_wnd":	21618688,
					"rtt":	273275,
					"rttvar":	3121,
					"pmtu":	1500,
					"omitted":	false,
					"sender":	true
				}],
			"sum":	{
				"start":	1.001051,
				"end":	2.009069,
				"seconds":	1.0080180168151855,
				"bytes":	27525120,
				"bits_per_second":	218449428.80656132,
				"retransmits":	2683,
				"omitted":	false,
				"sender":	true
			}
		}, {
			"streams":	[{
					"socket":	8,
					"start":	2.009069,
					"end":	3.001043,
					"seconds":	0.99197399616241455,
					"bytes":	0,
					"bits_per_second":	0,
					"retransmits":	4460,
					"snd_cwnd":	143408472,
					"snd_wnd":	42123264,
					"rtt":	268060,
					"rttvar":	550,
					"pmtu":	1500,
					"omitted":	false,
					"sender":	true
				}],
			"sum":	{
				"start":	2.009069,
				"end":	3.001043,
				"seconds":	0.99197399616241455,
				"bytes":	0,
				"bits_per_second":	0,
				"retransmits":	4460,
				"omitted":	false,
				"sender":	true
			}
		}, {
			"streams":	[{
					"socket":	8,
					"start":	3.001043,
					"end":	4.00104,
					"seconds":	0.99999701976776123,
					"bytes":	17956864,
					"bits_per_second":	143655340.12627593,
					"retransmits":	4672,
					"snd_cwnd":	142384736,
					"snd_wnd":	83369984,
					"rtt":	289429,
					"rttvar":	1505,
					"pmtu":	1500,
					"omitted":	false,
					"sender":	true
				}],
			"sum":	{
				"start":	3.001043,
				"end":	4.00104,
				"seconds":	0.99999701976776123,
				"bytes":	17956864,
				"bits_per_second":	143655340.12627593,
				"retransmits":	4672,
				"omitted":	false,
				"sender":	true
			}
		}, {
			"streams":	[{
					"socket":	8,
					"start":	4.00104,
					"end":	5.001092,
					"seconds":	1.0000519752502441,
					"bytes":	0,
					"bits_per_second":	0,
					"retransmits":	9466,
					"snd_cwnd":	141704176,
					"snd_wnd":	108126208,
					"rtt":	308754,
					"rttvar":	4980,
					"pmtu":	1500,
					"omitted":	false,
					"sender":	true
				}],
			"sum":	{
				"start":	4.00104,
				"end":	5.001092,
				"seconds":	1.0000519752502441,
				"bytes":	0,
				"bits_per_second":	0,
				"retransmits":	9466,
				"omitted":	false,
				"sender":	true
			}
		}, {
			"streams":	[{
					"socket":	8,
					"start":	5.001092,
					"end":	6.001032,
					"seconds":	0.99993997812271118,
					"bytes":	27525120,
					"bits_per_second":	220214177.66834927,
					"retransmits":	7642,
					"snd_cwnd":	140971488,
					"snd_wnd":	134201344,
					"rtt":	266643,
					"rttvar":	728,
					"pmtu":	1500,
					"omitted":	false,
					"sender":	true
				}],
			"sum":	{
				"start":	5.001092,
				"end":	6.001032,
				"seconds":	0.99993997812271118,
				"bytes":	27525120,
				"bits_per_second":	220214177.66834927,
				"retransmits":	7642,
				"omitted":	false,
				"sender":	true
			}
		}, {
			"streams":	[{
					"socket":	8,
					"start":	6.001032,
					"end":	7.001031,
					"seconds":	0.99999898672103882,
					"bytes":	6422528,
					"bits_per_second":	51380276.062552758,
					"retransmits":	6811,
					"snd_cwnd":	140561704,
					"snd_wnd":	131375104,
					"rtt":	267533,
					"rttvar":	4241,
					"pmtu":	1500,
					"omitted":	false,
					"sender":	true
				}],
			"sum":	{
				"start":	6.001032,
				"end":	7.001031,
				"seconds":	0.99999898672103882,
				"bytes":	6422528,
				"bits_per_second":	51380276.062552758,
				"retransmits":	6811,
				"omitted":	false,
				"sender":	true
			}
		}],
	"end":	{
		"streams":	[{
				"sender":	{
					"socket":	8,
					"start":	0,
					"end":	7.001345,
					"seconds":	7.001345,
					"bytes":	107479040,
					"bits_per_second":	122809591.58561677,
					"retransmits":	36179,
					"max_snd_cwnd":	144740632,
					"max_snd_wnd":	134201344,
					"max_rtt":	308754,
					"min_rtt":	266643,
					"mean_rtt":	276008,
					"sender":	true
				},
				"receiver":	{
					"socket":	8,
					"start":	0,
					"end":	7.229584,
					"seconds":	7.001345,
					"bytes":	107479040,
					"bits_per_second":	118932475.22955677,
					"sender":	true
				}
			}],
		"sum_sent":	{
			"start":	0,
			"end":	7.001345,
			"seconds":	7.001345,
			"bytes":	107479040,
			"bits_per_second":	122809591.58561677,
			"retransmits":	36179,
			"sender":	true
		},
		"sum_received":	{
			"start":	0,
			"end":	7.229584,
			"seconds":	7.229584,
			"bytes":	107479040,
			"bits_per_second":	118932475.22955677,
			"sender":	true
		},
		"cpu_utilization_percent":	{
			"host_total":	7.8949016476076954,
			"host_user":	5.1587300653030033,
			"host_system":	2.7361715823046922,
			"remote_total":	0.69161521843953155,
			"remote_user":	0,
			"remote_system":	0.69161521843953155
		},
		"sender_tcp_congestion":	"prague",
		"receiver_tcp_congestion":	"prague"
	}
}
