{
	"start":	{
		"connected":	[{
				"socket":	8,
				"local_host":	"172.16.0.120",
				"local_port":	33796,
				"remote_host":	"172.17.0.120",
				"remote_port":	5201
			}],
		"version":	"iperf 3.16",
		"system_info":	"Linux h1 6.12.54-0b264c55b-l4steam-117 #1 SMP PREEMPT_DYNAMIC Fri Nov  7 18:07:57 UTC 2025 x86_64",
		"timestamp":	{
			"time":	"Sun, 22 Feb 2026 01:57:52 GMT",
			"timesecs":	1771725472
		},
		"connecting_to":	{
			"host":	"172.17.0.120",
			"port":	5201
		},
		"cookie":	"gnshpchmcbwufbows3bidltfagnij7xtjw2n",
		"tcp_mss_default":	1448,
		"target_bitrate":	0,
		"fq_rate":	0,
		"sock_bufsize":	0,
		"sndbuf_actual":	1000000,
		"rcvbuf_actual":	1000000,
		"test_start":	{
			"protocol":	"TCP",
			"num_streams":	1,
			"blksize":	131072,
			"omit":	0,
			"duration":	0,
			"bytes":	107374182,
			"blocks":	0,
			"reverse":	0,
			"tos":	0,
			"target_bitrate":	0,
			"bidir":	0,
			"fqrate":	0
		}
	},
	"intervals":	[{
			"streams":	[{
					"socket":	8,
					"start":	0,
					"end":	1.001073,
					"seconds":	1.0010730028152466,
					"bytes":	19267584,
					"bits_per_second":	153975455.90233791,
					"retransmits":	381,
					"snd_cwnd":	144749320,
					"snd_wnd":	1077248,
					"rtt":	307968,
					"rttvar":	1970,
					"pmtu":	1500,
					"omitted":	false,
					"sender":	true
				}],
			"sum":	{
				"start":	0,
				"end":	1.001073,
				"seconds":	1.0010730028152466,
				"bytes":	19267584,
				"bits_per_second":	153975455.90233791,
				"retransmits":	381,
				"omitted":	false,
				"sender":	true
			}
		}, {
			"streams":	[{
					"socket":	8,
					"start":	1.001073,
					"end":	2.00334,
					"seconds":	1.0022670030593872,
					"bytes":	0,
					"bits_per_second":	0,
					"retransmits":	1858,
					"snd_cwnd":	144650856,
					"snd_wnd":	5169152,
					"rtt":	291021,
					"rttvar":	16609,
					"pmtu":	1500,
					"omitted":	false,
					"sender":	true
				}],
			"sum":	{
				"start":	1.001073,
				"end":	2.00334,
				"seconds":	1.0022670030593872,
				"bytes":	0,
				"bits_per_second":	0,
				"retransmits":	1858,
				"omitted":	false,
				"sender":	true
			}
		}, {
			"streams":	[{
					"socket":	8,
					"start":	2.00334,
					"end":	3.001024,
					"seconds":	0.99768400192260742,
					"bytes":	0,
					"bits_per_second":	0,
					"retransmits":	4387,
					"snd_cwnd":	143831288,
					"snd_wnd":	31789056,
					"rtt":	273181,
					"rttvar":	3357,
					"pmtu":	1500,
					"omitted":	false,
					"sender":	true
				}],
			"sum":	{
				"start":	2.00334,
				"end":	3.001024,
				"seconds":	0.99768400192260742,
				"bytes":	0,
				"bits_per_second":	0,
				"retransmits":	4387,
				"omitted":	false,
				"sender":	true
			}
		}, {
			"streams":	[{
					"socket":	8,
					"start":	3.001024,
					"end":	4.001054,
					"seconds":	1.0000300407409668,
					"bytes":	0,
					"bits_per_second":	0,
					"retransmits":	9,
					"snd_cwnd":	1448,
					"snd_wnd":	32231424,
					"rtt":	273181,
					"rttvar":	3357,
					"pmtu":	1500,
					"omitted":	false,
					"sender":	true
				}],
			"sum":	{
				"start":	3.001024,
				"end":	4.001054,
				"seconds":	1.0000300407409668,
				"bytes":	0,
				"bits_per_second":	0,
				"retransmits":	9,
				"omitted":	false,
				"sender":	true
			}
		}, {
			"streams":	[{
					"socket":	8,
					"start":	4.001054,
					"end":	5.007306,
					"seconds":	1.00625205039978,
					"bytes":	9699328,
					"bits_per_second":	77112512.6842444,
					"retransmits":	7,
					"snd_cwnd":	13032,
					"snd_wnd":	32251904,
					"rtt":	276233,
					"rttvar":	5432,
					"pmtu":	1500,
					"omitted":	false,
					"sender":	true
				}],
			"sum":	{
				"start":	4.001054,
				"end":	5.007306,
				"seconds":	1.00625205039978,
				"bytes":	9699328,
				"bits_per_second":	77112512.6842444,
				"retransmits":	7,
				"omitted":	false,
				"sender":	true
			}
		}, {
			"streams":	[{
					"socket":	8,
					"start":	5.007306,
					"end":	6.001026,
					"seconds":	0.99371999502182,
					"bytes":	0,
					"bits_per_second":	0,
					"retransmits":	5,
					"snd_cwnd":	23168,
					"snd_wnd":	32399360,
					"rtt":	267537,
					"rttvar":	1610,
					"pmtu":	1500,
					"omitted":	false,
					"sender":	true
				}],
			"sum":	{
				"start":	5.007306,
				"end":	6.001026,
				"seconds":	0.99371999502182,
				"bytes":	0,
				"bits_per_second":	0,
				"retransmits":	5,
				"omitted":	false,
				"sender":	true
			}
		}, {
			"streams":	[{
					"socket":	8,
					"start":	6.001026,
					"end":	7.001054,
					"seconds":	1.0000280141830444,
					"bytes":	0,
					"bits_per_second":	0,
					"retransmits":	1,
					"snd_cwnd":	7240,
					"snd_wnd":	32489472,
					"rtt":	264351,
					"rttvar":	9914,
					"pmtu":	1500,
					"omitted":	false,
					"sender":	true
				}],
			"sum":	{
				"start":	6.001026,
				"end":	7.001054,
				"seconds":	1.0000280141830444,
				"bytes":	0,
				"bits_per_second":	0,
				"retransmits":	1,
				"omitted":	false,
				"sender":	true
			}
		}, {
			"streams":	[{
					"socket":	8,
					"start":	7.001054,
					"end":	8.001049,
					"seconds":	0.999994993209839,
					"bytes":	0,
					"bits_per_second":	0,
					"retransmits":	0,
					"snd_cwnd":	21720,
					"snd_wnd":	32776192,
					"rtt":	60741,
					"rttvar":	16,
					"pmtu":	1500,
					"omitted":	false,
					"sender":	true
				}],
			"sum":	{
				"start":	7.001054,
				"end":	8.001049,
				"seconds":	0.999994993209839,
				"bytes":	0,
				"bits_per_second":	0,
				"retransmits":	0,
				"omitted":	false,
				"sender":	true
			}
		}, {
			"streams":	[{
					"socket":	8,
					"start":	8.001049,
					"end":	9.001048,
					"seconds":	0.99999898672103882,
					"bytes":	0,
					"bits_per_second":	0,
					"retransmits":	0,
					"snd_cwnd":	43440,
					"snd_wnd":	33792000,
					"rtt":	60800,
					"rttvar":	125,
					"pmtu":	1500,
					"omitted":	false,
					"sender":	true
				}],
			"sum":	{
				"start":	8.001049,
				"end":	9.001048,
				"seconds":	0.99999898672103882,
				"bytes":	0,
				"bits_per_second":	0,
				"retransmits":	0,
				"omitted":	false,
				"sender":	true
			}
		}, {
			"streams":	[{
					"socket":	8,
					"start":	9.001048,
					"end":	10.001075,
					"seconds":	1.0000269412994385,
					"bytes":	0,
					"bits_per_second":	0,
					"retransmits":	0,
					"snd_cwnd":	66608,
					"snd_wnd":	35565568,
					"rtt":	60736,
					"rttvar":	29,
					"pmtu":	1500,
					"omitted":	false,
					"sender":	true
				}],
			"sum":	{
				"start":	9.001048,
				"end":	10.001075,
				"seconds":	1.0000269412994385,
				"bytes":	0,
				"bits_per_second":	0,
				"retransmits":	0,
				"omitted":	false,
				"sender":	true
			}
		}, {
			"streams":	[{
					"socket":	8,
					"start":	10.001075,
					"end":	11.001055,
					"seconds":	0.99997997283935547,
					"bytes":	0,
					"bits_per_second":	0,
					"retransmits":	0,
					"snd_cwnd":	91224,
					"snd_wnd":	38109184,
					"rtt":	60760,
					"rttvar":	24,
					"pmtu":	1500,
					"omitted":	false,
					"sender":	true
				}],
			"sum":	{
				"start":	10.001075,
				"end":	11.001055,
				"seconds":	0.99997997283935547,
				"bytes":	0,
				"bits_per_second":	0,
				"retransmits":	0,
				"omitted":	false,
				"sender":	true
			}
		}, {
			"streams":	[{
					"socket":	8,
					"start":	11.001055,
					"end":	12.001056,
					"seconds":	1.0000009536743164,
					"bytes":	3276800,
					"bits_per_second":	26214375.000023842,
					"retransmits":	0,
					"snd_cwnd":	114392,
					"snd_wnd":	41418752,
					"rtt":	60748,
					"rttvar":	28,
					"pmtu":	1500,
					"omitted":	false,
					"sender":	true
				}],
			"sum":	{
				"start":	11.001055,
				"end":	12.001056,
				"seconds":	1.0000009536743164,
				"bytes":	3276800,
				"bits_per_second":	26214375.000023842,
				"retransmits":	0,
				"omitted":	false,
				"sender":	true
			}
		}, {
			"streams":	[{
					"socket":	8,
					"start":	12.001056,
					"end":	13.001055,
					"seconds":	0.99999898672103882,
					"bytes":	3276800,
					"bits_per_second":	26214426.562526915,
					"retransmits":	0,
					"snd_cwnd":	137560,
					"snd_wnd":	45490176,
					"rtt":	60755,