{
	"start":	{
		"connected":	[{
				"socket":	8,
				"local_host":	"172.16.0.127",
				"local_port":	48040,
				"remote_host":	"172.17.0.127",
				"remote_port":	5201
			}],
		"version":	"iperf 3.16",
		"system_info":	"Linux h1 6.12.54-0b264c55b-l4steam-117 #1 SMP PREEMPT_DYNAMIC Fri Nov  7 18:07:57 UTC 2025 x86_64",
		"timestamp":	{
			"time":	"Wed, 18 Feb 2026 03:49:36 GMT",
			"timesecs":	1771386576
		},
		"connecting_to":	{
			"host":	"172.17.0.127",
			"port":	5201
		},
		"cookie":	"vc7trf2b7r5cenxo45pz27ii3ochvenhps3o",
		"tcp_mss_default":	1448,
		"target_bitrate":	0,
		"fq_rate":	0,
		"sock_bufsize":	0,
		"sndbuf_actual":	1000000,
		"rcvbuf_actual":	1000000,
		"test_start":	{
			"protocol":	"TCP",
			"num_streams":	1,
			"blksize":	131072,
			"omit":	0,
			"duration":	0,
			"bytes":	10737418240,
			"blocks":	0,
			"reverse":	0,
			"tos":	0,
			"target_bitrate":	0,
			"bidir":	0,
			"fqrate":	0
		}
	},
	"intervals":	[{
			"streams":	[{
					"socket":	8,
					"start":	0,
					"end":	1.001039,
					"seconds":	1.0010390281677246,
					"bytes":	14548992,
					"bits_per_second":	116271127.02392904,
					"retransmits":	1,
					"snd_cwnd":	89776,
					"snd_wnd":	688128,
					"rtt":	172475,
					"rttvar":	140160,
					"pmtu":	1500,
					"omitted":	false,
					"sender":	true
				}],
			"sum":	{
				"start":	0,
				"end":	1.001039,
				"seconds":	1.0010390281677246,
				"bytes":	14548992,
				"bits_per_second":	116271127.02392904,
				"retransmits":	1,
				"omitted":	false,
				"sender":	true
			}
		}, {
			"streams":	[{
					"socket":	8,
					"start":	0,
					"end":	1.001039,
					"seconds":	1.0010390281677246,
					"bytes":	14548992,
					"bits_per_second":	116271127.02392904,
					"retransmits":	1,
					"snd_cwnd":	89776,
					"snd_wnd":	688128,
					"rtt":	172475,
					"rttvar":	140160,
					"pmtu":	1500,
					"omitted":	false,
					"sender":	true
				}],
			"sum":	{
				"start":	0,
				"end":	1.001039,
				"seconds":	1.0010390281677246,
				"bytes":	14548992,
				"bits_per_second":	116271127.02392904,
				"retransmits":	1,
				"omitted":	false,
				"sender":	true
			}
		}],
	"end":	{
	},
	"error":	"control socket has closed unexpectedly"
}
