{
	"start":	{
		"connected":	[{
				"socket":	8,
				"local_host":	"172.16.0.17",
				"local_port":	42630,
				"remote_host":	"172.17.0.17",
				"remote_port":	5201
			}],
		"version":	"iperf 3.16",
		"system_info":	"Linux h1 6.12.54-0b264c55b-l4steam-117 #1 SMP PREEMPT_DYNAMIC Fri Nov  7 18:07:57 UTC 2025 x86_64",
		"timestamp":	{
			"time":	"Sun, 22 Feb 2026 01:57:50 GMT",
			"timesecs":	1771725470
		},
		"connecting_to":	{
			"host":	"172.17.0.17",
			"port":	5201
		},
		"cookie":	"nrfzwhwberyusfschl2cnmhf53agbqr4go6y",
		"tcp_mss_default":	1448,
		"target_bitrate":	0,
		"fq_rate":	0,
		"sock_bufsize":	0,
		"sndbuf_actual":	1000000,
		"rcvbuf_actual":	1000000,
		"test_start":	{
			"protocol":	"TCP",
			"num_streams":	1,
			"blksize":	131072,
			"omit":	0,
			"duration":	0,
			"bytes":	107374182,
			"blocks":	0,
			"reverse":	0,
			"tos":	0,
			"target_bitrate":	0,
			"bidir":	0,
			"fqrate":	0
		}
	},
	"intervals":	[{
			"streams":	[{
					"socket":	8,
					"start":	0,
					"end":	1.001035,
					"seconds":	1.00103497505188,
					"bytes":	86245376,
					"bits_per_second":	689249651.805864,
					"retransmits":	2683,
					"snd_cwnd":	143944232,
					"snd_wnd":	46911488,
					"rtt":	295956,
					"rttvar":	724,
					"pmtu":	1500,
					"omitted":	false,
					"sender":	true
				}],
			"sum":	{
				"start":	0,
				"end":	1.001035,
				"seconds":	1.00103497505188,
				"bytes":	86245376,
				"bits_per_second":	689249651.805864,
				"retransmits":	2683,
				"omitted":	false,
				"sender":	true
			}
		}, {
			"streams":	[{
					"socket":	8,
					"start":	1.001035,
					"end":	2.001059,
					"seconds":	1.0000239610672,
					"bytes":	0,
					"bits_per_second":	0,
					"retransmits":	7870,
					"snd_cwnd":	142496232,
					"snd_wnd":	101527552,
					"rtt":	276640,
					"rttvar":	622,
					"pmtu":	1500,
					"omitted":	false,
					"sender":	true
				}],
			"sum":	{
				"start":	1.001035,
				"end":	2.001059,
				"seconds":	1.0000239610672,
				"bytes":	0,
				"bits_per_second":	0,
				"retransmits":	7870,
				"omitted":	false,
				"sender":	true
			}
		}, {
			"streams":	[{
					"socket":	8,
					"start":	2.001059,
					"end":	3.001074,
					"seconds":	1.0000150203704834,
					"bytes":	6029312,
					"bits_per_second":	48233771.5108821,
					"retransmits":	5502,
					"snd_cwnd":	141825808,
					"snd_wnd":	116953088,
					"rtt":	270276,
					"rttvar":	1242,
					"pmtu":	1500,
					"omitted":	false,
					"sender":	true
				}],
			"sum":	{
				"start":	2.001059,
				"end":	3.001074,
				"seconds":	1.0000150203704834,
				"bytes":	6029312,
				"bits_per_second":	48233771.5108821,
				"retransmits":	5502,
				"omitted":	false,
				"sender":	true
			}
		}, {
			"streams":	[{
					"socket":	8,
					"start":	3.001074,
					"end":	4.001042,
					"seconds":	0.99996799230575562,
					"bytes":	6029312,
					"bits_per_second":	48236039.924417458,
					"retransmits":	3031,
					"snd_cwnd":	141333488,
					"snd_wnd":	134328320,
					"rtt":	272151,
					"rttvar":	3593,
					"pmtu":	1500,
					"omitted":	false,
					"sender":	true
				}],
			"sum":	{
				"start":	3.001074,
				"end":	4.001042,
				"seconds":	0.99996799230575562,
				"bytes":	6029312,
				"bits_per_second":	48236039.924417458,
				"retransmits":	3031,
				"omitted":	false,
				"sender":	true
			}
		}, {
			"streams":	[{
					"socket":	8,
					"start":	4.001042,
					"end":	5.010914,
					"seconds":	1.0098719596862793,
					"bytes":	6946816,
					"bits_per_second":	55031261.6039606,
					"retransmits":	1236,
					"snd_cwnd":	141065608,
					"snd_wnd":	142319616,
					"rtt":	276331,
					"rttvar":	1446,
					"pmtu":	1500,
					"omitted":	false,
					"sender":	true
				}],
			"sum":	{
				"start":	4.001042,
				"end":	5.010914,
				"seconds":	1.0098719596862793,
				"bytes":	6946816,
				"bits_per_second":	55031261.6039606,
				"retransmits":	1236,
				"omitted":	false,
				"sender":	true
			}
		}, {
			"streams":	[{
					"socket":	8,
					"start":	5.010914,
					"end":	6.001024,
					"seconds":	0.99010998010635376,
					"bytes":	1966080,
					"bits_per_second":	15885750.387356455,
					"retransmits":	713,
					"snd_cwnd":	140981624,
					"snd_wnd":	145575936,
					"rtt":	289240,
					"rttvar":	7298,
					"pmtu":	1500,
					"omitted":	false,
					"sender":	true
				}],
			"sum":	{
				"start":	5.010914,
				"end":	6.001024,
				"seconds":	0.99010998010635376,
				"bytes":	1966080,
				"bits_per_second":	15885750.387356455,
				"retransmits":	713,
				"omitted":	false,
				"sender":	true
			}
		}],
	"end":	{
		"streams":	[{
				"sender":	{
					"socket":	8,
					"start":	0,
					"end":	6.001393,
					"seconds":	6.001393,
					"bytes":	107479040,
					"bits_per_second":	143272123.65529135,
					"retransmits":	21035,
					"max_snd_cwnd":	143944232,
					"max_snd_wnd":	145575936,
					"max_rtt":	295956,
					"min_rtt":	270276,
					"mean_rtt":	281404,
					"sender":	true
				},
				"receiver":	{
					"socket":	8,
					"start":	0,
					"end":	6.270172,
					"seconds":	6.001393,
					"bytes":	106168320,
					"bits_per_second":	135458255.371623,
					"sender":	true
				}
			}],
		"sum_sent":	{
			"start":	0,
			"end":	6.001393,
			"seconds":	6.001393,
			"bytes":	107479040,
			"bits_per_second":	143272123.65529135,
			"retransmits":	21035,
			"sender":	true
		},
		"sum_received":	{
			"start":	0,
			"end":	6.270172,
			"seconds":	6.270172,
			"bytes":	106168320,
			"bits_per_second":	135458255.371623,
			"sender":	true
		},
		"cpu_utilization_percent":	{
			"host_total":	15.815813403227368,
			"host_user":	12.707596347578004,
			"host_system":	3.1082330170788892,
			"remote_total":	0.79431442794289864,
			"remote_user":	0,
			"remote_system":	0.79431442794289864
		},
		"sender_tcp_congestion":	"prague",
		"receiver_tcp_congestion":	"prague"
	}
}
