{
	"start":	{
		"connected":	[{
				"socket":	8,
				"local_host":	"172.16.0.96",
				"local_port":	33518,
				"remote_host":	"172.17.0.96",
				"remote_port":	5201
			}],
		"version":	"iperf 3.16",
		"system_info":	"Linux h1 6.12.54-0b264c55b-l4steam-117 #1 SMP PREEMPT_DYNAMIC Fri Nov  7 18:07:57 UTC 2025 x86_64",
		"timestamp":	{
			"time":	"Sun, 22 Feb 2026 01:57:50 GMT",
			"timesecs":	1771725470
		},
		"connecting_to":	{
			"host":	"172.17.0.96",
			"port":	5201
		},
		"cookie":	"ozvb3r7jlyq7zfwmleuf2z5qos43vcl7iq4u",
		"tcp_mss_default":	1448,
		"target_bitrate":	0,
		"fq_rate":	0,
		"sock_bufsize":	0,
		"sndbuf_actual":	1000000,
		"rcvbuf_actual":	1000000,
		"test_start":	{
			"protocol":	"TCP",
			"num_streams":	1,
			"blksize":	131072,
			"omit":	0,
			"duration":	0,
			"bytes":	107374182,
			"blocks":	0,
			"reverse":	0,
			"tos":	0,
			"target_bitrate":	0,
			"bidir":	0,
			"fqrate":	0
		}
	},
	"intervals":	[{
			"streams":	[{
					"socket":	8,
					"start":	0,
					"end":	1.00012,
					"seconds":	1.0001200437545776,
					"bytes":	19267584,
					"bits_per_second":	154122170.595978,
					"retransmits":	481,
					"snd_cwnd":	144740632,
					"snd_wnd":	2080768,
					"rtt":	280746,
					"rttvar":	821,
					"pmtu":	1500,
					"omitted":	false,
					"sender":	true
				}],
			"sum":	{
				"start":	0,
				"end":	1.00012,
				"seconds":	1.0001200437545776,
				"bytes":	19267584,
				"bits_per_second":	154122170.595978,
				"retransmits":	481,
				"omitted":	false,
				"sender":	true
			}
		}, {
			"streams":	[{
					"socket":	8,
					"start":	1.00012,
					"end":	2.000236,
					"seconds":	1.0001159906387329,
					"bytes":	0,
					"bits_per_second":	0,
					"retransmits":	1957,
					"snd_cwnd":	144372840,
					"snd_wnd":	14110720,
					"rtt":	311433,
					"rttvar":	4209,
					"pmtu":	1500,
					"omitted":	false,
					"sender":	true
				}],
			"sum":	{
				"start":	1.00012,
				"end":	2.000236,
				"seconds":	1.0001159906387329,
				"bytes":	0,
				"bits_per_second":	0,
				"retransmits":	1957,
				"omitted":	false,
				"sender":	true
			}
		}, {
			"streams":	[{
					"socket":	8,
					"start":	2.000236,
					"end":	3.000074,
					"seconds":	0.99983799457550049,
					"bytes":	42336256,
					"bits_per_second":	338744926.51561719,
					"retransmits":	4292,
					"snd_cwnd":	144225144,
					"snd_wnd":	13176832,
					"rtt":	321939,
					"rttvar":	10790,
					"pmtu":	1500,
					"omitted":	false,
					"sender":	true
				}],
			"sum":	{
				"start":	2.000236,
				"end":	3.000074,
				"seconds":	0.99983799457550049,
				"bytes":	42336256,
				"bits_per_second":	338744926.51561719,
				"retransmits":	4292,
				"omitted":	false,
				"sender":	true
			}
		}, {
			"streams":	[{
					"socket":	8,
					"start":	3.000074,
					"end":	4.000052,
					"seconds":	0.999978005886078,
					"bytes":	0,
					"bits_per_second":	0,
					"retransmits":	5350,
					"snd_cwnd":	143178240,
					"snd_wnd":	43319296,
					"rtt":	270730,
					"rttvar":	542,
					"pmtu":	1500,
					"omitted":	false,
					"sender":	true
				}],
			"sum":	{
				"start":	3.000074,
				"end":	4.000052,
				"seconds":	0.999978005886078,
				"bytes":	0,
				"bits_per_second":	0,
				"retransmits":	5350,
				"omitted":	false,
				"sender":	true
			}
		}, {
			"streams":	[{
					"socket":	8,
					"start":	4.000052,
					"end":	5.002486,
					"seconds":	1.0024340152740479,
					"bytes":	4194304,
					"bits_per_second":	33472958.30821025,
					"retransmits":	6633,
					"snd_cwnd":	141776576,
					"snd_wnd":	89989120,
					"rtt":	265887,
					"rttvar":	517,
					"pmtu":	1500,
					"omitted":	false,
					"sender":	true
				}],
			"sum":	{
				"start":	4.000052,
				"end":	5.002486,
				"seconds":	1.0024340152740479,
				"bytes":	4194304,
				"bits_per_second":	33472958.30821025,
				"retransmits":	6633,
				"omitted":	false,
				"sender":	true
			}
		}, {
			"streams":	[{
					"socket":	8,
					"start":	5.002486,
					"end":	6.001024,
					"seconds":	0.99853801727294922,
					"bytes":	12320768,
					"bits_per_second":	98710456.983088568,
					"retransmits":	4216,
					"snd_cwnd":	141269776,
					"snd_wnd":	110116864,
					"rtt":	295949,
					"rttvar":	31893,
					"pmtu":	1500,
					"omitted":	false,
					"sender":	true
				}],
			"sum":	{
				"start":	5.002486,
				"end":	6.001024,
				"seconds":	0.99853801727294922,
				"bytes":	12320768,
				"bits_per_second":	98710456.983088568,
				"retransmits":	4216,
				"omitted":	false,
				"sender":	true
			}
		}, {
			"streams":	[{
					"socket":	8,
					"start":	6.001024,
					"end":	7.001043,
					"seconds":	1.0000189542770386,
					"bytes":	29360128,
					"bits_per_second":	234876572.08438283,
					"retransmits":	13470,
					"snd_cwnd":	140424144,
					"snd_wnd":	124899328,
					"rtt":	276261,
					"rttvar":	2682,
					"pmtu":	1500,
					"omitted":	false,
					"sender":	true
				}],
			"sum":	{
				"start":	6.001024,
				"end":	7.001043,
				"seconds":	1.0000189542770386,
				"bytes":	29360128,
				"bits_per_second":	234876572.08438283,
				"retransmits":	13470,
				"omitted":	false,
				"sender":	true
			}
		}],
	"end":	{
		"streams":	[{
				"sender":	{
					"socket":	8,
					"start":	0,
					"end":	7.014486,
					"seconds":	7.014486,
					"bytes":	107479040,
					"bits_per_second":	122579519.01251212,
					"retransmits":	36449,
					"max_snd_cwnd":	144740632,
					"max_snd_wnd":	124899328,
					"max_rtt":	321939,
					"min_rtt":	265887,
					"mean_rtt":	287400,
					"sender":	true
				},
				"receiver":	{
					"socket":	8,
					"start":	0,
					"end":	7.290005,
					"seconds":	7.014486,
					"bytes":	81002496,
					"bits_per_second":	88891567.015386134,
					"sender":	true
				}
			}],
		"sum_sent":	{
			"start":	0,
			"end":	7.014486,
			"seconds":	7.014486,
			"bytes":	107479040,
			"bits_per_second":	122579519.01251212,
			"retransmits":	36449,
			"sender":	true
		},
		"sum_received":	{
			"start":	0,
			"end":	7.290005,
			"seconds":	7.290005,
			"bytes":	81002496,
			"bits_per_second":	88891567.015386134,
			"sender":	true
		},
		"cpu_utilization_percent":	{
			"host_total":	7.4539556404969067,
			"host_user":	4.9782728964441985,
			"host_system":	2.475695317608007,
			"remote_total":	0.51832498150554029,
			"remote_user":	0,
			"remote_system":	0.51833869888715
		},
		"sender_tcp_congestion":	"prague",
		"receiver_tcp_congestion":	"prague"
	}
}
