{
	"start":	{
		"connected":	[{
				"socket":	8,
				"local_host":	"172.16.0.99",
				"local_port":	48814,
				"remote_host":	"172.17.0.99",
				"remote_port":	5201
			}],
		"version":	"iperf 3.16",
		"system_info":	"Linux h1 6.12.54-0b264c55b-l4steam-117 #1 SMP PREEMPT_DYNAMIC Fri Nov  7 18:07:57 UTC 2025 x86_64",
		"timestamp":	{
			"time":	"Sun, 22 Feb 2026 01:57:50 GMT",
			"timesecs":	1771725470
		},
		"connecting_to":	{
			"host":	"172.17.0.99",
			"port":	5201
		},
		"cookie":	"ogpuo7j3sv6anrtm7ivdikmietk4gpwxnhuc",
		"tcp_mss_default":	1448,
		"target_bitrate":	0,
		"fq_rate":	0,
		"sock_bufsize":	0,
		"sndbuf_actual":	1000000,
		"rcvbuf_actual":	1000000,
		"test_start":	{
			"protocol":	"TCP",
			"num_streams":	1,
			"blksize":	131072,
			"omit":	0,
			"duration":	0,
			"bytes":	107374182,
			"blocks":	0,
			"reverse":	0,
			"tos":	0,
			"target_bitrate":	0,
			"bidir":	0,
			"fqrate":	0
		}
	},
	"intervals":	[{
			"streams":	[{
					"socket":	8,
					"start":	0,
					"end":	1.000327,
					"seconds":	1.0003269910812378,
					"bytes":	19267584,
					"bits_per_second":	154090285.85082141,
					"retransmits":	0,
					"snd_cwnd":	144800000,
					"snd_wnd":	499712,
					"rtt":	278948,
					"rttvar":	105398,
					"pmtu":	1500,
					"omitted":	false,
					"sender":	true
				}],
			"sum":	{
				"start":	0,
				"end":	1.000327,
				"seconds":	1.0003269910812378,
				"bytes":	19267584,
				"bits_per_second":	154090285.85082141,
				"retransmits":	0,
				"omitted":	false,
				"sender":	true
			}
		}, {
			"streams":	[{
					"socket":	8,
					"start":	1.000327,
					"end":	2.001144,
					"seconds":	1.0008169412612915,
					"bytes":	0,
					"bits_per_second":	0,
					"retransmits":	335,
					"snd_cwnd":	144765248,
					"snd_wnd":	704512,
					"rtt":	280239,
					"rttvar":	5517,
					"pmtu":	1500,
					"omitted":	false,
					"sender":	true
				}],
			"sum":	{
				"start":	1.000327,
				"end":	2.001144,
				"seconds":	1.0008169412612915,
				"bytes":	0,
				"bits_per_second":	0,
				"retransmits":	335,
				"omitted":	false,
				"sender":	true
			}
		}, {
			"streams":	[{
					"socket":	8,
					"start":	2.001144,
					"end":	3.001035,
					"seconds":	0.99989098310470581,
					"bytes":	0,
					"bits_per_second":	0,
					"retransmits":	1005,
					"snd_cwnd":	144663888,
					"snd_wnd":	4177920,
					"rtt":	274117,
					"rttvar":	3164,
					"pmtu":	1500,
					"omitted":	false,
					"sender":	true
				}],
			"sum":	{
				"start":	2.001144,
				"end":	3.001035,
				"seconds":	0.99989098310470581,
				"bytes":	0,
				"bits_per_second":	0,
				"retransmits":	1005,
				"omitted":	false,
				"sender":	true
			}
		}, {
			"streams":	[{
					"socket":	8,
					"start":	3.001035,
					"end":	4.001037,
					"seconds":	1.0000020265579224,
					"bytes":	0,
					"bits_per_second":	0,
					"retransmits":	3714,
					"snd_cwnd":	143902240,
					"snd_wnd":	29741056,
					"rtt":	292472,
					"rttvar":	803,
					"pmtu":	1500,
					"omitted":	false,
					"sender":	true
				}],
			"sum":	{
				"start":	3.001035,
				"end":	4.001037,
				"seconds":	1.0000020265579224,
				"bytes":	0,
				"bits_per_second":	0,
				"retransmits":	3714,
				"omitted":	false,
				"sender":	true
			}
		}, {
			"streams":	[{
					"socket":	8,
					"start":	4.001037,
					"end":	5.001028,
					"seconds":	0.999990999698639,
					"bytes":	0,
					"bits_per_second":	0,
					"retransmits":	1258,
					"snd_cwnd":	143706760,
					"snd_wnd":	34062336,
					"rtt":	295428,
					"rttvar":	8551,
					"pmtu":	1500,
					"omitted":	false,
					"sender":	true
				}],
			"sum":	{
				"start":	4.001037,
				"end":	5.001028,
				"seconds":	0.999990999698639,
				"bytes":	0,
				"bits_per_second":	0,
				"retransmits":	1258,
				"omitted":	false,
				"sender":	true
			}
		}, {
			"streams":	[{
					"socket":	8,
					"start":	5.001028,
					"end":	6.001034,
					"seconds":	1.0000059604644775,
					"bytes":	13762560,
					"bits_per_second":	110099823.75391153,
					"retransmits":	1907,
					"snd_cwnd":	143079776,
					"snd_wnd":	57716736,
					"rtt":	265281,
					"rttvar":	184,
					"pmtu":	1500,
					"omitted":	false,
					"sender":	true
				}],
			"sum":	{
				"start":	5.001028,
				"end":	6.001034,
				"seconds":	1.0000059604644775,
				"bytes":	13762560,
				"bits_per_second":	110099823.75391153,
				"retransmits":	1907,
				"omitted":	false,
				"sender":	true
			}
		}, {
			"streams":	[{
					"socket":	8,
					"start":	6.001034,
					"end":	7.011768,
					"seconds":	1.010733962059021,
					"bytes":	14024704,
					"bits_per_second":	111006096.76896195,
					"retransmits":	3185,
					"snd_cwnd":	142486096,
					"snd_wnd":	76861440,
					"rtt":	273950,
					"rttvar":	1488,
					"pmtu":	1500,
					"omitted":	false,
					"sender":	true
				}],
			"sum":	{
				"start":	6.001034,
				"end":	7.011768,
				"seconds":	1.010733962059021,
				"bytes":	14024704,
				"bits_per_second":	111006096.76896195,
				"retransmits":	3185,
				"omitted":	false,
				"sender":	true
			}
		}, {
			"streams":	[{
					"socket":	8,
					"start":	7.011768,
					"end":	8.00103,
					"seconds":	0.98926198482513428,
					"bytes":	55050240,
					"bits_per_second":	445182294.2310344,
					"retransmits":	5038,
					"snd_cwnd":	141093120,
					"snd_wnd":	128827392,
					"rtt":	266206,
					"rttvar":	592,
					"pmtu":	1500,
					"omitted":	false,
					"sender":	true
				}],
			"sum":	{
				"start":	7.011768,
				"end":	8.00103,
				"seconds":	0.98926198482513428,
				"bytes":	55050240,
				"bits_per_second":	445182294.2310344,
				"retransmits":	5038,
				"omitted":	false,
				"sender":	true
			}
		}],
	"end":	{
		"streams":	[{
				"sender":	{
					"socket":	8,
					"start":	0,
					"end":	8.00138,
					"seconds":	8.00138,
					"bytes":	107479040,
					"bits_per_second":	107460503.0632216,
					"retransmits":	16442,
					"max_snd_cwnd":	144800000,
					"max_snd_wnd":	129048576,
					"max_rtt":	295428,
					"min_rtt":	265281,
					"mean_rtt":	277008,
					"sender":	true
				},
				"receiver":	{
					"socket":	8,
					"start":	0,
					"end":	8.279103,
					"seconds":	8.00138,
					"bytes":	63832064,
					"bits_per_second":	61680173.806268632,
					"sender":	true
				}
			}],
		"sum_sent":	{
			"start":	0,
			"end":	8.00138,
			"seconds":	8.00138,
			"bytes":	107479040,
			"bits_per_second":	107460503.0632216,
			"retransmits":	16442,
			"sender":	true
		},
		"sum_received":	{
			"start":	0,
			"end":	8.279103,
			"seconds":	8.279103,
			"bytes":	63832064,
			"bits_per_second":	61680173.806268632,
			"sender":	true
		},
		"cpu_utilization_percent":	{
			"host_total":	4.88247520845955,
			"host_user":	0.93257265449332127,
			"host_system":	3.9499360194921072,
			"remote_total":	0.57921621853726224,
			"remote_user":	0,
			"remote_system":	0.57922829711712076
		},
		"sender_tcp_congestion":	"prague",
		"receiver_tcp_congestion":	"prague"
	}
}
