{
	"start":	{
		"connected":	[{
				"socket":	8,
				"local_host":	"172.16.0.50",
				"local_port":	35184,
				"remote_host":	"172.17.0.50",
				"remote_port":	5201
			}],
		"version":	"iperf 3.16",
		"system_info":	"Linux h1 6.12.54-0b264c55b-l4steam-117 #1 SMP PREEMPT_DYNAMIC Fri Nov  7 18:07:57 UTC 2025 x86_64",
		"timestamp":	{
			"time":	"Sun, 22 Feb 2026 01:30:48 GMT",
			"timesecs":	1771723848
		},
		"connecting_to":	{
			"host":	"172.17.0.50",
			"port":	5201
		},
		"cookie":	"jgve5ez7vsagm375yzqqrxanbrawshxwuqbe",
		"tcp_mss_default":	1448,
		"target_bitrate":	0,
		"fq_rate":	0,
		"sock_bufsize":	0,
		"sndbuf_actual":	1000000,
		"rcvbuf_actual":	1000000,
		"test_start":	{
			"protocol":	"TCP",
			"num_streams":	1,
			"blksize":	131072,
			"omit":	0,
			"duration":	0,
			"bytes":	107374182,
			"blocks":	0,
			"reverse":	0,
			"tos":	0,
			"target_bitrate":	0,
			"bidir":	0,
			"fqrate":	0
		}
	},
	"intervals":	[{
			"streams":	[{
					"socket":	8,
					"start":	0,
					"end":	1.001046,
					"seconds":	1.0010459423065186,
					"bytes":	24117248,
					"bits_per_second":	192736392.85270956,
					"retransmits":	4390,
					"snd_cwnd":	144225144,
					"snd_wnd":	29548544,
					"rtt":	114513,
					"rttvar":	272,
					"pmtu":	1500,
					"omitted":	false,
					"sender":	true
				}],
			"sum":	{
				"start":	0,
				"end":	1.001046,
				"seconds":	1.0010459423065186,
				"bytes":	24117248,
				"bits_per_second":	192736392.85270956,
				"retransmits":	4390,
				"omitted":	false,
				"sender":	true
			}
		}, {
			"streams":	[{
					"socket":	8,
					"start":	1.001046,
					"end":	2.001042,
					"seconds":	0.9999960064888,
					"bytes":	0,
					"bits_per_second":	0,
					"retransmits":	10408,
					"snd_cwnd":	4344,
					"snd_wnd":	47702016,
					"rtt":	107172,
					"rttvar":	8477,
					"pmtu":	1500,
					"omitted":	false,
					"sender":	true
				}],
			"sum":	{
				"start":	1.001046,
				"end":	2.001042,
				"seconds":	0.9999960064888,
				"bytes":	0,
				"bits_per_second":	0,
				"retransmits":	10408,
				"omitted":	false,
				"sender":	true
			}
		}, {
			"streams":	[{
					"socket":	8,
					"start":	2.001042,
					"end":	3.002751,
					"seconds":	1.001708984375,
					"bytes":	4980736,
					"bits_per_second":	39777908.17645625,
					"retransmits":	62,
					"snd_cwnd":	5792,
					"snd_wnd":	47845376,
					"rtt":	71338,
					"rttvar":	1967,
					"pmtu":	1500,
					"omitted":	false,
					"sender":	true
				}],
			"sum":	{
				"start":	2.001042,
				"end":	3.002751,
				"seconds":	1.001708984375,
				"bytes":	4980736,
				"bits_per_second":	39777908.17645625,
				"retransmits":	62,
				"omitted":	false,
				"sender":	true
			}
		}, {
			"streams":	[{
					"socket":	8,
					"start":	3.002751,
					"end":	4.001209,
					"seconds":	0.99845802783966064,
					"bytes":	0,
					"bits_per_second":	0,
					"retransmits":	52,
					"snd_cwnd":	5792,
					"snd_wnd":	47980544,
					"rtt":	71536,
					"rttvar":	1028,
					"pmtu":	1500,
					"omitted":	false,
					"sender":	true
				}],
			"sum":	{
				"start":	3.002751,
				"end":	4.001209,
				"seconds":	0.99845802783966064,
				"bytes":	0,
				"bits_per_second":	0,
				"retransmits":	52,
				"omitted":	false,
				"sender":	true
			}
		}, {
			"streams":	[{
					"socket":	8,
					"start":	4.001209,
					"end":	5.001313,
					"seconds":	1.0001039505004883,
					"bytes":	0,
					"bits_per_second":	0,
					"retransmits":	56,
					"snd_cwnd":	5792,
					"snd_wnd":	48140288,
					"rtt":	62172,
					"rttvar":	3070,
					"pmtu":	1500,
					"omitted":	false,
					"sender":	true
				}],
			"sum":	{
				"start":	4.001209,
				"end":	5.001313,
				"seconds":	1.0001039505004883,
				"bytes":	0,
				"bits_per_second":	0,
				"retransmits":	56,
				"omitted":	false,
				"sender":	true
			}
		}, {
			"streams":	[{
					"socket":	8,
					"start":	5.001313,
					"end":	6.001063,
					"seconds":	0.999750018119812,
					"bytes":	0,
					"bits_per_second":	0,
					"retransmits":	55,
					"snd_cwnd":	5792,
					"snd_wnd":	48295936,
					"rtt":	57080,
					"rttvar":	152,
					"pmtu":	1500,
					"omitted":	false,
					"sender":	true
				}],
			"sum":	{
				"start":	5.001313,
				"end":	6.001063,
				"seconds":	0.999750018119812,
				"bytes":	0,
				"bits_per_second":	0,
				"retransmits":	55,
				"omitted":	false,
				"sender":	true
			}
		}, {
			"streams":	[{
					"socket":	8,
					"start":	6.001063,
					"end":	7.001052,
					"seconds":	0.99998897314071655,
					"bytes":	0,
					"bits_per_second":	0,
					"retransmits":	55,
					"snd_cwnd":	5792,
					"snd_wnd":	48455680,
					"rtt":	57159,
					"rttvar":	285,
					"pmtu":	1500,
					"omitted":	false,
					"sender":	true
				}],
			"sum":	{
				"start":	6.001063,
				"end":	7.001052,
				"seconds":	0.99998897314071655,
				"bytes":	0,
				"bits_per_second":	0,
				"retransmits":	55,
				"omitted":	false,
				"sender":	true
			}
		}, {
			"streams":	[{
					"socket":	8,
					"start":	7.001052,
					"end":	8.001045,
					"seconds":	0.99999302625656128,
					"bytes":	0,
					"bits_per_second":	0,
					"retransmits":	55,
					"snd_cwnd":	5792,
					"snd_wnd":	48615424,
					"rtt":	57155,
					"rttvar":	281,
					"pmtu":	1500,
					"omitted":	false,
					"sender":	true
				}],
			"sum":	{
				"start":	7.001052,
				"end":	8.001045,
				"seconds":	0.99999302625656128,
				"bytes":	0,
				"bits_per_second":	0,
				"retransmits":	55,
				"omitted":	false,
				"sender":	true
			}
		}, {
			"streams":	[{
					"socket":	8,
					"start":	8.001045,
					"end":	9.001043,
					"seconds":	0.99999797344207764,
					"bytes":	0,
					"bits_per_second":	0,
					"retransmits":	54,
					"snd_cwnd":	5792,
					"snd_wnd":	48766976,
					"rtt":	57145,
					"rttvar":	260,
					"pmtu":	1500,
					"omitted":	false,
					"sender":	true
				}],
			"sum":	{
				"start":	8.001045,
				"end":	9.001043,
				"seconds":	0.99999797344207764,
				"bytes":	0,
				"bits_per_second":	0,
				"retransmits":	54,
				"omitted":	false,
				"sender":	true
			}
		}, {
			"streams":	[{
					"socket":	8,
					"start":	9.001043,
					"end":	10.001057,
					"seconds":	1.0000139474868774,
					"bytes":	0,
					"bits_per_second":	0,
					"retransmits":	55,
					"snd_cwnd":	5792,
					"snd_wnd":	48926720,
					"rtt":	57112,
					"rttvar":	211,
					"pmtu":	1500,
					"omitted":	false,
					"sender":	true
				}],
			"sum":	{
				"start":	9.001043,
				"end":	10.001057,
				"seconds":	1.0000139474868774,
				"bytes":	0,
				"bits_per_second":	0,
				"retransmits":	55,
				"omitted":	false,
				"sender":	true
			}
		}, {
			"streams":	[{
					"socket":	8,
					"start":	10.001057,
					"end":	11.001058,
					"seconds":	1.0000009536743164,
					"bytes":	0,
					"bits_per_second":	0,
					"retransmits":	55,
					"snd_cwnd":	5792,
					"snd_wnd":	49086464,
					"rtt":	57274,
					"rttvar":	434,
					"pmtu":	1500,
					"omitted":	false,
					"sender":	true
				}],
			"sum":	{
				"start":	10.001057,
				"end":	11.001058,
				"seconds":	1.0000009536743164,
				"bytes":	0,
				"bits_per_second":	0,
				"retransmits":	55,
				"omitted":	false,
				"sender":	true
			}
		}, {
			"streams":	[{
					"socket":	8,
					"start":	11.001058,
					"end":	12.001058,
					"seconds":	1,
					"bytes":	7077888,
					"bits_per_second":	56623104,
					"retransmits":	12,
					"snd_cwnd":	23168,
					"snd_wnd":	49463296,
					"rtt":	57145,
					"rttvar":	44,
					"pmtu":	1500,
					"omitted":	false,
					"sender":	true
				}],
			"sum":	{
				"start":	11.001058,
				"end":	12.001058,
				"seconds":	1,
				"bytes":	7077888,
				"bits_per_second":	56623104,
				"retransmits":	12,
				"omitted":	false,
				"sender":	true
			}
		}, {
			"streams":	[{
					"socket":	8,
					"start":	12.001058,
					"end":	13.001059,
					"seconds":	1.0000009536743164,
					"bytes":	0,
					"bits_per_second":	0,
					"retransmits":	0,
					"snd_cwnd":	47784,
					"snd_wnd":	50651136,
					"rtt":	57278,
					"rttvar":	143,
					"pmtu":	1500,
					"omitted":	false,
					"sender":	true
				}],