{
	"start":	{
		"connected":	[{
				"socket":	8,
				"local_host":	"172.16.0.60",
				"local_port":	54536,
				"remote_host":	"172.17.0.60",
				"remote_port":	5201
			}],
		"version":	"iperf 3.16",
		"system_info":	"Linux h1 6.12.54-0b264c55b-l4steam-117 #1 SMP PREEMPT_DYNAMIC Fri Nov  7 18:07:57 UTC 2025 x86_64",
		"timestamp":	{
			"time":	"Sun, 22 Feb 2026 01:30:48 GMT",
			"timesecs":	1771723848
		},
		"connecting_to":	{
			"host":	"172.17.0.60",
			"port":	5201
		},
		"cookie":	"dmu5i5jozeyi3hxtp2vslbtf2gjrtqn2e6ru",
		"tcp_mss_default":	1448,
		"target_bitrate":	0,
		"fq_rate":	0,
		"sock_bufsize":	0,
		"sndbuf_actual":	1000000,
		"rcvbuf_actual":	1000000,
		"test_start":	{
			"protocol":	"TCP",
			"num_streams":	1,
			"blksize":	131072,
			"omit":	0,
			"duration":	0,
			"bytes":	107374182,
			"blocks":	0,
			"reverse":	0,
			"tos":	0,
			"target_bitrate":	0,
			"bidir":	0,
			"fqrate":	0
		}
	},
	"intervals":	[{
			"streams":	[{
					"socket":	8,
					"start":	0,
					"end":	1.000939,
					"seconds":	1.0009390115737915,
					"bytes":	10092544,
					"bits_per_second":	80664607.000431255,
					"retransmits":	3113,
					"snd_cwnd":	144426416,
					"snd_wnd":	18677760,
					"rtt":	92673,
					"rttvar":	1117,
					"pmtu":	1500,
					"omitted":	false,
					"sender":	true
				}],
			"sum":	{
				"start":	0,
				"end":	1.000939,
				"seconds":	1.0009390115737915,
				"bytes":	10092544,
				"bits_per_second":	80664607.000431255,
				"retransmits":	3113,
				"omitted":	false,
				"sender":	true
			}
		}, {
			"streams":	[{
					"socket":	8,
					"start":	1.000939,
					"end":	2.00106,
					"seconds":	1.000120997428894,
					"bytes":	3670016,
					"bits_per_second":	29356575.929791361,
					"retransmits":	23,
					"snd_cwnd":	467704,
					"snd_wnd":	20041728,
					"rtt":	83109,
					"rttvar":	18308,
					"pmtu":	1500,
					"omitted":	false,
					"sender":	true
				}],
			"sum":	{
				"start":	1.000939,
				"end":	2.00106,
				"seconds":	1.000120997428894,
				"bytes":	3670016,
				"bits_per_second":	29356575.929791361,
				"retransmits":	23,
				"omitted":	false,
				"sender":	true
			}
		}, {
			"streams":	[{
					"socket":	8,
					"start":	2.00106,
					"end":	3.001586,
					"seconds":	1.000525951385498,
					"bytes":	0,
					"bits_per_second":	0,
					"retransmits":	14,
					"snd_cwnd":	5792,
					"snd_wnd":	22073344,
					"rtt":	73565,
					"rttvar":	938,
					"pmtu":	1500,
					"omitted":	false,
					"sender":	true
				}],
			"sum":	{
				"start":	2.00106,
				"end":	3.001586,
				"seconds":	1.000525951385498,
				"bytes":	0,
				"bits_per_second":	0,
				"retransmits":	14,
				"omitted":	false,
				"sender":	true
			}
		}, {
			"streams":	[{
					"socket":	8,
					"start":	3.001586,
					"end":	4.000366,
					"seconds":	0.9987800121307373,
					"bytes":	0,
					"bits_per_second":	0,
					"retransmits":	0,
					"snd_cwnd":	1176,
					"snd_wnd":	22167552,
					"rtt":	74514,
					"rttvar":	1203,
					"pmtu":	444,
					"omitted":	false,
					"sender":	true
				}],
			"sum":	{
				"start":	3.001586,
				"end":	4.000366,
				"seconds":	0.9987800121307373,
				"bytes":	0,
				"bits_per_second":	0,
				"retransmits":	0,
				"omitted":	false,
				"sender":	true
			}
		}, {
			"streams":	[{
					"socket":	8,
					"start":	4.000366,
					"end":	5.003308,
					"seconds":	1.0029419660568237,
					"bytes":	0,
					"bits_per_second":	0,
					"retransmits":	0,
					"snd_cwnd":	7240,
					"snd_wnd":	22216704,
					"rtt":	63730,
					"rttvar":	3830,
					"pmtu":	1500,
					"omitted":	false,
					"sender":	true
				}],
			"sum":	{
				"start":	4.000366,
				"end":	5.003308,
				"seconds":	1.0029419660568237,
				"bytes":	0,
				"bits_per_second":	0,
				"retransmits":	0,
				"omitted":	false,
				"sender":	true
			}
		}, {
			"streams":	[{
					"socket":	8,
					"start":	5.003308,
					"end":	6.000982,
					"seconds":	0.997673988342285,
					"bytes":	1179648,
					"bits_per_second":	9459186.1773209441,
					"retransmits":	0,
					"snd_cwnd":	28960,
					"snd_wnd":	22757376,
					"rtt":	60804,
					"rttvar":	38,
					"pmtu":	1500,
					"omitted":	false,
					"sender":	true
				}],
			"sum":	{
				"start":	5.003308,
				"end":	6.000982,
				"seconds":	0.997673988342285,
				"bytes":	1179648,
				"bits_per_second":	9459186.1773209441,
				"retransmits":	0,
				"omitted":	false,
				"sender":	true
			}
		}, {
			"streams":	[{
					"socket":	8,
					"start":	6.000982,
					"end":	7.000963,
					"seconds":	0.99998098611831665,
					"bytes":	0,
					"bits_per_second":	0,
					"retransmits":	0,
					"snd_cwnd":	52128,
					"snd_wnd":	24043520,
					"rtt":	60904,
					"rttvar":	79,
					"pmtu":	1500,
					"omitted":	false,
					"sender":	true
				}],
			"sum":	{
				"start":	6.000982,
				"end":	7.000963,
				"seconds":	0.99998098611831665,
				"bytes":	0,
				"bits_per_second":	0,
				"retransmits":	0,
				"omitted":	false,
				"sender":	true
			}
		}, {
			"streams":	[{
					"socket":	8,
					"start":	7.000963,
					"end":	8.000988,
					"seconds":	1.0000250339508057,
					"bytes":	1310720,
					"bits_per_second":	10485497.506571248,
					"retransmits":	0,
					"snd_cwnd":	75296,
					"snd_wnd":	26095616,
					"rtt":	60767,
					"rttvar":	50,
					"pmtu":	1500,
					"omitted":	false,
					"sender":	true
				}],
			"sum":	{
				"start":	7.000963,
				"end":	8.000988,
				"seconds":	1.0000250339508057,
				"bytes":	1310720,
				"bits_per_second":	10485497.506571248,
				"retransmits":	0,
				"omitted":	false,
				"sender":	true
			}
		}, {
			"streams":	[{
					"socket":	8,
					"start":	8.000988,
					"end":	9.000838,
					"seconds":	0.99984997510910034,
					"bytes":	1179648,
					"bits_per_second":	9438600.02493899,
					"retransmits":	0,
					"snd_cwnd":	98464,
					"snd_wnd":	26234880,
					"rtt":	61650,
					"rttvar":	74,
					"pmtu":	1500,
					"omitted":	false,
					"sender":	true
				}],
			"sum":	{
				"start":	8.000988,
				"end":	9.000838,
				"seconds":	0.99984997510910034,
				"bytes":	1179648,
				"bits_per_second":	9438600.02493899,
				"retransmits":	0,
				"omitted":	false,
				"sender":	true
			}
		}, {
			"streams":	[{
					"socket":	8,
					"start":	9.000838,
					"end":	10.000872,
					"seconds":	1.000033974647522,
					"bytes":	1310720,
					"bits_per_second":	10485403.762103057,
					"retransmits":	0,
					"snd_cwnd":	121632,
					"snd_wnd":	26234880,
					"rtt":	61526,
					"rttvar":	76,
					"pmtu":	1500,
					"omitted":	false,
					"sender":	true
				}],
			"sum":	{
				"start":	9.000838,
				"end":	10.000872,
				"seconds":	1.000033974647522,
				"bytes":	1310720,
				"bits_per_second":	10485403.762103057,
				"retransmits":	0,
				"omitted":	false,
				"sender":	true
			}
		}, {
			"streams":	[{
					"socket":	8,
					"start":	10.000872,
					"end":	11.001083,
					"seconds":	1.0002110004425049,
					"bytes":	2359296,
					"bits_per_second":	18870386.340131994,
					"retransmits":	0,
					"snd_cwnd":	144800,
					"snd_wnd":	26234880,
					"rtt":	61614,
					"rttvar":	246,
					"pmtu":	1500,
					"omitted":	false,
					"sender":	true
				}],
			"sum":	{
				"start":	10.000872,
				"end":	11.001083,
				"seconds":	1.0002110004425049,
				"bytes":	2359296,
				"bits_per_second":	18870386.340131994,
				"retransmits":	0,
				"omitted":	false,
				"sender":	true
			}
		}, {
			"streams":	[{
					"socket":	8,
					"start":	11.001083,
					"end":	12.000856,
					"seconds":	0.99977302551269531,
					"bytes":	2490368,
					"bits_per_second":	19927467.026611645,
					"retransmits":	0,
					"snd_cwnd":	167968,
					"snd_wnd":	26234880,
					"rtt":	61354,
					"rttvar":	93,
					"pmtu":	1500,
					"omitted":	false,
					"sender":	true
				}],
			"sum":	{
				"start":	11.001083,
				"end":	12.000856,
				"seconds":	0.99977302551269531,
				"bytes":	2490368,
				"bits_per_second":	19927467.026611645,
				"retransmits":	0,
				"omitted":	false,
				"sender":	true
			}
		}, {
			"streams":	[{
					"socket":	8,
					"start":	12.000856,
					"end":	13.000976,