{
	"start":	{
		"connected":	[{
				"socket":	8,
				"local_host":	"172.16.0.121",
				"local_port":	39004,
				"remote_host":	"172.17.0.121",
				"remote_port":	5201
			}],
		"version":	"iperf 3.16",
		"system_info":	"Linux h1 6.12.54-0b264c55b-l4steam-117 #1 SMP PREEMPT_DYNAMIC Fri Nov  7 18:07:57 UTC 2025 x86_64",
		"timestamp":	{
			"time":	"Sun, 22 Feb 2026 01:59:11 GMT",
			"timesecs":	1771725551
		},
		"connecting_to":	{
			"host":	"172.17.0.121",
			"port":	5201
		},
		"cookie":	"ij4ohtpbecxafrlfvyo2x74u6n4lk6skdp7h",
		"tcp_mss_default":	1448,
		"target_bitrate":	0,
		"fq_rate":	0,
		"sock_bufsize":	0,
		"sndbuf_actual":	1000000,
		"rcvbuf_actual":	1000000,
		"test_start":	{
			"protocol":	"TCP",
			"num_streams":	1,
			"blksize":	131072,
			"omit":	0,
			"duration":	0,
			"bytes":	107374182,
			"blocks":	0,
			"reverse":	0,
			"tos":	0,
			"target_bitrate":	0,
			"bidir":	0,
			"fqrate":	0
		}
	},
	"intervals":	[{
			"streams":	[{
					"socket":	8,
					"start":	0,
					"end":	1.001683,
					"seconds":	1.0016829967498779,
					"bytes":	93716480,
					"bits_per_second":	748472163.78098249,
					"retransmits":	211,
					"snd_cwnd":	144705880,
					"snd_wnd":	2453504,
					"rtt":	263093,
					"rttvar":	1553,
					"pmtu":	1500,
					"omitted":	false,
					"sender":	true
				}],
			"sum":	{
				"start":	0,
				"end":	1.001683,
				"seconds":	1.0016829967498779,
				"bytes":	93716480,
				"bits_per_second":	748472163.78098249,
				"retransmits":	211,
				"omitted":	false,
				"sender":	true
			}
		}, {
			"streams":	[{
					"socket":	8,
					"start":	1.001683,
					"end":	2.000335,
					"seconds":	0.99865198135375977,
					"bytes":	0,
					"bits_per_second":	0,
					"retransmits":	1932,
					"snd_cwnd":	144288856,
					"snd_wnd":	13094912,
					"rtt":	266876,
					"rttvar":	2213,
					"pmtu":	1500,
					"omitted":	false,
					"sender":	true
				}],
			"sum":	{
				"start":	1.001683,
				"end":	2.000335,
				"seconds":	0.99865198135375977,
				"bytes":	0,
				"bits_per_second":	0,
				"retransmits":	1932,
				"omitted":	false,
				"sender":	true
			}
		}, {
			"streams":	[{
					"socket":	8,
					"start":	2.000335,
					"end":	3.001574,
					"seconds":	1.0012389421463013,
					"bytes":	13762560,
					"bits_per_second":	109964240.66765083,
					"retransmits":	15446,
					"snd_cwnd":	141837392,
					"snd_wnd":	84246528,
					"rtt":	262722,
					"rttvar":	404,
					"pmtu":	1500,
					"omitted":	false,
					"sender":	true
				}],
			"sum":	{
				"start":	2.000335,
				"end":	3.001574,
				"seconds":	1.0012389421463013,
				"bytes":	13762560,
				"bits_per_second":	109964240.66765083,
				"retransmits":	15446,
				"omitted":	false,
				"sender":	true
			}
		}],
	"end":	{
		"streams":	[{
				"sender":	{
					"socket":	8,
					"start":	0,
					"end":	3.00199,
					"seconds":	3.00199,
					"bytes":	107479040,
					"bits_per_second":	286420780.882015,
					"retransmits":	17589,
					"max_snd_cwnd":	144705880,
					"max_snd_wnd":	84246528,
					"max_rtt":	266876,
					"min_rtt":	262722,
					"mean_rtt":	263853,
					"sender":	true
				},
				"receiver":	{
					"socket":	8,
					"start":	0,
					"end":	4.346122,
					"seconds":	3.00199,
					"bytes":	24772608,
					"bits_per_second":	45599470.9766546,
					"sender":	true
				}
			}],
		"sum_sent":	{
			"start":	0,
			"end":	3.00199,
			"seconds":	3.00199,
			"bytes":	107479040,
			"bits_per_second":	286420780.882015,
			"retransmits":	17589,
			"sender":	true
		},
		"sum_received":	{
			"start":	0,
			"end":	4.346122,
			"seconds":	4.346122,
			"bytes":	24772608,
			"bits_per_second":	45599470.9766546,
			"sender":	true
		},
		"cpu_utilization_percent":	{
			"host_total":	2.9889387740498745,
			"host_user":	0.53301590770417917,
			"host_system":	2.4559615453419368,
			"remote_total":	0.35433928723041741,
			"remote_user":	0.0044867637019435965,
			"remote_system":	0.34987553257309917
		},
		"sender_tcp_congestion":	"prague",
		"receiver_tcp_congestion":	"prague"
	}
}
