{
	"start":	{
		"connected":	[{
				"socket":	8,
				"local_host":	"172.16.0.82",
				"local_port":	37258,
				"remote_host":	"172.17.0.82",
				"remote_port":	5201
			}],
		"version":	"iperf 3.16",
		"system_info":	"Linux h1 6.12.54-0b264c55b-l4steam-117 #1 SMP PREEMPT_DYNAMIC Fri Nov  7 18:07:57 UTC 2025 x86_64",
		"timestamp":	{
			"time":	"Sun, 22 Feb 2026 01:59:10 GMT",
			"timesecs":	1771725550
		},
		"connecting_to":	{
			"host":	"172.17.0.82",
			"port":	5201
		},
		"cookie":	"at7cozmneifzdwa2fkxmjcjjlblkxestkzfu",
		"tcp_mss_default":	1448,
		"target_bitrate":	0,
		"fq_rate":	0,
		"sock_bufsize":	0,
		"sndbuf_actual":	1000000,
		"rcvbuf_actual":	1000000,
		"test_start":	{
			"protocol":	"TCP",
			"num_streams":	1,
			"blksize":	131072,
			"omit":	0,
			"duration":	0,
			"bytes":	107374182,
			"blocks":	0,
			"reverse":	0,
			"tos":	0,
			"target_bitrate":	0,
			"bidir":	0,
			"fqrate":	0
		}
	},
	"intervals":	[{
			"streams":	[{
					"socket":	8,
					"start":	0,
					"end":	1.001046,
					"seconds":	1.0010459423065186,
					"bytes":	24117248,
					"bits_per_second":	192736392.85270956,
					"retransmits":	176,
					"snd_cwnd":	144750768,
					"snd_wnd":	1150976,
					"rtt":	264663,
					"rttvar":	2031,
					"pmtu":	1500,
					"omitted":	false,
					"sender":	true
				}],
			"sum":	{
				"start":	0,
				"end":	1.001046,
				"seconds":	1.0010459423065186,
				"bytes":	24117248,
				"bits_per_second":	192736392.85270956,
				"retransmits":	176,
				"omitted":	false,
				"sender":	true
			}
		}, {
			"streams":	[{
					"socket":	8,
					"start":	1.001046,
					"end":	2.001045,
					"seconds":	0.99999898672103882,
					"bytes":	0,
					"bits_per_second":	0,
					"retransmits":	3448,
					"snd_cwnd":	144364152,
					"snd_wnd":	17174528,
					"rtt":	316367,
					"rttvar":	1106,
					"pmtu":	1500,
					"omitted":	false,
					"sender":	true
				}],
			"sum":	{
				"start":	1.001046,
				"end":	2.001045,
				"seconds":	0.99999898672103882,
				"bytes":	0,
				"bits_per_second":	0,
				"retransmits":	3448,
				"omitted":	false,
				"sender":	true
			}
		}, {
			"streams":	[{
					"socket":	8,
					"start":	2.001045,
					"end":	3.00105,
					"seconds":	1.0000050067901611,
					"bytes":	39714816,
					"bits_per_second":	317716937.25796449,
					"retransmits":	7439,
					"snd_cwnd":	143718344,
					"snd_wnd":	46493696,
					"rtt":	291085,
					"rttvar":	1687,
					"pmtu":	1500,
					"omitted":	false,
					"sender":	true
				}],
			"sum":	{
				"start":	2.001045,
				"end":	3.00105,
				"seconds":	1.0000050067901611,
				"bytes":	39714816,
				"bits_per_second":	317716937.25796449,
				"retransmits":	7439,
				"omitted":	false,
				"sender":	true
			}
		}, {
			"streams":	[{
					"socket":	8,
					"start":	3.00105,
					"end":	4.00239,
					"seconds":	1.00134003162384,
					"bytes":	43646976,
					"bits_per_second":	348708527.54558611,
					"retransmits":	17366,
					"snd_cwnd":	143143488,
					"snd_wnd":	67698688,
					"rtt":	308508,
					"rttvar":	3729,
					"pmtu":	1500,
					"omitted":	false,
					"sender":	true
				}],
			"sum":	{
				"start":	3.00105,
				"end":	4.00239,
				"seconds":	1.00134003162384,
				"bytes":	43646976,
				"bits_per_second":	348708527.54558611,
				"retransmits":	17366,
				"omitted":	false,
				"sender":	true
			}
		}],
	"end":	{
		"streams":	[{
				"sender":	{
					"socket":	8,
					"start":	0,
					"end":	4.00283,
					"seconds":	4.00283,
					"bytes":	107479040,
					"bits_per_second":	214806104.68093821,
					"retransmits":	28429,
					"max_snd_cwnd":	144750768,
					"max_snd_wnd":	67698688,
					"max_rtt":	316367,
					"min_rtt":	264663,
					"mean_rtt":	297826,
					"sender":	true
				},
				"receiver":	{
					"socket":	8,
					"start":	0,
					"end":	4.276645,
					"seconds":	4.00283,
					"bytes":	26738688,
					"bits_per_second":	50018064.1601068,
					"sender":	true
				}
			}],
		"sum_sent":	{
			"start":	0,
			"end":	4.00283,
			"seconds":	4.00283,
			"bytes":	107479040,
			"bits_per_second":	214806104.68093821,
			"retransmits":	28429,
			"sender":	true
		},
		"sum_received":	{
			"start":	0,
			"end":	4.276645,
			"seconds":	4.276645,
			"bytes":	26738688,
			"bits_per_second":	50018064.1601068,
			"sender":	true
		},
		"cpu_utilization_percent":	{
			"host_total":	3.41415380740825,
			"host_user":	1.1129892836503661,
			"host_system":	2.3012054079103885,
			"remote_total":	0.31400650460417384,
			"remote_user":	0,
			"remote_system":	0.31402988732102577
		},
		"sender_tcp_congestion":	"prague",
		"receiver_tcp_congestion":	"prague"
	}
}
