{
	"start":	{
		"connected":	[{
				"socket":	8,
				"local_host":	"172.16.0.93",
				"local_port":	48450,
				"remote_host":	"172.17.0.93",
				"remote_port":	5201
			}],
		"version":	"iperf 3.16",
		"system_info":	"Linux h1 6.12.54-0b264c55b-l4steam-117 #1 SMP PREEMPT_DYNAMIC Fri Nov  7 18:07:57 UTC 2025 x86_64",
		"timestamp":	{
			"time":	"Sun, 22 Feb 2026 01:59:10 GMT",
			"timesecs":	1771725550
		},
		"connecting_to":	{
			"host":	"172.17.0.93",
			"port":	5201
		},
		"cookie":	"3jna6vmz5ngkhlws4axnjngkujbn5zybnc7u",
		"tcp_mss_default":	1448,
		"target_bitrate":	0,
		"fq_rate":	0,
		"sock_bufsize":	0,
		"sndbuf_actual":	1000000,
		"rcvbuf_actual":	1000000,
		"test_start":	{
			"protocol":	"TCP",
			"num_streams":	1,
			"blksize":	131072,
			"omit":	0,
			"duration":	0,
			"bytes":	107374182,
			"blocks":	0,
			"reverse":	0,
			"tos":	0,
			"target_bitrate":	0,
			"bidir":	0,
			"fqrate":	0
		}
	},
	"intervals":	[{
			"streams":	[{
					"socket":	8,
					"start":	0,
					"end":	1.002651,
					"seconds":	1.00265097618103,
					"bytes":	10092544,
					"bits_per_second":	80526877.166698337,
					"retransmits":	230,
					"snd_cwnd":	144746424,
					"snd_wnd":	1118208,
					"rtt":	271678,
					"rttvar":	883,
					"pmtu":	1500,
					"omitted":	false,
					"sender":	true
				}],
			"sum":	{
				"start":	0,
				"end":	1.002651,
				"seconds":	1.00265097618103,
				"bytes":	10092544,
				"bits_per_second":	80526877.166698337,
				"retransmits":	230,
				"omitted":	false,
				"sender":	true
			}
		}, {
			"streams":	[{
					"socket":	8,
					"start":	1.002651,
					"end":	2.001038,
					"seconds":	0.99838697910308838,
					"bytes":	0,
					"bits_per_second":	0,
					"retransmits":	2618,
					"snd_cwnd":	144254104,
					"snd_wnd":	17625088,
					"rtt":	274857,
					"rttvar":	653,
					"pmtu":	1500,
					"omitted":	false,
					"sender":	true
				}],
			"sum":	{
				"start":	1.002651,
				"end":	2.001038,
				"seconds":	0.99838697910308838,
				"bytes":	0,
				"bits_per_second":	0,
				"retransmits":	2618,
				"omitted":	false,
				"sender":	true
			}
		}, {
			"streams":	[{
					"socket":	8,
					"start":	2.001038,
					"end":	3.003334,
					"seconds":	1.002295970916748,
					"bytes":	17563648,
					"bits_per_second":	140187317.99498659,
					"retransmits":	5036,
					"snd_cwnd":	143369376,
					"snd_wnd":	42119168,
					"rtt":	270267,
					"rttvar":	522,
					"pmtu":	1500,
					"omitted":	false,
					"sender":	true
				}],
			"sum":	{
				"start":	2.001038,
				"end":	3.003334,
				"seconds":	1.002295970916748,
				"bytes":	17563648,
				"bits_per_second":	140187317.99498659,
				"retransmits":	5036,
				"omitted":	false,
				"sender":	true
			}
		}, {
			"streams":	[{
					"socket":	8,
					"start":	3.003334,
					"end":	4.00061,
					"seconds":	0.99727600812912,
					"bytes":	8650752,
					"bits_per_second":	69395047.545393,
					"retransmits":	3967,
					"snd_cwnd":	142651168,
					"snd_wnd":	62590976,
					"rtt":	281613,
					"rttvar":	1118,
					"pmtu":	1500,
					"omitted":	false,
					"sender":	true
				}],
			"sum":	{
				"start":	3.003334,
				"end":	4.00061,
				"seconds":	0.99727600812912,
				"bytes":	8650752,
				"bits_per_second":	69395047.545393,
				"retransmits":	3967,
				"omitted":	false,
				"sender":	true
			}
		}, {
			"streams":	[{
					"socket":	8,
					"start":	4.00061,
					"end":	5.000159,
					"seconds":	0.99954897165298462,
					"bytes":	8781824,
					"bits_per_second":	70286293.1105995,
					"retransmits":	3176,
					"snd_cwnd":	142206632,
					"snd_wnd":	75997184,
					"rtt":	268858,
					"rttvar":	232,
					"pmtu":	1500,
					"omitted":	false,
					"sender":	true
				}],
			"sum":	{
				"start":	4.00061,
				"end":	5.000159,
				"seconds":	0.99954897165298462,
				"bytes":	8781824,
				"bits_per_second":	70286293.1105995,
				"retransmits":	3176,
				"omitted":	false,
				"sender":	true
			}
		}, {
			"streams":	[{
					"socket":	8,
					"start":	5.000159,
					"end":	6.003087,
					"seconds":	1.0029280185699463,
					"bytes":	6291456,
					"bits_per_second":	50184706.248178035,
					"retransmits":	2225,
					"snd_cwnd":	141866352,
					"snd_wnd":	89194496,
					"rtt":	270532,
					"rttvar":	3329,
					"pmtu":	1500,
					"omitted":	false,
					"sender":	true
				}],
			"sum":	{
				"start":	5.000159,
				"end":	6.003087,
				"seconds":	1.0029280185699463,
				"bytes":	6291456,
				"bits_per_second":	50184706.248178035,
				"retransmits":	2225,
				"omitted":	false,
				"sender":	true
			}
		}, {
			"streams":	[{
					"socket":	8,
					"start":	6.003087,
					"end":	7.001095,
					"seconds":	0.99800801277160645,
					"bytes":	56098816,
					"bits_per_second":	449686297.361127,
					"retransmits":	12832,
					"snd_cwnd":	140922256,
					"snd_wnd":	97607680,
					"rtt":	270977,
					"rttvar":	525,
					"pmtu":	1500,
					"omitted":	false,
					"sender":	true
				}],
			"sum":	{
				"start":	6.003087,
				"end":	7.001095,
				"seconds":	0.99800801277160645,
				"bytes":	56098816,
				"bits_per_second":	449686297.361127,
				"retransmits":	12832,
				"omitted":	false,
				"sender":	true
			}
		}],
	"end":	{
		"streams":	[{
				"sender":	{
					"socket":	8,
					"start":	0,
					"end":	7.002068,
					"seconds":	7.002068,
					"bytes":	107479040,
					"bits_per_second":	122796910.85547869,
					"retransmits":	30084,
					"max_snd_cwnd":	144746424,
					"max_snd_wnd":	97607680,
					"max_rtt":	281613,
					"min_rtt":	268858,
					"mean_rtt":	272469,
					"sender":	true
				},
				"receiver":	{
					"socket":	8,
					"start":	0,
					"end":	7.280197,
					"seconds":	7.002068,
					"bytes":	64225280,
					"bits_per_second":	70575320.9700232,
					"sender":	true
				}
			}],
		"sum_sent":	{
			"start":	0,
			"end":	7.002068,
			"seconds":	7.002068,
			"bytes":	107479040,
			"bits_per_second":	122796910.85547869,
			"retransmits":	30084,
			"sender":	true
		},
		"sum_received":	{
			"start":	0,
			"end":	7.280197,
			"seconds":	7.280197,
			"bytes":	64225280,
			"bits_per_second":	70575320.9700232,
			"sender":	true
		},
		"cpu_utilization_percent":	{
			"host_total":	11.949310287059529,
			"host_user":	5.4491227920357437,
			"host_system":	6.5001749367502555,
			"remote_total":	0.39048308064612947,
			"remote_user":	0,
			"remote_system":	0.39051055236982762
		},
		"sender_tcp_congestion":	"prague",
		"receiver_tcp_congestion":	"prague"
	}
}
