{
	"start":	{
		"connected":	[{
				"socket":	8,
				"local_host":	"172.16.0.44",
				"local_port":	37452,
				"remote_host":	"172.17.0.44",
				"remote_port":	5201
			}],
		"version":	"iperf 3.16",
		"system_info":	"Linux h1 6.12.54-0b264c55b-l4steam-117 #1 SMP PREEMPT_DYNAMIC Fri Nov  7 18:07:57 UTC 2025 x86_64",
		"timestamp":	{
			"time":	"Sun, 22 Feb 2026 02:22:52 GMT",
			"timesecs":	1771726972
		},
		"connecting_to":	{
			"host":	"172.17.0.44",
			"port":	5201
		},
		"cookie":	"pme3lwvajviuy3jx4jshppfagrw7tlbwuwwa",
		"tcp_mss_default":	1448,
		"target_bitrate":	0,
		"fq_rate":	0,
		"sock_bufsize":	0,
		"sndbuf_actual":	1000000,
		"rcvbuf_actual":	1000000,
		"test_start":	{
			"protocol":	"TCP",
			"num_streams":	1,
			"blksize":	131072,
			"omit":	0,
			"duration":	0,
			"bytes":	107374182,
			"blocks":	0,
			"reverse":	0,
			"tos":	0,
			"target_bitrate":	0,
			"bidir":	0,
			"fqrate":	0
		}
	},
	"intervals":	[{
			"streams":	[{
					"socket":	8,
					"start":	0,
					"end":	1.001062,
					"seconds":	1.0010620355606079,
					"bytes":	21102592,
					"bits_per_second":	168641632.58919132,
					"retransmits":	2,
					"snd_cwnd":	144798552,
					"snd_wnd":	1470464,
					"rtt":	171120,
					"rttvar":	161417,
					"pmtu":	1500,
					"omitted":	false,
					"sender":	true
				}],
			"sum":	{
				"start":	0,
				"end":	1.001062,
				"seconds":	1.0010620355606079,
				"bytes":	21102592,
				"bits_per_second":	168641632.58919132,
				"retransmits":	2,
				"omitted":	false,
				"sender":	true
			}
		}, {
			"streams":	[{
					"socket":	8,
					"start":	1.001062,
					"end":	2.001059,
					"seconds":	0.99999701976776123,
					"bytes":	0,
					"bits_per_second":	0,
					"retransmits":	1019,
					"snd_cwnd":	144739184,
					"snd_wnd":	4456448,
					"rtt":	121318,
					"rttvar":	2815,
					"pmtu":	1500,
					"omitted":	false,
					"sender":	true
				}],
			"sum":	{
				"start":	1.001062,
				"end":	2.001059,
				"seconds":	0.99999701976776123,
				"bytes":	0,
				"bits_per_second":	0,
				"retransmits":	1019,
				"omitted":	false,
				"sender":	true
			}
		}, {
			"streams":	[{
					"socket":	8,
					"start":	2.001059,
					"end":	3.00341,
					"seconds":	1.0023510456085205,
					"bytes":	8912896,
					"bits_per_second":	71135924.1978067,
					"retransmits":	7386,
					"snd_cwnd":	143899344,
					"snd_wnd":	27910144,
					"rtt":	141667,
					"rttvar":	4269,
					"pmtu":	1500,
					"omitted":	false,
					"sender":	true
				}],
			"sum":	{
				"start":	2.001059,
				"end":	3.00341,
				"seconds":	1.0023510456085205,
				"bytes":	8912896,
				"bits_per_second":	71135924.1978067,
				"retransmits":	7386,
				"omitted":	false,
				"sender":	true
			}
		}, {
			"streams":	[{
					"socket":	8,
					"start":	3.00341,
					"end":	4.004407,
					"seconds":	1.0009969472885132,
					"bytes":	33030144,
					"bits_per_second":	263977979.86874267,
					"retransmits":	14652,
					"snd_cwnd":	141977848,
					"snd_wnd":	91779072,
					"rtt":	122641,
					"rttvar":	3658,
					"pmtu":	1500,
					"omitted":	false,
					"sender":	true
				}],
			"sum":	{
				"start":	3.00341,
				"end":	4.004407,
				"seconds":	1.0009969472885132,
				"bytes":	33030144,
				"bits_per_second":	263977979.86874267,
				"retransmits":	14652,
				"omitted":	false,
				"sender":	true
			}
		}, {
			"streams":	[{
					"socket":	8,
					"start":	4.004407,
					"end":	5.001021,
					"seconds":	0.99661397933959961,
					"bytes":	44433408,
					"bits_per_second":	356674972.82704,
					"retransmits":	20199,
					"snd_cwnd":	139999880,
					"snd_wnd":	128937984,
					"rtt":	90548,
					"rttvar":	3689,
					"pmtu":	1500,
					"omitted":	false,
					"sender":	true
				}],
			"sum":	{
				"start":	4.004407,
				"end":	5.001021,
				"seconds":	0.99661397933959961,
				"bytes":	44433408,
				"bits_per_second":	356674972.82704,
				"retransmits":	20199,
				"omitted":	false,
				"sender":	true
			}
		}],
	"end":	{
		"streams":	[{
				"sender":	{
					"socket":	8,
					"start":	0,
					"end":	5.003225,
					"seconds":	5.003225,
					"bytes":	107479040,
					"bits_per_second":	171855617.12695312,
					"retransmits":	43258,
					"max_snd_cwnd":	144798552,
					"max_snd_wnd":	128937984,
					"max_rtt":	171120,
					"min_rtt":	90548,
					"mean_rtt":	122973,
					"sender":	true
				},
				"receiver":	{
					"socket":	8,
					"start":	0,
					"end":	5.081314,
					"seconds":	5.003225,
					"bytes":	107479040,
					"bits_per_second":	169214561.43037018,
					"sender":	true
				}
			}],
		"sum_sent":	{
			"start":	0,
			"end":	5.003225,
			"seconds":	5.003225,
			"bytes":	107479040,
			"bits_per_second":	171855617.12695312,
			"retransmits":	43258,
			"sender":	true
		},
		"sum_received":	{
			"start":	0,
			"end":	5.081314,
			"seconds":	5.081314,
			"bytes":	107479040,
			"bits_per_second":	169214561.43037018,
			"sender":	true
		},
		"cpu_utilization_percent":	{
			"host_total":	8.87473702977358,
			"host_user":	5.46970147184089,
			"host_system":	3.4050038628394841,
			"remote_total":	1.8189922717083913,
			"remote_user":	0.275754576065715,
			"remote_system":	1.5432376956426761
		},
		"sender_tcp_congestion":	"prague",
		"receiver_tcp_congestion":	"prague"
	}
}
