{
	"start":	{
		"connected":	[{
				"socket":	8,
				"local_host":	"172.16.0.81",
				"local_port":	47812,
				"remote_host":	"172.17.0.81",
				"remote_port":	5201
			}],
		"version":	"iperf 3.16",
		"system_info":	"Linux h1 6.12.54-0b264c55b-l4steam-117 #1 SMP PREEMPT_DYNAMIC Fri Nov  7 18:07:57 UTC 2025 x86_64",
		"timestamp":	{
			"time":	"Sun, 22 Feb 2026 02:22:52 GMT",
			"timesecs":	1771726972
		},
		"connecting_to":	{
			"host":	"172.17.0.81",
			"port":	5201
		},
		"cookie":	"khfgl3b3t3hfxlkyf3lnjzpdj5v7qhjwobhx",
		"tcp_mss_default":	1448,
		"target_bitrate":	0,
		"fq_rate":	0,
		"sock_bufsize":	0,
		"sndbuf_actual":	1000000,
		"rcvbuf_actual":	1000000,
		"test_start":	{
			"protocol":	"TCP",
			"num_streams":	1,
			"blksize":	131072,
			"omit":	0,
			"duration":	0,
			"bytes":	107374182,
			"blocks":	0,
			"reverse":	0,
			"tos":	0,
			"target_bitrate":	0,
			"bidir":	0,
			"fqrate":	0
		}
	},
	"intervals":	[{
			"streams":	[{
					"socket":	8,
					"start":	0,
					"end":	1.001071,
					"seconds":	1.0010709762573242,
					"bytes":	21495808,
					"bits_per_second":	171782489.0328218,
					"retransmits":	1,
					"snd_cwnd":	1448,
					"snd_wnd":	1019904,
					"rtt":	112133,
					"rttvar":	19612,
					"pmtu":	1500,
					"omitted":	false,
					"sender":	true
				}],
			"sum":	{
				"start":	0,
				"end":	1.001071,
				"seconds":	1.0010709762573242,
				"bytes":	21495808,
				"bits_per_second":	171782489.0328218,
				"retransmits":	1,
				"omitted":	false,
				"sender":	true
			}
		}, {
			"streams":	[{
					"socket":	8,
					"start":	1.001071,
					"end":	2.001044,
					"seconds":	0.99997299909591675,
					"bytes":	0,
					"bits_per_second":	0,
					"retransmits":	1069,
					"snd_cwnd":	144656648,
					"snd_wnd":	5406720,
					"rtt":	117733,
					"rttvar":	1713,
					"pmtu":	1500,
					"omitted":	false,
					"sender":	true
				}],
			"sum":	{
				"start":	1.001071,
				"end":	2.001044,
				"seconds":	0.99997299909591675,
				"bytes":	0,
				"bits_per_second":	0,
				"retransmits":	1069,
				"omitted":	false,
				"sender":	true
			}
		}, {
			"streams":	[{
					"socket":	8,
					"start":	2.001044,
					"end":	3.005861,
					"seconds":	1.004817008972168,
					"bytes":	14811136,
					"bits_per_second":	117921061.19023906,
					"retransmits":	7943,
					"snd_cwnd":	143711104,
					"snd_wnd":	44564480,
					"rtt":	135032,
					"rttvar":	5861,
					"pmtu":	1500,
					"omitted":	false,
					"sender":	true
				}],
			"sum":	{
				"start":	2.001044,
				"end":	3.005861,
				"seconds":	1.004817008972168,
				"bytes":	14811136,
				"bits_per_second":	117921061.19023906,
				"retransmits":	7943,
				"omitted":	false,
				"sender":	true
			}
		}, {
			"streams":	[{
					"socket":	8,
					"start":	3.005861,
					"end":	4.001038,
					"seconds":	0.99517697095870972,
					"bytes":	27525120,
					"bits_per_second":	221268142.67804858,
					"retransmits":	26813,
					"snd_cwnd":	142331160,
					"snd_wnd":	107200512,
					"rtt":	95120,
					"rttvar":	1417,
					"pmtu":	1500,
					"omitted":	false,
					"sender":	true
				}],
			"sum":	{
				"start":	3.005861,
				"end":	4.001038,
				"seconds":	0.99517697095870972,
				"bytes":	27525120,
				"bits_per_second":	221268142.67804858,
				"retransmits":	26813,
				"omitted":	false,
				"sender":	true
			}
		}, {
			"streams":	[{
					"socket":	8,
					"start":	4.001038,
					"end":	5.001609,
					"seconds":	1.0005710124969482,
					"bytes":	21233664,
					"bits_per_second":	169772369.85517618,
					"retransmits":	48874,
					"snd_cwnd":	140777456,
					"snd_wnd":	121040896,
					"rtt":	138951,
					"rttvar":	4494,
					"pmtu":	1500,
					"omitted":	false,
					"sender":	true
				}],
			"sum":	{
				"start":	4.001038,
				"end":	5.001609,
				"seconds":	1.0005710124969482,
				"bytes":	21233664,
				"bits_per_second":	169772369.85517618,
				"retransmits":	48874,
				"omitted":	false,
				"sender":	true
			}
		}],
	"end":	{
		"streams":	[{
				"sender":	{
					"socket":	8,
					"start":	0,
					"end":	5.013158,
					"seconds":	5.013158,
					"bytes":	107479040,
					"bits_per_second":	171515104.85007656,
					"retransmits":	85565,
					"max_snd_cwnd":	144656648,
					"max_snd_wnd":	121040896,
					"max_rtt":	138951,
					"min_rtt":	95120,
					"mean_rtt":	122986,
					"sender":	true
				},
				"receiver":	{
					"socket":	8,
					"start":	0,
					"end":	5.120755,
					"seconds":	5.013158,
					"bytes":	76939264,
					"bits_per_second":	120199875.2137136,
					"sender":	true
				}
			}],
		"sum_sent":	{
			"start":	0,
			"end":	5.013158,
			"seconds":	5.013158,
			"bytes":	107479040,
			"bits_per_second":	171515104.85007656,
			"retransmits":	85565,
			"sender":	true
		},
		"sum_received":	{
			"start":	0,
			"end":	5.120755,
			"seconds":	5.120755,
			"bytes":	76939264,
			"bits_per_second":	120199875.2137136,
			"sender":	true
		},
		"cpu_utilization_percent":	{
			"host_total":	11.72629143162734,
			"host_user":	2.6150969544768832,
			"host_system":	9.1111944771504554,
			"remote_total":	0.94017110707959939,
			"remote_user":	0,
			"remote_system":	0.94019063539272418
		},
		"sender_tcp_congestion":	"prague",
		"receiver_tcp_congestion":	"prague"
	}
}
