{
	"start":	{
		"connected":	[{
				"socket":	8,
				"local_host":	"172.16.0.117",
				"local_port":	43580,
				"remote_host":	"172.17.0.117",
				"remote_port":	5201
			}],
		"version":	"iperf 3.16",
		"system_info":	"Linux h1 6.12.54-0b264c55b-l4steam-117 #1 SMP PREEMPT_DYNAMIC Fri Nov  7 18:07:57 UTC 2025 x86_64",
		"timestamp":	{
			"time":	"Sun, 22 Feb 2026 01:56:34 GMT",
			"timesecs":	1771725394
		},
		"connecting_to":	{
			"host":	"172.17.0.117",
			"port":	5201
		},
		"cookie":	"slbqwdef565ssxoqjpw7cngm34qigqxoqyn2",
		"tcp_mss_default":	1448,
		"target_bitrate":	0,
		"fq_rate":	0,
		"sock_bufsize":	0,
		"sndbuf_actual":	1000000,
		"rcvbuf_actual":	1000000,
		"test_start":	{
			"protocol":	"TCP",
			"num_streams":	1,
			"blksize":	131072,
			"omit":	0,
			"duration":	0,
			"bytes":	107374182,
			"blocks":	0,
			"reverse":	0,
			"tos":	0,
			"target_bitrate":	0,
			"bidir":	0,
			"fqrate":	0
		}
	},
	"intervals":	[{
			"streams":	[{
					"socket":	8,
					"start":	0,
					"end":	1.001033,
					"seconds":	1.0010329484939575,
					"bytes":	17563648,
					"bits_per_second":	140364195.0161525,
					"retransmits":	174,
					"snd_cwnd":	144801448,
					"snd_wnd":	675840,
					"rtt":	273282,
					"rttvar":	2538,
					"pmtu":	1500,
					"omitted":	false,
					"sender":	true
				}],
			"sum":	{
				"start":	0,
				"end":	1.001033,
				"seconds":	1.0010329484939575,
				"bytes":	17563648,
				"bits_per_second":	140364195.0161525,
				"retransmits":	174,
				"omitted":	false,
				"sender":	true
			}
		}, {
			"streams":	[{
					"socket":	8,
					"start":	1.001033,
					"end":	2.00105,
					"seconds":	1.0000170469284058,
					"bytes":	0,
					"bits_per_second":	0,
					"retransmits":	680,
					"snd_cwnd":	2884416,
					"snd_wnd":	8228864,
					"rtt":	254126,
					"rttvar":	132,
					"pmtu":	1500,
					"omitted":	false,
					"sender":	true
				}],
			"sum":	{
				"start":	1.001033,
				"end":	2.00105,
				"seconds":	1.0000170469284058,
				"bytes":	0,
				"bits_per_second":	0,
				"retransmits":	680,
				"omitted":	false,
				"sender":	true
			}
		}, {
			"streams":	[{
					"socket":	8,
					"start":	2.00105,
					"end":	3.007708,
					"seconds":	1.0066579580307007,
					"bytes":	0,
					"bits_per_second":	0,
					"retransmits":	2290,
					"snd_cwnd":	8974704,
					"snd_wnd":	26882048,
					"rtt":	268635,
					"rttvar":	386,
					"pmtu":	1500,
					"omitted":	false,
					"sender":	true
				}],
			"sum":	{
				"start":	2.00105,
				"end":	3.007708,
				"seconds":	1.0066579580307007,
				"bytes":	0,
				"bits_per_second":	0,
				"retransmits":	2290,
				"omitted":	false,
				"sender":	true
			}
		}, {
			"streams":	[{
					"socket":	8,
					"start":	3.007708,
					"end":	4.001043,
					"seconds":	0.99333500862121582,
					"bytes":	16515072,
					"bits_per_second":	133007066.95456958,
					"retransmits":	875,
					"snd_cwnd":	10828144,
					"snd_wnd":	59060224,
					"rtt":	249764,
					"rttvar":	637,
					"pmtu":	1500,
					"omitted":	false,
					"sender":	true
				}],
			"sum":	{
				"start":	3.007708,
				"end":	4.001043,
				"seconds":	0.99333500862121582,
				"bytes":	16515072,
				"bits_per_second":	133007066.95456958,
				"retransmits":	875,
				"omitted":	false,
				"sender":	true
			}
		}, {
			"streams":	[{
					"socket":	8,
					"start":	4.001043,
					"end":	5.003091,
					"seconds":	1.0020480155944824,
					"bytes":	25034752,
					"bits_per_second":	199868681.82277831,
					"retransmits":	2673,
					"snd_cwnd":	15008520,
					"snd_wnd":	68399104,
					"rtt":	213999,
					"rttvar":	220,
					"pmtu":	1500,
					"omitted":	false,
					"sender":	true
				}],
			"sum":	{
				"start":	4.001043,
				"end":	5.003091,
				"seconds":	1.0020480155944824,
				"bytes":	25034752,
				"bits_per_second":	199868681.82277831,
				"retransmits":	2673,
				"omitted":	false,
				"sender":	true
			}
		}, {
			"streams":	[{
					"socket":	8,
					"start":	5.003091,
					"end":	6.001029,
					"seconds":	0.99793797731399536,
					"bytes":	48365568,
					"bits_per_second":	387724039.76590669,
					"retransmits":	0,
					"snd_cwnd":	17089296,
					"snd_wnd":	68464640,
					"rtt":	195706,
					"rttvar":	229,
					"pmtu":	1500,
					"omitted":	false,
					"sender":	true
				}],
			"sum":	{
				"start":	5.003091,
				"end":	6.001029,
				"seconds":	0.99793797731399536,
				"bytes":	48365568,
				"bits_per_second":	387724039.76590669,
				"retransmits":	0,
				"omitted":	false,
				"sender":	true
			}
		}],
	"end":	{
		"streams":	[{
				"sender":	{
					"socket":	8,
					"start":	0,
					"end":	6.002275,
					"seconds":	6.002275,
					"bytes":	107479040,
					"bits_per_second":	143251070.6357173,
					"retransmits":	6692,
					"max_snd_cwnd":	144801448,
					"max_snd_wnd":	68464640,
					"max_rtt":	273282,
					"min_rtt":	195671,
					"mean_rtt":	235883,
					"sender":	true
				},
				"receiver":	{
					"socket":	8,
					"start":	0,
					"end":	6.189671,
					"seconds":	6.002275,
					"bytes":	87687168,
					"bits_per_second":	113333542.92982616,
					"sender":	true
				}
			}],
		"sum_sent":	{
			"start":	0,
			"end":	6.002275,
			"seconds":	6.002275,
			"bytes":	107479040,
			"bits_per_second":	143251070.6357173,
			"retransmits":	6692,
			"sender":	true
		},
		"sum_received":	{
			"start":	0,
			"end":	6.189671,
			"seconds":	6.189671,
			"bytes":	87687168,
			"bits_per_second":	113333542.92982616,
			"sender":	true
		},
		"cpu_utilization_percent":	{
			"host_total":	9.34105364764271,
			"host_user":	6.17850416476082,
			"host_system":	3.1625494828818934,
			"remote_total":	1.6670441756609127,
			"remote_user":	0,
			"remote_system":	1.6670118639067688
		},
		"sender_tcp_congestion":	"bbr",
		"receiver_tcp_congestion":	"bbr"
	}
}
