{
	"start":	{
		"connected":	[{
				"socket":	8,
				"local_host":	"172.16.0.21",
				"local_port":	34748,
				"remote_host":	"172.17.0.21",
				"remote_port":	5201
			}],
		"version":	"iperf 3.16",
		"system_info":	"Linux h1 6.12.54-0b264c55b-l4steam-117 #1 SMP PREEMPT_DYNAMIC Fri Nov  7 18:07:57 UTC 2025 x86_64",
		"timestamp":	{
			"time":	"Sun, 22 Feb 2026 01:56:33 GMT",
			"timesecs":	1771725393
		},
		"connecting_to":	{
			"host":	"172.17.0.21",
			"port":	5201
		},
		"cookie":	"wqn6p47qnu5ckcb3zv7quesdwuf4m6lvou4c",
		"tcp_mss_default":	1448,
		"target_bitrate":	0,
		"fq_rate":	0,
		"sock_bufsize":	0,
		"sndbuf_actual":	1000000,
		"rcvbuf_actual":	1000000,
		"test_start":	{
			"protocol":	"TCP",
			"num_streams":	1,
			"blksize":	131072,
			"omit":	0,
			"duration":	0,
			"bytes":	107374182,
			"blocks":	0,
			"reverse":	0,
			"tos":	0,
			"target_bitrate":	0,
			"bidir":	0,
			"fqrate":	0
		}
	},
	"intervals":	[{
			"streams":	[{
					"socket":	8,
					"start":	0,
					"end":	1.001056,
					"seconds":	1.0010559558868408,
					"bytes":	27525120,
					"bits_per_second":	219968682.77450365,
					"retransmits":	6,
					"snd_cwnd":	5792,
					"snd_wnd":	2134016,
					"rtt":	136196,
					"rttvar":	37318,
					"pmtu":	1500,
					"omitted":	false,
					"sender":	true
				}],
			"sum":	{
				"start":	0,
				"end":	1.001056,
				"seconds":	1.0010559558868408,
				"bytes":	27525120,
				"bits_per_second":	219968682.77450365,
				"retransmits":	6,
				"omitted":	false,
				"sender":	true
			}
		}, {
			"streams":	[{
					"socket":	8,
					"start":	1.001056,
					"end":	2.001074,
					"seconds":	1.0000180006027222,
					"bytes":	0,
					"bits_per_second":	0,
					"retransmits":	66,
					"snd_cwnd":	46336,
					"snd_wnd":	2232320,
					"rtt":	210730,
					"rttvar":	55428,
					"pmtu":	1500,
					"omitted":	false,
					"sender":	true
				}],
			"sum":	{
				"start":	1.001056,
				"end":	2.001074,
				"seconds":	1.0000180006027222,
				"bytes":	0,
				"bits_per_second":	0,
				"retransmits":	66,
				"omitted":	false,
				"sender":	true
			}
		}, {
			"streams":	[{
					"socket":	8,
					"start":	2.001074,
					"end":	3.003808,
					"seconds":	1.0027339458465576,
					"bytes":	0,
					"bits_per_second":	0,
					"retransmits":	430,
					"snd_cwnd":	353312,
					"snd_wnd":	2846720,
					"rtt":	276900,
					"rttvar":	1941,
					"pmtu":	1500,
					"omitted":	false,
					"sender":	true
				}],
			"sum":	{
				"start":	2.001074,
				"end":	3.003808,
				"seconds":	1.0027339458465576,
				"bytes":	0,
				"bits_per_second":	0,
				"retransmits":	430,
				"omitted":	false,
				"sender":	true
			}
		}, {
			"streams":	[{
					"socket":	8,
					"start":	3.003808,
					"end":	4.001047,
					"seconds":	0.99723899364471436,
					"bytes":	0,
					"bits_per_second":	0,
					"retransmits":	1039,
					"snd_cwnd":	474944,
					"snd_wnd":	6103040,
					"rtt":	259210,
					"rttvar":	2715,
					"pmtu":	1500,
					"omitted":	false,
					"sender":	true
				}],
			"sum":	{
				"start":	3.003808,
				"end":	4.001047,
				"seconds":	0.99723899364471436,
				"bytes":	0,
				"bits_per_second":	0,
				"retransmits":	1039,
				"omitted":	false,
				"sender":	true
			}
		}, {
			"streams":	[{
					"socket":	8,
					"start":	4.001047,
					"end":	5.003827,
					"seconds":	1.0027799606323242,
					"bytes":	0,
					"bits_per_second":	0,
					"retransmits":	21,
					"snd_cwnd":	474944,
					"snd_wnd":	8728576,
					"rtt":	261800,
					"rttvar":	579,
					"pmtu":	1500,
					"omitted":	false,
					"sender":	true
				}],
			"sum":	{
				"start":	4.001047,
				"end":	5.003827,
				"seconds":	1.0027799606323242,
				"bytes":	0,
				"bits_per_second":	0,
				"retransmits":	21,
				"omitted":	false,
				"sender":	true
			}
		}, {
			"streams":	[{
					"socket":	8,
					"start":	5.003827,
					"end":	6.001037,
					"seconds":	0.99721002578735352,
					"bytes":	0,
					"bits_per_second":	0,
					"retransmits":	10,
					"snd_cwnd":	315664,
					"snd_wnd":	11558912,
					"rtt":	241852,
					"rttvar":	1045,
					"pmtu":	1500,
					"omitted":	false,
					"sender":	true
				}],
			"sum":	{
				"start":	5.003827,
				"end":	6.001037,
				"seconds":	0.99721002578735352,
				"bytes":	0,
				"bits_per_second":	0,
				"retransmits":	10,
				"omitted":	false,
				"sender":	true
			}
		}, {
			"streams":	[{
					"socket":	8,
					"start":	6.001037,
					"end":	7.001154,
					"seconds":	1.0001169443130493,
					"bytes":	0,
					"bits_per_second":	0,
					"retransmits":	6,
					"snd_cwnd":	286704,
					"snd_wnd":	14016512,
					"rtt":	210130,
					"rttvar":	1077,
					"pmtu":	1500,
					"omitted":	false,
					"sender":	true
				}],
			"sum":	{
				"start":	6.001037,
				"end":	7.001154,
				"seconds":	1.0001169443130493,
				"bytes":	0,
				"bits_per_second":	0,
				"retransmits":	6,
				"omitted":	false,
				"sender":	true
			}
		}, {
			"streams":	[{
					"socket":	8,
					"start":	7.001154,
					"end":	8.003808,
					"seconds":	1.002653956413269,
					"bytes":	0,
					"bits_per_second":	0,
					"retransmits":	0,
					"snd_cwnd":	214304,
					"snd_wnd":	16609280,
					"rtt":	190445,
					"rttvar":	1200,
					"pmtu":	1500,
					"omitted":	false,
					"sender":	true
				}],
			"sum":	{
				"start":	7.001154,
				"end":	8.003808,
				"seconds":	1.002653956413269,
				"bytes":	0,
				"bits_per_second":	0,
				"retransmits":	0,
				"omitted":	false,
				"sender":	true
			}
		}, {
			"streams":	[{
					"socket":	8,
					"start":	8.003808,
					"end":	9.001046,
					"seconds":	0.99723798036575317,
					"bytes":	0,
					"bits_per_second":	0,
					"retransmits":	0,
					"snd_cwnd":	544448,
					"snd_wnd":	20332544,
					"rtt":	60936,
					"rttvar":	64,
					"pmtu":	1500,
					"omitted":	false,
					"sender":	true
				}],
			"sum":	{
				"start":	8.003808,
				"end":	9.001046,
				"seconds":	0.99723798036575317,
				"bytes":	0,
				"bits_per_second":	0,
				"retransmits":	0,
				"omitted":	false,
				"sender":	true
			}
		}, {
			"streams":	[{
					"socket":	8,
					"start":	9.001046,
					"end":	10.001342,
					"seconds":	1.0002959966659546,
					"bytes":	24641536,
					"bits_per_second":	197073954.76644266,
					"retransmits":	0,
					"snd_cwnd":	4193408,
					"snd_wnd":	50323456,
					"rtt":	70134,
					"rttvar":	294,
					"pmtu":	1500,
					"omitted":	false,
					"sender":	true
				}],
			"sum":	{
				"start":	9.001046,
				"end":	10.001342,
				"seconds":	1.0002959966659546,
				"bytes":	24641536,
				"bits_per_second":	197073954.76644266,
				"retransmits":	0,
				"omitted":	false,
				"sender":	true
			}
		}, {
			"streams":	[{
					"socket":	8,
					"start":	10.001342,
					"end":	11.001075,
					"seconds":	0.99973297119140625,
					"bytes":	55312384,
					"bits_per_second":	442617263.56055158,
					"retransmits":	0,
					"snd_cwnd":	18737120,
					"snd_wnd":	69955584,
					"rtt":	60987,
					"rttvar":	116,
					"pmtu":	1500,
					"omitted":	false,
					"sender":	true
				}],
			"sum":	{
				"start":	10.001342,
				"end":	11.001075,
				"seconds":	0.99973297119140625,
				"bytes":	55312384,
				"bits_per_second":	442617263.56055158,
				"retransmits":	0,
				"omitted":	false,
				"sender":	true
			}
		}],
	"end":	{
		"streams":	[{
				"sender":	{
					"socket":	8,
					"start":	0,
					"end":	11.001539,
					"seconds":	11.001539,
					"bytes":	107479040,
					"bits_per_second":	78155639.8609322,
					"retransmits":	1578,
					"max_snd_cwnd":	18774768,
					"max_snd_wnd":	69955584,
					"max_rtt":	276900,
					"min_rtt":	60936,
					"mean_rtt":	170026,
					"sender":	true
				},
				"receiver":	{
					"socket":	8,
					"start":	0,
					"end":	11.085279,
					"seconds":	11.001539,
					"bytes":	100532224,
					"bits_per_second":	72551876.4119514,
					"sender":	true
				}
			}],
		"sum_sent":	{
			"start":	0,
			"end":	11.001539,
			"seconds":	11.001539,
			"bytes":	107479040,
			"bits_per_second":	78155639.8609322,
			"retransmits":	1578,
			"sender":	true
		},
		"sum_received":	{
			"start":	0,
			"end":	11.085279,