{
	"start":	{
		"connected":	[{
				"socket":	8,
				"local_host":	"172.16.0.54",
				"local_port":	45488,
				"remote_host":	"172.17.0.54",
				"remote_port":	5201
			}],
		"version":	"iperf 3.16",
		"system_info":	"Linux h1 6.12.54-0b264c55b-l4steam-117 #1 SMP PREEMPT_DYNAMIC Fri Nov  7 18:07:57 UTC 2025 x86_64",
		"timestamp":	{
			"time":	"Sun, 22 Feb 2026 01:56:33 GMT",
			"timesecs":	1771725393
		},
		"connecting_to":	{
			"host":	"172.17.0.54",
			"port":	5201
		},
		"cookie":	"tlvkyof5qdb4yxzezzdnufxdbexavovg7rks",
		"tcp_mss_default":	1448,
		"target_bitrate":	0,
		"fq_rate":	0,
		"sock_bufsize":	0,
		"sndbuf_actual":	1000000,
		"rcvbuf_actual":	1000000,
		"test_start":	{
			"protocol":	"TCP",
			"num_streams":	1,
			"blksize":	131072,
			"omit":	0,
			"duration":	0,
			"bytes":	107374182,
			"blocks":	0,
			"reverse":	0,
			"tos":	0,
			"target_bitrate":	0,
			"bidir":	0,
			"fqrate":	0
		}
	},
	"intervals":	[{
			"streams":	[{
					"socket":	8,
					"start":	0,
					"end":	1.001049,
					"seconds":	1.0010490417480469,
					"bytes":	17563648,
					"bits_per_second":	140361938.46671164,
					"retransmits":	315,
					"snd_cwnd":	2195168,
					"snd_wnd":	5435392,
					"rtt":	255597,
					"rttvar":	999,
					"pmtu":	1500,
					"omitted":	false,
					"sender":	true
				}],
			"sum":	{
				"start":	0,
				"end":	1.001049,
				"seconds":	1.0010490417480469,
				"bytes":	17563648,
				"bits_per_second":	140361938.46671164,
				"retransmits":	315,
				"omitted":	false,
				"sender":	true
			}
		}, {
			"streams":	[{
					"socket":	8,
					"start":	1.001049,
					"end":	2.001058,
					"seconds":	1.0000089406967163,
					"bytes":	8781824,
					"bits_per_second":	70253963.88061583,
					"retransmits":	3152,
					"snd_cwnd":	144801448,
					"snd_wnd":	34271232,
					"rtt":	250656,
					"rttvar":	988,
					"pmtu":	1500,
					"omitted":	false,
					"sender":	true
				}],
			"sum":	{
				"start":	1.001049,
				"end":	2.001058,
				"seconds":	1.0000089406967163,
				"bytes":	8781824,
				"bits_per_second":	70253963.88061583,
				"retransmits":	3152,
				"omitted":	false,
				"sender":	true
			}
		}, {
			"streams":	[{
					"socket":	8,
					"start":	2.001058,
					"end":	3.00477,
					"seconds":	1.0037120580673218,
					"bytes":	9437184,
					"bits_per_second":	75218257.460583553,
					"retransmits":	3793,
					"snd_cwnd":	3887880,
					"snd_wnd":	56139776,
					"rtt":	255913,
					"rttvar":	2063,
					"pmtu":	1500,
					"omitted":	false,
					"sender":	true
				}],
			"sum":	{
				"start":	2.001058,
				"end":	3.00477,
				"seconds":	1.0037120580673218,
				"bytes":	9437184,
				"bits_per_second":	75218257.460583553,
				"retransmits":	3793,
				"omitted":	false,
				"sender":	true
			}
		}, {
			"streams":	[{
					"socket":	8,
					"start":	3.00477,
					"end":	4.000779,
					"seconds":	0.99600899219512939,
					"bytes":	51380224,
					"bits_per_second":	412688836.36692333,
					"retransmits":	883,
					"snd_cwnd":	6148208,
					"snd_wnd":	73838592,
					"rtt":	241017,
					"rttvar":	3664,
					"pmtu":	1500,
					"omitted":	false,
					"sender":	true
				}],
			"sum":	{
				"start":	3.00477,
				"end":	4.000779,
				"seconds":	0.99600899219512939,
				"bytes":	51380224,
				"bits_per_second":	412688836.36692333,
				"retransmits":	883,
				"omitted":	false,
				"sender":	true
			}
		}, {
			"streams":	[{
					"socket":	8,
					"start":	4.000779,
					"end":	5.001049,
					"seconds":	1.0002700090408325,
					"bytes":	0,
					"bits_per_second":	0,
					"retransmits":	128,
					"snd_cwnd":	5348912,
					"snd_wnd":	73838592,
					"rtt":	249873,
					"rttvar":	267,
					"pmtu":	1500,
					"omitted":	false,
					"sender":	true
				}],
			"sum":	{
				"start":	4.000779,
				"end":	5.001049,
				"seconds":	1.0002700090408325,
				"bytes":	0,
				"bits_per_second":	0,
				"retransmits":	128,
				"omitted":	false,
				"sender":	true
			}
		}, {
			"streams":	[{
					"socket":	8,
					"start":	5.001049,
					"end":	6.008839,
					"seconds":	1.0077899694442749,
					"bytes":	15990784,
					"bits_per_second":	126937433.27346502,
					"retransmits":	113,
					"snd_cwnd":	5157776,
					"snd_wnd":	73838592,
					"rtt":	212989,
					"rttvar":	694,
					"pmtu":	1500,
					"omitted":	false,
					"sender":	true
				}],
			"sum":	{
				"start":	5.001049,
				"end":	6.008839,
				"seconds":	1.0077899694442749,
				"bytes":	15990784,
				"bits_per_second":	126937433.27346502,
				"retransmits":	113,
				"omitted":	false,
				"sender":	true
			}
		}, {
			"streams":	[{
					"socket":	8,
					"start":	6.008839,
					"end":	7.000775,
					"seconds":	0.99193602800369263,
					"bytes":	0,
					"bits_per_second":	0,
					"retransmits":	6,
					"snd_cwnd":	4147072,
					"snd_wnd":	73838592,
					"rtt":	158584,
					"rttvar":	1113,
					"pmtu":	1500,
					"omitted":	false,
					"sender":	true
				}],
			"sum":	{
				"start":	6.008839,
				"end":	7.000775,
				"seconds":	0.99193602800369263,
				"bytes":	0,
				"bits_per_second":	0,
				"retransmits":	6,
				"omitted":	false,
				"sender":	true
			}
		}, {
			"streams":	[{
					"socket":	8,
					"start":	7.000775,
					"end":	8.000779,
					"seconds":	1.0000040531158447,
					"bytes":	4325376,
					"bits_per_second":	34602867.750568449,
					"retransmits":	0,
					"snd_cwnd":	11789616,
					"snd_wnd":	126631936,
					"rtt":	57451,
					"rttvar":	58,
					"pmtu":	1500,
					"omitted":	false,
					"sender":	true
				}],
			"sum":	{
				"start":	7.000775,
				"end":	8.000779,
				"seconds":	1.0000040531158447,
				"bytes":	4325376,
				"bits_per_second":	34602867.750568449,
				"retransmits":	0,
				"omitted":	false,
				"sender":	true
			}
		}],
	"end":	{
		"streams":	[{
				"sender":	{
					"socket":	8,
					"start":	0,
					"end":	8.00116,
					"seconds":	8.00116,
					"bytes":	107479040,
					"bits_per_second":	107463457.7986192,
					"retransmits":	8390,
					"max_snd_cwnd":	144801448,
					"max_snd_wnd":	126631936,
					"max_rtt":	255913,
					"min_rtt":	57451,
					"mean_rtt":	193281,
					"sender":	true
				},
				"receiver":	{
					"socket":	8,
					"start":	0,
					"end":	8.068899,
					"seconds":	8.00116,
					"bytes":	107479040,
					"bits_per_second":	106561294.17408745,
					"sender":	true
				}
			}],
		"sum_sent":	{
			"start":	0,
			"end":	8.00116,
			"seconds":	8.00116,
			"bytes":	107479040,
			"bits_per_second":	107463457.7986192,
			"retransmits":	8390,
			"sender":	true
		},
		"sum_received":	{
			"start":	0,
			"end":	8.068899,
			"seconds":	8.068899,
			"bytes":	107479040,
			"bits_per_second":	106561294.17408745,
			"sender":	true
		},
		"cpu_utilization_percent":	{
			"host_total":	9.4264873659455528,
			"host_user":	8.5871527035508848,
			"host_system":	0.83933466239466836,
			"remote_total":	1.5345679642717807,
			"remote_user":	0.023720658388313869,
			"remote_system":	1.5108720923603616
		},
		"sender_tcp_congestion":	"bbr",
		"receiver_tcp_congestion":	"bbr"
	}
}
