{
	"start":	{
		"connected":	[{
				"socket":	8,
				"local_host":	"172.16.0.63",
				"local_port":	43066,
				"remote_host":	"172.17.0.63",
				"remote_port":	5201
			}],
		"version":	"iperf 3.16",
		"system_info":	"Linux h1 6.12.54-0b264c55b-l4steam-117 #1 SMP PREEMPT_DYNAMIC Fri Nov  7 18:07:57 UTC 2025 x86_64",
		"timestamp":	{
			"time":	"Sun, 22 Feb 2026 01:56:33 GMT",
			"timesecs":	1771725393
		},
		"connecting_to":	{
			"host":	"172.17.0.63",
			"port":	5201
		},
		"cookie":	"asio6bbrq3dvthgmqrbzhb4nyx625slvl26e",
		"tcp_mss_default":	1448,
		"target_bitrate":	0,
		"fq_rate":	0,
		"sock_bufsize":	0,
		"sndbuf_actual":	1000000,
		"rcvbuf_actual":	1000000,
		"test_start":	{
			"protocol":	"TCP",
			"num_streams":	1,
			"blksize":	131072,
			"omit":	0,
			"duration":	0,
			"bytes":	107374182,
			"blocks":	0,
			"reverse":	0,
			"tos":	0,
			"target_bitrate":	0,
			"bidir":	0,
			"fqrate":	0
		}
	},
	"intervals":	[{
			"streams":	[{
					"socket":	8,
					"start":	0,
					"end":	1.00104,
					"seconds":	1.001039981842041,
					"bytes":	17432576,
					"bits_per_second":	139315722.17862341,
					"retransmits":	677,
					"snd_cwnd":	3323160,
					"snd_wnd":	8384512,
					"rtt":	274597,
					"rttvar":	1196,
					"pmtu":	1500,
					"omitted":	false,
					"sender":	true
				}],
			"sum":	{
				"start":	0,
				"end":	1.00104,
				"seconds":	1.001039981842041,
				"bytes":	17432576,
				"bits_per_second":	139315722.17862341,
				"retransmits":	677,
				"omitted":	false,
				"sender":	true
			}
		}, {
			"streams":	[{
					"socket":	8,
					"start":	1.00104,
					"end":	2.001034,
					"seconds":	0.99999397993087769,
					"bytes":	3932160,
					"bits_per_second":	31457469.376140058,
					"retransmits":	2358,
					"snd_cwnd":	5608104,
					"snd_wnd":	21311488,
					"rtt":	268907,
					"rttvar":	120,
					"pmtu":	1500,
					"omitted":	false,
					"sender":	true
				}],
			"sum":	{
				"start":	1.00104,
				"end":	2.001034,
				"seconds":	0.99999397993087769,
				"bytes":	3932160,
				"bits_per_second":	31457469.376140058,
				"retransmits":	2358,
				"omitted":	false,
				"sender":	true
			}
		}, {
			"streams":	[{
					"socket":	8,
					"start":	2.001034,
					"end":	3.001037,
					"seconds":	1.0000029802322388,
					"bytes":	8781824,
					"bits_per_second":	70254382.625624,
					"retransmits":	1795,
					"snd_cwnd":	3389768,
					"snd_wnd":	35266560,
					"rtt":	273514,
					"rttvar":	711,
					"pmtu":	1500,
					"omitted":	false,
					"sender":	true
				}],
			"sum":	{
				"start":	2.001034,
				"end":	3.001037,
				"seconds":	1.0000029802322388,
				"bytes":	8781824,
				"bits_per_second":	70254382.625624,
				"retransmits":	1795,
				"omitted":	false,
				"sender":	true
			}
		}, {
			"streams":	[{
					"socket":	8,
					"start":	3.001037,
					"end":	4.001024,
					"seconds":	0.999987006187439,
					"bytes":	9437184,
					"bits_per_second":	75498453.0127471,
					"retransmits":	278,
					"snd_cwnd":	4860936,
					"snd_wnd":	56410112,
					"rtt":	269653,
					"rttvar":	224,
					"pmtu":	1500,
					"omitted":	false,
					"sender":	true
				}],
			"sum":	{
				"start":	3.001037,
				"end":	4.001024,
				"seconds":	0.999987006187439,
				"bytes":	9437184,
				"bits_per_second":	75498453.0127471,
				"retransmits":	278,
				"omitted":	false,
				"sender":	true
			}
		}, {
			"streams":	[{
					"socket":	8,
					"start":	4.001024,
					"end":	5.00123,
					"seconds":	1.0002059936523438,
					"bytes":	14417920,
					"bits_per_second":	115319604.89340118,
					"retransmits":	477,
					"snd_cwnd":	5597968,
					"snd_wnd":	74227712,
					"rtt":	269517,
					"rttvar":	140,
					"pmtu":	1500,
					"omitted":	false,
					"sender":	true
				}],
			"sum":	{
				"start":	4.001024,
				"end":	5.00123,
				"seconds":	1.0002059936523438,
				"bytes":	14417920,
				"bits_per_second":	115319604.89340118,
				"retransmits":	477,
				"omitted":	false,
				"sender":	true
			}
		}, {
			"streams":	[{
					"socket":	8,
					"start":	5.00123,
					"end":	6.001027,
					"seconds":	0.999796986579895,
					"bytes":	53477376,
					"bits_per_second":	427905878.63590491,
					"retransmits":	54,
					"snd_cwnd":	9215072,
					"snd_wnd":	74227712,
					"rtt":	228692,
					"rttvar":	108,
					"pmtu":	1500,
					"omitted":	false,
					"sender":	true
				}],
			"sum":	{
				"start":	5.00123,
				"end":	6.001027,
				"seconds":	0.999796986579895,
				"bytes":	53477376,
				"bits_per_second":	427905878.63590491,
				"retransmits":	54,
				"omitted":	false,
				"sender":	true
			}
		}],
	"end":	{
		"streams":	[{
				"sender":	{
					"socket":	8,
					"start":	0,
					"end":	6.00131,
					"seconds":	6.00131,
					"bytes":	107479040,
					"bits_per_second":	143274105.1537081,
					"retransmits":	5639,
					"max_snd_cwnd":	9215072,
					"max_snd_wnd":	74227712,
					"max_rtt":	274597,
					"min_rtt":	228692,
					"mean_rtt":	259081,
					"sender":	true
				},
				"receiver":	{
					"socket":	8,
					"start":	0,
					"end":	6.215334,
					"seconds":	6.00131,
					"bytes":	71565312,
					"bits_per_second":	92114518.061298072,
					"sender":	true
				}
			}],
		"sum_sent":	{
			"start":	0,
			"end":	6.00131,
			"seconds":	6.00131,
			"bytes":	107479040,
			"bits_per_second":	143274105.1537081,
			"retransmits":	5639,
			"sender":	true
		},
		"sum_received":	{
			"start":	0,
			"end":	6.215334,
			"seconds":	6.215334,
			"bytes":	71565312,
			"bits_per_second":	92114518.061298072,
			"sender":	true
		},
		"cpu_utilization_percent":	{
			"host_total":	6.1060348551699022,
			"host_user":	4.5493775843627366,
			"host_system":	1.5566440477558432,
			"remote_total":	1.0326699483294974,
			"remote_user":	0.097500621445792635,
			"remote_system":	0.9351693268837048
		},
		"sender_tcp_congestion":	"bbr",
		"receiver_tcp_congestion":	"bbr"
	}
}
