{
	"start":	{
		"connected":	[{
				"socket":	8,
				"local_host":	"172.16.0.96",
				"local_port":	48260,
				"remote_host":	"172.17.0.96",
				"remote_port":	5201
			}],
		"version":	"iperf 3.16",
		"system_info":	"Linux h1 6.12.54-0b264c55b-l4steam-117 #1 SMP PREEMPT_DYNAMIC Fri Nov  7 18:07:57 UTC 2025 x86_64",
		"timestamp":	{
			"time":	"Sun, 22 Feb 2026 01:56:34 GMT",
			"timesecs":	1771725394
		},
		"connecting_to":	{
			"host":	"172.17.0.96",
			"port":	5201
		},
		"cookie":	"e64ipqz2hoxonjoc6h2536e6nchyspoyekva",
		"tcp_mss_default":	1448,
		"target_bitrate":	0,
		"fq_rate":	0,
		"sock_bufsize":	0,
		"sndbuf_actual":	1000000,
		"rcvbuf_actual":	1000000,
		"test_start":	{
			"protocol":	"TCP",
			"num_streams":	1,
			"blksize":	131072,
			"omit":	0,
			"duration":	0,
			"bytes":	107374182,
			"blocks":	0,
			"reverse":	0,
			"tos":	0,
			"target_bitrate":	0,
			"bidir":	0,
			"fqrate":	0
		}
	},
	"intervals":	[{
			"streams":	[{
					"socket":	8,
					"start":	0,
					"end":	1.000874,
					"seconds":	1.0008740425109863,
					"bytes":	17563648,
					"bits_per_second":	140386480.24829525,
					"retransmits":	374,
					"snd_cwnd":	596576,
					"snd_wnd":	2068480,
					"rtt":	265063,
					"rttvar":	1260,
					"pmtu":	1500,
					"omitted":	false,
					"sender":	true
				}],
			"sum":	{
				"start":	0,
				"end":	1.000874,
				"seconds":	1.0008740425109863,
				"bytes":	17563648,
				"bits_per_second":	140386480.24829525,
				"retransmits":	374,
				"omitted":	false,
				"sender":	true
			}
		}, {
			"streams":	[{
					"socket":	8,
					"start":	1.000874,
					"end":	2.004795,
					"seconds":	1.0039210319519043,
					"bytes":	0,
					"bits_per_second":	0,
					"retransmits":	111,
					"snd_cwnd":	144801448,
					"snd_wnd":	1196032,
					"rtt":	265161,
					"rttvar":	1580,
					"pmtu":	1500,
					"omitted":	false,
					"sender":	true
				}],
			"sum":	{
				"start":	1.000874,
				"end":	2.004795,
				"seconds":	1.0039210319519043,
				"bytes":	0,
				"bits_per_second":	0,
				"retransmits":	111,
				"omitted":	false,
				"sender":	true
			}
		}, {
			"streams":	[{
					"socket":	8,
					"start":	2.004795,
					"end":	3.00486,
					"seconds":	1.0000649690628052,
					"bytes":	0,
					"bits_per_second":	0,
					"retransmits":	282,
					"snd_cwnd":	755856,
					"snd_wnd":	7299072,
					"rtt":	253948,
					"rttvar":	1169,
					"pmtu":	1500,
					"omitted":	false,
					"sender":	true
				}],
			"sum":	{
				"start":	2.004795,
				"end":	3.00486,
				"seconds":	1.0000649690628052,
				"bytes":	0,
				"bits_per_second":	0,
				"retransmits":	282,
				"omitted":	false,
				"sender":	true
			}
		}, {
			"streams":	[{
					"socket":	8,
					"start":	3.00486,
					"end":	4.000855,
					"seconds":	0.99599498510360718,
					"bytes":	0,
					"bits_per_second":	0,
					"retransmits":	21,
					"snd_cwnd":	1627552,
					"snd_wnd":	13225984,
					"rtt":	261763,
					"rttvar":	252,
					"pmtu":	1500,
					"omitted":	false,
					"sender":	true
				}],
			"sum":	{
				"start":	3.00486,
				"end":	4.000855,
				"seconds":	0.99599498510360718,
				"bytes":	0,
				"bits_per_second":	0,
				"retransmits":	21,
				"omitted":	false,
				"sender":	true
			}
		}, {
			"streams":	[{
					"socket":	8,
					"start":	4.000855,
					"end":	5.000858,
					"seconds":	1.0000029802322388,
					"bytes":	4194304,
					"bits_per_second":	33554332.000298023,
					"retransmits":	24,
					"snd_cwnd":	1566736,
					"snd_wnd":	20021248,
					"rtt":	221156,
					"rttvar":	190,
					"pmtu":	1500,
					"omitted":	false,
					"sender":	true
				}],
			"sum":	{
				"start":	4.000855,
				"end":	5.000858,
				"seconds":	1.0000029802322388,
				"bytes":	4194304,
				"bits_per_second":	33554332.000298023,
				"retransmits":	24,
				"omitted":	false,
				"sender":	true
			}
		}, {
			"streams":	[{
					"socket":	8,
					"start":	5.000858,
					"end":	6.000884,
					"seconds":	1.0000259876251221,
					"bytes":	6815744,
					"bits_per_second":	54524535.0368235,
					"retransmits":	0,
					"snd_cwnd":	900656,
					"snd_wnd":	29081600,
					"rtt":	57326,
					"rttvar":	78,
					"pmtu":	1500,
					"omitted":	false,
					"sender":	true
				}],
			"sum":	{
				"start":	5.000858,
				"end":	6.000884,
				"seconds":	1.0000259876251221,
				"bytes":	6815744,
				"bits_per_second":	54524535.0368235,
				"retransmits":	0,
				"omitted":	false,
				"sender":	true
			}
		}, {
			"streams":	[{
					"socket":	8,
					"start":	6.000884,
					"end":	7.000879,
					"seconds":	0.999994993209839,
					"bytes":	46399488,
					"bits_per_second":	371197762.50930518,
					"retransmits":	0,
					"snd_cwnd":	5928112,
					"snd_wnd":	67461120,
					"rtt":	57446,
					"rttvar":	76,
					"pmtu":	1500,
					"omitted":	false,
					"sender":	true
				}],
			"sum":	{
				"start":	6.000884,
				"end":	7.000879,
				"seconds":	0.999994993209839,
				"bytes":	46399488,
				"bits_per_second":	371197762.50930518,
				"retransmits":	0,
				"omitted":	false,
				"sender":	true
			}
		}, {
			"streams":	[{
					"socket":	8,
					"start":	7.000879,
					"end":	8.004853,
					"seconds":	1.0039739608764648,
					"bytes":	32505856,
					"bits_per_second":	259017522.499269,
					"retransmits":	0,
					"snd_cwnd":	18708160,
					"snd_wnd":	147644416,
					"rtt":	59707,
					"rttvar":	472,
					"pmtu":	1500,
					"omitted":	false,
					"sender":	true
				}],
			"sum":	{
				"start":	7.000879,
				"end":	8.004853,
				"seconds":	1.0039739608764648,
				"bytes":	32505856,
				"bits_per_second":	259017522.499269,
				"retransmits":	0,
				"omitted":	false,
				"sender":	true
			}
		}],
	"end":	{
		"streams":	[{
				"sender":	{
					"socket":	8,
					"start":	0,
					"end":	8.005235,
					"seconds":	8.005235,
					"bytes":	107479040,
					"bits_per_second":	107408754.39634189,
					"retransmits":	812,
					"max_snd_cwnd":	144801448,
					"max_snd_wnd":	147644416,
					"max_rtt":	265161,
					"min_rtt":	57326,
					"mean_rtt":	166808,
					"sender":	true
				},
				"receiver":	{
					"socket":	8,
					"start":	0,
					"end":	8.066699,
					"seconds":	8.005235,
					"bytes":	107479040,
					"bits_per_second":	106590356.22873743,
					"sender":	true
				}
			}],
		"sum_sent":	{
			"start":	0,
			"end":	8.005235,
			"seconds":	8.005235,
			"bytes":	107479040,
			"bits_per_second":	107408754.39634189,
			"retransmits":	812,
			"sender":	true
		},
		"sum_received":	{
			"start":	0,
			"end":	8.066699,
			"seconds":	8.066699,
			"bytes":	107479040,
			"bits_per_second":	106590356.22873743,
			"sender":	true
		},
		"cpu_utilization_percent":	{
			"host_total":	9.69793287510466,
			"host_user":	8.9862848227316157,
			"host_system":	0.71162589645609464,
			"remote_total":	2.3587538771968819,
			"remote_user":	0.1310570334871051,
			"remote_system":	2.2276968437097771
		},
		"sender_tcp_congestion":	"bbr",
		"receiver_tcp_congestion":	"bbr"
	}
}
