{
	"start":	{
		"connected":	[{
				"socket":	8,
				"local_host":	"172.16.0.117",
				"local_port":	39632,
				"remote_host":	"172.17.0.117",
				"remote_port":	5201
			}],
		"version":	"iperf 3.16",
		"system_info":	"Linux h1 6.12.54-0b264c55b-l4steam-117 #1 SMP PREEMPT_DYNAMIC Fri Nov  7 18:07:57 UTC 2025 x86_64",
		"timestamp":	{
			"time":	"Sun, 22 Feb 2026 01:28:10 GMT",
			"timesecs":	1771723690
		},
		"connecting_to":	{
			"host":	"172.17.0.117",
			"port":	5201
		},
		"cookie":	"jqhnofp65g6ksemmmfixygy3kpdsfdhsgzed",
		"tcp_mss_default":	1448,
		"target_bitrate":	0,
		"fq_rate":	0,
		"sock_bufsize":	0,
		"sndbuf_actual":	1000000,
		"rcvbuf_actual":	1000000,
		"test_start":	{
			"protocol":	"TCP",
			"num_streams":	1,
			"blksize":	131072,
			"omit":	0,
			"duration":	0,
			"bytes":	107374182,
			"blocks":	0,
			"reverse":	0,
			"tos":	0,
			"target_bitrate":	0,
			"bidir":	0,
			"fqrate":	0
		}
	},
	"intervals":	[{
			"streams":	[{
					"socket":	8,
					"start":	0,
					"end":	1.001048,
					"seconds":	1.0010479688644409,
					"bytes":	19267584,
					"bits_per_second":	153979306.48103967,
					"retransmits":	0,
					"snd_cwnd":	144800000,
					"snd_wnd":	2072576,
					"rtt":	466944,
					"rttvar":	18951,
					"pmtu":	1500,
					"omitted":	false,
					"sender":	true
				}],
			"sum":	{
				"start":	0,
				"end":	1.001048,
				"seconds":	1.0010479688644409,
				"bytes":	19267584,
				"bits_per_second":	153979306.48103967,
				"retransmits":	0,
				"omitted":	false,
				"sender":	true
			}
		}, {
			"streams":	[{
					"socket":	8,
					"start":	1.001048,
					"end":	2.001056,
					"seconds":	1.0000079870224,
					"bytes":	0,
					"bits_per_second":	0,
					"retransmits":	0,
					"snd_cwnd":	144800000,
					"snd_wnd":	6217728,
					"rtt":	661643,
					"rttvar":	323,
					"pmtu":	1500,
					"omitted":	false,
					"sender":	true
				}],
			"sum":	{
				"start":	1.001048,
				"end":	2.001056,
				"seconds":	1.0000079870224,
				"bytes":	0,
				"bits_per_second":	0,
				"retransmits":	0,
				"omitted":	false,
				"sender":	true
			}
		}, {
			"streams":	[{
					"socket":	8,
					"start":	2.001056,
					"end":	3.000418,
					"seconds":	0.99936199188232422,
					"bytes":	9699328,
					"bits_per_second":	77644161.6053944,
					"retransmits":	0,
					"snd_cwnd":	144800000,
					"snd_wnd":	38342656,
					"rtt":	780898,
					"rttvar":	491,
					"pmtu":	1500,
					"omitted":	false,
					"sender":	true
				}],
			"sum":	{
				"start":	2.001056,
				"end":	3.000418,
				"seconds":	0.99936199188232422,
				"bytes":	9699328,
				"bits_per_second":	77644161.6053944,
				"retransmits":	0,
				"omitted":	false,
				"sender":	true
			}
		}, {
			"streams":	[{
					"socket":	8,
					"start":	3.000418,
					"end":	4.003308,
					"seconds":	1.0028899908065796,
					"bytes":	9175040,
					"bits_per_second":	73188805.026329368,
					"retransmits":	0,
					"snd_cwnd":	144800000,
					"snd_wnd":	57704448,
					"rtt":	736391,
					"rttvar":	233,
					"pmtu":	1500,
					"omitted":	false,
					"sender":	true
				}],
			"sum":	{
				"start":	3.000418,
				"end":	4.003308,
				"seconds":	1.0028899908065796,
				"bytes":	9175040,
				"bits_per_second":	73188805.026329368,
				"retransmits":	0,
				"omitted":	false,
				"sender":	true
			}
		}, {
			"streams":	[{
					"socket":	8,
					"start":	4.003308,
					"end":	5.000821,
					"seconds":	0.99751299619674683,
					"bytes":	8650752,
					"bits_per_second":	69378560.744435638,
					"retransmits":	0,
					"snd_cwnd":	144800000,
					"snd_wnd":	61874176,
					"rtt":	927389,
					"rttvar":	1138,
					"pmtu":	1500,
					"omitted":	false,
					"sender":	true
				}],
			"sum":	{
				"start":	4.003308,
				"end":	5.000821,
				"seconds":	0.99751299619674683,
				"bytes":	8650752,
				"bits_per_second":	69378560.744435638,
				"retransmits":	0,
				"omitted":	false,
				"sender":	true
			}
		}, {
			"streams":	[{
					"socket":	8,
					"start":	5.000821,
					"end":	6.002672,
					"seconds":	1.001850962638855,
					"bytes":	9568256,
					"bits_per_second":	76404625.892038152,
					"retransmits":	0,
					"snd_cwnd":	144800000,
					"snd_wnd":	61935616,
					"rtt":	1167162,
					"rttvar":	424,
					"pmtu":	1500,
					"omitted":	false,
					"sender":	true
				}],
			"sum":	{
				"start":	5.000821,
				"end":	6.002672,
				"seconds":	1.001850962638855,
				"bytes":	9568256,
				"bits_per_second":	76404625.892038152,
				"retransmits":	0,
				"omitted":	false,
				"sender":	true
			}
		}, {
			"streams":	[{
					"socket":	8,
					"start":	6.002672,
					"end":	7.003058,
					"seconds":	1.0003859996795654,
					"bytes":	51118080,
					"bits_per_second":	408786848.40750414,
					"retransmits":	0,
					"snd_cwnd":	144800000,
					"snd_wnd":	61972480,
					"rtt":	792051,
					"rttvar":	333,
					"pmtu":	1500,
					"omitted":	false,
					"sender":	true
				}],
			"sum":	{
				"start":	6.002672,
				"end":	7.003058,
				"seconds":	1.0003859996795654,
				"bytes":	51118080,
				"bits_per_second":	408786848.40750414,
				"retransmits":	0,
				"omitted":	false,
				"sender":	true
			}
		}],
	"end":	{
		"streams":	[{
				"sender":	{
					"socket":	8,
					"start":	0,
					"end":	7.003446,
					"seconds":	7.003446,
					"bytes":	107479040,
					"bits_per_second":	122772749.30084418,
					"retransmits":	0,
					"max_snd_cwnd":	144800000,
					"max_snd_wnd":	61972480,
					"max_rtt":	1167162,
					"min_rtt":	466944,
					"mean_rtt":	790566,
					"sender":	true
				},
				"receiver":	{
					"socket":	8,
					"start":	0,
					"end":	7.839788,
					"seconds":	7.003446,
					"bytes":	97255424,
					"bits_per_second":	99242912.180788562,
					"sender":	true
				}
			}],
		"sum_sent":	{
			"start":	0,
			"end":	7.003446,
			"seconds":	7.003446,
			"bytes":	107479040,
			"bits_per_second":	122772749.30084418,
			"retransmits":	0,
			"sender":	true
		},
		"sum_received":	{
			"start":	0,
			"end":	7.839788,
			"seconds":	7.839788,
			"bytes":	97255424,
			"bits_per_second":	99242912.180788562,
			"sender":	true
		},
		"cpu_utilization_percent":	{
			"host_total":	6.02715416035637,
			"host_user":	4.16482764137822,
			"host_system":	1.8623134259473235,
			"remote_total":	1.301523888971799,
			"remote_user":	0.026709830978046665,
			"remote_system":	1.2748013025825879
		},
		"sender_tcp_congestion":	"cubic",
		"receiver_tcp_congestion":	"cubic"
	}
}
