{
	"start":	{
		"connected":	[{
				"socket":	8,
				"local_host":	"172.16.0.16",
				"local_port":	57834,
				"remote_host":	"172.17.0.16",
				"remote_port":	5201
			}],
		"version":	"iperf 3.16",
		"system_info":	"Linux h1 6.12.54-0b264c55b-l4steam-117 #1 SMP PREEMPT_DYNAMIC Fri Nov  7 18:07:57 UTC 2025 x86_64",
		"timestamp":	{
			"time":	"Sun, 22 Feb 2026 01:28:10 GMT",
			"timesecs":	1771723690
		},
		"connecting_to":	{
			"host":	"172.17.0.16",
			"port":	5201
		},
		"cookie":	"fu7tb6cxnuesufadngyk64j5pinz4n5qaidg",
		"tcp_mss_default":	1448,
		"target_bitrate":	0,
		"fq_rate":	0,
		"sock_bufsize":	0,
		"sndbuf_actual":	1000000,
		"rcvbuf_actual":	1000000,
		"test_start":	{
			"protocol":	"TCP",
			"num_streams":	1,
			"blksize":	131072,
			"omit":	0,
			"duration":	0,
			"bytes":	107374182,
			"blocks":	0,
			"reverse":	0,
			"tos":	0,
			"target_bitrate":	0,
			"bidir":	0,
			"fqrate":	0
		}
	},
	"intervals":	[{
			"streams":	[{
					"socket":	8,
					"start":	0,
					"end":	1.001047,
					"seconds":	1.0010470151901245,
					"bytes":	27525120,
					"bits_per_second":	219970647.3908003,
					"retransmits":	0,
					"snd_cwnd":	144800000,
					"snd_wnd":	6033408,
					"rtt":	279634,
					"rttvar":	451,
					"pmtu":	1500,
					"omitted":	false,
					"sender":	true
				}],
			"sum":	{
				"start":	0,
				"end":	1.001047,
				"seconds":	1.0010470151901245,
				"bytes":	27525120,
				"bits_per_second":	219970647.3908003,
				"retransmits":	0,
				"omitted":	false,
				"sender":	true
			}
		}, {
			"streams":	[{
					"socket":	8,
					"start":	1.001047,
					"end":	2.001051,
					"seconds":	1.0000040531158447,
					"bytes":	13500416,
					"bits_per_second":	108002890.25177425,
					"retransmits":	0,
					"snd_cwnd":	144800000,
					"snd_wnd":	54300672,
					"rtt":	624359,
					"rttvar":	375,
					"pmtu":	1500,
					"omitted":	false,
					"sender":	true
				}],
			"sum":	{
				"start":	1.001047,
				"end":	2.001051,
				"seconds":	1.0000040531158447,
				"bytes":	13500416,
				"bits_per_second":	108002890.25177425,
				"retransmits":	0,
				"omitted":	false,
				"sender":	true
			}
		}, {
			"streams":	[{
					"socket":	8,
					"start":	2.001051,
					"end":	3.001045,
					"seconds":	0.99999397993087769,
					"bytes":	12451840,
					"bits_per_second":	99615319.6911102,
					"retransmits":	0,
					"snd_cwnd":	144800000,
					"snd_wnd":	81940480,
					"rtt":	726252,
					"rttvar":	180,
					"pmtu":	1500,
					"omitted":	false,
					"sender":	true
				}],
			"sum":	{
				"start":	2.001051,
				"end":	3.001045,
				"seconds":	0.99999397993087769,
				"bytes":	12451840,
				"bits_per_second":	99615319.6911102,
				"retransmits":	0,
				"omitted":	false,
				"sender":	true
			}
		}, {
			"streams":	[{
					"socket":	8,
					"start":	3.001045,
					"end":	4.000205,
					"seconds":	0.99915999174118042,
					"bytes":	13500416,
					"bits_per_second":	108094127.96021648,
					"retransmits":	45,
					"snd_cwnd":	144800000,
					"snd_wnd":	106741760,
					"rtt":	765850,
					"rttvar":	163,
					"pmtu":	1500,
					"omitted":	false,
					"sender":	true
				}],
			"sum":	{
				"start":	3.001045,
				"end":	4.000205,
				"seconds":	0.99915999174118042,
				"bytes":	13500416,
				"bits_per_second":	108094127.96021648,
				"retransmits":	45,
				"omitted":	false,
				"sender":	true
			}
		}, {
			"streams":	[{
					"socket":	8,
					"start":	4.000205,
					"end":	5.001041,
					"seconds":	1.0008360147476196,
					"bytes":	24379392,
					"bits_per_second":	194872219.95022023,
					"retransmits":	0,
					"snd_cwnd":	144800000,
					"snd_wnd":	139825152,
					"rtt":	822301,
					"rttvar":	355,
					"pmtu":	1500,
					"omitted":	false,
					"sender":	true
				}],
			"sum":	{
				"start":	4.000205,
				"end":	5.001041,
				"seconds":	1.0008360147476196,
				"bytes":	24379392,
				"bits_per_second":	194872219.95022023,
				"retransmits":	0,
				"omitted":	false,
				"sender":	true
			}
		}, {
			"streams":	[{
					"socket":	8,
					"start":	5.001041,
					"end":	6.000154,
					"seconds":	0.99911302328109741,
					"bytes":	5111808,
					"bits_per_second":	40930768.638869464,
					"retransmits":	0,
					"snd_cwnd":	144800000,
					"snd_wnd":	139792384,
					"rtt":	1104961,
					"rttvar":	189,
					"pmtu":	1500,
					"omitted":	false,
					"sender":	true
				}],
			"sum":	{
				"start":	5.001041,
				"end":	6.000154,
				"seconds":	0.99911302328109741,
				"bytes":	5111808,
				"bits_per_second":	40930768.638869464,
				"retransmits":	0,
				"omitted":	false,
				"sender":	true
			}
		}, {
			"streams":	[{
					"socket":	8,
					"start":	6.000154,
					"end":	7.000131,
					"seconds":	0.9999769926071167,
					"bytes":	11010048,
					"bits_per_second":	88082410.546625555,
					"retransmits":	0,
					"snd_cwnd":	144800000,
					"snd_wnd":	139845632,
					"rtt":	889704,
					"rttvar":	367,
					"pmtu":	1500,
					"omitted":	false,
					"sender":	true
				}],
			"sum":	{
				"start":	6.000154,
				"end":	7.000131,
				"seconds":	0.9999769926071167,
				"bytes":	11010048,
				"bits_per_second":	88082410.546625555,
				"retransmits":	0,
				"omitted":	false,
				"sender":	true
			}
		}],
	"end":	{
		"streams":	[{
				"sender":	{
					"socket":	8,
					"start":	0,
					"end":	7.002883,
					"seconds":	7.002883,
					"bytes":	107479040,
					"bits_per_second":	122782619.67249775,
					"retransmits":	45,
					"max_snd_cwnd":	144800000,
					"max_snd_wnd":	139845632,
					"max_rtt":	1104961,
					"min_rtt":	279634,
					"mean_rtt":	762845,
					"sender":	true
				},
				"receiver":	{
					"socket":	8,
					"start":	0,
					"end":	7.776964,
					"seconds":	7.002883,
					"bytes":	107479040,
					"bits_per_second":	110561437.59955683,
					"sender":	true
				}
			}],
		"sum_sent":	{
			"start":	0,
			"end":	7.002883,
			"seconds":	7.002883,
			"bytes":	107479040,
			"bits_per_second":	122782619.67249775,
			"retransmits":	45,
			"sender":	true
		},
		"sum_received":	{
			"start":	0,
			"end":	7.776964,
			"seconds":	7.776964,
			"bytes":	107479040,
			"bits_per_second":	110561437.59955683,
			"sender":	true
		},
		"cpu_utilization_percent":	{
			"host_total":	14.031792961509515,
			"host_user":	10.342308320746021,
			"host_system":	3.689484640763494,
			"remote_total":	1.2546523551895177,
			"remote_user":	0.0468562648073319,
			"remote_system":	1.2077960903821858
		},
		"sender_tcp_congestion":	"cubic",
		"receiver_tcp_congestion":	"cubic"
	}
}
