{
	"start":	{
		"connected":	[{
				"socket":	8,
				"local_host":	"172.16.0.109",
				"local_port":	53270,
				"remote_host":	"172.17.0.109",
				"remote_port":	5201
			}],
		"version":	"iperf 3.16",
		"system_info":	"Linux h1 6.12.54-0b264c55b-l4steam-117 #1 SMP PREEMPT_DYNAMIC Fri Nov  7 18:07:57 UTC 2025 x86_64",
		"timestamp":	{
			"time":	"Sun, 22 Feb 2026 02:50:24 GMT",
			"timesecs":	1771728624
		},
		"connecting_to":	{
			"host":	"172.17.0.109",
			"port":	5201
		},
		"cookie":	"xo6pipy4zklg2voytujzvzrdfqarhyscrbgg",
		"tcp_mss_default":	1448,
		"target_bitrate":	0,
		"fq_rate":	0,
		"sock_bufsize":	0,
		"sndbuf_actual":	1000000,
		"rcvbuf_actual":	1000000,
		"test_start":	{
			"protocol":	"TCP",
			"num_streams":	1,
			"blksize":	131072,
			"omit":	0,
			"duration":	0,
			"bytes":	107374182,
			"blocks":	0,
			"reverse":	0,
			"tos":	0,
			"target_bitrate":	0,
			"bidir":	0,
			"fqrate":	0
		}
	},
	"intervals":	[{
			"streams":	[{
					"socket":	8,
					"start":	0,
					"end":	1.001773,
					"seconds":	1.0017729997634888,
					"bytes":	17563648,
					"bits_per_second":	140260502.16283846,
					"retransmits":	5013,
					"snd_cwnd":	144529224,
					"snd_wnd":	24424448,
					"rtt":	266152,
					"rttvar":	8986,
					"pmtu":	1500,
					"omitted":	false,
					"sender":	true
				}],
			"sum":	{
				"start":	0,
				"end":	1.001773,
				"seconds":	1.0017729997634888,
				"bytes":	17563648,
				"bits_per_second":	140260502.16283846,
				"retransmits":	5013,
				"omitted":	false,
				"sender":	true
			}
		}, {
			"streams":	[{
					"socket":	8,
					"start":	1.001773,
					"end":	2.001035,
					"seconds":	0.999261975288391,
					"bytes":	11927552,
					"bits_per_second":	95490890.637023672,
					"retransmits":	3809,
					"snd_cwnd":	143638704,
					"snd_wnd":	49623040,
					"rtt":	230716,
					"rttvar":	9447,
					"pmtu":	1500,
					"omitted":	false,
					"sender":	true
				}],
			"sum":	{
				"start":	1.001773,
				"end":	2.001035,
				"seconds":	0.999261975288391,
				"bytes":	11927552,
				"bits_per_second":	95490890.637023672,
				"retransmits":	3809,
				"omitted":	false,
				"sender":	true
			}
		}, {
			"streams":	[{
					"socket":	8,
					"start":	2.001035,
					"end":	3.003229,
					"seconds":	1.0021940469741821,
					"bytes":	15073280,
					"bits_per_second":	120322247.3373028,
					"retransmits":	3547,
					"snd_cwnd":	142888640,
					"snd_wnd":	72724480,
					"rtt":	180074,
					"rttvar":	3969,
					"pmtu":	1500,
					"omitted":	false,
					"sender":	true
				}],
			"sum":	{
				"start":	2.001035,
				"end":	3.003229,
				"seconds":	1.0021940469741821,
				"bytes":	15073280,
				"bits_per_second":	120322247.3373028,
				"retransmits":	3547,
				"omitted":	false,
				"sender":	true
			}
		}, {
			"streams":	[{
					"socket":	8,
					"start":	3.003229,
					"end":	4.000954,
					"seconds":	0.997725009918213,
					"bytes":	18874368,
					"bits_per_second":	151339239.26832065,
					"retransmits":	6474,
					"snd_cwnd":	142121200,
					"snd_wnd":	73596928,
					"rtt":	249149,
					"rttvar":	17024,
					"pmtu":	1500,
					"omitted":	false,
					"sender":	true
				}],
			"sum":	{
				"start":	3.003229,
				"end":	4.000954,
				"seconds":	0.997725009918213,
				"bytes":	18874368,
				"bits_per_second":	151339239.26832065,
				"retransmits":	6474,
				"omitted":	false,
				"sender":	true
			}
		}, {
			"streams":	[{
					"socket":	8,
					"start":	4.000954,
					"end":	5.001429,
					"seconds":	1.00047504901886,
					"bytes":	37748736,
					"bits_per_second":	301846496.11817276,
					"retransmits":	5447,
					"snd_cwnd":	140668856,
					"snd_wnd":	72986624,
					"rtt":	149966,
					"rttvar":	5625,
					"pmtu":	1500,
					"omitted":	false,
					"sender":	true
				}],
			"sum":	{
				"start":	4.000954,
				"end":	5.001429,
				"seconds":	1.00047504901886,
				"bytes":	37748736,
				"bits_per_second":	301846496.11817276,
				"retransmits":	5447,
				"omitted":	false,
				"sender":	true
			}
		}],
	"end":	{
		"streams":	[{
				"sender":	{
					"socket":	8,
					"start":	0,
					"end":	5.036948,
					"seconds":	5.036948,
					"bytes":	107479040,
					"bits_per_second":	170705022.168186,
					"retransmits":	24290,
					"max_snd_cwnd":	144529224,
					"max_snd_wnd":	73596928,
					"max_rtt":	266152,
					"min_rtt":	149966,
					"mean_rtt":	204337,
					"sender":	true
				},
				"receiver":	{
					"socket":	8,
					"start":	0,
					"end":	6.24805,
					"seconds":	5.036948,
					"bytes":	78774272,
					"bits_per_second":	100862537.27162875,
					"sender":	true
				}
			}],
		"sum_sent":	{
			"start":	0,
			"end":	5.036948,
			"seconds":	5.036948,
			"bytes":	107479040,
			"bits_per_second":	170705022.168186,
			"retransmits":	24290,
			"sender":	true
		},
		"sum_received":	{
			"start":	0,
			"end":	6.24805,
			"seconds":	6.24805,
			"bytes":	78774272,
			"bits_per_second":	100862537.27162875,
			"sender":	true
		},
		"cpu_utilization_percent":	{
			"host_total":	5.163469658583665,
			"host_user":	0.01326543291682199,
			"host_system":	5.1501913089843532,
			"remote_total":	0.98234069073865771,
			"remote_user":	0.015492868478990838,
			"remote_system":	0.96686382728908737
		},
		"sender_tcp_congestion":	"prague",
		"receiver_tcp_congestion":	"prague"
	}
}
