{
	"start":	{
		"connected":	[{
				"socket":	8,
				"local_host":	"172.16.0.17",
				"local_port":	60296,
				"remote_host":	"172.17.0.17",
				"remote_port":	5201
			}],
		"version":	"iperf 3.16",
		"system_info":	"Linux h1 6.12.54-0b264c55b-l4steam-117 #1 SMP PREEMPT_DYNAMIC Fri Nov  7 18:07:57 UTC 2025 x86_64",
		"timestamp":	{
			"time":	"Sun, 22 Feb 2026 02:50:24 GMT",
			"timesecs":	1771728624
		},
		"connecting_to":	{
			"host":	"172.17.0.17",
			"port":	5201
		},
		"cookie":	"xeaal5fmgy5bwjoa3npmcv25qgctmopijb6g",
		"tcp_mss_default":	1448,
		"target_bitrate":	0,
		"fq_rate":	0,
		"sock_bufsize":	0,
		"sndbuf_actual":	1000000,
		"rcvbuf_actual":	1000000,
		"test_start":	{
			"protocol":	"TCP",
			"num_streams":	1,
			"blksize":	131072,
			"omit":	0,
			"duration":	0,
			"bytes":	107374182,
			"blocks":	0,
			"reverse":	0,
			"tos":	0,
			"target_bitrate":	0,
			"bidir":	0,
			"fqrate":	0
		}
	},
	"intervals":	[{
			"streams":	[{
					"socket":	8,
					"start":	0,
					"end":	1.001076,
					"seconds":	1.0010759830474854,
					"bytes":	62652416,
					"bits_per_second":	500680604.15772158,
					"retransmits":	12869,
					"snd_cwnd":	144165776,
					"snd_wnd":	43556864,
					"rtt":	150886,
					"rttvar":	8553,
					"pmtu":	1500,
					"omitted":	false,
					"sender":	true
				}],
			"sum":	{
				"start":	0,
				"end":	1.001076,
				"seconds":	1.0010759830474854,
				"bytes":	62652416,
				"bits_per_second":	500680604.15772158,
				"retransmits":	12869,
				"omitted":	false,
				"sender":	true
			}
		}, {
			"streams":	[{
					"socket":	8,
					"start":	1.001076,
					"end":	2.004007,
					"seconds":	1.0029309988021851,
					"bytes":	0,
					"bits_per_second":	0,
					"retransmits":	36369,
					"snd_cwnd":	143942784,
					"snd_wnd":	54538240,
					"rtt":	237052,
					"rttvar":	8639,
					"pmtu":	1500,
					"omitted":	false,
					"sender":	true
				}],
			"sum":	{
				"start":	1.001076,
				"end":	2.004007,
				"seconds":	1.0029309988021851,
				"bytes":	0,
				"bits_per_second":	0,
				"retransmits":	36369,
				"omitted":	false,
				"sender":	true
			}
		}, {
			"streams":	[{
					"socket":	8,
					"start":	2.004007,
					"end":	3.001229,
					"seconds":	0.99722200632095337,
					"bytes":	0,
					"bits_per_second":	0,
					"retransmits":	12791,
					"snd_cwnd":	143393992,
					"snd_wnd":	54042624,
					"rtt":	379492,
					"rttvar":	5964,
					"pmtu":	1500,
					"omitted":	false,
					"sender":	true
				}],
			"sum":	{
				"start":	2.004007,
				"end":	3.001229,
				"seconds":	0.99722200632095337,
				"bytes":	0,
				"bits_per_second":	0,
				"retransmits":	12791,
				"omitted":	false,
				"sender":	true
			}
		}, {
			"streams":	[{
					"socket":	8,
					"start":	3.001229,
					"end":	4.001063,
					"seconds":	0.99983400106430054,
					"bytes":	16121856,
					"bits_per_second":	128996261.2420754,
					"retransmits":	1504,
					"snd_cwnd":	142681576,
					"snd_wnd":	74526720,
					"rtt":	183271,
					"rttvar":	8423,
					"pmtu":	1500,
					"omitted":	false,
					"sender":	true
				}],
			"sum":	{
				"start":	3.001229,
				"end":	4.001063,
				"seconds":	0.99983400106430054,
				"bytes":	16121856,
				"bits_per_second":	128996261.2420754,
				"retransmits":	1504,
				"omitted":	false,
				"sender":	true
			}
		}, {
			"streams":	[{
					"socket":	8,
					"start":	4.001063,
					"end":	5.001045,
					"seconds":	0.99998199939727783,
					"bytes":	19791872,
					"bits_per_second":	158337826.17630488,
					"retransmits":	7796,
					"snd_cwnd":	141980744,
					"snd_wnd":	97525760,
					"rtt":	326660,
					"rttvar":	14733,
					"pmtu":	1500,
					"omitted":	false,
					"sender":	true
				}],
			"sum":	{
				"start":	4.001063,
				"end":	5.001045,
				"seconds":	0.99998199939727783,
				"bytes":	19791872,
				"bits_per_second":	158337826.17630488,
				"retransmits":	7796,
				"omitted":	false,
				"sender":	true
			}
		}, {
			"streams":	[{
					"socket":	8,
					"start":	5.001045,
					"end":	6.01197,
					"seconds":	1.0109250545501709,
					"bytes":	5898240,
					"bits_per_second":	46675982.3466797,
					"retransmits":	10468,
					"snd_cwnd":	141505800,
					"snd_wnd":	121778176,
					"rtt":	123762,
					"rttvar":	9839,
					"pmtu":	1500,
					"omitted":	false,
					"sender":	true
				}],
			"sum":	{
				"start":	5.001045,
				"end":	6.01197,
				"seconds":	1.0109250545501709,
				"bytes":	5898240,
				"bits_per_second":	46675982.3466797,
				"retransmits":	10468,
				"omitted":	false,
				"sender":	true
			}
		}, {
			"streams":	[{
					"socket":	8,
					"start":	6.01197,
					"end":	7.001162,
					"seconds":	0.989192008972168,
					"bytes":	917504,
					"bits_per_second":	7420229.7768526757,
					"retransmits":	1475,
					"snd_cwnd":	141201720,
					"snd_wnd":	133234688,
					"rtt":	111609,
					"rttvar":	18902,
					"pmtu":	1500,
					"omitted":	false,
					"sender":	true
				}],
			"sum":	{
				"start":	6.01197,
				"end":	7.001162,
				"seconds":	0.989192008972168,
				"bytes":	917504,
				"bits_per_second":	7420229.7768526757,
				"retransmits":	1475,
				"omitted":	false,
				"sender":	true
			}
		}],
	"end":	{
		"streams":	[{
				"sender":	{
					"socket":	8,
					"start":	0,
					"end":	7.001774,
					"seconds":	7.001774,
					"bytes":	107479040,
					"bits_per_second":	122802067.01901546,
					"retransmits":	83272,
					"max_snd_cwnd":	144165776,
					"max_snd_wnd":	133234688,
					"max_rtt":	379492,
					"min_rtt":	111609,
					"mean_rtt":	203042,
					"sender":	true
				},
				"receiver":	{
					"socket":	8,
					"start":	0,
					"end":	7.066767,
					"seconds":	7.001774,
					"bytes":	107479040,
					"bits_per_second":	121672657.3834966,
					"sender":	true
				}
			}],
		"sum_sent":	{
			"start":	0,
			"end":	7.001774,
			"seconds":	7.001774,
			"bytes":	107479040,
			"bits_per_second":	122802067.01901546,
			"retransmits":	83272,
			"sender":	true
		},
		"sum_received":	{
			"start":	0,
			"end":	7.066767,
			"seconds":	7.066767,
			"bytes":	107479040,
			"bits_per_second":	121672657.3834966,
			"sender":	true
		},
		"cpu_utilization_percent":	{
			"host_total":	13.175573072627685,
			"host_user":	9.341790017823886,
			"host_system":	3.8337968407784722,
			"remote_total":	0.87336843938898878,
			"remote_user":	0.040244654670721886,
			"remote_system":	0.833137935440725
		},
		"sender_tcp_congestion":	"prague",
		"receiver_tcp_congestion":	"prague"
	}
}
