{
	"start":	{
		"connected":	[{
				"socket":	8,
				"local_host":	"172.16.0.29",
				"local_port":	52252,
				"remote_host":	"172.17.0.29",
				"remote_port":	5201
			}],
		"version":	"iperf 3.16",
		"system_info":	"Linux h1 6.12.54-0b264c55b-l4steam-117 #1 SMP PREEMPT_DYNAMIC Fri Nov  7 18:07:57 UTC 2025 x86_64",
		"timestamp":	{
			"time":	"Sun, 22 Feb 2026 02:50:24 GMT",
			"timesecs":	1771728624
		},
		"connecting_to":	{
			"host":	"172.17.0.29",
			"port":	5201
		},
		"cookie":	"mfi7zzbttw2s6mhty5zheucqcqeb3juworg3",
		"tcp_mss_default":	1448,
		"target_bitrate":	0,
		"fq_rate":	0,
		"sock_bufsize":	0,
		"sndbuf_actual":	1000000,
		"rcvbuf_actual":	1000000,
		"test_start":	{
			"protocol":	"TCP",
			"num_streams":	1,
			"blksize":	131072,
			"omit":	0,
			"duration":	0,
			"bytes":	107374182,
			"blocks":	0,
			"reverse":	0,
			"tos":	0,
			"target_bitrate":	0,
			"bidir":	0,
			"fqrate":	0
		}
	},
	"intervals":	[{
			"streams":	[{
					"socket":	8,
					"start":	0,
					"end":	1.00042,
					"seconds":	1.0004199743270874,
					"bytes":	35782656,
					"bits_per_second":	286141076.09411532,
					"retransmits":	14457,
					"snd_cwnd":	144675472,
					"snd_wnd":	22241280,
					"rtt":	186966,
					"rttvar":	26649,
					"pmtu":	1500,
					"omitted":	false,
					"sender":	true
				}],
			"sum":	{
				"start":	0,
				"end":	1.00042,
				"seconds":	1.0004199743270874,
				"bytes":	35782656,
				"bits_per_second":	286141076.09411532,
				"retransmits":	14457,
				"omitted":	false,
				"sender":	true
			}
		}, {
			"streams":	[{
					"socket":	8,
					"start":	1.00042,
					"end":	2.002646,
					"seconds":	1.0022259950637817,
					"bytes":	0,
					"bits_per_second":	0,
					"retransmits":	4787,
					"snd_cwnd":	50680,
					"snd_wnd":	26333184,
					"rtt":	88503,
					"rttvar":	10396,
					"pmtu":	1500,
					"omitted":	false,
					"sender":	true
				}],
			"sum":	{
				"start":	1.00042,
				"end":	2.002646,
				"seconds":	1.0022259950637817,
				"bytes":	0,
				"bits_per_second":	0,
				"retransmits":	4787,
				"omitted":	false,
				"sender":	true
			}
		}, {
			"streams":	[{
					"socket":	8,
					"start":	2.002646,
					"end":	3.001032,
					"seconds":	0.998386025428772,
					"bytes":	0,
					"bits_per_second":	0,
					"retransmits":	224,
					"snd_cwnd":	150592,
					"snd_wnd":	26636288,
					"rtt":	129396,
					"rttvar":	42192,
					"pmtu":	1500,
					"omitted":	false,
					"sender":	true
				}],
			"sum":	{
				"start":	2.002646,
				"end":	3.001032,
				"seconds":	0.998386025428772,
				"bytes":	0,
				"bits_per_second":	0,
				"retransmits":	224,
				"omitted":	false,
				"sender":	true
			}
		}, {
			"streams":	[{
					"socket":	8,
					"start":	3.001032,
					"end":	4.001126,
					"seconds":	1.0000940561294556,
					"bytes":	0,
					"bits_per_second":	0,
					"retransmits":	821,
					"snd_cwnd":	654496,
					"snd_wnd":	28450816,
					"rtt":	127370,
					"rttvar":	3473,
					"pmtu":	1500,
					"omitted":	false,
					"sender":	true
				}],
			"sum":	{
				"start":	3.001032,
				"end":	4.001126,
				"seconds":	1.0000940561294556,
				"bytes":	0,
				"bits_per_second":	0,
				"retransmits":	821,
				"omitted":	false,
				"sender":	true
			}
		}, {
			"streams":	[{
					"socket":	8,
					"start":	4.001126,
					"end":	5.001035,
					"seconds":	0.999908983707428,
					"bytes":	0,
					"bits_per_second":	0,
					"retransmits":	1361,
					"snd_cwnd":	1251072,
					"snd_wnd":	31117312,
					"rtt":	119165,
					"rttvar":	13167,
					"pmtu":	1500,
					"omitted":	false,
					"sender":	true
				}],
			"sum":	{
				"start":	4.001126,
				"end":	5.001035,
				"seconds":	0.999908983707428,
				"bytes":	0,
				"bits_per_second":	0,
				"retransmits":	1361,
				"omitted":	false,
				"sender":	true
			}
		}, {
			"streams":	[{
					"socket":	8,
					"start":	5.001035,
					"end":	6.006607,
					"seconds":	1.0055719614028931,
					"bytes":	11403264,
					"bits_per_second":	90720620.205766946,
					"retransmits":	5784,
					"snd_cwnd":	2864144,
					"snd_wnd":	44937216,
					"rtt":	87956,
					"rttvar":	1866,
					"pmtu":	1500,
					"omitted":	false,
					"sender":	true
				}],
			"sum":	{
				"start":	5.001035,
				"end":	6.006607,
				"seconds":	1.0055719614028931,
				"bytes":	11403264,
				"bits_per_second":	90720620.205766946,
				"retransmits":	5784,
				"omitted":	false,
				"sender":	true
			}
		}, {
			"streams":	[{
					"socket":	8,
					"start":	6.006607,
					"end":	7.001019,
					"seconds":	0.99441200494766235,
					"bytes":	0,
					"bits_per_second":	0,
					"retransmits":	607,
					"snd_cwnd":	3328952,
					"snd_wnd":	51707904,
					"rtt":	64826,
					"rttvar":	573,
					"pmtu":	1500,
					"omitted":	false,
					"sender":	true
				}],
			"sum":	{
				"start":	6.006607,
				"end":	7.001019,
				"seconds":	0.99441200494766235,
				"bytes":	0,
				"bits_per_second":	0,
				"retransmits":	607,
				"omitted":	false,
				"sender":	true
			}
		}, {
			"streams":	[{
					"socket":	8,
					"start":	7.001019,
					"end":	8.001332,
					"seconds":	1.0003130435943604,
					"bytes":	11010048,
					"bits_per_second":	88052819.6288498,
					"retransmits":	61,
					"snd_cwnd":	2296528,
					"snd_wnd":	64229376,
					"rtt":	59470,
					"rttvar":	309,
					"pmtu":	1500,
					"omitted":	false,
					"sender":	true
				}],
			"sum":	{
				"start":	7.001019,
				"end":	8.001332,
				"seconds":	1.0003130435943604,
				"bytes":	11010048,
				"bits_per_second":	88052819.6288498,
				"retransmits":	61,
				"omitted":	false,
				"sender":	true
			}
		}, {
			"streams":	[{
					"socket":	8,
					"start":	8.001332,
					"end":	9.001056,
					"seconds":	0.999723970890045,
					"bytes":	5505024,
					"bits_per_second":	44052351.731439844,
					"retransmits":	0,
					"snd_cwnd":	299736,
					"snd_wnd":	73695232,
					"rtt":	57896,
					"rttvar":	194,
					"pmtu":	1500,
					"omitted":	false,
					"sender":	true
				}],
			"sum":	{
				"start":	8.001332,
				"end":	9.001056,
				"seconds":	0.999723970890045,
				"bytes":	5505024,
				"bits_per_second":	44052351.731439844,
				"retransmits":	0,
				"omitted":	false,
				"sender":	true
			}
		}, {
			"streams":	[{
					"socket":	8,
					"start":	9.001056,
					"end":	10.001036,
					"seconds":	0.99997997283935547,
					"bytes":	5636096,
					"bits_per_second":	45089671.0180849,
					"retransmits":	0,
					"snd_cwnd":	324352,
					"snd_wnd":	73695232,
					"rtt":	57360,
					"rttvar":	38,
					"pmtu":	1500,
					"omitted":	false,
					"sender":	true
				}],
			"sum":	{
				"start":	9.001056,
				"end":	10.001036,
				"seconds":	0.99997997283935547,
				"bytes":	5636096,
				"bits_per_second":	45089671.0180849,
				"retransmits":	0,
				"omitted":	false,
				"sender":	true
			}
		}, {
			"streams":	[{
					"socket":	8,
					"start":	10.001036,
					"end":	11.001039,
					"seconds":	1.0000029802322388,
					"bytes":	5505024,
					"bits_per_second":	44040060.750391155,
					"retransmits":	0,
					"snd_cwnd":	350416,
					"snd_wnd":	73695232,
					"rtt":	57512,
					"rttvar":	71,
					"pmtu":	1500,
					"omitted":	false,
					"sender":	true
				}],
			"sum":	{
				"start":	10.001036,
				"end":	11.001039,
				"seconds":	1.0000029802322388,
				"bytes":	5505024,
				"bits_per_second":	44040060.750391155,
				"retransmits":	0,
				"omitted":	false,
				"sender":	true
			}
		}, {
			"streams":	[{
					"socket":	8,
					"start":	11.001039,
					"end":	12.001051,
					"seconds":	1.0000120401382446,
					"bytes":	11141120,
					"bits_per_second":	89127886.887920424,
					"retransmits":	0,
					"snd_cwnd":	375032,
					"snd_wnd":	73695232,
					"rtt":	57367,
					"rttvar":	27,
					"pmtu":	1500,
					"omitted":	false,
					"sender":	true
				}],
			"sum":	{
				"start":	11.001039,
				"end":	12.001051,
				"seconds":	1.0000120401382446,
				"bytes":	11141120,
				"bits_per_second":	89127886.887920424,
				"retransmits":	0,
				"omitted":	false,
				"sender":	true
			}
		}, {
			"streams":	[{
					"socket":	8,
					"start":	12.001051,