{
	"start":	{
		"connected":	[{
				"socket":	8,
				"local_host":	"172.16.0.34",
				"local_port":	40830,
				"remote_host":	"172.17.0.34",
				"remote_port":	5201
			}],
		"version":	"iperf 3.16",
		"system_info":	"Linux h1 6.12.54-0b264c55b-l4steam-117 #1 SMP PREEMPT_DYNAMIC Fri Nov  7 18:07:57 UTC 2025 x86_64",
		"timestamp":	{
			"time":	"Sun, 22 Feb 2026 02:50:24 GMT",
			"timesecs":	1771728624
		},
		"connecting_to":	{
			"host":	"172.17.0.34",
			"port":	5201
		},
		"cookie":	"cyveo2vwpzfzcpsbxtz6fespoyrznrwbqfsz",
		"tcp_mss_default":	1448,
		"target_bitrate":	0,
		"fq_rate":	0,
		"sock_bufsize":	0,
		"sndbuf_actual":	1000000,
		"rcvbuf_actual":	1000000,
		"test_start":	{
			"protocol":	"TCP",
			"num_streams":	1,
			"blksize":	131072,
			"omit":	0,
			"duration":	0,
			"bytes":	107374182,
			"blocks":	0,
			"reverse":	0,
			"tos":	0,
			"target_bitrate":	0,
			"bidir":	0,
			"fqrate":	0
		}
	},
	"intervals":	[{
			"streams":	[{
					"socket":	8,
					"start":	0,
					"end":	1.00105,
					"seconds":	1.0010499954223633,
					"bytes":	32636928,
					"bits_per_second":	260821562.55326542,
					"retransmits":	15640,
					"snd_cwnd":	144716016,
					"snd_wnd":	15351808,
					"rtt":	163913,
					"rttvar":	7520,
					"pmtu":	1500,
					"omitted":	false,
					"sender":	true
				}],
			"sum":	{
				"start":	0,
				"end":	1.00105,
				"seconds":	1.0010499954223633,
				"bytes":	32636928,
				"bits_per_second":	260821562.55326542,
				"retransmits":	15640,
				"omitted":	false,
				"sender":	true
			}
		}, {
			"streams":	[{
					"socket":	8,
					"start":	1.00105,
					"end":	2.001052,
					"seconds":	1.0000020265579224,
					"bytes":	0,
					"bits_per_second":	0,
					"retransmits":	14937,
					"snd_cwnd":	143854456,
					"snd_wnd":	55115776,
					"rtt":	268888,
					"rttvar":	38892,
					"pmtu":	1500,
					"omitted":	false,
					"sender":	true
				}],
			"sum":	{
				"start":	1.00105,
				"end":	2.001052,
				"seconds":	1.0000020265579224,
				"bytes":	0,
				"bits_per_second":	0,
				"retransmits":	14937,
				"omitted":	false,
				"sender":	true
			}
		}, {
			"streams":	[{
					"socket":	8,
					"start":	2.001052,
					"end":	3.001051,
					"seconds":	0.99999898672103882,
					"bytes":	17170432,
					"bits_per_second":	137363595.187641,
					"retransmits":	7993,
					"snd_cwnd":	143433088,
					"snd_wnd":	84967424,
					"rtt":	149581,
					"rttvar":	29717,
					"pmtu":	1500,
					"omitted":	false,
					"sender":	true
				}],
			"sum":	{
				"start":	2.001052,
				"end":	3.001051,
				"seconds":	0.99999898672103882,
				"bytes":	17170432,
				"bits_per_second":	137363595.187641,
				"retransmits":	7993,
				"omitted":	false,
				"sender":	true
			}
		}, {
			"streams":	[{
					"socket":	8,
					"start":	3.001051,
					"end":	4.001096,
					"seconds":	1.0000449419021606,
					"bytes":	14548992,
					"bits_per_second":	116386705.36007491,
					"retransmits":	9219,
					"snd_cwnd":	142752528,
					"snd_wnd":	112373760,
					"rtt":	229078,
					"rttvar":	16694,
					"pmtu":	1500,
					"omitted":	false,
					"sender":	true
				}],
			"sum":	{
				"start":	3.001051,
				"end":	4.001096,
				"seconds":	1.0000449419021606,
				"bytes":	14548992,
				"bits_per_second":	116386705.36007491,
				"retransmits":	9219,
				"omitted":	false,
				"sender":	true
			}
		}, {
			"streams":	[{
					"socket":	8,
					"start":	4.001096,
					"end":	5.001057,
					"seconds":	0.999961018562317,
					"bytes":	41025536,
					"bits_per_second":	328217082.373743,
					"retransmits":	5981,
					"snd_cwnd":	142126992,
					"snd_wnd":	125390848,
					"rtt":	256889,
					"rttvar":	4843,
					"pmtu":	1500,
					"omitted":	false,
					"sender":	true
				}],
			"sum":	{
				"start":	4.001096,
				"end":	5.001057,
				"seconds":	0.999961018562317,
				"bytes":	41025536,
				"bits_per_second":	328217082.373743,
				"retransmits":	5981,
				"omitted":	false,
				"sender":	true
			}
		}],
	"end":	{
		"streams":	[{
				"sender":	{
					"socket":	8,
					"start":	0,
					"end":	5.001478,
					"seconds":	5.001478,
					"bytes":	107479040,
					"bits_per_second":	171915645.73512071,
					"retransmits":	53770,
					"max_snd_cwnd":	144716016,
					"max_snd_wnd":	125390848,
					"max_rtt":	268888,
					"min_rtt":	149581,
					"mean_rtt":	220873,
					"sender":	true
				},
				"receiver":	{
					"socket":	8,
					"start":	0,
					"end":	5.075423,
					"seconds":	5.001478,
					"bytes":	64880640,
					"bits_per_second":	102266376.61530872,
					"sender":	true
				}
			}],
		"sum_sent":	{
			"start":	0,
			"end":	5.001478,
			"seconds":	5.001478,
			"bytes":	107479040,
			"bits_per_second":	171915645.73512071,
			"retransmits":	53770,
			"sender":	true
		},
		"sum_received":	{
			"start":	0,
			"end":	5.075423,
			"seconds":	5.075423,
			"bytes":	64880640,
			"bits_per_second":	102266376.61530872,
			"sender":	true
		},
		"cpu_utilization_percent":	{
			"host_total":	8.7335114571594961,
			"host_user":	6.1257269275427184,
			"host_system":	2.6078415677735935,
			"remote_total":	0.58312231697927031,
			"remote_user":	0,
			"remote_system":	0.58314201972007929
		},
		"sender_tcp_congestion":	"prague",
		"receiver_tcp_congestion":	"prague"
	}
}
