{
	"start":	{
		"connected":	[{
				"socket":	8,
				"local_host":	"172.16.0.91",
				"local_port":	36434,
				"remote_host":	"172.17.0.91",
				"remote_port":	5201
			}],
		"version":	"iperf 3.16",
		"system_info":	"Linux h1 6.12.54-0b264c55b-l4steam-117 #1 SMP PREEMPT_DYNAMIC Fri Nov  7 18:07:57 UTC 2025 x86_64",
		"timestamp":	{
			"time":	"Sun, 22 Feb 2026 02:50:24 GMT",
			"timesecs":	1771728624
		},
		"connecting_to":	{
			"host":	"172.17.0.91",
			"port":	5201
		},
		"cookie":	"3hbzaz5hczs2jc7xy3gjwregd3e3cpmnnmpn",
		"tcp_mss_default":	1448,
		"target_bitrate":	0,
		"fq_rate":	0,
		"sock_bufsize":	0,
		"sndbuf_actual":	1000000,
		"rcvbuf_actual":	1000000,
		"test_start":	{
			"protocol":	"TCP",
			"num_streams":	1,
			"blksize":	131072,
			"omit":	0,
			"duration":	0,
			"bytes":	107374182,
			"blocks":	0,
			"reverse":	0,
			"tos":	0,
			"target_bitrate":	0,
			"bidir":	0,
			"fqrate":	0
		}
	},
	"intervals":	[{
			"streams":	[{
					"socket":	8,
					"start":	0,
					"end":	1.001043,
					"seconds":	1.00104296207428,
					"bytes":	17563648,
					"bits_per_second":	140362790.93241742,
					"retransmits":	1,
					"snd_cwnd":	144791312,
					"snd_wnd":	716800,
					"rtt":	608530,
					"rttvar":	472095,
					"pmtu":	1500,
					"omitted":	false,
					"sender":	true
				}],
			"sum":	{
				"start":	0,
				"end":	1.001043,
				"seconds":	1.00104296207428,
				"bytes":	17563648,
				"bits_per_second":	140362790.93241742,
				"retransmits":	1,
				"omitted":	false,
				"sender":	true
			}
		}, {
			"streams":	[{
					"socket":	8,
					"start":	1.001043,
					"end":	2.001047,
					"seconds":	1.0000040531158447,
					"bytes":	0,
					"bits_per_second":	0,
					"retransmits":	1,
					"snd_cwnd":	144789864,
					"snd_wnd":	737280,
					"rtt":	743615,
					"rttvar":	624241,
					"pmtu":	1500,
					"omitted":	false,
					"sender":	true
				}],
			"sum":	{
				"start":	1.001043,
				"end":	2.001047,
				"seconds":	1.0000040531158447,
				"bytes":	0,
				"bits_per_second":	0,
				"retransmits":	1,
				"omitted":	false,
				"sender":	true
			}
		}, {
			"streams":	[{
					"socket":	8,
					"start":	2.001047,
					"end":	3.002513,
					"seconds":	1.0014660358428955,
					"bytes":	0,
					"bits_per_second":	0,
					"retransmits":	0,
					"snd_cwnd":	144789864,
					"snd_wnd":	737280,
					"rtt":	743615,
					"rttvar":	624241,
					"pmtu":	1500,
					"omitted":	false,
					"sender":	true
				}],
			"sum":	{
				"start":	2.001047,
				"end":	3.002513,
				"seconds":	1.0014660358428955,
				"bytes":	0,
				"bits_per_second":	0,
				"retransmits":	0,
				"omitted":	false,
				"sender":	true
			}
		}, {
			"streams":	[{
					"socket":	8,
					"start":	3.002513,
					"end":	4.001043,
					"seconds":	0.99852997064590454,
					"bytes":	0,
					"bits_per_second":	0,
					"retransmits":	9,
					"snd_cwnd":	8688,
					"snd_wnd":	749568,
					"rtt":	416366,
					"rttvar":	515298,
					"pmtu":	1500,
					"omitted":	false,
					"sender":	true
				}],
			"sum":	{
				"start":	3.002513,
				"end":	4.001043,
				"seconds":	0.99852997064590454,
				"bytes":	0,
				"bits_per_second":	0,
				"retransmits":	9,
				"omitted":	false,
				"sender":	true
			}
		}, {
			"streams":	[{
					"socket":	8,
					"start":	4.001043,
					"end":	5.010513,
					"seconds":	1.0094699859619141,
					"bytes":	0,
					"bits_per_second":	0,
					"retransmits":	163,
					"snd_cwnd":	18824,
					"snd_wnd":	1200128,
					"rtt":	62495,
					"rttvar":	1324,
					"pmtu":	1500,
					"omitted":	false,
					"sender":	true
				}],
			"sum":	{
				"start":	4.001043,
				"end":	5.010513,
				"seconds":	1.0094699859619141,
				"bytes":	0,
				"bits_per_second":	0,
				"retransmits":	163,
				"omitted":	false,
				"sender":	true
			}
		}, {
			"streams":	[{
					"socket":	8,
					"start":	5.010513,
					"end":	6.001024,
					"seconds":	0.99051100015640259,
					"bytes":	0,
					"bits_per_second":	0,
					"retransmits":	109,
					"snd_cwnd":	13032,
					"snd_wnd":	1523712,
					"rtt":	61230,
					"rttvar":	3528,
					"pmtu":	1500,
					"omitted":	false,
					"sender":	true
				}],
			"sum":	{
				"start":	5.010513,
				"end":	6.001024,
				"seconds":	0.99051100015640259,
				"bytes":	0,
				"bits_per_second":	0,
				"retransmits":	109,
				"omitted":	false,
				"sender":	true
			}
		}, {
			"streams":	[{
					"socket":	8,
					"start":	6.001024,
					"end":	7.001043,
					"seconds":	1.0000189542770386,
					"bytes":	0,
					"bits_per_second":	0,
					"retransmits":	128,
					"snd_cwnd":	15928,
					"snd_wnd":	1974272,
					"rtt":	57147,
					"rttvar":	62,
					"pmtu":	1500,
					"omitted":	false,
					"sender":	true
				}],
			"sum":	{
				"start":	6.001024,
				"end":	7.001043,
				"seconds":	1.0000189542770386,
				"bytes":	0,
				"bits_per_second":	0,
				"retransmits":	128,
				"omitted":	false,
				"sender":	true
			}
		}, {
			"streams":	[{
					"socket":	8,
					"start":	7.001043,
					"end":	8.001057,
					"seconds":	1.0000139474868774,
					"bytes":	0,
					"bits_per_second":	0,
					"retransmits":	0,
					"snd_cwnd":	39096,
					"snd_wnd":	2899968,
					"rtt":	57105,
					"rttvar":	12,
					"pmtu":	1500,
					"omitted":	false,
					"sender":	true
				}],
			"sum":	{
				"start":	7.001043,
				"end":	8.001057,
				"seconds":	1.0000139474868774,
				"bytes":	0,
				"bits_per_second":	0,
				"retransmits":	0,
				"omitted":	false,
				"sender":	true
			}
		}, {
			"streams":	[{
					"socket":	8,
					"start":	8.001057,
					"end":	9.001041,
					"seconds":	0.9999840259552002,
					"bytes":	0,
					"bits_per_second":	0,
					"retransmits":	0,
					"snd_cwnd":	65160,
					"snd_wnd":	4677632,
					"rtt":	57301,
					"rttvar":	67,
					"pmtu":	1500,
					"omitted":	false,
					"sender":	true
				}],
			"sum":	{
				"start":	8.001057,
				"end":	9.001041,
				"seconds":	0.9999840259552002,
				"bytes":	0,
				"bits_per_second":	0,
				"retransmits":	0,
				"omitted":	false,
				"sender":	true
			}
		}, {
			"streams":	[{
					"socket":	8,
					"start":	9.001041,
					"end":	10.001043,
					"seconds":	1.0000020265579224,
					"bytes":	0,
					"bits_per_second":	0,
					"retransmits":	0,
					"snd_cwnd":	89776,
					"snd_wnd":	7331840,
					"rtt":	57149,
					"rttvar":	43,
					"pmtu":	1500,
					"omitted":	false,
					"sender":	true
				}],
			"sum":	{
				"start":	9.001041,
				"end":	10.001043,
				"seconds":	1.0000020265579224,
				"bytes":	0,
				"bits_per_second":	0,
				"retransmits":	0,
				"omitted":	false,
				"sender":	true
			}
		}, {
			"streams":	[{
					"socket":	8,
					"start":	10.001043,
					"end":	11.001062,
					"seconds":	1.0000189542770386,
					"bytes":	0,
					"bits_per_second":	0,
					"retransmits":	0,
					"snd_cwnd":	114392,
					"snd_wnd":	10850304,
					"rtt":	57195,
					"rttvar":	46,
					"pmtu":	1500,
					"omitted":	false,
					"sender":	true
				}],
			"sum":	{
				"start":	10.001043,
				"end":	11.001062,
				"seconds":	1.0000189542770386,
				"bytes":	0,
				"bits_per_second":	0,
				"retransmits":	0,
				"omitted":	false,
				"sender":	true
			}
		}, {
			"streams":	[{
					"socket":	8,
					"start":	11.001062,
					"end":	12.001056,
					"seconds":	0.99999397993087769,
					"bytes":	0,
					"bits_per_second":	0,
					"retransmits":	0,
					"snd_cwnd":	139008,
					"snd_wnd":	15241216,
					"rtt":	57207,
					"rttvar":	47,
					"pmtu":	1500,
					"omitted":	false,
					"sender":	true
				}],
			"sum":	{
				"start":	11.001062,
				"end":	12.001056,
				"seconds":	0.99999397993087769,
				"bytes":	0,
				"bits_per_second":	0,
				"retransmits":	0,
				"omitted":	false,
				"sender":	true
			}
		}, {
			"streams":	[{
					"socket":	8,
					"start":	12.001056,
					"end":	13.001056,
					"seconds":	1,
					"bytes":	0,
					"bits_per_second":	0,
					"retransmits":	0,
					"snd_cwnd":	165072,
					"snd_wnd":	20508672,
					"rtt":	57207,
					"rttvar":	42,
					"pmtu":	1500,
					"omitted":	false,
					"sender":	true
				}],
			"sum":	{
				"start":	12.001056,