{
	"start":	{
		"connected":	[{
				"socket":	8,
				"local_host":	"172.16.0.93",
				"local_port":	56522,
				"remote_host":	"172.17.0.93",
				"remote_port":	5201
			}],
		"version":	"iperf 3.16",
		"system_info":	"Linux h1 6.12.54-0b264c55b-l4steam-117 #1 SMP PREEMPT_DYNAMIC Fri Nov  7 18:07:57 UTC 2025 x86_64",
		"timestamp":	{
			"time":	"Sun, 22 Feb 2026 02:50:24 GMT",
			"timesecs":	1771728624
		},
		"connecting_to":	{
			"host":	"172.17.0.93",
			"port":	5201
		},
		"cookie":	"s3gyegmjt3czjxacs3bfkkgbesqmglxkvgcb",
		"tcp_mss_default":	1448,
		"target_bitrate":	0,
		"fq_rate":	0,
		"sock_bufsize":	0,
		"sndbuf_actual":	1000000,
		"rcvbuf_actual":	1000000,
		"test_start":	{
			"protocol":	"TCP",
			"num_streams":	1,
			"blksize":	131072,
			"omit":	0,
			"duration":	0,
			"bytes":	107374182,
			"blocks":	0,
			"reverse":	0,
			"tos":	0,
			"target_bitrate":	0,
			"bidir":	0,
			"fqrate":	0
		}
	},
	"intervals":	[{
			"streams":	[{
					"socket":	8,
					"start":	0,
					"end":	1.000323,
					"seconds":	1.0003230571746826,
					"bytes":	17563648,
					"bits_per_second":	140463806.15963691,
					"retransmits":	329,
					"snd_cwnd":	144343880,
					"snd_wnd":	17076224,
					"rtt":	362979,
					"rttvar":	6388,
					"pmtu":	1500,
					"omitted":	false,
					"sender":	true
				}],
			"sum":	{
				"start":	0,
				"end":	1.000323,
				"seconds":	1.0003230571746826,
				"bytes":	17563648,
				"bits_per_second":	140463806.15963691,
				"retransmits":	329,
				"omitted":	false,
				"sender":	true
			}
		}, {
			"streams":	[{
					"socket":	8,
					"start":	1.000323,
					"end":	2.000298,
					"seconds":	0.999975025653839,
					"bytes":	8781824,
					"bits_per_second":	70256346.606320143,
					"retransmits":	4692,
					"snd_cwnd":	143792192,
					"snd_wnd":	32776192,
					"rtt":	341345,
					"rttvar":	26468,
					"pmtu":	1500,
					"omitted":	false,
					"sender":	true
				}],
			"sum":	{
				"start":	1.000323,
				"end":	2.000298,
				"seconds":	0.999975025653839,
				"bytes":	8781824,
				"bits_per_second":	70256346.606320143,
				"retransmits":	4692,
				"omitted":	false,
				"sender":	true
			}
		}, {
			"streams":	[{
					"socket":	8,
					"start":	2.000298,
					"end":	3.005181,
					"seconds":	1.0048830509185791,
					"bytes":	13893632,
					"bits_per_second":	110608946.88033292,
					"retransmits":	4534,
					"snd_cwnd":	143027648,
					"snd_wnd":	60399616,
					"rtt":	250137,
					"rttvar":	10372,
					"pmtu":	1500,
					"omitted":	false,
					"sender":	true
				}],
			"sum":	{
				"start":	2.000298,
				"end":	3.005181,
				"seconds":	1.0048830509185791,
				"bytes":	13893632,
				"bits_per_second":	110608946.88033292,
				"retransmits":	4534,
				"omitted":	false,
				"sender":	true
			}
		}, {
			"streams":	[{
					"socket":	8,
					"start":	3.005181,
					"end":	4.004161,
					"seconds":	0.99897998571395874,
					"bytes":	33816576,
					"bits_per_second":	270808836.88240629,
					"retransmits":	2741,
					"snd_cwnd":	142300752,
					"snd_wnd":	74719232,
					"rtt":	301128,
					"rttvar":	7245,
					"pmtu":	1500,
					"omitted":	false,
					"sender":	true
				}],
			"sum":	{
				"start":	3.005181,
				"end":	4.004161,
				"seconds":	0.99897998571395874,
				"bytes":	33816576,
				"bits_per_second":	270808836.88240629,
				"retransmits":	2741,
				"omitted":	false,
				"sender":	true
			}
		}, {
			"streams":	[{
					"socket":	8,
					"start":	4.004161,
					"end":	5.000184,
					"seconds":	0.99602299928665161,
					"bytes":	20578304,
					"bits_per_second":	165283765.65391052,
					"retransmits":	53700,
					"snd_cwnd":	141413128,
					"snd_wnd":	74719232,
					"rtt":	197424,
					"rttvar":	3605,
					"pmtu":	1500,
					"omitted":	false,
					"sender":	true
				}],
			"sum":	{
				"start":	4.004161,
				"end":	5.000184,
				"seconds":	0.99602299928665161,
				"bytes":	20578304,
				"bits_per_second":	165283765.65391052,
				"retransmits":	53700,
				"omitted":	false,
				"sender":	true
			}
		}],
	"end":	{
		"streams":	[{
				"sender":	{
					"socket":	8,
					"start":	0,
					"end":	5.004739,
					"seconds":	5.004739,
					"bytes":	107479040,
					"bits_per_second":	171803628.52088791,
					"retransmits":	66852,
					"max_snd_cwnd":	144343880,
					"max_snd_wnd":	74719232,
					"max_rtt":	362979,
					"min_rtt":	197424,
					"mean_rtt":	275072,
					"sender":	true
				},
				"receiver":	{
					"socket":	8,
					"start":	0,
					"end":	5.367387,
					"seconds":	5.004739,
					"bytes":	54788096,
					"bits_per_second":	81660735.102574125,
					"sender":	true
				}
			}],
		"sum_sent":	{
			"start":	0,
			"end":	5.004739,
			"seconds":	5.004739,
			"bytes":	107479040,
			"bits_per_second":	171803628.52088791,
			"retransmits":	66852,
			"sender":	true
		},
		"sum_received":	{
			"start":	0,
			"end":	5.367387,
			"seconds":	5.367387,
			"bytes":	54788096,
			"bits_per_second":	81660735.102574125,
			"sender":	true
		},
		"cpu_utilization_percent":	{
			"host_total":	9.3726619868213934,
			"host_user":	5.60173153931827,
			"host_system":	3.7709175747533448,
			"remote_total":	0.617876345363142,
			"remote_user":	0,
			"remote_system":	0.61785771442762882
		},
		"sender_tcp_congestion":	"prague",
		"receiver_tcp_congestion":	"prague"
	}
}
