{
	"start":	{
		"connected":	[{
				"socket":	8,
				"local_host":	"172.16.0.14",
				"local_port":	50206,
				"remote_host":	"172.17.0.14",
				"remote_port":	5201
			}],
		"version":	"iperf 3.16",
		"system_info":	"Linux h1 6.12.54-0b264c55b-l4steam-117 #1 SMP PREEMPT_DYNAMIC Fri Nov  7 18:07:57 UTC 2025 x86_64",
		"timestamp":	{
			"time":	"Sun, 22 Feb 2026 01:59:50 GMT",
			"timesecs":	1771725590
		},
		"connecting_to":	{
			"host":	"172.17.0.14",
			"port":	5201
		},
		"cookie":	"nypipkelknfhewhsyuyy4mz6kl2jqf5el3g5",
		"tcp_mss_default":	1448,
		"target_bitrate":	0,
		"fq_rate":	0,
		"sock_bufsize":	0,
		"sndbuf_actual":	1000000,
		"rcvbuf_actual":	1000000,
		"test_start":	{
			"protocol":	"TCP",
			"num_streams":	1,
			"blksize":	131072,
			"omit":	0,
			"duration":	0,
			"bytes":	107374182,
			"blocks":	0,
			"reverse":	0,
			"tos":	0,
			"target_bitrate":	0,
			"bidir":	0,
			"fqrate":	0
		}
	},
	"intervals":	[{
			"streams":	[{
					"socket":	8,
					"start":	0,
					"end":	1.00103,
					"seconds":	1.0010299682617188,
					"bytes":	56098816,
					"bits_per_second":	448328763.60267365,
					"retransmits":	2930,
					"snd_cwnd":	144574112,
					"snd_wnd":	18665472,
					"rtt":	288834,
					"rttvar":	22176,
					"pmtu":	1500,
					"omitted":	false,
					"sender":	true
				}],
			"sum":	{
				"start":	0,
				"end":	1.00103,
				"seconds":	1.0010299682617188,
				"bytes":	56098816,
				"bits_per_second":	448328763.60267365,
				"retransmits":	2930,
				"omitted":	false,
				"sender":	true
			}
		}, {
			"streams":	[{
					"socket":	8,
					"start":	1.00103,
					"end":	2.001046,
					"seconds":	1.0000159740448,
					"bytes":	0,
					"bits_per_second":	0,
					"retransmits":	621,
					"snd_cwnd":	144257000,
					"snd_wnd":	29888512,
					"rtt":	262974,
					"rttvar":	385,
					"pmtu":	1500,
					"omitted":	false,
					"sender":	true
				}],
			"sum":	{
				"start":	1.00103,
				"end":	2.001046,
				"seconds":	1.0000159740448,
				"bytes":	0,
				"bits_per_second":	0,
				"retransmits":	621,
				"omitted":	false,
				"sender":	true
			}
		}, {
			"streams":	[{
					"socket":	8,
					"start":	2.001046,
					"end":	3.005077,
					"seconds":	1.00403094291687,
					"bytes":	0,
					"bits_per_second":	0,
					"retransmits":	1772,
					"snd_cwnd":	143234712,
					"snd_wnd":	75980800,
					"rtt":	263682,
					"rttvar":	1004,
					"pmtu":	1500,
					"omitted":	false,
					"sender":	true
				}],
			"sum":	{
				"start":	2.001046,
				"end":	3.005077,
				"seconds":	1.00403094291687,
				"bytes":	0,
				"bits_per_second":	0,
				"retransmits":	1772,
				"omitted":	false,
				"sender":	true
			}
		}, {
			"streams":	[{
					"socket":	8,
					"start":	3.005077,
					"end":	4.001044,
					"seconds":	0.99596697092056274,
					"bytes":	15466496,
					"bits_per_second":	124233003.3149952,
					"retransmits":	1394,
					"snd_cwnd":	142913256,
					"snd_wnd":	90615808,
					"rtt":	265809,
					"rttvar":	1526,
					"pmtu":	1500,
					"omitted":	false,
					"sender":	true
				}],
			"sum":	{
				"start":	3.005077,
				"end":	4.001044,
				"seconds":	0.99596697092056274,
				"bytes":	15466496,
				"bits_per_second":	124233003.3149952,
				"retransmits":	1394,
				"omitted":	false,
				"sender":	true
			}
		}, {
			"streams":	[{
					"socket":	8,
					"start":	4.001044,
					"end":	5.001699,
					"seconds":	1.0006550550460815,
					"bytes":	7733248,
					"bits_per_second":	61825484.9041371,
					"retransmits":	2246,
					"snd_cwnd":	142599040,
					"snd_wnd":	105074688,
					"rtt":	258648,
					"rttvar":	2293,
					"pmtu":	1500,
					"omitted":	false,
					"sender":	true
				}],
			"sum":	{
				"start":	4.001044,
				"end":	5.001699,
				"seconds":	1.0006550550460815,
				"bytes":	7733248,
				"bits_per_second":	61825484.9041371,
				"retransmits":	2246,
				"omitted":	false,
				"sender":	true
			}
		}, {
			"streams":	[{
					"socket":	8,
					"start":	5.001699,
					"end":	6.016867,
					"seconds":	1.0151679515838623,
					"bytes":	26738688,
					"bits_per_second":	210713413.15125144,
					"retransmits":	4725,
					"snd_cwnd":	142132784,
					"snd_wnd":	124084224,
					"rtt":	284431,
					"rttvar":	3914,
					"pmtu":	1500,
					"omitted":	false,
					"sender":	true
				}],
			"sum":	{
				"start":	5.001699,
				"end":	6.016867,
				"seconds":	1.0151679515838623,
				"bytes":	26738688,
				"bits_per_second":	210713413.15125144,
				"retransmits":	4725,
				"omitted":	false,
				"sender":	true
			}
		}],
	"end":	{
		"streams":	[{
				"sender":	{
					"socket":	8,
					"start":	0,
					"end":	6.028182,
					"seconds":	6.028182,
					"bytes":	107479040,
					"bits_per_second":	142635428.06106386,
					"retransmits":	13688,
					"max_snd_cwnd":	144574112,
					"max_snd_wnd":	124084224,
					"max_rtt":	288834,
					"min_rtt":	258648,
					"mean_rtt":	272687,
					"sender":	true
				},
				"receiver":	{
					"socket":	8,
					"start":	0,
					"end":	6.293329,
					"seconds":	6.028182,
					"bytes":	79560704,
					"bits_per_second":	101136557.77411288,
					"sender":	true
				}
			}],
		"sum_sent":	{
			"start":	0,
			"end":	6.028182,
			"seconds":	6.028182,
			"bytes":	107479040,
			"bits_per_second":	142635428.06106386,
			"retransmits":	13688,
			"sender":	true
		},
		"sum_received":	{
			"start":	0,
			"end":	6.293329,
			"seconds":	6.293329,
			"bytes":	79560704,
			"bits_per_second":	101136557.77411288,
			"sender":	true
		},
		"cpu_utilization_percent":	{
			"host_total":	4.5615029593194,
			"host_user":	0.059157693911619583,
			"host_system":	4.50237714775427,
			"remote_total":	0.67191537991200867,
			"remote_user":	0,
			"remote_system":	0.671899490128631
		},
		"sender_tcp_congestion":	"prague",
		"receiver_tcp_congestion":	"prague"
	}
}
