{
	"start":	{
		"connected":	[{
				"socket":	8,
				"local_host":	"172.16.0.30",
				"local_port":	60612,
				"remote_host":	"172.17.0.30",
				"remote_port":	5201
			}],
		"version":	"iperf 3.16",
		"system_info":	"Linux h1 6.12.54-0b264c55b-l4steam-117 #1 SMP PREEMPT_DYNAMIC Fri Nov  7 18:07:57 UTC 2025 x86_64",
		"timestamp":	{
			"time":	"Sun, 22 Feb 2026 01:59:50 GMT",
			"timesecs":	1771725590
		},
		"connecting_to":	{
			"host":	"172.17.0.30",
			"port":	5201
		},
		"cookie":	"j5gt3rltuwsu72frwgyy6sv5brb6t6hbjyfh",
		"tcp_mss_default":	1448,
		"target_bitrate":	0,
		"fq_rate":	0,
		"sock_bufsize":	0,
		"sndbuf_actual":	1000000,
		"rcvbuf_actual":	1000000,
		"test_start":	{
			"protocol":	"TCP",
			"num_streams":	1,
			"blksize":	131072,
			"omit":	0,
			"duration":	0,
			"bytes":	107374182,
			"blocks":	0,
			"reverse":	0,
			"tos":	0,
			"target_bitrate":	0,
			"bidir":	0,
			"fqrate":	0
		}
	},
	"intervals":	[{
			"streams":	[{
					"socket":	8,
					"start":	0,
					"end":	1.00105,
					"seconds":	1.0010499954223633,
					"bytes":	43515904,
					"bits_per_second":	347762083.404354,
					"retransmits":	3440,
					"snd_cwnd":	144129576,
					"snd_wnd":	59432960,
					"rtt":	288425,
					"rttvar":	7784,
					"pmtu":	1500,
					"omitted":	false,
					"sender":	true
				}],
			"sum":	{
				"start":	0,
				"end":	1.00105,
				"seconds":	1.0010499954223633,
				"bytes":	43515904,
				"bits_per_second":	347762083.404354,
				"retransmits":	3440,
				"omitted":	false,
				"sender":	true
			}
		}, {
			"streams":	[{
					"socket":	8,
					"start":	1.00105,
					"end":	2.001079,
					"seconds":	1.0000289678573608,
					"bytes":	8257536,
					"bits_per_second":	66058374.430432,
					"retransmits":	1888,
					"snd_cwnd":	143950024,
					"snd_wnd":	59695104,
					"rtt":	277277,
					"rttvar":	2971,
					"pmtu":	1500,
					"omitted":	false,
					"sender":	true
				}],
			"sum":	{
				"start":	1.00105,
				"end":	2.001079,
				"seconds":	1.0000289678573608,
				"bytes":	8257536,
				"bits_per_second":	66058374.430432,
				"retransmits":	1888,
				"omitted":	false,
				"sender":	true
			}
		}, {
			"streams":	[{
					"socket":	8,
					"start":	2.001079,
					"end":	3.002276,
					"seconds":	1.0011969804763794,
					"bytes":	6553600,
					"bits_per_second":	52366118.778198734,
					"retransmits":	2009,
					"snd_cwnd":	143330280,
					"snd_wnd":	79155200,
					"rtt":	265127,
					"rttvar":	80,
					"pmtu":	1500,
					"omitted":	false,
					"sender":	true
				}],
			"sum":	{
				"start":	2.001079,
				"end":	3.002276,
				"seconds":	1.0011969804763794,
				"bytes":	6553600,
				"bits_per_second":	52366118.778198734,
				"retransmits":	2009,
				"omitted":	false,
				"sender":	true
			}
		}, {
			"streams":	[{
					"socket":	8,
					"start":	3.002276,
					"end":	4.00103,
					"seconds":	0.99875402450561523,
					"bytes":	6422528,
					"bits_per_second":	51444322.364992,
					"retransmits":	2241,
					"snd_cwnd":	142797416,
					"snd_wnd":	98541568,
					"rtt":	268016,
					"rttvar":	876,
					"pmtu":	1500,
					"omitted":	false,
					"sender":	true
				}],
			"sum":	{
				"start":	3.002276,
				"end":	4.00103,
				"seconds":	0.99875402450561523,
				"bytes":	6422528,
				"bits_per_second":	51444322.364992,
				"retransmits":	2241,
				"omitted":	false,
				"sender":	true
			}
		}, {
			"streams":	[{
					"socket":	8,
					"start":	4.00103,
					"end":	5.001045,
					"seconds":	1.0000150203704834,
					"bytes":	6553600,
					"bits_per_second":	52428012.511828363,
					"retransmits":	887,
					"snd_cwnd":	142632344,
					"snd_wnd":	102264832,
					"rtt":	266359,
					"rttvar":	545,
					"pmtu":	1500,
					"omitted":	false,
					"sender":	true
				}],
			"sum":	{
				"start":	4.00103,
				"end":	5.001045,
				"seconds":	1.0000150203704834,
				"bytes":	6553600,
				"bits_per_second":	52428012.511828363,
				"retransmits":	887,
				"omitted":	false,
				"sender":	true
			}
		}, {
			"streams":	[{
					"socket":	8,
					"start":	5.001045,
					"end":	6.002358,
					"seconds":	1.0013129711151123,
					"bytes":	3670016,
					"bits_per_second":	29321629.5473563,
					"retransmits":	1001,
					"snd_cwnd":	142541120,
					"snd_wnd":	100945920,
					"rtt":	266065,
					"rttvar":	371,
					"pmtu":	1500,
					"omitted":	false,
					"sender":	true
				}],
			"sum":	{
				"start":	5.001045,
				"end":	6.002358,
				"seconds":	1.0013129711151123,
				"bytes":	3670016,
				"bits_per_second":	29321629.5473563,
				"retransmits":	1001,
				"omitted":	false,
				"sender":	true
			}
		}, {
			"streams":	[{
					"socket":	8,
					"start":	6.002358,
					"end":	7.001043,
					"seconds":	0.99868500232696533,
					"bytes":	6815744,
					"bits_per_second":	54597747.9114565,
					"retransmits":	1215,
					"snd_cwnd":	142418040,
					"snd_wnd":	101175296,
					"rtt":	285927,
					"rttvar":	4797,
					"pmtu":	1500,
					"omitted":	false,
					"sender":	true
				}],
			"sum":	{
				"start":	6.002358,
				"end":	7.001043,
				"seconds":	0.99868500232696533,
				"bytes":	6815744,
				"bits_per_second":	54597747.9114565,
				"retransmits":	1215,
				"omitted":	false,
				"sender":	true
			}
		}, {
			"streams":	[{
					"socket":	8,
					"start":	7.001043,
					"end":	8.002276,
					"seconds":	1.0012329816818237,
					"bytes":	25690112,
					"bits_per_second":	205267804.5571129,
					"retransmits":	5265,
					"snd_cwnd":	142087896,
					"snd_wnd":	101015552,
					"rtt":	274775,
					"rttvar":	4942,
					"pmtu":	1500,
					"omitted":	false,
					"sender":	true
				}],
			"sum":	{
				"start":	7.001043,
				"end":	8.002276,
				"seconds":	1.0012329816818237,
				"bytes":	25690112,
				"bits_per_second":	205267804.5571129,
				"retransmits":	5265,
				"omitted":	false,
				"sender":	true
			}
		}],
	"end":	{
		"streams":	[{
				"sender":	{
					"socket":	8,
					"start":	0,
					"end":	8.013393,
					"seconds":	8.013393,
					"bytes":	107479040,
					"bits_per_second":	107299407.37962058,
					"retransmits":	17946,
					"max_snd_cwnd":	144129576,
					"max_snd_wnd":	102264832,
					"max_rtt":	288425,
					"min_rtt":	265127,
					"mean_rtt":	274082,
					"sender":	true
				},
				"receiver":	{
					"socket":	8,
					"start":	0,
					"end":	8.274645,
					"seconds":	8.013393,
					"bytes":	83755008,
					"bits_per_second":	80975082.798114,
					"sender":	true
				}
			}],
		"sum_sent":	{
			"start":	0,
			"end":	8.013393,
			"seconds":	8.013393,
			"bytes":	107479040,
			"bits_per_second":	107299407.37962058,
			"retransmits":	17946,
			"sender":	true
		},
		"sum_received":	{
			"start":	0,
			"end":	8.274645,
			"seconds":	8.274645,
			"bytes":	83755008,
			"bits_per_second":	80975082.798114,
			"sender":	true
		},
		"cpu_utilization_percent":	{
			"host_total":	4.0436785448759327,
			"host_user":	0.988672386429941,
			"host_system":	3.055006158445992,
			"remote_total":	0.687121804748255,
			"remote_user":	0,
			"remote_system":	0.687121804748255
		},
		"sender_tcp_congestion":	"prague",
		"receiver_tcp_congestion":	"prague"
	}
}
