{
	"start":	{
		"connected":	[{
				"socket":	8,
				"local_host":	"172.16.0.33",
				"local_port":	50008,
				"remote_host":	"172.17.0.33",
				"remote_port":	5201
			}],
		"version":	"iperf 3.16",
		"system_info":	"Linux h1 6.12.54-0b264c55b-l4steam-117 #1 SMP PREEMPT_DYNAMIC Fri Nov  7 18:07:57 UTC 2025 x86_64",
		"timestamp":	{
			"time":	"Sun, 22 Feb 2026 01:59:50 GMT",
			"timesecs":	1771725590
		},
		"connecting_to":	{
			"host":	"172.17.0.33",
			"port":	5201
		},
		"cookie":	"wnovglbcyftsf34bklcihkfyw2t3jfnoynpl",
		"tcp_mss_default":	1448,
		"target_bitrate":	0,
		"fq_rate":	0,
		"sock_bufsize":	0,
		"sndbuf_actual":	1000000,
		"rcvbuf_actual":	1000000,
		"test_start":	{
			"protocol":	"TCP",
			"num_streams":	1,
			"blksize":	131072,
			"omit":	0,
			"duration":	0,
			"bytes":	107374182,
			"blocks":	0,
			"reverse":	0,
			"tos":	0,
			"target_bitrate":	0,
			"bidir":	0,
			"fqrate":	0
		}
	},
	"intervals":	[{
			"streams":	[{
					"socket":	8,
					"start":	0,
					"end":	1.001061,
					"seconds":	1.001060962677002,
					"bytes":	32636928,
					"bits_per_second":	260818705.0884372,
					"retransmits":	867,
					"snd_cwnd":	144568320,
					"snd_wnd":	16924672,
					"rtt":	278869,
					"rttvar":	256,
					"pmtu":	1500,
					"omitted":	false,
					"sender":	true
				}],
			"sum":	{
				"start":	0,
				"end":	1.001061,
				"seconds":	1.001060962677002,
				"bytes":	32636928,
				"bits_per_second":	260818705.0884372,
				"retransmits":	867,
				"omitted":	false,
				"sender":	true
			}
		}, {
			"streams":	[{
					"socket":	8,
					"start":	1.001061,
					"end":	2.001039,
					"seconds":	0.999978005886078,
					"bytes":	6422528,
					"bits_per_second":	51381354.087355271,
					"retransmits":	5152,
					"snd_cwnd":	143599608,
					"snd_wnd":	45789184,
					"rtt":	261769,
					"rttvar":	62,
					"pmtu":	1500,
					"omitted":	false,
					"sender":	true
				}],
			"sum":	{
				"start":	1.001061,
				"end":	2.001039,
				"seconds":	0.999978005886078,
				"bytes":	6422528,
				"bits_per_second":	51381354.087355271,
				"retransmits":	5152,
				"omitted":	false,
				"sender":	true
			}
		}, {
			"streams":	[{
					"socket":	8,
					"start":	2.001039,
					"end":	3.00106,
					"seconds":	1.0000209808349609,
					"bytes":	6422528,
					"bits_per_second":	51379146.022616863,
					"retransmits":	3558,
					"snd_cwnd":	142869816,
					"snd_wnd":	65961984,
					"rtt":	265715,
					"rttvar":	90,
					"pmtu":	1500,
					"omitted":	false,
					"sender":	true
				}],
			"sum":	{
				"start":	2.001039,
				"end":	3.00106,
				"seconds":	1.0000209808349609,
				"bytes":	6422528,
				"bits_per_second":	51379146.022616863,
				"retransmits":	3558,
				"omitted":	false,
				"sender":	true
			}
		}, {
			"streams":	[{
					"socket":	8,
					"start":	3.00106,
					"end":	4.001024,
					"seconds":	0.99996399879455566,
					"bytes":	6422528,
					"bits_per_second":	51382073.816595629,
					"retransmits":	1863,
					"snd_cwnd":	142509264,
					"snd_wnd":	80556032,
					"rtt":	262008,
					"rttvar":	399,
					"pmtu":	1500,
					"omitted":	false,
					"sender":	true
				}],
			"sum":	{
				"start":	3.00106,
				"end":	4.001024,
				"seconds":	0.99996399879455566,
				"bytes":	6422528,
				"bits_per_second":	51382073.816595629,
				"retransmits":	1863,
				"omitted":	false,
				"sender":	true
			}
		}, {
			"streams":	[{
					"socket":	8,
					"start":	4.001024,
					"end":	5.001105,
					"seconds":	1.000080943107605,
					"bytes":	9043968,
					"bits_per_second":	72345888.0989948,
					"retransmits":	2130,
					"snd_cwnd":	142163192,
					"snd_wnd":	95244288,
					"rtt":	274830,
					"rttvar":	1701,
					"pmtu":	1500,
					"omitted":	false,
					"sender":	true
				}],
			"sum":	{
				"start":	4.001024,
				"end":	5.001105,
				"seconds":	1.000080943107605,
				"bytes":	9043968,
				"bits_per_second":	72345888.0989948,
				"retransmits":	2130,
				"omitted":	false,
				"sender":	true
			}
		}, {
			"streams":	[{
					"socket":	8,
					"start":	5.001105,
					"end":	6.001047,
					"seconds":	0.99994200468063354,
					"bytes":	13893632,
					"bits_per_second":	111155502.49886677,
					"retransmits":	6044,
					"snd_cwnd":	141825808,
					"snd_wnd":	106942464,
					"rtt":	261762,
					"rttvar":	339,
					"pmtu":	1500,
					"omitted":	false,
					"sender":	true
				}],
			"sum":	{
				"start":	5.001105,
				"end":	6.001047,
				"seconds":	0.99994200468063354,
				"bytes":	13893632,
				"bits_per_second":	111155502.49886677,
				"retransmits":	6044,
				"omitted":	false,
				"sender":	true
			}
		}, {
			"streams":	[{
					"socket":	8,
					"start":	6.001047,
					"end":	7.006392,
					"seconds":	1.0053449869155884,
					"bytes":	0,
					"bits_per_second":	0,
					"retransmits":	1301,
					"snd_cwnd":	141497112,
					"snd_wnd":	117395456,
					"rtt":	265455,
					"rttvar":	3975,
					"pmtu":	1500,
					"omitted":	false,
					"sender":	true
				}],
			"sum":	{
				"start":	6.001047,
				"end":	7.006392,
				"seconds":	1.0053449869155884,
				"bytes":	0,
				"bits_per_second":	0,
				"retransmits":	1301,
				"omitted":	false,
				"sender":	true
			}
		}, {
			"streams":	[{
					"socket":	8,
					"start":	7.006392,
					"end":	8.001026,
					"seconds":	0.994633972644806,
					"bytes":	6946816,
					"bits_per_second":	55874351.2975162,
					"retransmits":	4007,
					"snd_cwnd":	141285704,
					"snd_wnd":	124923904,
					"rtt":	264872,
					"rttvar":	744,
					"pmtu":	1500,
					"omitted":	false,
					"sender":	true
				}],
			"sum":	{
				"start":	7.006392,
				"end":	8.001026,
				"seconds":	0.994633972644806,
				"bytes":	6946816,
				"bits_per_second":	55874351.2975162,
				"retransmits":	4007,
				"omitted":	false,
				"sender":	true
			}
		}, {
			"streams":	[{
					"socket":	8,
					"start":	8.001026,
					"end":	9.001054,
					"seconds":	1.0000280141830444,
					"bytes":	25690112,
					"bits_per_second":	205515138.66128713,
					"retransmits":	3853,
					"snd_cwnd":	140593560,
					"snd_wnd":	140673024,
					"rtt":	239278,
					"rttvar":	5985,
					"pmtu":	1500,
					"omitted":	false,
					"sender":	true
				}],
			"sum":	{
				"start":	8.001026,
				"end":	9.001054,
				"seconds":	1.0000280141830444,
				"bytes":	25690112,
				"bits_per_second":	205515138.66128713,
				"retransmits":	3853,
				"omitted":	false,
				"sender":	true
			}
		}],
	"end":	{
		"streams":	[{
				"sender":	{
					"socket":	8,
					"start":	0,
					"end":	9.001458,
					"seconds":	9.001458,
					"bytes":	107479040,
					"bits_per_second":	95521449.9695494,
					"retransmits":	28775,
					"max_snd_cwnd":	144568320,
					"max_snd_wnd":	140673024,
					"max_rtt":	278869,
					"min_rtt":	239278,
					"mean_rtt":	261383,
					"sender":	true
				},
				"receiver":	{
					"socket":	8,
					"start":	0,
					"end":	9.06589,
					"seconds":	9.001458,
					"bytes":	107479040,
					"bits_per_second":	94842571.4408624,
					"sender":	true
				}
			}],
		"sum_sent":	{
			"start":	0,
			"end":	9.001458,
			"seconds":	9.001458,
			"bytes":	107479040,
			"bits_per_second":	95521449.9695494,
			"retransmits":	28775,
			"sender":	true
		},
		"sum_received":	{
			"start":	0,
			"end":	9.06589,
			"seconds":	9.06589,
			"bytes":	107479040,
			"bits_per_second":	94842571.4408624,
			"sender":	true
		},
		"cpu_utilization_percent":	{
			"host_total":	10.709259430873812,
			"host_user":	6.0245889333382578,
			"host_system":	4.68468129845156,
			"remote_total":	0.82547816283374942,
			"remote_user":	0,
			"remote_system":	0.82551125387813251
		},
		"sender_tcp_congestion":	"prague",
		"receiver_tcp_congestion":	"prague"
	}
}
