{
	"start":	{
		"connected":	[{
				"socket":	8,
				"local_host":	"172.16.0.43",
				"local_port":	35924,
				"remote_host":	"172.17.0.43",
				"remote_port":	5201
			}],
		"version":	"iperf 3.16",
		"system_info":	"Linux h1 6.12.54-0b264c55b-l4steam-117 #1 SMP PREEMPT_DYNAMIC Fri Nov  7 18:07:57 UTC 2025 x86_64",
		"timestamp":	{
			"time":	"Sun, 22 Feb 2026 01:59:50 GMT",
			"timesecs":	1771725590
		},
		"connecting_to":	{
			"host":	"172.17.0.43",
			"port":	5201
		},
		"cookie":	"hid55nup2gxxpbyfw7et3atnhds2o6gy4k7v",
		"tcp_mss_default":	1448,
		"target_bitrate":	0,
		"fq_rate":	0,
		"sock_bufsize":	0,
		"sndbuf_actual":	1000000,
		"rcvbuf_actual":	1000000,
		"test_start":	{
			"protocol":	"TCP",
			"num_streams":	1,
			"blksize":	131072,
			"omit":	0,
			"duration":	0,
			"bytes":	107374182,
			"blocks":	0,
			"reverse":	0,
			"tos":	0,
			"target_bitrate":	0,
			"bidir":	0,
			"fqrate":	0
		}
	},
	"intervals":	[{
			"streams":	[{
					"socket":	8,
					"start":	0,
					"end":	1.001051,
					"seconds":	1.00105094909668,
					"bytes":	39190528,
					"bits_per_second":	313195071.922079,
					"retransmits":	1469,
					"snd_cwnd":	144503160,
					"snd_wnd":	12361728,
					"rtt":	288968,
					"rttvar":	874,
					"pmtu":	1500,
					"omitted":	false,
					"sender":	true
				}],
			"sum":	{
				"start":	0,
				"end":	1.001051,
				"seconds":	1.00105094909668,
				"bytes":	39190528,
				"bits_per_second":	313195071.922079,
				"retransmits":	1469,
				"omitted":	false,
				"sender":	true
			}
		}, {
			"streams":	[{
					"socket":	8,
					"start":	1.001051,
					"end":	2.001053,
					"seconds":	1.0000020265579224,
					"bytes":	0,
					"bits_per_second":	0,
					"retransmits":	1806,
					"snd_cwnd":	143800880,
					"snd_wnd":	30572544,
					"rtt":	268065,
					"rttvar":	219,
					"pmtu":	1500,
					"omitted":	false,
					"sender":	true
				}],
			"sum":	{
				"start":	1.001051,
				"end":	2.001053,
				"seconds":	1.0000020265579224,
				"bytes":	0,
				"bits_per_second":	0,
				"retransmits":	1806,
				"omitted":	false,
				"sender":	true
			}
		}, {
			"streams":	[{
					"socket":	8,
					"start":	2.001053,
					"end":	3.001086,
					"seconds":	1.0000330209732056,
					"bytes":	5111808,
					"bits_per_second":	40893113.669589221,
					"retransmits":	3604,
					"snd_cwnd":	142753976,
					"snd_wnd":	63213568,
					"rtt":	282573,
					"rttvar":	8836,
					"pmtu":	1500,
					"omitted":	false,
					"sender":	true
				}],
			"sum":	{
				"start":	2.001053,
				"end":	3.001086,
				"seconds":	1.0000330209732056,
				"bytes":	5111808,
				"bits_per_second":	40893113.669589221,
				"retransmits":	3604,
				"omitted":	false,
				"sender":	true
			}
		}, {
			"streams":	[{
					"socket":	8,
					"start":	3.001086,
					"end":	4.001045,
					"seconds":	0.99995899200439453,
					"bytes":	6291456,
					"bits_per_second":	50333712.084643975,
					"retransmits":	1232,
					"snd_cwnd":	142377496,
					"snd_wnd":	75534336,
					"rtt":	262215,
					"rttvar":	916,
					"pmtu":	1500,
					"omitted":	false,
					"sender":	true
				}],
			"sum":	{
				"start":	3.001086,
				"end":	4.001045,
				"seconds":	0.99995899200439453,
				"bytes":	6291456,
				"bits_per_second":	50333712.084643975,
				"retransmits":	1232,
				"omitted":	false,
				"sender":	true
			}
		}, {
			"streams":	[{
					"socket":	8,
					"start":	4.001045,
					"end":	5.003965,
					"seconds":	1.0029200315475464,
					"bytes":	6553600,
					"bits_per_second":	52276151.9870136,
					"retransmits":	1014,
					"snd_cwnd":	142134232,
					"snd_wnd":	86130688,
					"rtt":	267909,
					"rttvar":	5173,
					"pmtu":	1500,
					"omitted":	false,
					"sender":	true
				}],
			"sum":	{
				"start":	4.001045,
				"end":	5.003965,
				"seconds":	1.0029200315475464,
				"bytes":	6553600,
				"bits_per_second":	52276151.9870136,
				"retransmits":	1014,
				"omitted":	false,
				"sender":	true
			}
		}, {
			"streams":	[{
					"socket":	8,
					"start":	5.003965,
					"end":	6.00104,
					"seconds":	0.99707502126693726,
					"bytes":	6422528,
					"bits_per_second":	51530950.935581073,
					"retransmits":	138,
					"snd_cwnd":	142096584,
					"snd_wnd":	86556672,
					"rtt":	262920,
					"rttvar":	2284,
					"pmtu":	1500,
					"omitted":	false,
					"sender":	true
				}],
			"sum":	{
				"start":	5.003965,
				"end":	6.00104,
				"seconds":	0.99707502126693726,
				"bytes":	6422528,
				"bits_per_second":	51530950.935581073,
				"retransmits":	138,
				"omitted":	false,
				"sender":	true
			}
		}, {
			"streams":	[{
					"socket":	8,
					"start":	6.00104,
					"end":	7.001079,
					"seconds":	1.0000389814376831,
					"bytes":	43909120,
					"bits_per_second":	351259267.408757,
					"retransmits":	12718,
					"snd_cwnd":	141431952,
					"snd_wnd":	100806656,
					"rtt":	271737,
					"rttvar":	713,
					"pmtu":	1500,
					"omitted":	false,
					"sender":	true
				}],
			"sum":	{
				"start":	6.00104,
				"end":	7.001079,
				"seconds":	1.0000389814376831,
				"bytes":	43909120,
				"bits_per_second":	351259267.408757,
				"retransmits":	12718,
				"omitted":	false,
				"sender":	true
			}
		}],
	"end":	{
		"streams":	[{
				"sender":	{
					"socket":	8,
					"start":	0,
					"end":	7.001539,
					"seconds":	7.001539,
					"bytes":	107479040,
					"bits_per_second":	122806188.753644,
					"retransmits":	21981,
					"max_snd_cwnd":	144503160,
					"max_snd_wnd":	100806656,
					"max_rtt":	288968,
					"min_rtt":	262215,
					"mean_rtt":	272015,
					"sender":	true
				},
				"receiver":	{
					"socket":	8,
					"start":	0,
					"end":	7.270502,
					"seconds":	7.001539,
					"bytes":	57278464,
					"bits_per_second":	63025594.656324975,
					"sender":	true
				}
			}],
		"sum_sent":	{
			"start":	0,
			"end":	7.001539,
			"seconds":	7.001539,
			"bytes":	107479040,
			"bits_per_second":	122806188.753644,
			"retransmits":	21981,
			"sender":	true
		},
		"sum_received":	{
			"start":	0,
			"end":	7.270502,
			"seconds":	7.270502,
			"bytes":	57278464,
			"bits_per_second":	63025594.656324975,
			"sender":	true
		},
		"cpu_utilization_percent":	{
			"host_total":	7.9610140108484426,
			"host_user":	4.1329727299432752,
			"host_system":	3.8280688640303637,
			"remote_total":	0.459967606132828,
			"remote_user":	0,
			"remote_system":	0.4599951145118803
		},
		"sender_tcp_congestion":	"prague",
		"receiver_tcp_congestion":	"prague"
	}
}
