{
	"start":	{
		"connected":	[{
				"socket":	8,
				"local_host":	"172.16.0.73",
				"local_port":	40026,
				"remote_host":	"172.17.0.73",
				"remote_port":	5201
			}],
		"version":	"iperf 3.16",
		"system_info":	"Linux h1 6.12.54-0b264c55b-l4steam-117 #1 SMP PREEMPT_DYNAMIC Fri Nov  7 18:07:57 UTC 2025 x86_64",
		"timestamp":	{
			"time":	"Sun, 22 Feb 2026 01:59:50 GMT",
			"timesecs":	1771725590
		},
		"connecting_to":	{
			"host":	"172.17.0.73",
			"port":	5201
		},
		"cookie":	"3aktexjezfvhdiojgpe7lvvbk63gnlrfjash",
		"tcp_mss_default":	1448,
		"target_bitrate":	0,
		"fq_rate":	0,
		"sock_bufsize":	0,
		"sndbuf_actual":	1000000,
		"rcvbuf_actual":	1000000,
		"test_start":	{
			"protocol":	"TCP",
			"num_streams":	1,
			"blksize":	131072,
			"omit":	0,
			"duration":	0,
			"bytes":	107374182,
			"blocks":	0,
			"reverse":	0,
			"tos":	0,
			"target_bitrate":	0,
			"bidir":	0,
			"fqrate":	0
		}
	},
	"intervals":	[{
			"streams":	[{
					"socket":	8,
					"start":	0,
					"end":	1.001496,
					"seconds":	1.0014959573745728,
					"bytes":	19267584,
					"bits_per_second":	153910428.559373,
					"retransmits":	449,
					"snd_cwnd":	144716016,
					"snd_wnd":	2252800,
					"rtt":	274805,
					"rttvar":	648,
					"pmtu":	1500,
					"omitted":	false,
					"sender":	true
				}],
			"sum":	{
				"start":	0,
				"end":	1.001496,
				"seconds":	1.0014959573745728,
				"bytes":	19267584,
				"bits_per_second":	153910428.559373,
				"retransmits":	449,
				"omitted":	false,
				"sender":	true
			}
		}, {
			"streams":	[{
					"socket":	8,
					"start":	1.001496,
					"end":	2.005119,
					"seconds":	1.0036230087280273,
					"bytes":	0,
					"bits_per_second":	0,
					"retransmits":	1987,
					"snd_cwnd":	143769024,
					"snd_wnd":	33996800,
					"rtt":	254594,
					"rttvar":	619,
					"pmtu":	1500,
					"omitted":	false,
					"sender":	true
				}],
			"sum":	{
				"start":	1.001496,
				"end":	2.005119,
				"seconds":	1.0036230087280273,
				"bytes":	0,
				"bits_per_second":	0,
				"retransmits":	1987,
				"omitted":	false,
				"sender":	true
			}
		}, {
			"streams":	[{
					"socket":	8,
					"start":	2.005119,
					"end":	3.00103,
					"seconds":	0.99591100215911865,
					"bytes":	9699328,
					"bits_per_second":	77913210.951356232,
					"retransmits":	432,
					"snd_cwnd":	143702416,
					"snd_wnd":	36245504,
					"rtt":	279412,
					"rttvar":	32655,
					"pmtu":	1500,
					"omitted":	false,
					"sender":	true
				}],
			"sum":	{
				"start":	2.005119,
				"end":	3.00103,
				"seconds":	0.99591100215911865,
				"bytes":	9699328,
				"bits_per_second":	77913210.951356232,
				"retransmits":	432,
				"omitted":	false,
				"sender":	true
			}
		}, {
			"streams":	[{
					"socket":	8,
					"start":	3.00103,
					"end":	4.000975,
					"seconds":	0.99994498491287231,
					"bytes":	9568256,
					"bits_per_second":	76550259.4191916,
					"retransmits":	3236,
					"snd_cwnd":	142685920,
					"snd_wnd":	66252800,
					"rtt":	272511,
					"rttvar":	219,
					"pmtu":	1500,
					"omitted":	false,
					"sender":	true
				}],
			"sum":	{
				"start":	3.00103,
				"end":	4.000975,
				"seconds":	0.99994498491287231,
				"bytes":	9568256,
				"bits_per_second":	76550259.4191916,
				"retransmits":	3236,
				"omitted":	false,
				"sender":	true
			}
		}, {
			"streams":	[{
					"socket":	8,
					"start":	4.000975,
					"end":	5.001125,
					"seconds":	1.0001499652862549,
					"bytes":	12713984,
					"bits_per_second":	101696621.037115,
					"retransmits":	3280,
					"snd_cwnd":	142234144,
					"snd_wnd":	84590592,
					"rtt":	283421,
					"rttvar":	1225,
					"pmtu":	1500,
					"omitted":	false,
					"sender":	true
				}],
			"sum":	{
				"start":	4.000975,
				"end":	5.001125,
				"seconds":	1.0001499652862549,
				"bytes":	12713984,
				"bits_per_second":	101696621.037115,
				"retransmits":	3280,
				"omitted":	false,
				"sender":	true
			}
		}, {
			"streams":	[{
					"socket":	8,
					"start":	5.001125,
					"end":	6.000945,
					"seconds":	0.99981999397277832,
					"bytes":	53608448,
					"bits_per_second":	428944796.64874214,
					"retransmits":	12039,
					"snd_cwnd":	141110496,
					"snd_wnd":	122765312,
					"rtt":	276615,
					"rttvar":	3261,
					"pmtu":	1500,
					"omitted":	false,
					"sender":	true
				}],
			"sum":	{
				"start":	5.001125,
				"end":	6.000945,
				"seconds":	0.99981999397277832,
				"bytes":	53608448,
				"bits_per_second":	428944796.64874214,
				"retransmits":	12039,
				"omitted":	false,
				"sender":	true
			}
		}],
	"end":	{
		"streams":	[{
				"sender":	{
					"socket":	8,
					"start":	0,
					"end":	6.002927,
					"seconds":	6.002927,
					"bytes":	107479040,
					"bits_per_second":	143235511.60958648,
					"retransmits":	21423,
					"max_snd_cwnd":	144716016,
					"max_snd_wnd":	122765312,
					"max_rtt":	283421,
					"min_rtt":	254594,
					"mean_rtt":	273996,
					"sender":	true
				},
				"receiver":	{
					"socket":	8,
					"start":	0,
					"end":	6.290155,
					"seconds":	6.002927,
					"bytes":	43909120,
					"bits_per_second":	55844881.4059431,
					"sender":	true
				}
			}],
		"sum_sent":	{
			"start":	0,
			"end":	6.002927,
			"seconds":	6.002927,
			"bytes":	107479040,
			"bits_per_second":	143235511.60958648,
			"retransmits":	21423,
			"sender":	true
		},
		"sum_received":	{
			"start":	0,
			"end":	6.290155,
			"seconds":	6.290155,
			"bytes":	43909120,
			"bits_per_second":	55844881.4059431,
			"sender":	true
		},
		"cpu_utilization_percent":	{
			"host_total":	5.3445406917055838,
			"host_user":	3.15167306957481,
			"host_system":	2.1928676221307728,
			"remote_total":	0.3948380442258036,
			"remote_user":	0,
			"remote_system":	0.3948380442258036
		},
		"sender_tcp_congestion":	"prague",
		"receiver_tcp_congestion":	"prague"
	}
}
