{
	"start":	{
		"connected":	[{
				"socket":	8,
				"local_host":	"172.16.0.86",
				"local_port":	55238,
				"remote_host":	"172.17.0.86",
				"remote_port":	5201
			}],
		"version":	"iperf 3.16",
		"system_info":	"Linux h1 6.12.54-0b264c55b-l4steam-117 #1 SMP PREEMPT_DYNAMIC Fri Nov  7 18:07:57 UTC 2025 x86_64",
		"timestamp":	{
			"time":	"Sun, 22 Feb 2026 01:59:51 GMT",
			"timesecs":	1771725591
		},
		"connecting_to":	{
			"host":	"172.17.0.86",
			"port":	5201
		},
		"cookie":	"mat3rnajc5itkdeabe7soxxypyrfw3to7qzu",
		"tcp_mss_default":	1448,
		"target_bitrate":	0,
		"fq_rate":	0,
		"sock_bufsize":	0,
		"sndbuf_actual":	1000000,
		"rcvbuf_actual":	1000000,
		"test_start":	{
			"protocol":	"TCP",
			"num_streams":	1,
			"blksize":	131072,
			"omit":	0,
			"duration":	0,
			"bytes":	107374182,
			"blocks":	0,
			"reverse":	0,
			"tos":	0,
			"target_bitrate":	0,
			"bidir":	0,
			"fqrate":	0
		}
	},
	"intervals":	[{
			"streams":	[{
					"socket":	8,
					"start":	0,
					"end":	1.001048,
					"seconds":	1.0010479688644409,
					"bytes":	12845056,
					"bits_per_second":	102652870.98735978,
					"retransmits":	183,
					"snd_cwnd":	144753664,
					"snd_wnd":	1310720,
					"rtt":	267220,
					"rttvar":	693,
					"pmtu":	1500,
					"omitted":	false,
					"sender":	true
				}],
			"sum":	{
				"start":	0,
				"end":	1.001048,
				"seconds":	1.0010479688644409,
				"bytes":	12845056,
				"bits_per_second":	102652870.98735978,
				"retransmits":	183,
				"omitted":	false,
				"sender":	true
			}
		}, {
			"streams":	[{
					"socket":	8,
					"start":	1.001048,
					"end":	2.000067,
					"seconds":	0.99901902675628662,
					"bytes":	17432576,
					"bits_per_second":	139597549.4609091,
					"retransmits":	1745,
					"snd_cwnd":	144212112,
					"snd_wnd":	23838720,
					"rtt":	273741,
					"rttvar":	3390,
					"pmtu":	1500,
					"omitted":	false,
					"sender":	true
				}],
			"sum":	{
				"start":	1.001048,
				"end":	2.000067,
				"seconds":	0.99901902675628662,
				"bytes":	17432576,
				"bits_per_second":	139597549.4609091,
				"retransmits":	1745,
				"omitted":	false,
				"sender":	true
			}
		}, {
			"streams":	[{
					"socket":	8,
					"start":	2.000067,
					"end":	3.001043,
					"seconds":	1.0009759664535522,
					"bytes":	23986176,
					"bits_per_second":	191702312.97346953,
					"retransmits":	8206,
					"snd_cwnd":	142138576,
					"snd_wnd":	84439040,
					"rtt":	267182,
					"rttvar":	362,
					"pmtu":	1500,
					"omitted":	false,
					"sender":	true
				}],
			"sum":	{
				"start":	2.000067,
				"end":	3.001043,
				"seconds":	1.0009759664535522,
				"bytes":	23986176,
				"bits_per_second":	191702312.97346953,
				"retransmits":	8206,
				"omitted":	false,
				"sender":	true
			}
		}, {
			"streams":	[{
					"socket":	8,
					"start":	3.001043,
					"end":	4.000048,
					"seconds":	0.9990050196647644,
					"bytes":	13762560,
					"bits_per_second":	110210136.918978,
					"retransmits":	2100,
					"snd_cwnd":	141520280,
					"snd_wnd":	107364352,
					"rtt":	265473,
					"rttvar":	174,
					"pmtu":	1500,
					"omitted":	false,
					"sender":	true
				}],
			"sum":	{
				"start":	3.001043,
				"end":	4.000048,
				"seconds":	0.9990050196647644,
				"bytes":	13762560,
				"bits_per_second":	110210136.918978,
				"retransmits":	2100,
				"omitted":	false,
				"sender":	true
			}
		}, {
			"streams":	[{
					"socket":	8,
					"start":	4.000048,
					"end":	5.000066,
					"seconds":	1.0000180006027222,
					"bytes":	6946816,
					"bits_per_second":	55573527.643007025,
					"retransmits":	2095,
					"snd_cwnd":	141045336,
					"snd_wnd":	117571584,
					"rtt":	279819,
					"rttvar":	26832,
					"pmtu":	1500,
					"omitted":	false,
					"sender":	true
				}],
			"sum":	{
				"start":	4.000048,
				"end":	5.000066,
				"seconds":	1.0000180006027222,
				"bytes":	6946816,
				"bits_per_second":	55573527.643007025,
				"retransmits":	2095,
				"omitted":	false,
				"sender":	true
			}
		}, {
			"streams":	[{
					"socket":	8,
					"start":	5.000066,
					"end":	6.004052,
					"seconds":	1.0039860010147095,
					"bytes":	5242880,
					"bits_per_second":	41776518.7538561,
					"retransmits":	203,
					"snd_cwnd":	140964248,
					"snd_wnd":	115101696,
					"rtt":	285484,
					"rttvar":	16235,
					"pmtu":	1500,
					"omitted":	false,
					"sender":	true
				}],
			"sum":	{
				"start":	5.000066,
				"end":	6.004052,
				"seconds":	1.0039860010147095,
				"bytes":	5242880,
				"bits_per_second":	41776518.7538561,
				"retransmits":	203,
				"omitted":	false,
				"sender":	true
			}
		}, {
			"streams":	[{
					"socket":	8,
					"start":	6.004052,
					"end":	7.000043,
					"seconds":	0.99599099159240723,
					"bytes":	25559040,
					"bits_per_second":	205295350.78734618,
					"retransmits":	10487,
					"snd_cwnd":	140442968,
					"snd_wnd":	119472128,
					"rtt":	273517,
					"rttvar":	843,
					"pmtu":	1500,
					"omitted":	false,
					"sender":	true
				}],
			"sum":	{
				"start":	6.004052,
				"end":	7.000043,
				"seconds":	0.99599099159240723,
				"bytes":	25559040,
				"bits_per_second":	205295350.78734618,
				"retransmits":	10487,
				"omitted":	false,
				"sender":	true
			}
		}],
	"end":	{
		"streams":	[{
				"sender":	{
					"socket":	8,
					"start":	0,
					"end":	7.000373,
					"seconds":	7.000373,
					"bytes":	107479040,
					"bits_per_second":	122826643.66598752,
					"retransmits":	25019,
					"max_snd_cwnd":	144753664,
					"max_snd_wnd":	119472128,
					"max_rtt":	285484,
					"min_rtt":	265473,
					"mean_rtt":	273244,
					"sender":	true
				},
				"receiver":	{
					"socket":	8,
					"start":	0,
					"end":	7.276294,
					"seconds":	7.000373,
					"bytes":	75366400,
					"bits_per_second":	82862402.2063979,
					"sender":	true
				}
			}],
		"sum_sent":	{
			"start":	0,
			"end":	7.000373,
			"seconds":	7.000373,
			"bytes":	107479040,
			"bits_per_second":	122826643.66598752,
			"retransmits":	25019,
			"sender":	true
		},
		"sum_received":	{
			"start":	0,
			"end":	7.276294,
			"seconds":	7.276294,
			"bytes":	75366400,
			"bits_per_second":	82862402.2063979,
			"sender":	true
		},
		"cpu_utilization_percent":	{
			"host_total":	9.2607889087812545,
			"host_user":	5.3264486646159677,
			"host_system":	3.9343402441652868,
			"remote_total":	0.50944799332958324,
			"remote_user":	0,
			"remote_system":	0.50948922303580657
		},
		"sender_tcp_congestion":	"prague",
		"receiver_tcp_congestion":	"prague"
	}
}
