{
	"start":	{
		"connected":	[{
				"socket":	8,
				"local_host":	"172.16.0.117",
				"local_port":	39960,
				"remote_host":	"172.17.0.117",
				"remote_port":	5201
			}],
		"version":	"iperf 3.16",
		"system_info":	"Linux h1 6.12.54-0b264c55b-l4steam-117 #1 SMP PREEMPT_DYNAMIC Fri Nov  7 18:07:57 UTC 2025 x86_64",
		"timestamp":	{
			"time":	"Sun, 22 Feb 2026 02:50:07 GMT",
			"timesecs":	1771728607
		},
		"connecting_to":	{
			"host":	"172.17.0.117",
			"port":	5201
		},
		"cookie":	"ov3w5dw42ij46ffrnc72425bqjipga7pism4",
		"tcp_mss_default":	1448,
		"target_bitrate":	0,
		"fq_rate":	0,
		"sock_bufsize":	0,
		"sndbuf_actual":	1000000,
		"rcvbuf_actual":	1000000,
		"test_start":	{
			"protocol":	"TCP",
			"num_streams":	1,
			"blksize":	131072,
			"omit":	0,
			"duration":	0,
			"bytes":	107374182,
			"blocks":	0,
			"reverse":	0,
			"tos":	0,
			"target_bitrate":	0,
			"bidir":	0,
			"fqrate":	0
		}
	},
	"intervals":	[{
			"streams":	[{
					"socket":	8,
					"start":	0,
					"end":	1.000951,
					"seconds":	1.0009510517120361,
					"bytes":	24117248,
					"bits_per_second":	192754664.34647033,
					"retransmits":	19,
					"snd_cwnd":	11584,
					"snd_wnd":	745472,
					"rtt":	87492,
					"rttvar":	21991,
					"pmtu":	1500,
					"omitted":	false,
					"sender":	true
				}],
			"sum":	{
				"start":	0,
				"end":	1.000951,
				"seconds":	1.0009510517120361,
				"bytes":	24117248,
				"bits_per_second":	192754664.34647033,
				"retransmits":	19,
				"omitted":	false,
				"sender":	true
			}
		}, {
			"streams":	[{
					"socket":	8,
					"start":	1.000951,
					"end":	2.001044,
					"seconds":	1.0000929832458496,
					"bytes":	0,
					"bits_per_second":	0,
					"retransmits":	490,
					"snd_cwnd":	451776,
					"snd_wnd":	1835008,
					"rtt":	66080,
					"rttvar":	299,
					"pmtu":	1500,
					"omitted":	false,
					"sender":	true
				}],
			"sum":	{
				"start":	1.000951,
				"end":	2.001044,
				"seconds":	1.0000929832458496,
				"bytes":	0,
				"bits_per_second":	0,
				"retransmits":	490,
				"omitted":	false,
				"sender":	true
			}
		}, {
			"streams":	[{
					"socket":	8,
					"start":	2.001044,
					"end":	3.001043,
					"seconds":	0.99999898672103882,
					"bytes":	0,
					"bits_per_second":	0,
					"retransmits":	0,
					"snd_cwnd":	289600,
					"snd_wnd":	5644288,
					"rtt":	65152,
					"rttvar":	260,
					"pmtu":	1500,
					"omitted":	false,
					"sender":	true
				}],
			"sum":	{
				"start":	2.001044,
				"end":	3.001043,
				"seconds":	0.99999898672103882,
				"bytes":	0,
				"bits_per_second":	0,
				"retransmits":	0,
				"omitted":	false,
				"sender":	true
			}
		}, {
			"streams":	[{
					"socket":	8,
					"start":	3.001043,
					"end":	4.001037,
					"seconds":	0.99999397993087769,
					"bytes":	0,
					"bits_per_second":	0,
					"retransmits":	0,
					"snd_cwnd":	347520,
					"snd_wnd":	10199040,
					"rtt":	65031,
					"rttvar":	312,
					"pmtu":	1500,
					"omitted":	false,
					"sender":	true
				}],
			"sum":	{
				"start":	3.001043,
				"end":	4.001037,
				"seconds":	0.99999397993087769,
				"bytes":	0,
				"bits_per_second":	0,
				"retransmits":	0,
				"omitted":	false,
				"sender":	true
			}
		}, {
			"streams":	[{
					"socket":	8,
					"start":	4.001037,
					"end":	5.000985,
					"seconds":	0.999948024749756,
					"bytes":	0,
					"bits_per_second":	0,
					"retransmits":	0,
					"snd_cwnd":	350416,
					"snd_wnd":	15093760,
					"rtt":	64631,
					"rttvar":	252,
					"pmtu":	1500,
					"omitted":	false,
					"sender":	true
				}],
			"sum":	{
				"start":	4.001037,
				"end":	5.000985,
				"seconds":	0.999948024749756,
				"bytes":	0,
				"bits_per_second":	0,
				"retransmits":	0,
				"omitted":	false,
				"sender":	true
			}
		}, {
			"streams":	[{
					"socket":	8,
					"start":	5.000985,
					"end":	6.002619,
					"seconds":	1.0016340017318726,
					"bytes":	0,
					"bits_per_second":	0,
					"retransmits":	0,
					"snd_cwnd":	335936,
					"snd_wnd":	19689472,
					"rtt":	64692,
					"rttvar":	364,
					"pmtu":	1500,
					"omitted":	false,
					"sender":	true
				}],
			"sum":	{
				"start":	5.000985,
				"end":	6.002619,
				"seconds":	1.0016340017318726,
				"bytes":	0,
				"bits_per_second":	0,
				"retransmits":	0,
				"omitted":	false,
				"sender":	true
			}
		}, {
			"streams":	[{
					"socket":	8,
					"start":	6.002619,
					"end":	7.001335,
					"seconds":	0.99871599674224854,
					"bytes":	0,
					"bits_per_second":	0,
					"retransmits":	0,
					"snd_cwnd":	353312,
					"snd_wnd":	24522752,
					"rtt":	64378,
					"rttvar":	154,
					"pmtu":	1500,
					"omitted":	false,
					"sender":	true
				}],
			"sum":	{
				"start":	6.002619,
				"end":	7.001335,
				"seconds":	0.99871599674224854,
				"bytes":	0,
				"bits_per_second":	0,
				"retransmits":	0,
				"omitted":	false,
				"sender":	true
			}
		}, {
			"streams":	[{
					"socket":	8,
					"start":	7.001335,
					"end":	8.008876,
					"seconds":	1.0075409412384033,
					"bytes":	0,
					"bits_per_second":	0,
					"retransmits":	0,
					"snd_cwnd":	353312,
					"snd_wnd":	29454336,
					"rtt":	64191,
					"rttvar":	171,
					"pmtu":	1500,
					"omitted":	false,
					"sender":	true
				}],
			"sum":	{
				"start":	7.001335,
				"end":	8.008876,
				"seconds":	1.0075409412384033,
				"bytes":	0,
				"bits_per_second":	0,
				"retransmits":	0,
				"omitted":	false,
				"sender":	true
			}
		}, {
			"streams":	[{
					"socket":	8,
					"start":	8.008876,
					"end":	9.000887,
					"seconds":	0.99201101064682,
					"bytes":	4063232,
					"bits_per_second":	32767636.297509678,
					"retransmits":	0,
					"snd_cwnd":	495216,
					"snd_wnd":	35213312,
					"rtt":	63443,
					"rttvar":	334,
					"pmtu":	1500,
					"omitted":	false,
					"sender":	true
				}],
			"sum":	{
				"start":	8.008876,
				"end":	9.000887,
				"seconds":	0.99201101064682,
				"bytes":	4063232,
				"bits_per_second":	32767636.297509678,
				"retransmits":	0,
				"omitted":	false,
				"sender":	true
			}
		}, {
			"streams":	[{
					"socket":	8,
					"start":	9.000887,
					"end":	10.001042,
					"seconds":	1.000154972076416,
					"bytes":	36831232,
					"bits_per_second":	294604200.575316,
					"retransmits":	0,
					"snd_cwnd":	4506176,
					"snd_wnd":	64352256,
					"rtt":	62130,
					"rttvar":	229,
					"pmtu":	1500,
					"omitted":	false,
					"sender":	true
				}],
			"sum":	{
				"start":	9.000887,
				"end":	10.001042,
				"seconds":	1.000154972076416,
				"bytes":	36831232,
				"bits_per_second":	294604200.575316,
				"retransmits":	0,
				"omitted":	false,
				"sender":	true
			}
		}, {
			"streams":	[{
					"socket":	8,
					"start":	10.001042,
					"end":	11.001055,
					"seconds":	1.000012993812561,
					"bytes":	42467328,
					"bits_per_second":	339734209.55736041,
					"retransmits":	0,
					"snd_cwnd":	25186512,
					"snd_wnd":	67579904,
					"rtt":	61165,
					"rttvar":	174,
					"pmtu":	1500,
					"omitted":	false,
					"sender":	true
				}],
			"sum":	{
				"start":	10.001042,
				"end":	11.001055,
				"seconds":	1.000012993812561,
				"bytes":	42467328,
				"bits_per_second":	339734209.55736041,
				"retransmits":	0,
				"omitted":	false,
				"sender":	true
			}
		}],
	"end":	{
		"streams":	[{
				"sender":	{
					"socket":	8,
					"start":	0,
					"end":	11.001353,
					"seconds":	11.001353,
					"bytes":	107479040,
					"bits_per_second":	78156961.239222124,
					"retransmits":	509,
					"max_snd_cwnd":	25186512,
					"max_snd_wnd":	67579904,
					"max_rtt":	87492,
					"min_rtt":	61165,
					"mean_rtt":	65795,
					"sender":	true
				},
				"receiver":	{
					"socket":	8,
					"start":	0,
					"end":	11.084751,
					"seconds":	11.001353,
					"bytes":	107479040,
					"bits_per_second":	77568934.114983723,
					"sender":	true
				}
			}],
		"sum_sent":	{
			"start":	0,
			"end":	11.001353,
			"seconds":	11.001353,
			"bytes":	107479040,
			"bits_per_second":	78156961.239222124,
			"retransmits":	509,
			"sender":	true
		},
		"sum_received":	{
			"start":	0,