{
	"start":	{
		"connected":	[{
				"socket":	8,
				"local_host":	"172.16.0.29",
				"local_port":	48944,
				"remote_host":	"172.17.0.29",
				"remote_port":	5201
			}],
		"version":	"iperf 3.16",
		"system_info":	"Linux h1 6.12.54-0b264c55b-l4steam-117 #1 SMP PREEMPT_DYNAMIC Fri Nov  7 18:07:57 UTC 2025 x86_64",
		"timestamp":	{
			"time":	"Sun, 22 Feb 2026 02:50:06 GMT",
			"timesecs":	1771728606
		},
		"connecting_to":	{
			"host":	"172.17.0.29",
			"port":	5201
		},
		"cookie":	"n6hos6yguhuo2d6jiy35cerqcamegwgdb53w",
		"tcp_mss_default":	1448,
		"target_bitrate":	0,
		"fq_rate":	0,
		"sock_bufsize":	0,
		"sndbuf_actual":	1000000,
		"rcvbuf_actual":	1000000,
		"test_start":	{
			"protocol":	"TCP",
			"num_streams":	1,
			"blksize":	131072,
			"omit":	0,
			"duration":	0,
			"bytes":	107374182,
			"blocks":	0,
			"reverse":	0,
			"tos":	0,
			"target_bitrate":	0,
			"bidir":	0,
			"fqrate":	0
		}
	},
	"intervals":	[{
			"streams":	[{
					"socket":	8,
					"start":	0,
					"end":	1.000275,
					"seconds":	1.0002750158309937,
					"bytes":	40501248,
					"bits_per_second":	323920900.62433857,
					"retransmits":	5818,
					"snd_cwnd":	6759264,
					"snd_wnd":	12546048,
					"rtt":	202041,
					"rttvar":	23510,
					"pmtu":	1500,
					"omitted":	false,
					"sender":	true
				}],
			"sum":	{
				"start":	0,
				"end":	1.000275,
				"seconds":	1.0002750158309937,
				"bytes":	40501248,
				"bits_per_second":	323920900.62433857,
				"retransmits":	5818,
				"omitted":	false,
				"sender":	true
			}
		}, {
			"streams":	[{
					"socket":	8,
					"start":	1.000275,
					"end":	2.001046,
					"seconds":	1.0007710456848145,
					"bytes":	0,
					"bits_per_second":	0,
					"retransmits":	817,
					"snd_cwnd":	1795520,
					"snd_wnd":	29032448,
					"rtt":	172260,
					"rttvar":	967,
					"pmtu":	1500,
					"omitted":	false,
					"sender":	true
				}],
			"sum":	{
				"start":	1.000275,
				"end":	2.001046,
				"seconds":	1.0007710456848145,
				"bytes":	0,
				"bits_per_second":	0,
				"retransmits":	817,
				"omitted":	false,
				"sender":	true
			}
		}, {
			"streams":	[{
					"socket":	8,
					"start":	2.001046,
					"end":	3.00104,
					"seconds":	0.99999397993087769,
					"bytes":	6553600,
					"bits_per_second":	52429115.6269001,
					"retransmits":	820,
					"snd_cwnd":	1285824,
					"snd_wnd":	35356672,
					"rtt":	188925,
					"rttvar":	3250,
					"pmtu":	1500,
					"omitted":	false,
					"sender":	true
				}],
			"sum":	{
				"start":	2.001046,
				"end":	3.00104,
				"seconds":	0.99999397993087769,
				"bytes":	6553600,
				"bits_per_second":	52429115.6269001,
				"retransmits":	820,
				"omitted":	false,
				"sender":	true
			}
		}, {
			"streams":	[{
					"socket":	8,
					"start":	3.00104,
					"end":	4.001839,
					"seconds":	1.0007989406585693,
					"bytes":	0,
					"bits_per_second":	0,
					"retransmits":	1048,
					"snd_cwnd":	1485648,
					"snd_wnd":	47284224,
					"rtt":	163442,
					"rttvar":	3308,
					"pmtu":	1500,
					"omitted":	false,
					"sender":	true
				}],
			"sum":	{
				"start":	3.00104,
				"end":	4.001839,
				"seconds":	1.0007989406585693,
				"bytes":	0,
				"bits_per_second":	0,
				"retransmits":	1048,
				"omitted":	false,
				"sender":	true
			}
		}, {
			"streams":	[{
					"socket":	8,
					"start":	4.001839,
					"end":	5.000079,
					"seconds":	0.99823999404907227,
					"bytes":	14024704,
					"bits_per_second":	112395448.65849614,
					"retransmits":	867,
					"snd_cwnd":	1355328,
					"snd_wnd":	59838464,
					"rtt":	135985,
					"rttvar":	687,
					"pmtu":	1500,
					"omitted":	false,
					"sender":	true
				}],
			"sum":	{
				"start":	4.001839,
				"end":	5.000079,
				"seconds":	0.99823999404907227,
				"bytes":	14024704,
				"bits_per_second":	112395448.65849614,
				"retransmits":	867,
				"omitted":	false,
				"sender":	true
			}
		}, {
			"streams":	[{
					"socket":	8,
					"start":	5.000079,
					"end":	6.001043,
					"seconds":	1.0009640455245972,
					"bytes":	6684672,
					"bits_per_second":	53425871.028137617,
					"retransmits":	54,
					"snd_cwnd":	1054144,
					"snd_wnd":	72802304,
					"rtt":	105890,
					"rttvar":	816,
					"pmtu":	1500,
					"omitted":	false,
					"sender":	true
				}],
			"sum":	{
				"start":	5.000079,
				"end":	6.001043,
				"seconds":	1.0009640455245972,
				"bytes":	6684672,
				"bits_per_second":	53425871.028137617,
				"retransmits":	54,
				"omitted":	false,
				"sender":	true
			}
		}, {
			"streams":	[{
					"socket":	8,
					"start":	6.001043,
					"end":	7.001047,
					"seconds":	1.0000040531158447,
					"bytes":	6422528,
					"bits_per_second":	51380015.750844061,
					"retransmits":	0,
					"snd_cwnd":	1010704,
					"snd_wnd":	73834496,
					"rtt":	67841,
					"rttvar":	463,
					"pmtu":	1500,
					"omitted":	false,
					"sender":	true
				}],
			"sum":	{
				"start":	6.001043,
				"end":	7.001047,
				"seconds":	1.0000040531158447,
				"bytes":	6422528,
				"bits_per_second":	51380015.750844061,
				"retransmits":	0,
				"omitted":	false,
				"sender":	true
			}
		}, {
			"streams":	[{
					"socket":	8,
					"start":	7.001047,
					"end":	8.004022,
					"seconds":	1.0029749870300293,
					"bytes":	6553600,
					"bits_per_second":	52273287.6472325,
					"retransmits":	0,
					"snd_cwnd":	1138128,
					"snd_wnd":	73834496,
					"rtt":	67870,
					"rttvar":	389,
					"pmtu":	1500,
					"omitted":	false,
					"sender":	true
				}],
			"sum":	{
				"start":	7.001047,
				"end":	8.004022,
				"seconds":	1.0029749870300293,
				"bytes":	6553600,
				"bits_per_second":	52273287.6472325,
				"retransmits":	0,
				"omitted":	false,
				"sender":	true
			}
		}, {
			"streams":	[{
					"socket":	8,
					"start":	8.004022,
					"end":	9.000263,
					"seconds":	0.99624097347259521,
					"bytes":	13500416,
					"bits_per_second":	108410847.25067371,
					"retransmits":	0,
					"snd_cwnd":	2403680,
					"snd_wnd":	75259904,
					"rtt":	64796,
					"rttvar":	69,
					"pmtu":	1500,
					"omitted":	false,
					"sender":	true
				}],
			"sum":	{
				"start":	8.004022,
				"end":	9.000263,
				"seconds":	0.99624097347259521,
				"bytes":	13500416,
				"bits_per_second":	108410847.25067371,
				"retransmits":	0,
				"omitted":	false,
				"sender":	true
			}
		}, {
			"streams":	[{
					"socket":	8,
					"start":	9.000263,
					"end":	10.000263,
					"seconds":	1,
					"bytes":	13238272,
					"bits_per_second":	105906176,
					"retransmits":	0,
					"snd_cwnd":	11754864,
					"snd_wnd":	109068288,
					"rtt":	64799,
					"rttvar":	71,
					"pmtu":	1500,
					"omitted":	false,
					"sender":	true
				}],
			"sum":	{
				"start":	9.000263,
				"end":	10.000263,
				"seconds":	1,
				"bytes":	13238272,
				"bits_per_second":	105906176,
				"retransmits":	0,
				"omitted":	false,
				"sender":	true
			}
		}],
	"end":	{
		"streams":	[{
				"sender":	{
					"socket":	8,
					"start":	0,
					"end":	10.000533,
					"seconds":	10.000533,
					"bytes":	107479040,
					"bits_per_second":	85978649.3379903,
					"retransmits":	9424,
					"max_snd_cwnd":	11754864,
					"max_snd_wnd":	109068288,
					"max_rtt":	202041,
					"min_rtt":	64796,
					"mean_rtt":	118058,
					"sender":	true
				},
				"receiver":	{
					"socket":	8,
					"start":	0,
					"end":	10.061647,
					"seconds":	10.000533,
					"bytes":	107479040,
					"bits_per_second":	85456418.8149316,
					"sender":	true
				}
			}],
		"sum_sent":	{
			"start":	0,
			"end":	10.000533,
			"seconds":	10.000533,
			"bytes":	107479040,
			"bits_per_second":	85978649.3379903,
			"retransmits":	9424,
			"sender":	true
		},
		"sum_received":	{
			"start":	0,
			"end":	10.061647,
			"seconds":	10.061647,
			"bytes":	107479040,
			"bits_per_second":	85456418.8149316,
			"sender":	true
		},
		"cpu_utilization_percent":	{
			"host_total":	7.1954081717226,
			"host_user":	5.7967590421242621,
			"host_system":	1.39865888035914,
			"remote_total":	1.2938513363492685,
			"remote_user":	0.051194305197568672,
			"remote_system":	1.2426570311517
		},