{
	"start":	{
		"connected":	[{
				"socket":	8,
				"local_host":	"172.16.0.37",
				"local_port":	50486,
				"remote_host":	"172.17.0.37",
				"remote_port":	5201
			}],
		"version":	"iperf 3.16",
		"system_info":	"Linux h1 6.12.54-0b264c55b-l4steam-117 #1 SMP PREEMPT_DYNAMIC Fri Nov  7 18:07:57 UTC 2025 x86_64",
		"timestamp":	{
			"time":	"Sun, 22 Feb 2026 02:50:06 GMT",
			"timesecs":	1771728606
		},
		"connecting_to":	{
			"host":	"172.17.0.37",
			"port":	5201
		},
		"cookie":	"b77vyzq2wkn4kzwvk3lzhygjfjak535ha6v4",
		"tcp_mss_default":	1448,
		"target_bitrate":	0,
		"fq_rate":	0,
		"sock_bufsize":	0,
		"sndbuf_actual":	1000000,
		"rcvbuf_actual":	1000000,
		"test_start":	{
			"protocol":	"TCP",
			"num_streams":	1,
			"blksize":	131072,
			"omit":	0,
			"duration":	0,
			"bytes":	107374182,
			"blocks":	0,
			"reverse":	0,
			"tos":	0,
			"target_bitrate":	0,
			"bidir":	0,
			"fqrate":	0
		}
	},
	"intervals":	[{
			"streams":	[{
					"socket":	8,
					"start":	0,
					"end":	1.003137,
					"seconds":	1.0031369924545288,
					"bytes":	68943872,
					"bits_per_second":	549826175.43635368,
					"retransmits":	2964,
					"snd_cwnd":	22691608,
					"snd_wnd":	33038336,
					"rtt":	205440,
					"rttvar":	2737,
					"pmtu":	1500,
					"omitted":	false,
					"sender":	true
				}],
			"sum":	{
				"start":	0,
				"end":	1.003137,
				"seconds":	1.0031369924545288,
				"bytes":	68943872,
				"bits_per_second":	549826175.43635368,
				"retransmits":	2964,
				"omitted":	false,
				"sender":	true
			}
		}, {
			"streams":	[{
					"socket":	8,
					"start":	1.003137,
					"end":	2.001058,
					"seconds":	0.99792098999023438,
					"bytes":	0,
					"bits_per_second":	0,
					"retransmits":	10108,
					"snd_cwnd":	3399904,
					"snd_wnd":	62218240,
					"rtt":	84808,
					"rttvar":	2462,
					"pmtu":	1500,
					"omitted":	false,
					"sender":	true
				}],
			"sum":	{
				"start":	1.003137,
				"end":	2.001058,
				"seconds":	0.99792098999023438,
				"bytes":	0,
				"bits_per_second":	0,
				"retransmits":	10108,
				"omitted":	false,
				"sender":	true
			}
		}, {
			"streams":	[{
					"socket":	8,
					"start":	2.001058,
					"end":	3.001041,
					"seconds":	0.999983012676239,
					"bytes":	0,
					"bits_per_second":	0,
					"retransmits":	5393,
					"snd_cwnd":	2313904,
					"snd_wnd":	77635584,
					"rtt":	92145,
					"rttvar":	987,
					"pmtu":	1500,
					"omitted":	false,
					"sender":	true
				}],
			"sum":	{
				"start":	2.001058,
				"end":	3.001041,
				"seconds":	0.999983012676239,
				"bytes":	0,
				"bits_per_second":	0,
				"retransmits":	5393,
				"omitted":	false,
				"sender":	true
			}
		}, {
			"streams":	[{
					"socket":	8,
					"start":	3.001041,
					"end":	4.003661,
					"seconds":	1.0026199817657471,
					"bytes":	0,
					"bits_per_second":	0,
					"retransmits":	0,
					"snd_cwnd":	2311008,
					"snd_wnd":	96817152,
					"rtt":	64918,
					"rttvar":	139,
					"pmtu":	1500,
					"omitted":	false,
					"sender":	true
				}],
			"sum":	{
				"start":	3.001041,
				"end":	4.003661,
				"seconds":	1.0026199817657471,
				"bytes":	0,
				"bits_per_second":	0,
				"retransmits":	0,
				"omitted":	false,
				"sender":	true
			}
		}, {
			"streams":	[{
					"socket":	8,
					"start":	4.003661,
					"end":	5.001038,
					"seconds":	0.99737697839736938,
					"bytes":	3801088,
					"bits_per_second":	30488676.456982281,
					"retransmits":	0,
					"snd_cwnd":	2313904,
					"snd_wnd":	115789824,
					"rtt":	179229,
					"rttvar":	2369,
					"pmtu":	1500,
					"omitted":	false,
					"sender":	true
				}],
			"sum":	{
				"start":	4.003661,
				"end":	5.001038,
				"seconds":	0.99737697839736938,
				"bytes":	3801088,
				"bits_per_second":	30488676.456982281,
				"retransmits":	0,
				"omitted":	false,
				"sender":	true
			}
		}, {
			"streams":	[{
					"socket":	8,
					"start":	5.001038,
					"end":	6.001048,
					"seconds":	1.0000100135803223,
					"bytes":	23986176,
					"bits_per_second":	191887486.51924092,
					"retransmits":	12,
					"snd_cwnd":	2313904,
					"snd_wnd":	132399104,
					"rtt":	200090,
					"rttvar":	337,
					"pmtu":	1500,
					"omitted":	false,
					"sender":	true
				}],
			"sum":	{
				"start":	5.001038,
				"end":	6.001048,
				"seconds":	1.0000100135803223,
				"bytes":	23986176,
				"bits_per_second":	191887486.51924092,
				"retransmits":	12,
				"omitted":	false,
				"sender":	true
			}
		}, {
			"streams":	[{
					"socket":	8,
					"start":	6.001048,
					"end":	7.001044,
					"seconds":	0.9999960064888,
					"bytes":	7340032,
					"bits_per_second":	58720490.500936486,
					"retransmits":	0,
					"snd_cwnd":	1650720,
					"snd_wnd":	147005440,
					"rtt":	99630,
					"rttvar":	1046,
					"pmtu":	1500,
					"omitted":	false,
					"sender":	true
				}],
			"sum":	{
				"start":	6.001048,
				"end":	7.001044,
				"seconds":	0.9999960064888,
				"bytes":	7340032,
				"bits_per_second":	58720490.500936486,
				"retransmits":	0,
				"omitted":	false,
				"sender":	true
			}
		}, {
			"streams":	[{
					"socket":	8,
					"start":	7.001044,
					"end":	8.001237,
					"seconds":	1.0001929998397827,
					"bytes":	3407872,
					"bits_per_second":	27257715.265320949,
					"retransmits":	100,
					"snd_cwnd":	1193152,
					"snd_wnd":	147005440,
					"rtt":	142909,
					"rttvar":	4095,
					"pmtu":	1500,
					"omitted":	false,
					"sender":	true
				}],
			"sum":	{
				"start":	7.001044,
				"end":	8.001237,
				"seconds":	1.0001929998397827,
				"bytes":	3407872,
				"bits_per_second":	27257715.265320949,
				"retransmits":	100,
				"omitted":	false,
				"sender":	true
			}
		}],
	"end":	{
		"streams":	[{
				"sender":	{
					"socket":	8,
					"start":	0,
					"end":	8.003389,
					"seconds":	8.003389,
					"bytes":	107479040,
					"bits_per_second":	107433528.47150126,
					"retransmits":	18577,
					"max_snd_cwnd":	22691608,
					"max_snd_wnd":	147005440,
					"max_rtt":	205440,
					"min_rtt":	64918,
					"mean_rtt":	134807,
					"sender":	true
				},
				"receiver":	{
					"socket":	8,
					"start":	0,
					"end":	8.062759,
					"seconds":	8.003389,
					"bytes":	97910784,
					"bits_per_second":	97148664.867696032,
					"sender":	true
				}
			}],
		"sum_sent":	{
			"start":	0,
			"end":	8.003389,
			"seconds":	8.003389,
			"bytes":	107479040,
			"bits_per_second":	107433528.47150126,
			"retransmits":	18577,
			"sender":	true
		},
		"sum_received":	{
			"start":	0,
			"end":	8.062759,
			"seconds":	8.062759,
			"bytes":	97910784,
			"bits_per_second":	97148664.867696032,
			"sender":	true
		},
		"cpu_utilization_percent":	{
			"host_total":	8.8715140679686666,
			"host_user":	8.0012727079892727,
			"host_system":	0.87020499689398645,
			"remote_total":	1.9436328972062766,
			"remote_user":	0,
			"remote_system":	1.9436204945485358
		},
		"sender_tcp_congestion":	"bbr",
		"receiver_tcp_congestion":	"bbr"
	}
}
