{
	"start":	{
		"connected":	[{
				"socket":	8,
				"local_host":	"172.16.0.44",
				"local_port":	36176,
				"remote_host":	"172.17.0.44",
				"remote_port":	5201
			}],
		"version":	"iperf 3.16",
		"system_info":	"Linux h1 6.12.54-0b264c55b-l4steam-117 #1 SMP PREEMPT_DYNAMIC Fri Nov  7 18:07:57 UTC 2025 x86_64",
		"timestamp":	{
			"time":	"Sun, 22 Feb 2026 02:50:06 GMT",
			"timesecs":	1771728606
		},
		"connecting_to":	{
			"host":	"172.17.0.44",
			"port":	5201
		},
		"cookie":	"vi2f5pmfzbysq2vijwzsvj2cxjoq3za5shtc",
		"tcp_mss_default":	1448,
		"target_bitrate":	0,
		"fq_rate":	0,
		"sock_bufsize":	0,
		"sndbuf_actual":	1000000,
		"rcvbuf_actual":	1000000,
		"test_start":	{
			"protocol":	"TCP",
			"num_streams":	1,
			"blksize":	131072,
			"omit":	0,
			"duration":	0,
			"bytes":	107374182,
			"blocks":	0,
			"reverse":	0,
			"tos":	0,
			"target_bitrate":	0,
			"bidir":	0,
			"fqrate":	0
		}
	},
	"intervals":	[{
			"streams":	[{
					"socket":	8,
					"start":	0,
					"end":	1.001042,
					"seconds":	1.0010420083999634,
					"bytes":	27525120,
					"bits_per_second":	219971747.59125528,
					"retransmits":	6765,
					"snd_cwnd":	5980240,
					"snd_wnd":	24760320,
					"rtt":	183672,
					"rttvar":	1270,
					"pmtu":	1500,
					"omitted":	false,
					"sender":	true
				}],
			"sum":	{
				"start":	0,
				"end":	1.001042,
				"seconds":	1.0010420083999634,
				"bytes":	27525120,
				"bits_per_second":	219971747.59125528,
				"retransmits":	6765,
				"omitted":	false,
				"sender":	true
			}
		}, {
			"streams":	[{
					"socket":	8,
					"start":	1.001042,
					"end":	2.001039,
					"seconds":	0.99999701976776123,
					"bytes":	16252928,
					"bits_per_second":	130023811.50115484,
					"retransmits":	914,
					"snd_cwnd":	2090912,
					"snd_wnd":	30482432,
					"rtt":	75177,
					"rttvar":	1154,
					"pmtu":	1500,
					"omitted":	false,
					"sender":	true
				}],
			"sum":	{
				"start":	1.001042,
				"end":	2.001039,
				"seconds":	0.99999701976776123,
				"bytes":	16252928,
				"bits_per_second":	130023811.50115484,
				"retransmits":	914,
				"omitted":	false,
				"sender":	true
			}
		}, {
			"streams":	[{
					"socket":	8,
					"start":	2.001039,
					"end":	3.001049,
					"seconds":	1.0000100135803223,
					"bytes":	9306112,
					"bits_per_second":	74448150.50746505,
					"retransmits":	0,
					"snd_cwnd":	2096704,
					"snd_wnd":	30474240,
					"rtt":	120684,
					"rttvar":	338,
					"pmtu":	1500,
					"omitted":	false,
					"sender":	true
				}],
			"sum":	{
				"start":	2.001039,
				"end":	3.001049,
				"seconds":	1.0000100135803223,
				"bytes":	9306112,
				"bits_per_second":	74448150.50746505,
				"retransmits":	0,
				"omitted":	false,
				"sender":	true
			}
		}, {
			"streams":	[{
					"socket":	8,
					"start":	3.001049,
					"end":	4.001041,
					"seconds":	0.9999920129776,
					"bytes":	14024704,
					"bits_per_second":	112198528.13215743,
					"retransmits":	22,
					"snd_cwnd":	1821584,
					"snd_wnd":	30482432,
					"rtt":	167254,
					"rttvar":	1371,
					"pmtu":	1500,
					"omitted":	false,
					"sender":	true
				}],
			"sum":	{
				"start":	3.001049,
				"end":	4.001041,
				"seconds":	0.9999920129776,
				"bytes":	14024704,
				"bits_per_second":	112198528.13215743,
				"retransmits":	22,
				"omitted":	false,
				"sender":	true
			}
		}, {
			"streams":	[{
					"socket":	8,
					"start":	4.001041,
					"end":	5.001051,
					"seconds":	1.0000100135803223,
					"bytes":	9306112,
					"bits_per_second":	74448150.50746505,
					"retransmits":	0,
					"snd_cwnd":	1754976,
					"snd_wnd":	30482432,
					"rtt":	142868,
					"rttvar":	513,
					"pmtu":	1500,
					"omitted":	false,
					"sender":	true
				}],
			"sum":	{
				"start":	4.001041,
				"end":	5.001051,
				"seconds":	1.0000100135803223,
				"bytes":	9306112,
				"bits_per_second":	74448150.50746505,
				"retransmits":	0,
				"omitted":	false,
				"sender":	true
			}
		}, {
			"streams":	[{
					"socket":	8,
					"start":	5.001051,
					"end":	6.001039,
					"seconds":	0.9999880194664,
					"bytes":	14286848,
					"bits_per_second":	114296153.32890528,
					"retransmits":	0,
					"snd_cwnd":	1711536,
					"snd_wnd":	30482432,
					"rtt":	123978,
					"rttvar":	188,
					"pmtu":	1500,
					"omitted":	false,
					"sender":	true
				}],
			"sum":	{
				"start":	5.001051,
				"end":	6.001039,
				"seconds":	0.9999880194664,
				"bytes":	14286848,
				"bits_per_second":	114296153.32890528,
				"retransmits":	0,
				"omitted":	false,
				"sender":	true
			}
		}, {
			"streams":	[{
					"socket":	8,
					"start":	6.001039,
					"end":	7.001043,
					"seconds":	1.0000040531158447,
					"bytes":	10485760,
					"bits_per_second":	83885740.001378059,
					"retransmits":	0,
					"snd_cwnd":	1824480,
					"snd_wnd":	30474240,
					"rtt":	135858,
					"rttvar":	754,
					"pmtu":	1500,
					"omitted":	false,
					"sender":	true
				}],
			"sum":	{
				"start":	6.001039,
				"end":	7.001043,
				"seconds":	1.0000040531158447,
				"bytes":	10485760,
				"bits_per_second":	83885740.001378059,
				"retransmits":	0,
				"omitted":	false,
				"sender":	true
			}
		}, {
			"streams":	[{
					"socket":	8,
					"start":	7.001043,
					"end":	8.003798,
					"seconds":	1.0027550458908081,
					"bytes":	6291456,
					"bits_per_second":	50193362.981571779,
					"retransmits":	0,
					"snd_cwnd":	2629568,
					"snd_wnd":	30482432,
					"rtt":	65833,
					"rttvar":	269,
					"pmtu":	1500,
					"omitted":	false,
					"sender":	true
				}],
			"sum":	{
				"start":	7.001043,
				"end":	8.003798,
				"seconds":	1.0027550458908081,
				"bytes":	6291456,
				"bits_per_second":	50193362.981571779,
				"retransmits":	0,
				"omitted":	false,
				"sender":	true
			}
		}],
	"end":	{
		"streams":	[{
				"sender":	{
					"socket":	8,
					"start":	0,
					"end":	8.004056,
					"seconds":	8.004056,
					"bytes":	107479040,
					"bits_per_second":	107424575.74009977,
					"retransmits":	7701,
					"max_snd_cwnd":	5980240,
					"max_snd_wnd":	30482432,
					"max_rtt":	183672,
					"min_rtt":	65833,
					"mean_rtt":	120128,
					"sender":	true
				},
				"receiver":	{
					"socket":	8,
					"start":	0,
					"end":	8.074091,
					"seconds":	8.004056,
					"bytes":	105250816,
					"bits_per_second":	104284993.56769697,
					"sender":	true
				}
			}],
		"sum_sent":	{
			"start":	0,
			"end":	8.004056,
			"seconds":	8.004056,
			"bytes":	107479040,
			"bits_per_second":	107424575.74009977,
			"retransmits":	7701,
			"sender":	true
		},
		"sum_received":	{
			"start":	0,
			"end":	8.074091,
			"seconds":	8.074091,
			"bytes":	105250816,
			"bits_per_second":	104284993.56769697,
			"sender":	true
		},
		"cpu_utilization_percent":	{
			"host_total":	7.91431656177512,
			"host_user":	7.4590802004481951,
			"host_system":	0.455236361326926,
			"remote_total":	3.4384026550086459,
			"remote_user":	0.030108626375354868,
			"remote_system":	3.4083064139176908
		},
		"sender_tcp_congestion":	"bbr",
		"receiver_tcp_congestion":	"bbr"
	}
}
