{
	"start":	{
		"connected":	[{
				"socket":	8,
				"local_host":	"172.16.0.85",
				"local_port":	34592,
				"remote_host":	"172.17.0.85",
				"remote_port":	5201
			}],
		"version":	"iperf 3.16",
		"system_info":	"Linux h1 6.12.54-0b264c55b-l4steam-117 #1 SMP PREEMPT_DYNAMIC Fri Nov  7 18:07:57 UTC 2025 x86_64",
		"timestamp":	{
			"time":	"Sun, 22 Feb 2026 02:50:06 GMT",
			"timesecs":	1771728606
		},
		"connecting_to":	{
			"host":	"172.17.0.85",
			"port":	5201
		},
		"cookie":	"jiovf5nww3uvda74ukdzkdoiro6uihwjffcg",
		"tcp_mss_default":	1448,
		"target_bitrate":	0,
		"fq_rate":	0,
		"sock_bufsize":	0,
		"sndbuf_actual":	1000000,
		"rcvbuf_actual":	1000000,
		"test_start":	{
			"protocol":	"TCP",
			"num_streams":	1,
			"blksize":	131072,
			"omit":	0,
			"duration":	0,
			"bytes":	107374182,
			"blocks":	0,
			"reverse":	0,
			"tos":	0,
			"target_bitrate":	0,
			"bidir":	0,
			"fqrate":	0
		}
	},
	"intervals":	[{
			"streams":	[{
					"socket":	8,
					"start":	0,
					"end":	1.000213,
					"seconds":	1.0002130270004272,
					"bytes":	23724032,
					"bits_per_second":	189751833.73603365,
					"retransmits":	343,
					"snd_cwnd":	144808688,
					"snd_wnd":	1351680,
					"rtt":	264334,
					"rttvar":	29989,
					"pmtu":	1500,
					"omitted":	false,
					"sender":	true
				}],
			"sum":	{
				"start":	0,
				"end":	1.000213,
				"seconds":	1.0002130270004272,
				"bytes":	23724032,
				"bits_per_second":	189751833.73603365,
				"retransmits":	343,
				"omitted":	false,
				"sender":	true
			}
		}, {
			"streams":	[{
					"socket":	8,
					"start":	1.000213,
					"end":	2.00104,
					"seconds":	1.0008269548416138,
					"bytes":	0,
					"bits_per_second":	0,
					"retransmits":	985,
					"snd_cwnd":	83984,
					"snd_wnd":	1605632,
					"rtt":	310365,
					"rttvar":	11445,
					"pmtu":	1500,
					"omitted":	false,
					"sender":	true
				}],
			"sum":	{
				"start":	1.000213,
				"end":	2.00104,
				"seconds":	1.0008269548416138,
				"bytes":	0,
				"bits_per_second":	0,
				"retransmits":	985,
				"omitted":	false,
				"sender":	true
			}
		}, {
			"streams":	[{
					"socket":	8,
					"start":	2.00104,
					"end":	3.001034,
					"seconds":	0.99999397993087769,
					"bytes":	0,
					"bits_per_second":	0,
					"retransmits":	1083,
					"snd_cwnd":	324352,
					"snd_wnd":	4435968,
					"rtt":	162994,
					"rttvar":	3295,
					"pmtu":	1500,
					"omitted":	false,
					"sender":	true
				}],
			"sum":	{
				"start":	2.00104,
				"end":	3.001034,
				"seconds":	0.99999397993087769,
				"bytes":	0,
				"bits_per_second":	0,
				"retransmits":	1083,
				"omitted":	false,
				"sender":	true
			}
		}, {
			"streams":	[{
					"socket":	8,
					"start":	3.001034,
					"end":	4.001035,
					"seconds":	1.0000009536743164,
					"bytes":	0,
					"bits_per_second":	0,
					"retransmits":	148,
					"snd_cwnd":	353312,
					"snd_wnd":	8159232,
					"rtt":	128279,
					"rttvar":	470,
					"pmtu":	1500,
					"omitted":	false,
					"sender":	true
				}],
			"sum":	{
				"start":	3.001034,
				"end":	4.001035,
				"seconds":	1.0000009536743164,
				"bytes":	0,
				"bits_per_second":	0,
				"retransmits":	148,
				"omitted":	false,
				"sender":	true
			}
		}, {
			"streams":	[{
					"socket":	8,
					"start":	4.001035,
					"end":	5.00104,
					"seconds":	1.0000050067901611,
					"bytes":	0,
					"bits_per_second":	0,
					"retransmits":	24,
					"snd_cwnd":	321456,
					"snd_wnd":	12099584,
					"rtt":	129620,
					"rttvar":	313,
					"pmtu":	1500,
					"omitted":	false,
					"sender":	true
				}],
			"sum":	{
				"start":	4.001035,
				"end":	5.00104,
				"seconds":	1.0000050067901611,
				"bytes":	0,
				"bits_per_second":	0,
				"retransmits":	24,
				"omitted":	false,
				"sender":	true
			}
		}, {
			"streams":	[{
					"socket":	8,
					"start":	5.00104,
					"end":	6.000206,
					"seconds":	0.99916601181030273,
					"bytes":	0,
					"bits_per_second":	0,
					"retransmits":	16,
					"snd_cwnd":	278016,
					"snd_wnd":	16068608,
					"rtt":	125351,
					"rttvar":	415,
					"pmtu":	1500,
					"omitted":	false,
					"sender":	true
				}],
			"sum":	{
				"start":	5.00104,
				"end":	6.000206,
				"seconds":	0.99916601181030273,
				"bytes":	0,
				"bits_per_second":	0,
				"retransmits":	16,
				"omitted":	false,
				"sender":	true
			}
		}, {
			"streams":	[{
					"socket":	8,
					"start":	6.000206,
					"end":	7.000199,
					"seconds":	0.99999302625656128,
					"bytes":	0,
					"bits_per_second":	0,
					"retransmits":	5,
					"snd_cwnd":	338832,
					"snd_wnd":	20373504,
					"rtt":	68149,
					"rttvar":	613,
					"pmtu":	1500,
					"omitted":	false,
					"sender":	true
				}],
			"sum":	{
				"start":	6.000206,
				"end":	7.000199,
				"seconds":	0.99999302625656128,
				"bytes":	0,
				"bits_per_second":	0,
				"retransmits":	5,
				"omitted":	false,
				"sender":	true
			}
		}, {
			"streams":	[{
					"socket":	8,
					"start":	7.000199,
					"end":	8.000203,
					"seconds":	1.0000040531158447,
					"bytes":	0,
					"bits_per_second":	0,
					"retransmits":	0,
					"snd_cwnd":	344624,
					"snd_wnd":	25227264,
					"rtt":	60475,
					"rttvar":	156,
					"pmtu":	1500,
					"omitted":	false,
					"sender":	true
				}],
			"sum":	{
				"start":	7.000199,
				"end":	8.000203,
				"seconds":	1.0000040531158447,
				"bytes":	0,
				"bits_per_second":	0,
				"retransmits":	0,
				"omitted":	false,
				"sender":	true
			}
		}, {
			"streams":	[{
					"socket":	8,
					"start":	8.000203,
					"end":	9.000215,
					"seconds":	1.0000120401382446,
					"bytes":	4063232,
					"bits_per_second":	32505464.629712153,
					"retransmits":	0,
					"snd_cwnd":	469152,
					"snd_wnd":	31068160,
					"rtt":	59640,
					"rttvar":	134,
					"pmtu":	1500,
					"omitted":	false,
					"sender":	true
				}],
			"sum":	{
				"start":	8.000203,
				"end":	9.000215,
				"seconds":	1.0000120401382446,
				"bytes":	4063232,
				"bits_per_second":	32505464.629712153,
				"retransmits":	0,
				"omitted":	false,
				"sender":	true
			}
		}, {
			"streams":	[{
					"socket":	8,
					"start":	9.000215,
					"end":	10.001049,
					"seconds":	1.0008339881896973,
					"bytes":	39321600,
					"bits_per_second":	314310668.61447966,
					"retransmits":	0,
					"snd_cwnd":	5409728,
					"snd_wnd":	44707840,
					"rtt":	58581,
					"rttvar":	114,
					"pmtu":	1500,
					"omitted":	false,
					"sender":	true
				}],
			"sum":	{
				"start":	9.000215,
				"end":	10.001049,
				"seconds":	1.0008339881896973,
				"bytes":	39321600,
				"bits_per_second":	314310668.61447966,
				"retransmits":	0,
				"omitted":	false,
				"sender":	true
			}
		}, {
			"streams":	[{
					"socket":	8,
					"start":	10.001049,
					"end":	11.001037,
					"seconds":	0.9999880194664,
					"bytes":	40370176,
					"bits_per_second":	322965277.29635626,
					"retransmits":	0,
					"snd_cwnd":	19921584,
					"snd_wnd":	44707840,
					"rtt":	57553,
					"rttvar":	137,
					"pmtu":	1500,
					"omitted":	false,
					"sender":	true
				}],
			"sum":	{
				"start":	10.001049,
				"end":	11.001037,
				"seconds":	0.9999880194664,
				"bytes":	40370176,
				"bits_per_second":	322965277.29635626,
				"retransmits":	0,
				"omitted":	false,
				"sender":	true
			}
		}],
	"end":	{
		"streams":	[{
				"sender":	{
					"socket":	8,
					"start":	0,
					"end":	11.001287,
					"seconds":	11.001287,
					"bytes":	107479040,
					"bits_per_second":	78157430.1261298,
					"retransmits":	2604,
					"max_snd_cwnd":	144808688,
					"max_snd_wnd":	44707840,
					"max_rtt":	310365,
					"min_rtt":	57553,
					"mean_rtt":	123574,
					"sender":	true
				},
				"receiver":	{
					"socket":	8,
					"start":	0,
					"end":	11.079306,
					"seconds":	11.001287,
					"bytes":	107479040,
					"bits_per_second":	77607055.8932121,
					"sender":	true
				}
			}],
		"sum_sent":	{
			"start":	0,
			"end":	11.001287,
			"seconds":	11.001287,
			"bytes":	107479040,
			"bits_per_second":	78157430.1261298,
			"retransmits":	2604,
			"sender":	true
		},