{
	"start":	{
		"connected":	[{
				"socket":	8,
				"local_host":	"172.16.0.89",
				"local_port":	46858,
				"remote_host":	"172.17.0.89",
				"remote_port":	5201
			}],
		"version":	"iperf 3.16",
		"system_info":	"Linux h1 6.12.54-0b264c55b-l4steam-117 #1 SMP PREEMPT_DYNAMIC Fri Nov  7 18:07:57 UTC 2025 x86_64",
		"timestamp":	{
			"time":	"Sun, 22 Feb 2026 02:50:06 GMT",
			"timesecs":	1771728606
		},
		"connecting_to":	{
			"host":	"172.17.0.89",
			"port":	5201
		},
		"cookie":	"gve34thbccigr4el2bf3zpumfeibewqqakht",
		"tcp_mss_default":	1448,
		"target_bitrate":	0,
		"fq_rate":	0,
		"sock_bufsize":	0,
		"sndbuf_actual":	1000000,
		"rcvbuf_actual":	1000000,
		"test_start":	{
			"protocol":	"TCP",
			"num_streams":	1,
			"blksize":	131072,
			"omit":	0,
			"duration":	0,
			"bytes":	107374182,
			"blocks":	0,
			"reverse":	0,
			"tos":	0,
			"target_bitrate":	0,
			"bidir":	0,
			"fqrate":	0
		}
	},
	"intervals":	[{
			"streams":	[{
					"socket":	8,
					"start":	0,
					"end":	1.001059,
					"seconds":	1.0010590553283691,
					"bytes":	21233664,
					"bits_per_second":	169689601.32354945,
					"retransmits":	223,
					"snd_cwnd":	144801448,
					"snd_wnd":	23318528,
					"rtt":	317058,
					"rttvar":	3032,
					"pmtu":	1500,
					"omitted":	false,
					"sender":	true
				}],
			"sum":	{
				"start":	0,
				"end":	1.001059,
				"seconds":	1.0010590553283691,
				"bytes":	21233664,
				"bits_per_second":	169689601.32354945,
				"retransmits":	223,
				"omitted":	false,
				"sender":	true
			}
		}, {
			"streams":	[{
					"socket":	8,
					"start":	1.001059,
					"end":	2.001039,
					"seconds":	0.99997997283935547,
					"bytes":	14548992,
					"bits_per_second":	116394267.04668425,
					"retransmits":	2976,
					"snd_cwnd":	3281168,
					"snd_wnd":	48193536,
					"rtt":	137152,
					"rttvar":	1919,
					"pmtu":	1500,
					"omitted":	false,
					"sender":	true
				}],
			"sum":	{
				"start":	1.001059,
				"end":	2.001039,
				"seconds":	0.99997997283935547,
				"bytes":	14548992,
				"bits_per_second":	116394267.04668425,
				"retransmits":	2976,
				"omitted":	false,
				"sender":	true
			}
		}, {
			"streams":	[{
					"socket":	8,
					"start":	2.001039,
					"end":	3.001042,
					"seconds":	1.0000029802322388,
					"bytes":	10747904,
					"bits_per_second":	85982975.7507637,
					"retransmits":	0,
					"snd_cwnd":	1870816,
					"snd_wnd":	71655424,
					"rtt":	73810,
					"rttvar":	394,
					"pmtu":	1500,
					"omitted":	false,
					"sender":	true
				}],
			"sum":	{
				"start":	2.001039,
				"end":	3.001042,
				"seconds":	1.0000029802322388,
				"bytes":	10747904,
				"bits_per_second":	85982975.7507637,
				"retransmits":	0,
				"omitted":	false,
				"sender":	true
			}
		}, {
			"streams":	[{
					"socket":	8,
					"start":	3.001042,
					"end":	4.001042,
					"seconds":	1,
					"bytes":	10878976,
					"bits_per_second":	87031808,
					"retransmits":	0,
					"snd_cwnd":	1783936,
					"snd_wnd":	74629120,
					"rtt":	64732,
					"rttvar":	214,
					"pmtu":	1500,
					"omitted":	false,
					"sender":	true
				}],
			"sum":	{
				"start":	3.001042,
				"end":	4.001042,
				"seconds":	1,
				"bytes":	10878976,
				"bits_per_second":	87031808,
				"retransmits":	0,
				"omitted":	false,
				"sender":	true
			}
		}, {
			"streams":	[{
					"socket":	8,
					"start":	4.001042,
					"end":	5.001228,
					"seconds":	1.0001859664916992,
					"bytes":	17563648,
					"bits_per_second":	140483058.85840094,
					"retransmits":	0,
					"snd_cwnd":	1922944,
					"snd_wnd":	74629120,
					"rtt":	85714,
					"rttvar":	1452,
					"pmtu":	1500,
					"omitted":	false,
					"sender":	true
				}],
			"sum":	{
				"start":	4.001042,
				"end":	5.001228,
				"seconds":	1.0001859664916992,
				"bytes":	17563648,
				"bits_per_second":	140483058.85840094,
				"retransmits":	0,
				"omitted":	false,
				"sender":	true
			}
		}, {
			"streams":	[{
					"socket":	8,
					"start":	5.001228,
					"end":	6.000488,
					"seconds":	0.99926000833511353,
					"bytes":	17170432,
					"bits_per_second":	137465179.08673632,
					"retransmits":	0,
					"snd_cwnd":	2004032,
					"snd_wnd":	74629120,
					"rtt":	65025,
					"rttvar":	365,
					"pmtu":	1500,
					"omitted":	false,
					"sender":	true
				}],
			"sum":	{
				"start":	5.001228,
				"end":	6.000488,
				"seconds":	0.99926000833511353,
				"bytes":	17170432,
				"bits_per_second":	137465179.08673632,
				"retransmits":	0,
				"omitted":	false,
				"sender":	true
			}
		}, {
			"streams":	[{
					"socket":	8,
					"start":	6.000488,
					"end":	7.00337,
					"seconds":	1.00288200378418,
					"bytes":	15335424,
					"bits_per_second":	122330834.07327895,
					"retransmits":	0,
					"snd_cwnd":	2484768,
					"snd_wnd":	74629120,
					"rtt":	64587,
					"rttvar":	143,
					"pmtu":	1500,
					"omitted":	false,
					"sender":	true
				}],
			"sum":	{
				"start":	6.000488,
				"end":	7.00337,
				"seconds":	1.00288200378418,
				"bytes":	15335424,
				"bits_per_second":	122330834.07327895,
				"retransmits":	0,
				"omitted":	false,
				"sender":	true
			}
		}],
	"end":	{
		"streams":	[{
				"sender":	{
					"socket":	8,
					"start":	0,
					"end":	7.003619,
					"seconds":	7.003619,
					"bytes":	107479040,
					"bits_per_second":	122769716.62793194,
					"retransmits":	3199,
					"max_snd_cwnd":	144801448,
					"max_snd_wnd":	74629120,
					"max_rtt":	317058,
					"min_rtt":	64583,
					"mean_rtt":	109082,
					"sender":	true
				},
				"receiver":	{
					"socket":	8,
					"start":	0,
					"end":	7.069576,
					"seconds":	7.003619,
					"bytes":	91226112,
					"bits_per_second":	103232343.21266226,
					"sender":	true
				}
			}],
		"sum_sent":	{
			"start":	0,
			"end":	7.003619,
			"seconds":	7.003619,
			"bytes":	107479040,
			"bits_per_second":	122769716.62793194,
			"retransmits":	3199,
			"sender":	true
		},
		"sum_received":	{
			"start":	0,
			"end":	7.069576,
			"seconds":	7.069576,
			"bytes":	91226112,
			"bits_per_second":	103232343.21266226,
			"sender":	true
		},
		"cpu_utilization_percent":	{
			"host_total":	0.47791987462019625,
			"host_user":	0.036287157934930828,
			"host_system":	0.44163271668526544,
			"remote_total":	2.161777798398155,
			"remote_user":	0.076652166077901457,
			"remote_system":	2.0851256323202536
		},
		"sender_tcp_congestion":	"bbr",
		"receiver_tcp_congestion":	"bbr"
	}
}
