{
	"start":	{
		"connected":	[{
				"socket":	8,
				"local_host":	"172.16.0.93",
				"local_port":	55942,
				"remote_host":	"172.17.0.93",
				"remote_port":	5201
			}],
		"version":	"iperf 3.16",
		"system_info":	"Linux h1 6.12.54-0b264c55b-l4steam-117 #1 SMP PREEMPT_DYNAMIC Fri Nov  7 18:07:57 UTC 2025 x86_64",
		"timestamp":	{
			"time":	"Sun, 22 Feb 2026 22:09:45 GMT",
			"timesecs":	1771798185
		},
		"connecting_to":	{
			"host":	"172.17.0.93",
			"port":	5201
		},
		"cookie":	"begxmpf5ct64xvyrqukyp54ewgtltbj6r5hs",
		"tcp_mss_default":	1448,
		"target_bitrate":	0,
		"fq_rate":	0,
		"sock_bufsize":	0,
		"sndbuf_actual":	1000000,
		"rcvbuf_actual":	1000000,
		"test_start":	{
			"protocol":	"TCP",
			"num_streams":	1,
			"blksize":	131072,
			"omit":	0,
			"duration":	0,
			"bytes":	1073741824,
			"blocks":	0,
			"reverse":	0,
			"tos":	0,
			"target_bitrate":	0,
			"bidir":	0,
			"fqrate":	0
		}
	},
	"intervals":	[{
			"streams":	[{
					"socket":	8,
					"start":	0,
					"end":	1.00104,
					"seconds":	1.001039981842041,
					"bytes":	19267584,
					"bits_per_second":	153980535.03953114,
					"retransmits":	3793,
					"snd_cwnd":	144261344,
					"snd_wnd":	11898880,
					"rtt":	162687,
					"rttvar":	28101,
					"pmtu":	1500,
					"omitted":	false,
					"sender":	true
				}],
			"sum":	{
				"start":	0,
				"end":	1.00104,
				"seconds":	1.001039981842041,
				"bytes":	19267584,
				"bits_per_second":	153980535.03953114,
				"retransmits":	3793,
				"omitted":	false,
				"sender":	true
			}
		}, {
			"streams":	[{
					"socket":	8,
					"start":	1.00104,
					"end":	2.001038,
					"seconds":	0.99999797344207764,
					"bytes":	24117248,
					"bits_per_second":	192938375.00079238,
					"retransmits":	7397,
					"snd_cwnd":	142341296,
					"snd_wnd":	68333568,
					"rtt":	66793,
					"rttvar":	1190,
					"pmtu":	1500,
					"omitted":	false,
					"sender":	true
				}],
			"sum":	{
				"start":	1.00104,
				"end":	2.001038,
				"seconds":	0.99999797344207764,
				"bytes":	24117248,
				"bits_per_second":	192938375.00079238,
				"retransmits":	7397,
				"omitted":	false,
				"sender":	true
			}
		}, {
			"streams":	[{
					"socket":	8,
					"start":	2.001038,
					"end":	3.001034,
					"seconds":	0.9999960064888,
					"bytes":	23592960,
					"bits_per_second":	188744433.75301012,
					"retransmits":	5271,
					"snd_cwnd":	141798296,
					"snd_wnd":	74924032,
					"rtt":	108754,
					"rttvar":	3392,
					"pmtu":	1500,
					"omitted":	false,
					"sender":	true
				}],
			"sum":	{
				"start":	2.001038,
				"end":	3.001034,
				"seconds":	0.9999960064888,
				"bytes":	23592960,
				"bits_per_second":	188744433.75301012,
				"retransmits":	5271,
				"omitted":	false,
				"sender":	true
			}
		}, {
			"streams":	[{
					"socket":	8,
					"start":	3.001034,
					"end":	4.001042,
					"seconds":	1.0000079870224,
					"bytes":	27656192,
					"bits_per_second":	221247768.889114,
					"retransmits":	4278,
					"snd_cwnd":	141324800,
					"snd_wnd":	77393920,
					"rtt":	64351,
					"rttvar":	784,
					"pmtu":	1500,
					"omitted":	false,
					"sender":	true
				}],
			"sum":	{
				"start":	3.001034,
				"end":	4.001042,
				"seconds":	1.0000079870224,
				"bytes":	27656192,
				"bits_per_second":	221247768.889114,
				"retransmits":	4278,
				"omitted":	false,
				"sender":	true
			}
		}, {
			"streams":	[{
					"socket":	8,
					"start":	4.001042,
					"end":	5.000302,
					"seconds":	0.99926000833511353,
					"bytes":	77201408,
					"bits_per_second":	618068629.6342572,
					"retransmits":	9033,
					"snd_cwnd":	140652928,
					"snd_wnd":	79433728,
					"rtt":	160468,
					"rttvar":	6083,
					"pmtu":	1500,
					"omitted":	false,
					"sender":	true
				}],
			"sum":	{
				"start":	4.001042,
				"end":	5.000302,
				"seconds":	0.99926000833511353,
				"bytes":	77201408,
				"bits_per_second":	618068629.6342572,
				"retransmits":	9033,
				"omitted":	false,
				"sender":	true
			}
		}, {
			"streams":	[{
					"socket":	8,
					"start":	5.000302,
					"end":	6.00041,
					"seconds":	1.000108003616333,
					"bytes":	28835840,
					"bits_per_second":	230661807.6906195,
					"retransmits":	24858,
					"snd_cwnd":	139230992,
					"snd_wnd":	89477120,
					"rtt":	68416,
					"rttvar":	8847,
					"pmtu":	1500,
					"omitted":	false,
					"sender":	true
				}],
			"sum":	{
				"start":	5.000302,
				"end":	6.00041,
				"seconds":	1.000108003616333,
				"bytes":	28835840,
				"bits_per_second":	230661807.6906195,
				"retransmits":	24858,
				"omitted":	false,
				"sender":	true
			}
		}, {
			"streams":	[{
					"socket":	8,
					"start":	6.00041,
					"end":	7.001043,
					"seconds":	1.0006330013275146,
					"bytes":	22282240,
					"bits_per_second":	178145153.88110295,
					"retransmits":	4946,
					"snd_cwnd":	137913312,
					"snd_wnd":	138870784,
					"rtt":	66110,
					"rttvar":	2128,
					"pmtu":	1500,
					"omitted":	false,
					"sender":	true
				}],
			"sum":	{
				"start":	6.00041,
				"end":	7.001043,
				"seconds":	1.0006330013275146,
				"bytes":	22282240,
				"bits_per_second":	178145153.88110295,
				"retransmits":	4946,
				"omitted":	false,
				"sender":	true
			}
		}, {
			"streams":	[{
					"socket":	8,
					"start":	7.001043,
					"end":	8.000389,
					"seconds":	0.99934601783752441,
					"bytes":	39452672,
					"bits_per_second":	315827921.82728678,
					"retransmits":	2588,
					"snd_cwnd":	137003968,
					"snd_wnd":	147644416,
					"rtt":	88897,
					"rttvar":	4862,
					"pmtu":	1500,
					"omitted":	false,
					"sender":	true
				}],
			"sum":	{
				"start":	7.001043,
				"end":	8.000389,
				"seconds":	0.99934601783752441,
				"bytes":	39452672,
				"bits_per_second":	315827921.82728678,
				"retransmits":	2588,
				"omitted":	false,
				"sender":	true
			}
		}, {
			"streams":	[{
					"socket":	8,
					"start":	8.000389,
					"end":	9.000509,
					"seconds":	1.0001200437545776,
					"bytes":	26476544,
					"bits_per_second":	211786928.30195618,
					"retransmits":	4721,
					"snd_cwnd":	136660792,
					"snd_wnd":	145551360,
					"rtt":	73474,
					"rttvar":	5344,
					"pmtu":	1500,
					"omitted":	false,
					"sender":	true
				}],
			"sum":	{
				"start":	8.000389,
				"end":	9.000509,
				"seconds":	1.0001200437545776,
				"bytes":	26476544,
				"bits_per_second":	211786928.30195618,
				"retransmits":	4721,
				"omitted":	false,
				"sender":	true
			}
		}, {
			"streams":	[{
					"socket":	8,
					"start":	9.000509,
					"end":	10.001871,
					"seconds":	1.0013619661331177,
					"bytes":	23461888,
					"bits_per_second":	187439817.31681672,
					"retransmits":	3582,
					"snd_cwnd":	136266936,
					"snd_wnd":	147136512,
					"rtt":	117545,
					"rttvar":	7746,
					"pmtu":	1500,
					"omitted":	false,
					"sender":	true
				}],
			"sum":	{
				"start":	9.000509,
				"end":	10.001871,
				"seconds":	1.0013619661331177,
				"bytes":	23461888,
				"bits_per_second":	187439817.31681672,
				"retransmits":	3582,
				"omitted":	false,
				"sender":	true
			}
		}, {
			"streams":	[{
					"socket":	8,
					"start":	10.001871,
					"end":	11.000273,
					"seconds":	0.99840199947357178,
					"bytes":	61341696,
					"bits_per_second":	491519015.64575142,
					"retransmits":	5940,
					"snd_cwnd":	135777512,
					"snd_wnd":	145338368,
					"rtt":	151898,
					"rttvar":	5002,
					"pmtu":	1500,
					"omitted":	false,
					"sender":	true
				}],
			"sum":	{
				"start":	10.001871,
				"end":	11.000273,
				"seconds":	0.99840199947357178,
				"bytes":	61341696,
				"bits_per_second":	491519015.64575142,
				"retransmits":	5940,
				"omitted":	false,
				"sender":	true
			}
		}, {
			"streams":	[{
					"socket":	8,
					"start":	11.000273,
					"end":	12.000956,
					"seconds":	1.0006829500198364,
					"bytes":	41156608,
					"bits_per_second":	329028154.21555173,
					"retransmits":	27026,
					"snd_cwnd":	134293312,
					"snd_wnd":	146890752,
					"rtt":	205875,
					"rttvar":	4903,
					"pmtu":	1500,
					"omitted":	false,