{
	"start":	{
		"connected":	[{
				"socket":	8,
				"local_host":	"172.16.0.127",
				"local_port":	43966,
				"remote_host":	"172.17.0.127",
				"remote_port":	5201
			}],
		"version":	"iperf 3.16",
		"system_info":	"Linux h1 6.12.54-0b264c55b-l4steam-117 #1 SMP PREEMPT_DYNAMIC Fri Nov  7 18:07:57 UTC 2025 x86_64",
		"timestamp":	{
			"time":	"Sun, 22 Feb 2026 01:34:20 GMT",
			"timesecs":	1771724060
		},
		"connecting_to":	{
			"host":	"172.17.0.127",
			"port":	5201
		},
		"cookie":	"ip73pyvvn7ntxpttsjy4slty6up5win7w2cw",
		"tcp_mss_default":	1448,
		"target_bitrate":	0,
		"fq_rate":	0,
		"sock_bufsize":	0,
		"sndbuf_actual":	1000000,
		"rcvbuf_actual":	1000000,
		"test_start":	{
			"protocol":	"TCP",
			"num_streams":	1,
			"blksize":	131072,
			"omit":	0,
			"duration":	0,
			"bytes":	107374182,
			"blocks":	0,
			"reverse":	0,
			"tos":	0,
			"target_bitrate":	0,
			"bidir":	0,
			"fqrate":	0
		}
	},
	"intervals":	[{
			"streams":	[{
					"socket":	8,
					"start":	0,
					"end":	1.001051,
					"seconds":	1.00105094909668,
					"bytes":	17563648,
					"bits_per_second":	140361671.028624,
					"retransmits":	0,
					"snd_cwnd":	144800000,
					"snd_wnd":	696320,
					"rtt":	624178,
					"rttvar":	11433,
					"pmtu":	1500,
					"omitted":	false,
					"sender":	true
				}],
			"sum":	{
				"start":	0,
				"end":	1.001051,
				"seconds":	1.00105094909668,
				"bytes":	17563648,
				"bits_per_second":	140361671.028624,
				"retransmits":	0,
				"omitted":	false,
				"sender":	true
			}
		}, {
			"streams":	[{
					"socket":	8,
					"start":	1.001051,
					"end":	2.001063,
					"seconds":	1.0000120401382446,
					"bytes":	0,
					"bits_per_second":	0,
					"retransmits":	0,
					"snd_cwnd":	144800000,
					"snd_wnd":	4915200,
					"rtt":	466998,
					"rttvar":	162,
					"pmtu":	1500,
					"omitted":	false,
					"sender":	true
				}],
			"sum":	{
				"start":	1.001051,
				"end":	2.001063,
				"seconds":	1.0000120401382446,
				"bytes":	0,
				"bits_per_second":	0,
				"retransmits":	0,
				"omitted":	false,
				"sender":	true
			}
		}, {
			"streams":	[{
					"socket":	8,
					"start":	2.001063,
					"end":	3.00148,
					"seconds":	1.0004169940948486,
					"bytes":	0,
					"bits_per_second":	0,
					"retransmits":	144,
					"snd_cwnd":	144122336,
					"snd_wnd":	30056448,
					"rtt":	713727,
					"rttvar":	503,
					"pmtu":	1500,
					"omitted":	false,
					"sender":	true
				}],
			"sum":	{
				"start":	2.001063,
				"end":	3.00148,
				"seconds":	1.0004169940948486,
				"bytes":	0,
				"bits_per_second":	0,
				"retransmits":	144,
				"omitted":	false,
				"sender":	true
			}
		}, {
			"streams":	[{
					"socket":	8,
					"start":	3.00148,
					"end":	4.003948,
					"seconds":	1.00246798992157,
					"bytes":	89915392,
					"bits_per_second":	717552224.34212363,
					"retransmits":	0,
					"snd_cwnd":	143961608,
					"snd_wnd":	34496512,
					"rtt":	790617,
					"rttvar":	21271,
					"pmtu":	1500,
					"omitted":	false,
					"sender":	true
				}],
			"sum":	{
				"start":	3.00148,
				"end":	4.003948,
				"seconds":	1.00246798992157,
				"bytes":	89915392,
				"bits_per_second":	717552224.34212363,
				"retransmits":	0,
				"omitted":	false,
				"sender":	true
			}
		}],
	"end":	{
		"streams":	[{
				"sender":	{
					"socket":	8,
					"start":	0,
					"end":	4.006163,
					"seconds":	4.006163,
					"bytes":	107479040,
					"bits_per_second":	214627392.84447488,
					"retransmits":	144,
					"max_snd_cwnd":	144800000,
					"max_snd_wnd":	34496512,
					"max_rtt":	790617,
					"min_rtt":	466998,
					"mean_rtt":	677227,
					"sender":	true
				},
				"receiver":	{
					"socket":	8,
					"start":	0,
					"end":	4.887803,
					"seconds":	4.006163,
					"bytes":	18350080,
					"bits_per_second":	30034074.613890946,
					"sender":	true
				}
			}],
		"sum_sent":	{
			"start":	0,
			"end":	4.006163,
			"seconds":	4.006163,
			"bytes":	107479040,
			"bits_per_second":	214627392.84447488,
			"retransmits":	144,
			"sender":	true
		},
		"sum_received":	{
			"start":	0,
			"end":	4.887803,
			"seconds":	4.887803,
			"bytes":	18350080,
			"bits_per_second":	30034074.613890946,
			"sender":	true
		},
		"cpu_utilization_percent":	{
			"host_total":	4.07134916162581,
			"host_user":	2.2680360498188517,
			"host_system":	1.8033131118069585,
			"remote_total":	0.36245197245397742,
			"remote_user":	0,
			"remote_system":	0.36251334950959735
		},
		"sender_tcp_congestion":	"prague",
		"receiver_tcp_congestion":	"prague"
	}
}
