{
	"start":	{
		"connected":	[{
				"socket":	8,
				"local_host":	"172.16.0.6",
				"local_port":	59990,
				"remote_host":	"172.17.0.6",
				"remote_port":	5201
			}],
		"version":	"iperf 3.16",
		"system_info":	"Linux h1 6.12.54-0b264c55b-l4steam-117 #1 SMP PREEMPT_DYNAMIC Fri Nov  7 18:07:57 UTC 2025 x86_64",
		"timestamp":	{
			"time":	"Sun, 22 Feb 2026 01:34:19 GMT",
			"timesecs":	1771724059
		},
		"connecting_to":	{
			"host":	"172.17.0.6",
			"port":	5201
		},
		"cookie":	"cjqs5cesinnjp2imlwtmpg5gwpnjf6d7nh3d",
		"tcp_mss_default":	1448,
		"target_bitrate":	0,
		"fq_rate":	0,
		"sock_bufsize":	0,
		"sndbuf_actual":	1000000,
		"rcvbuf_actual":	1000000,
		"test_start":	{
			"protocol":	"TCP",
			"num_streams":	1,
			"blksize":	131072,
			"omit":	0,
			"duration":	0,
			"bytes":	107374182,
			"blocks":	0,
			"reverse":	0,
			"tos":	0,
			"target_bitrate":	0,
			"bidir":	0,
			"fqrate":	0
		}
	},
	"intervals":	[{
			"streams":	[{
					"socket":	8,
					"start":	0,
					"end":	1.001063,
					"seconds":	1.0010629892349243,
					"bytes":	42729472,
					"bits_per_second":	341472794.09585655,
					"retransmits":	0,
					"snd_cwnd":	144800000,
					"snd_wnd":	28286976,
					"rtt":	345469,
					"rttvar":	1516,
					"pmtu":	1500,
					"omitted":	false,
					"sender":	true
				}],
			"sum":	{
				"start":	0,
				"end":	1.001063,
				"seconds":	1.0010629892349243,
				"bytes":	42729472,
				"bits_per_second":	341472794.09585655,
				"retransmits":	0,
				"omitted":	false,
				"sender":	true
			}
		}, {
			"streams":	[{
					"socket":	8,
					"start":	1.001063,
					"end":	2.001058,
					"seconds":	0.999994993209839,
					"bytes":	13238272,
					"bits_per_second":	105906706.25265487,
					"retransmits":	0,
					"snd_cwnd":	144800000,
					"snd_wnd":	62300160,
					"rtt":	561938,
					"rttvar":	827,
					"pmtu":	1500,
					"omitted":	false,
					"sender":	true
				}],
			"sum":	{
				"start":	1.001063,
				"end":	2.001058,
				"seconds":	0.999994993209839,
				"bytes":	13238272,
				"bits_per_second":	105906706.25265487,
				"retransmits":	0,
				"omitted":	false,
				"sender":	true
			}
		}, {
			"streams":	[{
					"socket":	8,
					"start":	2.001058,
					"end":	3.001078,
					"seconds":	1.0000200271606445,
					"bytes":	24117248,
					"bits_per_second":	192934120.0773834,
					"retransmits":	19,
					"snd_cwnd":	144339536,
					"snd_wnd":	121970688,
					"rtt":	668858,
					"rttvar":	410,
					"pmtu":	1500,
					"omitted":	false,
					"sender":	true
				}],
			"sum":	{
				"start":	2.001058,
				"end":	3.001078,
				"seconds":	1.0000200271606445,
				"bytes":	24117248,
				"bits_per_second":	192934120.0773834,
				"retransmits":	19,
				"omitted":	false,
				"sender":	true
			}
		}, {
			"streams":	[{
					"socket":	8,
					"start":	3.001078,
					"end":	4.00113,
					"seconds":	1.0000519752502441,
					"bytes":	17039360,
					"bits_per_second":	136307795.36822551,
					"retransmits":	1293,
					"snd_cwnd":	143909480,
					"snd_wnd":	141070336,
					"rtt":	450666,
					"rttvar":	1669,
					"pmtu":	1500,
					"omitted":	false,
					"sender":	true
				}],
			"sum":	{
				"start":	3.001078,
				"end":	4.00113,
				"seconds":	1.0000519752502441,
				"bytes":	17039360,
				"bits_per_second":	136307795.36822551,
				"retransmits":	1293,
				"omitted":	false,
				"sender":	true
			}
		}, {
			"streams":	[{
					"socket":	8,
					"start":	4.00113,
					"end":	5.005201,
					"seconds":	1.0040709972381592,
					"bytes":	0,
					"bits_per_second":	0,
					"retransmits":	68,
					"snd_cwnd":	143844320,
					"snd_wnd":	138665984,
					"rtt":	479699,
					"rttvar":	494,
					"pmtu":	1500,
					"omitted":	false,
					"sender":	true
				}],
			"sum":	{
				"start":	4.00113,
				"end":	5.005201,
				"seconds":	1.0040709972381592,
				"bytes":	0,
				"bits_per_second":	0,
				"retransmits":	68,
				"omitted":	false,
				"sender":	true
			}
		}, {
			"streams":	[{
					"socket":	8,
					"start":	5.005201,
					"end":	6.001037,
					"seconds":	0.99583601951599121,
					"bytes":	10354688,
					"bits_per_second":	83183880.053125337,
					"retransmits":	0,
					"snd_cwnd":	143379512,
					"snd_wnd":	142970880,
					"rtt":	710647,
					"rttvar":	400,
					"pmtu":	1500,
					"omitted":	false,
					"sender":	true
				}],
			"sum":	{
				"start":	5.005201,
				"end":	6.001037,
				"seconds":	0.99583601951599121,
				"bytes":	10354688,
				"bits_per_second":	83183880.053125337,
				"retransmits":	0,
				"omitted":	false,
				"sender":	true
			}
		}],
	"end":	{
		"streams":	[{
				"sender":	{
					"socket":	8,
					"start":	0,
					"end":	6.001621,
					"seconds":	6.001621,
					"bytes":	107479040,
					"bits_per_second":	143266680.78507456,
					"retransmits":	1380,
					"max_snd_cwnd":	144800000,
					"max_snd_wnd":	142970880,
					"max_rtt":	710647,
					"min_rtt":	345469,
					"mean_rtt":	561132,
					"sender":	true
				},
				"receiver":	{
					"socket":	8,
					"start":	0,
					"end":	6.837078,
					"seconds":	6.001621,
					"bytes":	107479040,
					"bits_per_second":	125760203.40853213,
					"sender":	true
				}
			}],
		"sum_sent":	{
			"start":	0,
			"end":	6.001621,
			"seconds":	6.001621,
			"bytes":	107479040,
			"bits_per_second":	143266680.78507456,
			"retransmits":	1380,
			"sender":	true
		},
		"sum_received":	{
			"start":	0,
			"end":	6.837078,
			"seconds":	6.837078,
			"bytes":	107479040,
			"bits_per_second":	125760203.40853213,
			"sender":	true
		},
		"cpu_utilization_percent":	{
			"host_total":	17.307147725839691,
			"host_user":	11.347990505243027,
			"host_system":	5.959125294715788,
			"remote_total":	1.2246730699756767,
			"remote_user":	0,
			"remote_system":	1.2247023221867781
		},
		"sender_tcp_congestion":	"prague",
		"receiver_tcp_congestion":	"prague"
	}
}
