{
	"start":	{
		"connected":	[{
				"socket":	8,
				"local_host":	"172.16.0.109",
				"local_port":	58054,
				"remote_host":	"172.17.0.109",
				"remote_port":	5201
			}],
		"version":	"iperf 3.16",
		"system_info":	"Linux h1 6.12.54-0b264c55b-l4steam-117 #1 SMP PREEMPT_DYNAMIC Fri Nov  7 18:07:57 UTC 2025 x86_64",
		"timestamp":	{
			"time":	"Sun, 22 Feb 2026 02:11:18 GMT",
			"timesecs":	1771726278
		},
		"connecting_to":	{
			"host":	"172.17.0.109",
			"port":	5201
		},
		"cookie":	"tkv2ijxqyje2baqymnjr52fwzvpuoxbsrdsw",
		"tcp_mss_default":	1448,
		"target_bitrate":	0,
		"fq_rate":	0,
		"sock_bufsize":	0,
		"sndbuf_actual":	1000000,
		"rcvbuf_actual":	1000000,
		"test_start":	{
			"protocol":	"TCP",
			"num_streams":	1,
			"blksize":	131072,
			"omit":	0,
			"duration":	0,
			"bytes":	107374182,
			"blocks":	0,
			"reverse":	0,
			"tos":	0,
			"target_bitrate":	0,
			"bidir":	0,
			"fqrate":	0
		}
	},
	"intervals":	[{
			"streams":	[{
					"socket":	8,
					"start":	0,
					"end":	1.001059,
					"seconds":	1.0010590553283691,
					"bytes":	17301504,
					"bits_per_second":	138265601.0784477,
					"retransmits":	13,
					"snd_cwnd":	1880952,
					"snd_wnd":	8908800,
					"rtt":	88135,
					"rttvar":	726,
					"pmtu":	1500,
					"omitted":	false,
					"sender":	true
				}],
			"sum":	{
				"start":	0,
				"end":	1.001059,
				"seconds":	1.0010590553283691,
				"bytes":	17301504,
				"bits_per_second":	138265601.0784477,
				"retransmits":	13,
				"omitted":	false,
				"sender":	true
			}
		}, {
			"streams":	[{
					"socket":	8,
					"start":	1.001059,
					"end":	2.001038,
					"seconds":	0.999979019165039,
					"bytes":	0,
					"bits_per_second":	0,
					"retransmits":	0,
					"snd_cwnd":	1880952,
					"snd_wnd":	16297984,
					"rtt":	91475,
					"rttvar":	1666,
					"pmtu":	1500,
					"omitted":	false,
					"sender":	true
				}],
			"sum":	{
				"start":	1.001059,
				"end":	2.001038,
				"seconds":	0.999979019165039,
				"bytes":	0,
				"bits_per_second":	0,
				"retransmits":	0,
				"omitted":	false,
				"sender":	true
			}
		}, {
			"streams":	[{
					"socket":	8,
					"start":	2.001038,
					"end":	3.001052,
					"seconds":	1.0000139474868774,
					"bytes":	3801088,
					"bits_per_second":	30408279.8809154,
					"retransmits":	0,
					"snd_cwnd":	1880952,
					"snd_wnd":	26386432,
					"rtt":	77854,
					"rttvar":	1038,
					"pmtu":	1500,
					"omitted":	false,
					"sender":	true
				}],
			"sum":	{
				"start":	2.001038,
				"end":	3.001052,
				"seconds":	1.0000139474868774,
				"bytes":	3801088,
				"bits_per_second":	30408279.8809154,
				"retransmits":	0,
				"omitted":	false,
				"sender":	true
			}
		}, {
			"streams":	[{
					"socket":	8,
					"start":	3.001052,
					"end":	4.001092,
					"seconds":	1.0000400543212891,
					"bytes":	7471104,
					"bits_per_second":	59766438.0958862,
					"retransmits":	0,
					"snd_cwnd":	1880952,
					"snd_wnd":	38965248,
					"rtt":	75641,
					"rttvar":	603,
					"pmtu":	1500,
					"omitted":	false,
					"sender":	true
				}],
			"sum":	{
				"start":	3.001052,
				"end":	4.001092,
				"seconds":	1.0000400543212891,
				"bytes":	7471104,
				"bits_per_second":	59766438.0958862,
				"retransmits":	0,
				"omitted":	false,
				"sender":	true
			}
		}, {
			"streams":	[{
					"socket":	8,
					"start":	4.001092,
					"end":	5.001032,
					"seconds":	0.99993997812271118,
					"bytes":	11665408,
					"bits_per_second":	93328865.773729,
					"retransmits":	0,
					"snd_cwnd":	1327816,
					"snd_wnd":	44896256,
					"rtt":	64312,
					"rttvar":	430,
					"pmtu":	1500,
					"omitted":	false,
					"sender":	true
				}],
			"sum":	{
				"start":	4.001092,
				"end":	5.001032,
				"seconds":	0.99993997812271118,
				"bytes":	11665408,
				"bits_per_second":	93328865.773729,
				"retransmits":	0,
				"omitted":	false,
				"sender":	true
			}
		}, {
			"streams":	[{
					"socket":	8,
					"start":	5.001032,
					"end":	6.00178,
					"seconds":	1.0007480382919312,
					"bytes":	23330816,
					"bits_per_second":	186507013.61210442,
					"retransmits":	0,
					"snd_cwnd":	1420488,
					"snd_wnd":	44896256,
					"rtt":	61093,
					"rttvar":	99,
					"pmtu":	1500,
					"omitted":	false,
					"sender":	true
				}],
			"sum":	{
				"start":	5.001032,
				"end":	6.00178,
				"seconds":	1.0007480382919312,
				"bytes":	23330816,
				"bits_per_second":	186507013.61210442,
				"retransmits":	0,
				"omitted":	false,
				"sender":	true
			}
		}, {
			"streams":	[{
					"socket":	8,
					"start":	6.00178,
					"end":	7.001458,
					"seconds":	0.99967801570892334,
					"bytes":	23461888,
					"bits_per_second":	187755558.34034792,
					"retransmits":	0,
					"snd_cwnd":	1488544,
					"snd_wnd":	44896256,
					"rtt":	61170,
					"rttvar":	202,
					"pmtu":	1500,
					"omitted":	false,
					"sender":	true
				}],
			"sum":	{
				"start":	6.00178,
				"end":	7.001458,
				"seconds":	0.99967801570892334,
				"bytes":	23461888,
				"bits_per_second":	187755558.34034792,
				"retransmits":	0,
				"omitted":	false,
				"sender":	true
			}
		}, {
			"streams":	[{
					"socket":	8,
					"start":	7.001458,
					"end":	8.001222,
					"seconds":	0.99976402521133423,
					"bytes":	20447232,
					"bits_per_second":	163616465.36083576,
					"retransmits":	0,
					"snd_cwnd":	1537776,
					"snd_wnd":	44879872,
					"rtt":	60987,
					"rttvar":	91,
					"pmtu":	1500,
					"omitted":	false,
					"sender":	true
				}],
			"sum":	{
				"start":	7.001458,
				"end":	8.001222,
				"seconds":	0.99976402521133423,
				"bytes":	20447232,
				"bits_per_second":	163616465.36083576,
				"retransmits":	0,
				"omitted":	false,
				"sender":	true
			}
		}],
	"end":	{
		"streams":	[{
				"sender":	{
					"socket":	8,
					"start":	0,
					"end":	8.001947,
					"seconds":	8.001947,
					"bytes":	107479040,
					"bits_per_second":	107452888.653224,
					"retransmits":	13,
					"max_snd_cwnd":	1880952,
					"max_snd_wnd":	44896256,
					"max_rtt":	91475,
					"min_rtt":	60987,
					"mean_rtt":	71297,
					"sender":	true
				},
				"receiver":	{
					"socket":	8,
					"start":	0,
					"end":	8.067212,
					"seconds":	8.001947,
					"bytes":	102629376,
					"bits_per_second":	101774319.0584306,
					"sender":	true
				}
			}],
		"sum_sent":	{
			"start":	0,
			"end":	8.001947,
			"seconds":	8.001947,
			"bytes":	107479040,
			"bits_per_second":	107452888.653224,
			"retransmits":	13,
			"sender":	true
		},
		"sum_received":	{
			"start":	0,
			"end":	8.067212,
			"seconds":	8.067212,
			"bytes":	102629376,
			"bits_per_second":	101774319.0584306,
			"sender":	true
		},
		"cpu_utilization_percent":	{
			"host_total":	1.5997825204231215,
			"host_user":	0.21356528860778662,
			"host_system":	1.38620647827613,
			"remote_total":	2.52768392410428,
			"remote_user":	0.065908644940820438,
			"remote_system":	2.4617628833302945
		},
		"sender_tcp_congestion":	"cubic",
		"receiver_tcp_congestion":	"cubic"
	}
}
