{
	"start":	{
		"connected":	[{
				"socket":	8,
				"local_host":	"172.16.0.24",
				"local_port":	47524,
				"remote_host":	"172.17.0.24",
				"remote_port":	5201
			}],
		"version":	"iperf 3.16",
		"system_info":	"Linux h1 6.12.54-0b264c55b-l4steam-117 #1 SMP PREEMPT_DYNAMIC Fri Nov  7 18:07:57 UTC 2025 x86_64",
		"timestamp":	{
			"time":	"Sun, 22 Feb 2026 02:11:17 GMT",
			"timesecs":	1771726277
		},
		"connecting_to":	{
			"host":	"172.17.0.24",
			"port":	5201
		},
		"cookie":	"6bxnuzsmdqw5ctdlcm5ipohmsifrskcea5i4",
		"tcp_mss_default":	1448,
		"target_bitrate":	0,
		"fq_rate":	0,
		"sock_bufsize":	0,
		"sndbuf_actual":	1000000,
		"rcvbuf_actual":	1000000,
		"test_start":	{
			"protocol":	"TCP",
			"num_streams":	1,
			"blksize":	131072,
			"omit":	0,
			"duration":	0,
			"bytes":	107374182,
			"blocks":	0,
			"reverse":	0,
			"tos":	0,
			"target_bitrate":	0,
			"bidir":	0,
			"fqrate":	0
		}
	},
	"intervals":	[{
			"streams":	[{
					"socket":	8,
					"start":	0,
					"end":	1.001035,
					"seconds":	1.00103497505188,
					"bytes":	41025536,
					"bits_per_second":	327864955.95020586,
					"retransmits":	4973,
					"snd_cwnd":	6516000,
					"snd_wnd":	30965760,
					"rtt":	104229,
					"rttvar":	5400,
					"pmtu":	1500,
					"omitted":	false,
					"sender":	true
				}],
			"sum":	{
				"start":	0,
				"end":	1.001035,
				"seconds":	1.00103497505188,
				"bytes":	41025536,
				"bits_per_second":	327864955.95020586,
				"retransmits":	4973,
				"omitted":	false,
				"sender":	true
			}
		}, {
			"streams":	[{
					"socket":	8,
					"start":	1.001035,
					"end":	2.001038,
					"seconds":	1.0000029802322388,
					"bytes":	4063232,
					"bits_per_second":	32505759.12528871,
					"retransmits":	8772,
					"snd_cwnd":	1860680,
					"snd_wnd":	30294016,
					"rtt":	127956,
					"rttvar":	1130,
					"pmtu":	1500,
					"omitted":	false,
					"sender":	true
				}],
			"sum":	{
				"start":	1.001035,
				"end":	2.001038,
				"seconds":	1.0000029802322388,
				"bytes":	4063232,
				"bits_per_second":	32505759.12528871,
				"retransmits":	8772,
				"omitted":	false,
				"sender":	true
			}
		}, {
			"streams":	[{
					"socket":	8,
					"start":	2.001038,
					"end":	3.00135,
					"seconds":	1.0003119707107544,
					"bytes":	10747904,
					"bits_per_second":	85956416.115770459,
					"retransmits":	4747,
					"snd_cwnd":	2435536,
					"snd_wnd":	30969856,
					"rtt":	97474,
					"rttvar":	646,
					"pmtu":	1500,
					"omitted":	false,
					"sender":	true
				}],
			"sum":	{
				"start":	2.001038,
				"end":	3.00135,
				"seconds":	1.0003119707107544,
				"bytes":	10747904,
				"bits_per_second":	85956416.115770459,
				"retransmits":	4747,
				"omitted":	false,
				"sender":	true
			}
		}, {
			"streams":	[{
					"socket":	8,
					"start":	3.00135,
					"end":	4.001036,
					"seconds":	0.99968600273132324,
					"bytes":	19529728,
					"bits_per_second":	156286897.65899488,
					"retransmits":	1036,
					"snd_cwnd":	1957696,
					"snd_wnd":	30969856,
					"rtt":	93847,
					"rttvar":	353,
					"pmtu":	1500,
					"omitted":	false,
					"sender":	true
				}],
			"sum":	{
				"start":	3.00135,
				"end":	4.001036,
				"seconds":	0.99968600273132324,
				"bytes":	19529728,
				"bits_per_second":	156286897.65899488,
				"retransmits":	1036,
				"omitted":	false,
				"sender":	true
			}
		}, {
			"streams":	[{
					"socket":	8,
					"start":	4.001036,
					"end":	5.001035,
					"seconds":	0.99999898672103882,
					"bytes":	10485760,
					"bits_per_second":	83886165.000086129,
					"retransmits":	0,
					"snd_cwnd":	742824,
					"snd_wnd":	30969856,
					"rtt":	64859,
					"rttvar":	92,
					"pmtu":	1500,
					"omitted":	false,
					"sender":	true
				}],
			"sum":	{
				"start":	4.001036,
				"end":	5.001035,
				"seconds":	0.99999898672103882,
				"bytes":	10485760,
				"bits_per_second":	83886165.000086129,
				"retransmits":	0,
				"omitted":	false,
				"sender":	true
			}
		}, {
			"streams":	[{
					"socket":	8,
					"start":	5.001035,
					"end":	6.003974,
					"seconds":	1.002938985824585,
					"bytes":	13893632,
					"bits_per_second":	110823347.75192405,
					"retransmits":	0,
					"snd_cwnd":	789160,
					"snd_wnd":	30957568,
					"rtt":	65027,
					"rttvar":	266,
					"pmtu":	1500,
					"omitted":	false,
					"sender":	true
				}],
			"sum":	{
				"start":	5.001035,
				"end":	6.003974,
				"seconds":	1.002938985824585,
				"bytes":	13893632,
				"bits_per_second":	110823347.75192405,
				"retransmits":	0,
				"omitted":	false,
				"sender":	true
			}
		}, {
			"streams":	[{
					"socket":	8,
					"start":	6.003974,
					"end":	7.000732,
					"seconds":	0.996757984161377,
					"bytes":	7733248,
					"bits_per_second":	62067206.867724255,
					"retransmits":	0,
					"snd_cwnd":	818120,
					"snd_wnd":	30969856,
					"rtt":	64647,
					"rttvar":	59,
					"pmtu":	1500,
					"omitted":	false,
					"sender":	true
				}],
			"sum":	{
				"start":	6.003974,
				"end":	7.000732,
				"seconds":	0.996757984161377,
				"bytes":	7733248,
				"bits_per_second":	62067206.867724255,
				"retransmits":	0,
				"omitted":	false,
				"sender":	true
			}
		}],
	"end":	{
		"streams":	[{
				"sender":	{
					"socket":	8,
					"start":	0,
					"end":	7.00097,
					"seconds":	7.00097,
					"bytes":	107479040,
					"bits_per_second":	122816169.75933336,
					"retransmits":	19528,
					"max_snd_cwnd":	6516000,
					"max_snd_wnd":	30969856,
					"max_rtt":	127956,
					"min_rtt":	64647,
					"mean_rtt":	85335,
					"sender":	true
				},
				"receiver":	{
					"socket":	8,
					"start":	0,
					"end":	7.06769,
					"seconds":	7.00097,
					"bytes":	102367232,
					"bits_per_second":	115870653.07052234,
					"sender":	true
				}
			}],
		"sum_sent":	{
			"start":	0,
			"end":	7.00097,
			"seconds":	7.00097,
			"bytes":	107479040,
			"bits_per_second":	122816169.75933336,
			"retransmits":	19528,
			"sender":	true
		},
		"sum_received":	{
			"start":	0,
			"end":	7.06769,
			"seconds":	7.06769,
			"bytes":	102367232,
			"bits_per_second":	115870653.07052234,
			"sender":	true
		},
		"cpu_utilization_percent":	{
			"host_total":	2.4573899645016146,
			"host_user":	1.123812763839815,
			"host_system":	1.333590962926386,
			"remote_total":	3.4550814649053034,
			"remote_user":	0.065862954684306335,
			"remote_system":	3.3892185102209966
		},
		"sender_tcp_congestion":	"cubic",
		"receiver_tcp_congestion":	"cubic"
	}
}
