{
	"start":	{
		"connected":	[{
				"socket":	8,
				"local_host":	"172.16.0.64",
				"local_port":	47668,
				"remote_host":	"172.17.0.64",
				"remote_port":	5201
			}],
		"version":	"iperf 3.16",
		"system_info":	"Linux h1 6.12.54-0b264c55b-l4steam-117 #1 SMP PREEMPT_DYNAMIC Fri Nov  7 18:07:57 UTC 2025 x86_64",
		"timestamp":	{
			"time":	"Sun, 22 Feb 2026 02:11:17 GMT",
			"timesecs":	1771726277
		},
		"connecting_to":	{
			"host":	"172.17.0.64",
			"port":	5201
		},
		"cookie":	"pcaeicrgmuivcm4gh7npzfjwvinbognty6hd",
		"tcp_mss_default":	1448,
		"target_bitrate":	0,
		"fq_rate":	0,
		"sock_bufsize":	0,
		"sndbuf_actual":	1000000,
		"rcvbuf_actual":	1000000,
		"test_start":	{
			"protocol":	"TCP",
			"num_streams":	1,
			"blksize":	131072,
			"omit":	0,
			"duration":	0,
			"bytes":	107374182,
			"blocks":	0,
			"reverse":	0,
			"tos":	0,
			"target_bitrate":	0,
			"bidir":	0,
			"fqrate":	0
		}
	},
	"intervals":	[{
			"streams":	[{
					"socket":	8,
					"start":	0,
					"end":	1.001034,
					"seconds":	1.0010340213775635,
					"bytes":	24117248,
					"bits_per_second":	192738688.07624564,
					"retransmits":	1491,
					"snd_cwnd":	2800432,
					"snd_wnd":	15970304,
					"rtt":	87151,
					"rttvar":	1531,
					"pmtu":	1500,
					"omitted":	false,
					"sender":	true
				}],
			"sum":	{
				"start":	0,
				"end":	1.001034,
				"seconds":	1.0010340213775635,
				"bytes":	24117248,
				"bits_per_second":	192738688.07624564,
				"retransmits":	1491,
				"omitted":	false,
				"sender":	true
			}
		}, {
			"streams":	[{
					"socket":	8,
					"start":	1.001034,
					"end":	2.001035,
					"seconds":	1.0000009536743164,
					"bytes":	4063232,
					"bits_per_second":	32505825.000029564,
					"retransmits":	219,
					"snd_cwnd":	1413248,
					"snd_wnd":	32903168,
					"rtt":	90678,
					"rttvar":	2822,
					"pmtu":	1500,
					"omitted":	false,
					"sender":	true
				}],
			"sum":	{
				"start":	1.001034,
				"end":	2.001035,
				"seconds":	1.0000009536743164,
				"bytes":	4063232,
				"bits_per_second":	32505825.000029564,
				"retransmits":	219,
				"omitted":	false,
				"sender":	true
			}
		}, {
			"streams":	[{
					"socket":	8,
					"start":	2.001035,
					"end":	3.001042,
					"seconds":	1.0000070333480835,
					"bytes":	12189696,
					"bits_per_second":	97516882.129823968,
					"retransmits":	0,
					"snd_cwnd":	498112,
					"snd_wnd":	36065280,
					"rtt":	64713,
					"rttvar":	91,
					"pmtu":	1500,
					"omitted":	false,
					"sender":	true
				}],
			"sum":	{
				"start":	2.001035,
				"end":	3.001042,
				"seconds":	1.0000070333480835,
				"bytes":	12189696,
				"bits_per_second":	97516882.129823968,
				"retransmits":	0,
				"omitted":	false,
				"sender":	true
			}
		}, {
			"streams":	[{
					"socket":	8,
					"start":	3.001042,
					"end":	4.002329,
					"seconds":	1.00128698348999,
					"bytes":	4063232,
					"bits_per_second":	32464075.271108285,
					"retransmits":	0,
					"snd_cwnd":	532864,
					"snd_wnd":	36065280,
					"rtt":	64825,
					"rttvar":	129,
					"pmtu":	1500,
					"omitted":	false,
					"sender":	true
				}],
			"sum":	{
				"start":	3.001042,
				"end":	4.002329,
				"seconds":	1.00128698348999,
				"bytes":	4063232,
				"bits_per_second":	32464075.271108285,
				"retransmits":	0,
				"omitted":	false,
				"sender":	true
			}
		}, {
			"streams":	[{
					"socket":	8,
					"start":	4.002329,
					"end":	5.001037,
					"seconds":	0.99870800971984863,
					"bytes":	8126464,
					"bits_per_second":	65095815.160465851,
					"retransmits":	0,
					"snd_cwnd":	556032,
					"snd_wnd":	36057088,
					"rtt":	64843,
					"rttvar":	94,
					"pmtu":	1500,
					"omitted":	false,
					"sender":	true
				}],
			"sum":	{
				"start":	4.002329,
				"end":	5.001037,
				"seconds":	0.99870800971984863,
				"bytes":	8126464,
				"bits_per_second":	65095815.160465851,
				"retransmits":	0,
				"omitted":	false,
				"sender":	true
			}
		}, {
			"streams":	[{
					"socket":	8,
					"start":	5.001037,
					"end":	6.001025,
					"seconds":	0.9999880194664,
					"bytes":	8388608,
					"bits_per_second":	67109668.009632468,
					"retransmits":	0,
					"snd_cwnd":	567616,
					"snd_wnd":	36065280,
					"rtt":	64771,
					"rttvar":	89,
					"pmtu":	1500,
					"omitted":	false,
					"sender":	true
				}],
			"sum":	{
				"start":	5.001037,
				"end":	6.001025,
				"seconds":	0.9999880194664,
				"bytes":	8388608,
				"bits_per_second":	67109668.009632468,
				"retransmits":	0,
				"omitted":	false,
				"sender":	true
			}
		}, {
			"streams":	[{
					"socket":	8,
					"start":	6.001025,
					"end":	7.001115,
					"seconds":	1.0000900030136108,
					"bytes":	12320768,
					"bits_per_second":	98557273.5483674,
					"retransmits":	0,
					"snd_cwnd":	570512,
					"snd_wnd":	36057088,
					"rtt":	64576,
					"rttvar":	90,
					"pmtu":	1500,
					"omitted":	false,
					"sender":	true
				}],
			"sum":	{
				"start":	6.001025,
				"end":	7.001115,
				"seconds":	1.0000900030136108,
				"bytes":	12320768,
				"bits_per_second":	98557273.5483674,
				"retransmits":	0,
				"omitted":	false,
				"sender":	true
			}
		}, {
			"streams":	[{
					"socket":	8,
					"start":	7.001115,
					"end":	8.00018,
					"seconds":	0.99906498193740845,
					"bytes":	8257536,
					"bits_per_second":	66122113.370338,
					"retransmits":	0,
					"snd_cwnd":	570512,
					"snd_wnd":	36057088,
					"rtt":	64626,
					"rttvar":	66,
					"pmtu":	1500,
					"omitted":	false,
					"sender":	true
				}],
			"sum":	{
				"start":	7.001115,
				"end":	8.00018,
				"seconds":	0.99906498193740845,
				"bytes":	8257536,
				"bits_per_second":	66122113.370338,
				"retransmits":	0,
				"omitted":	false,
				"sender":	true
			}
		}, {
			"streams":	[{
					"socket":	8,
					"start":	8.00018,
					"end":	9.000097,
					"seconds":	0.999916970729828,
					"bytes":	8126464,
					"bits_per_second":	65017110.323218837,
					"retransmits":	0,
					"snd_cwnd":	570512,
					"snd_wnd":	36065280,
					"rtt":	64568,
					"rttvar":	105,
					"pmtu":	1500,
					"omitted":	false,
					"sender":	true
				}],
			"sum":	{
				"start":	8.00018,
				"end":	9.000097,
				"seconds":	0.999916970729828,
				"bytes":	8126464,
				"bits_per_second":	65017110.323218837,
				"retransmits":	0,
				"omitted":	false,
				"sender":	true
			}
		}, {
			"streams":	[{
					"socket":	8,
					"start":	9.000097,
					"end":	10.001033,
					"seconds":	1.0009360313415527,
					"bytes":	8257536,
					"bits_per_second":	65998511.324904069,
					"retransmits":	0,
					"snd_cwnd":	574856,
					"snd_wnd":	36065280,
					"rtt":	64488,
					"rttvar":	49,
					"pmtu":	1500,
					"omitted":	false,
					"sender":	true
				}],
			"sum":	{
				"start":	9.000097,
				"end":	10.001033,
				"seconds":	1.0009360313415527,
				"bytes":	8257536,
				"bits_per_second":	65998511.324904069,
				"retransmits":	0,
				"omitted":	false,
				"sender":	true
			}
		}, {
			"streams":	[{
					"socket":	8,
					"start":	10.001033,
					"end":	11.000246,
					"seconds":	0.99921298027038574,
					"bytes":	8126464,
					"bits_per_second":	65062917.799974851,
					"retransmits":	0,
					"snd_cwnd":	586440,
					"snd_wnd":	36065280,
					"rtt":	64407,
					"rttvar":	18,
					"pmtu":	1500,
					"omitted":	false,
					"sender":	true
				}],
			"sum":	{
				"start":	10.001033,
				"end":	11.000246,
				"seconds":	0.99921298027038574,
				"bytes":	8126464,
				"bits_per_second":	65062917.799974851,
				"retransmits":	0,
				"omitted":	false,
				"sender":	true
			}
		}, {
			"streams":	[{
					"socket":	8,
					"start":	11.000246,
					"end":	12.001008,
					"seconds":	1.0007619857788086,
					"bytes":	1441792,
					"bits_per_second":	11525553.691993807,
					"retransmits":	0,
					"snd_cwnd":	606712,
					"snd_wnd":	36065280,
					"rtt":	64471,
					"rttvar":	38,
					"pmtu":	1500,
					"omitted":	false,
					"sender":	true
				}],
			"sum":	{
				"start":	11.000246,
				"end":	12.001008,
				"seconds":	1.0007619857788086,
				"bytes":	1441792,