{
	"start":	{
		"connected":	[{
				"socket":	8,
				"local_host":	"172.16.0.10",
				"local_port":	59042,
				"remote_host":	"172.17.0.10",
				"remote_port":	5201
			}],
		"version":	"iperf 3.16",
		"system_info":	"Linux h1 6.12.54-0b264c55b-l4steam-117 #1 SMP PREEMPT_DYNAMIC Fri Nov  7 18:07:57 UTC 2025 x86_64",
		"timestamp":	{
			"time":	"Sun, 22 Feb 2026 01:55:39 GMT",
			"timesecs":	1771725339
		},
		"connecting_to":	{
			"host":	"172.17.0.10",
			"port":	5201
		},
		"cookie":	"bi6hbu43im5mue5nmynjsefc3wrxbgk4bm63",
		"tcp_mss_default":	1448,
		"target_bitrate":	0,
		"fq_rate":	0,
		"sock_bufsize":	0,
		"sndbuf_actual":	1000000,
		"rcvbuf_actual":	1000000,
		"test_start":	{
			"protocol":	"TCP",
			"num_streams":	1,
			"blksize":	131072,
			"omit":	0,
			"duration":	0,
			"bytes":	107374182,
			"blocks":	0,
			"reverse":	0,
			"tos":	0,
			"target_bitrate":	0,
			"bidir":	0,
			"fqrate":	0
		}
	},
	"intervals":	[{
			"streams":	[{
					"socket":	8,
					"start":	0,
					"end":	1.001495,
					"seconds":	1.0014950037002563,
					"bytes":	107479040,
					"bits_per_second":	858548786.3875,
					"retransmits":	18291,
					"snd_cwnd":	19293152,
					"snd_wnd":	50253824,
					"rtt":	133495,
					"rttvar":	16590,
					"pmtu":	1500,
					"omitted":	false,
					"sender":	true
				}],
			"sum":	{
				"start":	0,
				"end":	1.001495,
				"seconds":	1.0014950037002563,
				"bytes":	107479040,
				"bits_per_second":	858548786.3875,
				"retransmits":	18291,
				"omitted":	false,
				"sender":	true
			}
		}],
	"end":	{
		"streams":	[{
				"sender":	{
					"socket":	8,
					"start":	0,
					"end":	1.001818,
					"seconds":	1.001818,
					"bytes":	107479040,
					"bits_per_second":	858271981.53756464,
					"retransmits":	18291,
					"max_snd_cwnd":	19293152,
					"max_snd_wnd":	50253824,
					"max_rtt":	133495,
					"min_rtt":	133495,
					"mean_rtt":	133495,
					"sender":	true
				},
				"receiver":	{
					"socket":	8,
					"start":	0,
					"end":	1.263134,
					"seconds":	1.001818,
					"bytes":	35520512,
					"bits_per_second":	224967498.30184287,
					"sender":	true
				}
			}],
		"sum_sent":	{
			"start":	0,
			"end":	1.001818,
			"seconds":	1.001818,
			"bytes":	107479040,
			"bits_per_second":	858271981.53756464,
			"retransmits":	18291,
			"sender":	true
		},
		"sum_received":	{
			"start":	0,
			"end":	1.263134,
			"seconds":	1.263134,
			"bytes":	35520512,
			"bits_per_second":	224967498.30184287,
			"sender":	true
		},
		"cpu_utilization_percent":	{
			"host_total":	56.915999387151139,
			"host_user":	51.94877873737007,
			"host_system":	4.9673012877889864,
			"remote_total":	2.221191290669128,
			"remote_user":	0,
			"remote_system":	2.221191290669128
		},
		"sender_tcp_congestion":	"bbr",
		"receiver_tcp_congestion":	"bbr"
	}
}
