{
	"start":	{
		"connected":	[{
				"socket":	8,
				"local_host":	"172.16.0.101",
				"local_port":	43966,
				"remote_host":	"172.17.0.101",
				"remote_port":	5201
			}],
		"version":	"iperf 3.16",
		"system_info":	"Linux h1 6.12.54-0b264c55b-l4steam-117 #1 SMP PREEMPT_DYNAMIC Fri Nov  7 18:07:57 UTC 2025 x86_64",
		"timestamp":	{
			"time":	"Sun, 22 Feb 2026 01:55:40 GMT",
			"timesecs":	1771725340
		},
		"connecting_to":	{
			"host":	"172.17.0.101",
			"port":	5201
		},
		"cookie":	"mowoatmbzwmm5vwb4dobbditvozaegyewpbt",
		"tcp_mss_default":	1448,
		"target_bitrate":	0,
		"fq_rate":	0,
		"sock_bufsize":	0,
		"sndbuf_actual":	1000000,
		"rcvbuf_actual":	1000000,
		"test_start":	{
			"protocol":	"TCP",
			"num_streams":	1,
			"blksize":	131072,
			"omit":	0,
			"duration":	0,
			"bytes":	107374182,
			"blocks":	0,
			"reverse":	0,
			"tos":	0,
			"target_bitrate":	0,
			"bidir":	0,
			"fqrate":	0
		}
	},
	"intervals":	[{
			"streams":	[{
					"socket":	8,
					"start":	0,
					"end":	1.001045,
					"seconds":	1.0010449886322021,
					"bytes":	17563648,
					"bits_per_second":	140362506.77603164,
					"retransmits":	460,
					"snd_cwnd":	1382840,
					"snd_wnd":	4747264,
					"rtt":	272556,
					"rttvar":	459,
					"pmtu":	1500,
					"omitted":	false,
					"sender":	true
				}],
			"sum":	{
				"start":	0,
				"end":	1.001045,
				"seconds":	1.0010449886322021,
				"bytes":	17563648,
				"bits_per_second":	140362506.77603164,
				"retransmits":	460,
				"omitted":	false,
				"sender":	true
			}
		}, {
			"streams":	[{
					"socket":	8,
					"start":	1.001045,
					"end":	2.001046,
					"seconds":	1.0000009536743164,
					"bytes":	0,
					"bits_per_second":	0,
					"retransmits":	4513,
					"snd_cwnd":	8573608,
					"snd_wnd":	32440320,
					"rtt":	265952,
					"rttvar":	234,
					"pmtu":	1500,
					"omitted":	false,
					"sender":	true
				}],
			"sum":	{
				"start":	1.001045,
				"end":	2.001046,
				"seconds":	1.0000009536743164,
				"bytes":	0,
				"bits_per_second":	0,
				"retransmits":	4513,
				"omitted":	false,
				"sender":	true
			}
		}, {
			"streams":	[{
					"socket":	8,
					"start":	2.001046,
					"end":	3.001041,
					"seconds":	0.999994993209839,
					"bytes":	11927552,
					"bits_per_second":	95420893.752392,
					"retransmits":	1816,
					"snd_cwnd":	6429120,
					"snd_wnd":	56188928,
					"rtt":	265173,
					"rttvar":	117,
					"pmtu":	1500,
					"omitted":	false,
					"sender":	true
				}],
			"sum":	{
				"start":	2.001046,
				"end":	3.001041,
				"seconds":	0.999994993209839,
				"bytes":	11927552,
				"bits_per_second":	95420893.752392,
				"retransmits":	1816,
				"omitted":	false,
				"sender":	true
			}
		}, {
			"streams":	[{
					"socket":	8,
					"start":	3.001041,
					"end":	4.001068,
					"seconds":	1.0000269412994385,
					"bytes":	8781824,
					"bits_per_second":	70252699.300991774,
					"retransmits":	2631,
					"snd_cwnd":	4998496,
					"snd_wnd":	74481664,
					"rtt":	266210,
					"rttvar":	2817,
					"pmtu":	1500,
					"omitted":	false,
					"sender":	true
				}],
			"sum":	{
				"start":	3.001041,
				"end":	4.001068,
				"seconds":	1.0000269412994385,
				"bytes":	8781824,
				"bits_per_second":	70252699.300991774,
				"retransmits":	2631,
				"omitted":	false,
				"sender":	true
			}
		}, {
			"streams":	[{
					"socket":	8,
					"start":	4.001068,
					"end":	5.004552,
					"seconds":	1.0034840106964111,
					"bytes":	15204352,
					"bits_per_second":	121212510.31751493,
					"retransmits":	2472,
					"snd_cwnd":	4013856,
					"snd_wnd":	97558528,
					"rtt":	271523,
					"rttvar":	7191,
					"pmtu":	1500,
					"omitted":	false,
					"sender":	true
				}],
			"sum":	{
				"start":	4.001068,
				"end":	5.004552,
				"seconds":	1.0034840106964111,
				"bytes":	15204352,
				"bits_per_second":	121212510.31751493,
				"retransmits":	2472,
				"omitted":	false,
				"sender":	true
			}
		}, {
			"streams":	[{
					"socket":	8,
					"start":	5.004552,
					"end":	6.004514,
					"seconds":	0.9999619722366333,
					"bytes":	15597568,
					"bits_per_second":	124785289.30545336,
					"retransmits":	2177,
					"snd_cwnd":	8575056,
					"snd_wnd":	121311232,
					"rtt":	228421,
					"rttvar":	405,
					"pmtu":	1500,
					"omitted":	false,
					"sender":	true
				}],
			"sum":	{
				"start":	5.004552,
				"end":	6.004514,
				"seconds":	0.9999619722366333,
				"bytes":	15597568,
				"bits_per_second":	124785289.30545336,
				"retransmits":	2177,
				"omitted":	false,
				"sender":	true
			}
		}, {
			"streams":	[{
					"socket":	8,
					"start":	6.004514,
					"end":	7.00054,
					"seconds":	0.99602597951889038,
					"bytes":	38404096,
					"bits_per_second":	308458588.74926376,
					"retransmits":	232,
					"snd_cwnd":	7746800,
					"snd_wnd":	133783552,
					"rtt":	188242,
					"rttvar":	158,
					"pmtu":	1500,
					"omitted":	false,
					"sender":	true
				}],
			"sum":	{
				"start":	6.004514,
				"end":	7.00054,
				"seconds":	0.99602597951889038,
				"bytes":	38404096,
				"bits_per_second":	308458588.74926376,
				"retransmits":	232,
				"omitted":	false,
				"sender":	true
			}
		}],
	"end":	{
		"streams":	[{
				"sender":	{
					"socket":	8,
					"start":	0,
					"end":	7.016614,
					"seconds":	7.016614,
					"bytes":	107479040,
					"bits_per_second":	122542343.07316892,
					"retransmits":	14301,
					"max_snd_cwnd":	8575056,
					"max_snd_wnd":	133783552,
					"max_rtt":	272556,
					"min_rtt":	187629,
					"mean_rtt":	243213,
					"sender":	true
				},
				"receiver":	{
					"socket":	8,
					"start":	0,
					"end":	7.196548,
					"seconds":	7.016614,
					"bytes":	79167488,
					"bits_per_second":	88006069.5766915,
					"sender":	true
				}
			}],
		"sum_sent":	{
			"start":	0,
			"end":	7.016614,
			"seconds":	7.016614,
			"bytes":	107479040,
			"bits_per_second":	122542343.07316892,
			"retransmits":	14301,
			"sender":	true
		},
		"sum_received":	{
			"start":	0,
			"end":	7.196548,
			"seconds":	7.196548,
			"bytes":	79167488,
			"bits_per_second":	88006069.5766915,
			"sender":	true
		},
		"cpu_utilization_percent":	{
			"host_total":	3.8322909581697053,
			"host_user":	1.1610456318730278,
			"host_system":	2.6712453262966775,
			"remote_total":	0.78485592956556538,
			"remote_user":	0,
			"remote_system":	0.78488372093023262
		},
		"sender_tcp_congestion":	"bbr",
		"receiver_tcp_congestion":	"bbr"
	}
}
