{
	"start":	{
		"connected":	[{
				"socket":	8,
				"local_host":	"172.16.0.111",
				"local_port":	45706,
				"remote_host":	"172.17.0.111",
				"remote_port":	5201
			}],
		"version":	"iperf 3.16",
		"system_info":	"Linux h1 6.12.54-0b264c55b-l4steam-117 #1 SMP PREEMPT_DYNAMIC Fri Nov  7 18:07:57 UTC 2025 x86_64",
		"timestamp":	{
			"time":	"Sun, 22 Feb 2026 01:55:41 GMT",
			"timesecs":	1771725341
		},
		"connecting_to":	{
			"host":	"172.17.0.111",
			"port":	5201
		},
		"cookie":	"qtnrrf7fy5tnlnc2md6h3hc2gdeieq6e3ddl",
		"tcp_mss_default":	1448,
		"target_bitrate":	0,
		"fq_rate":	0,
		"sock_bufsize":	0,
		"sndbuf_actual":	1000000,
		"rcvbuf_actual":	1000000,
		"test_start":	{
			"protocol":	"TCP",
			"num_streams":	1,
			"blksize":	131072,
			"omit":	0,
			"duration":	0,
			"bytes":	107374182,
			"blocks":	0,
			"reverse":	0,
			"tos":	0,
			"target_bitrate":	0,
			"bidir":	0,
			"fqrate":	0
		}
	},
	"intervals":	[{
			"streams":	[{
					"socket":	8,
					"start":	0,
					"end":	1.001091,
					"seconds":	1.0010910034179688,
					"bytes":	14811136,
					"bits_per_second":	118359956.88249058,
					"retransmits":	161,
					"snd_cwnd":	144811584,
					"snd_wnd":	1622016,
					"rtt":	265493,
					"rttvar":	490,
					"pmtu":	1500,
					"omitted":	false,
					"sender":	true
				}],
			"sum":	{
				"start":	0,
				"end":	1.001091,
				"seconds":	1.0010910034179688,
				"bytes":	14811136,
				"bits_per_second":	118359956.88249058,
				"retransmits":	161,
				"omitted":	false,
				"sender":	true
			}
		}, {
			"streams":	[{
					"socket":	8,
					"start":	1.001091,
					"end":	2.013105,
					"seconds":	1.0120140314102173,
					"bytes":	0,
					"bits_per_second":	0,
					"retransmits":	1551,
					"snd_cwnd":	3466512,
					"snd_wnd":	12664832,
					"rtt":	267873,
					"rttvar":	477,
					"pmtu":	1500,
					"omitted":	false,
					"sender":	true
				}],
			"sum":	{
				"start":	1.001091,
				"end":	2.013105,
				"seconds":	1.0120140314102173,
				"bytes":	0,
				"bits_per_second":	0,
				"retransmits":	1551,
				"omitted":	false,
				"sender":	true
			}
		}, {
			"streams":	[{
					"socket":	8,
					"start":	2.013105,
					"end":	3.000495,
					"seconds":	0.98738998174667358,
					"bytes":	23199744,
					"bits_per_second":	187968234.87279144,
					"retransmits":	509,
					"snd_cwnd":	7503536,
					"snd_wnd":	21311488,
					"rtt":	260256,
					"rttvar":	1032,
					"pmtu":	1500,
					"omitted":	false,
					"sender":	true
				}],
			"sum":	{
				"start":	2.013105,
				"end":	3.000495,
				"seconds":	0.98738998174667358,
				"bytes":	23199744,
				"bits_per_second":	187968234.87279144,
				"retransmits":	509,
				"omitted":	false,
				"sender":	true
			}
		}, {
			"streams":	[{
					"socket":	8,
					"start":	3.000495,
					"end":	4.001008,
					"seconds":	1.000512957572937,
					"bytes":	10485760,
					"bits_per_second":	83843072.0612479,
					"retransmits":	323,
					"snd_cwnd":	6437808,
					"snd_wnd":	37335040,
					"rtt":	258702,
					"rttvar":	1206,
					"pmtu":	1500,
					"omitted":	false,
					"sender":	true
				}],
			"sum":	{
				"start":	3.000495,
				"end":	4.001008,
				"seconds":	1.000512957572937,
				"bytes":	10485760,
				"bits_per_second":	83843072.0612479,
				"retransmits":	323,
				"omitted":	false,
				"sender":	true
			}
		}, {
			"streams":	[{
					"socket":	8,
					"start":	4.001008,
					"end":	5.001037,
					"seconds":	1.0000289678573608,
					"bytes":	19791872,
					"bits_per_second":	158330389.50786084,
					"retransmits":	361,
					"snd_cwnd":	5994720,
					"snd_wnd":	44032000,
					"rtt":	265128,
					"rttvar":	154,
					"pmtu":	1500,
					"omitted":	false,
					"sender":	true
				}],
			"sum":	{
				"start":	4.001008,
				"end":	5.001037,
				"seconds":	1.0000289678573608,
				"bytes":	19791872,
				"bits_per_second":	158330389.50786084,
				"retransmits":	361,
				"omitted":	false,
				"sender":	true
			}
		}, {
			"streams":	[{
					"socket":	8,
					"start":	5.001037,
					"end":	6.001024,
					"seconds":	0.999987006187439,
					"bytes":	24510464,
					"bits_per_second":	196086259.908107,
					"retransmits":	165,
					"snd_cwnd":	5444480,
					"snd_wnd":	48001024,
					"rtt":	170029,
					"rttvar":	232,
					"pmtu":	1500,
					"omitted":	false,
					"sender":	true
				}],
			"sum":	{
				"start":	5.001037,
				"end":	6.001024,
				"seconds":	0.999987006187439,
				"bytes":	24510464,
				"bits_per_second":	196086259.908107,
				"retransmits":	165,
				"omitted":	false,
				"sender":	true
			}
		}, {
			"streams":	[{
					"socket":	8,
					"start":	6.001024,
					"end":	7.001023,
					"seconds":	0.99999898672103882,
					"bytes":	4980736,
					"bits_per_second":	39845928.3750409,
					"retransmits":	0,
					"snd_cwnd":	11129328,
					"snd_wnd":	47996928,
					"rtt":	61114,
					"rttvar":	110,
					"pmtu":	1500,
					"omitted":	false,
					"sender":	true
				}],
			"sum":	{
				"start":	6.001024,
				"end":	7.001023,
				"seconds":	0.99999898672103882,
				"bytes":	4980736,
				"bits_per_second":	39845928.3750409,
				"retransmits":	0,
				"omitted":	false,
				"sender":	true
			}
		}],
	"end":	{
		"streams":	[{
				"sender":	{
					"socket":	8,
					"start":	0,
					"end":	7.001418,
					"seconds":	7.001418,
					"bytes":	107479040,
					"bits_per_second":	122808311.11640528,
					"retransmits":	3070,
					"max_snd_cwnd":	144811584,
					"max_snd_wnd":	48001024,
					"max_rtt":	267873,
					"min_rtt":	61091,
					"mean_rtt":	201210,
					"sender":	true
				},
				"receiver":	{
					"socket":	8,
					"start":	0,
					"end":	7.064936,
					"seconds":	7.001418,
					"bytes":	92405760,
					"bits_per_second":	104635920.26877525,
					"sender":	true
				}
			}],
		"sum_sent":	{
			"start":	0,
			"end":	7.001418,
			"seconds":	7.001418,
			"bytes":	107479040,
			"bits_per_second":	122808311.11640528,
			"retransmits":	3070,
			"sender":	true
		},
		"sum_received":	{
			"start":	0,
			"end":	7.064936,
			"seconds":	7.064936,
			"bytes":	92405760,
			"bits_per_second":	104635920.26877525,
			"sender":	true
		},
		"cpu_utilization_percent":	{
			"host_total":	5.1899071664860044,
			"host_user":	4.4433596599842318,
			"host_system":	0.74654750650177337,
			"remote_total":	1.4182409526240034,
			"remote_user":	0,
			"remote_system":	1.41825510700785
		},
		"sender_tcp_congestion":	"bbr",
		"receiver_tcp_congestion":	"bbr"
	}
}
