{
	"start":	{
		"connected":	[{
				"socket":	8,
				"local_host":	"172.16.0.121",
				"local_port":	39598,
				"remote_host":	"172.17.0.121",
				"remote_port":	5201
			}],
		"version":	"iperf 3.16",
		"system_info":	"Linux h1 6.12.54-0b264c55b-l4steam-117 #1 SMP PREEMPT_DYNAMIC Fri Nov  7 18:07:57 UTC 2025 x86_64",
		"timestamp":	{
			"time":	"Sun, 22 Feb 2026 01:55:41 GMT",
			"timesecs":	1771725341
		},
		"connecting_to":	{
			"host":	"172.17.0.121",
			"port":	5201
		},
		"cookie":	"mz72nila7oribioruccgfvo2ldok2ywl45q5",
		"tcp_mss_default":	1448,
		"target_bitrate":	0,
		"fq_rate":	0,
		"sock_bufsize":	0,
		"sndbuf_actual":	1000000,
		"rcvbuf_actual":	1000000,
		"test_start":	{
			"protocol":	"TCP",
			"num_streams":	1,
			"blksize":	131072,
			"omit":	0,
			"duration":	0,
			"bytes":	107374182,
			"blocks":	0,
			"reverse":	0,
			"tos":	0,
			"target_bitrate":	0,
			"bidir":	0,
			"fqrate":	0
		}
	},
	"intervals":	[{
			"streams":	[{
					"socket":	8,
					"start":	0,
					"end":	1.002986,
					"seconds":	1.002985954284668,
					"bytes":	14680064,
					"bits_per_second":	117090883.97330435,
					"retransmits":	121,
					"snd_cwnd":	1639136,
					"snd_wnd":	2752512,
					"rtt":	268011,
					"rttvar":	294,
					"pmtu":	1500,
					"omitted":	false,
					"sender":	true
				}],
			"sum":	{
				"start":	0,
				"end":	1.002986,
				"seconds":	1.002985954284668,
				"bytes":	14680064,
				"bits_per_second":	117090883.97330435,
				"retransmits":	121,
				"omitted":	false,
				"sender":	true
			}
		}, {
			"streams":	[{
					"socket":	8,
					"start":	1.002986,
					"end":	2.000725,
					"seconds":	0.997739017009735,
					"bytes":	0,
					"bits_per_second":	0,
					"retransmits":	851,
					"snd_cwnd":	6655008,
					"snd_wnd":	16134144,
					"rtt":	248521,
					"rttvar":	352,
					"pmtu":	1500,
					"omitted":	false,
					"sender":	true
				}],
			"sum":	{
				"start":	1.002986,
				"end":	2.000725,
				"seconds":	0.997739017009735,
				"bytes":	0,
				"bits_per_second":	0,
				"retransmits":	851,
				"omitted":	false,
				"sender":	true
			}
		}, {
			"streams":	[{
					"socket":	8,
					"start":	2.000725,
					"end":	3.008743,
					"seconds":	1.0080180168151855,
					"bytes":	8126464,
					"bits_per_second":	64494593.266699053,
					"retransmits":	429,
					"snd_cwnd":	6628944,
					"snd_wnd":	33984512,
					"rtt":	252478,
					"rttvar":	311,
					"pmtu":	1500,
					"omitted":	false,
					"sender":	true
				}],
			"sum":	{
				"start":	2.000725,
				"end":	3.008743,
				"seconds":	1.0080180168151855,
				"bytes":	8126464,
				"bits_per_second":	64494593.266699053,
				"retransmits":	429,
				"omitted":	false,
				"sender":	true
			}
		}, {
			"streams":	[{
					"socket":	8,
					"start":	3.008743,
					"end":	4.001022,
					"seconds":	0.99227899312973022,
					"bytes":	2490368,
					"bits_per_second":	20077966.114309628,
					"retransmits":	320,
					"snd_cwnd":	5679056,
					"snd_wnd":	49172480,
					"rtt":	256411,
					"rttvar":	901,
					"pmtu":	1500,
					"omitted":	false,
					"sender":	true
				}],
			"sum":	{
				"start":	3.008743,
				"end":	4.001022,
				"seconds":	0.99227899312973022,
				"bytes":	2490368,
				"bits_per_second":	20077966.114309628,
				"retransmits":	320,
				"omitted":	false,
				"sender":	true
			}
		}, {
			"streams":	[{
					"socket":	8,
					"start":	4.001022,
					"end":	5.001023,
					"seconds":	1.0000009536743164,
					"bytes":	0,
					"bits_per_second":	0,
					"retransmits":	7,
					"snd_cwnd":	11584,
					"snd_wnd":	49188864,
					"rtt":	253580,
					"rttvar":	4129,
					"pmtu":	1500,
					"omitted":	false,
					"sender":	true
				}],
			"sum":	{
				"start":	4.001022,
				"end":	5.001023,
				"seconds":	1.0000009536743164,
				"bytes":	0,
				"bits_per_second":	0,
				"retransmits":	7,
				"omitted":	false,
				"sender":	true
			}
		}, {
			"streams":	[{
					"socket":	8,
					"start":	5.001023,
					"end":	6.001024,
					"seconds":	1.0000009536743164,
					"bytes":	45744128,
					"bits_per_second":	365952675.00033283,
					"retransmits":	0,
					"snd_cwnd":	5540048,
					"snd_wnd":	65552384,
					"rtt":	172334,
					"rttvar":	301,
					"pmtu":	1500,
					"omitted":	false,
					"sender":	true
				}],
			"sum":	{
				"start":	5.001023,
				"end":	6.001024,
				"seconds":	1.0000009536743164,
				"bytes":	45744128,
				"bits_per_second":	365952675.00033283,
				"retransmits":	0,
				"omitted":	false,
				"sender":	true
			}
		}, {
			"streams":	[{
					"socket":	8,
					"start":	6.001024,
					"end":	7.001033,
					"seconds":	1.0000089406967163,
					"bytes":	36438016,
					"bits_per_second":	291501521.77330148,
					"retransmits":	0,
					"snd_cwnd":	8039296,
					"snd_wnd":	78430208,
					"rtt":	61210,
					"rttvar":	119,
					"pmtu":	1500,
					"omitted":	false,
					"sender":	true
				}],
			"sum":	{
				"start":	6.001024,
				"end":	7.001033,
				"seconds":	1.0000089406967163,
				"bytes":	36438016,
				"bits_per_second":	291501521.77330148,
				"retransmits":	0,
				"omitted":	false,
				"sender":	true
			}
		}],
	"end":	{
		"streams":	[{
				"sender":	{
					"socket":	8,
					"start":	0,
					"end":	7.001252,
					"seconds":	7.001252,
					"bytes":	107479040,
					"bits_per_second":	122811222.90698864,
					"retransmits":	1728,
					"max_snd_cwnd":	8039296,
					"max_snd_wnd":	78430208,
					"max_rtt":	268011,
					"min_rtt":	61210,
					"mean_rtt":	196719,
					"sender":	true
				},
				"receiver":	{
					"socket":	8,
					"start":	0,
					"end":	7.062143,
					"seconds":	7.001252,
					"bytes":	66060288,
					"bits_per_second":	74833135.4944243,
					"sender":	true
				}
			}],
		"sum_sent":	{
			"start":	0,
			"end":	7.001252,
			"seconds":	7.001252,
			"bytes":	107479040,
			"bits_per_second":	122811222.90698864,
			"retransmits":	1728,
			"sender":	true
		},
		"sum_received":	{
			"start":	0,
			"end":	7.062143,
			"seconds":	7.062143,
			"bytes":	66060288,
			"bits_per_second":	74833135.4944243,
			"sender":	true
		},
		"cpu_utilization_percent":	{
			"host_total":	3.1808437392906037,
			"host_user":	1.5218941523138756,
			"host_system":	1.6589620081689214,
			"remote_total":	1.2912780499298522,
			"remote_user":	0.070473510625825159,
			"remote_system":	1.2208186991414041
		},
		"sender_tcp_congestion":	"bbr",
		"receiver_tcp_congestion":	"bbr"
	}
}
