{
	"start":	{
		"connected":	[{
				"socket":	8,
				"local_host":	"172.16.0.41",
				"local_port":	51060,
				"remote_host":	"172.17.0.41",
				"remote_port":	5201
			}],
		"version":	"iperf 3.16",
		"system_info":	"Linux h1 6.12.54-0b264c55b-l4steam-117 #1 SMP PREEMPT_DYNAMIC Fri Nov  7 18:07:57 UTC 2025 x86_64",
		"timestamp":	{
			"time":	"Sun, 22 Feb 2026 01:55:40 GMT",
			"timesecs":	1771725340
		},
		"connecting_to":	{
			"host":	"172.17.0.41",
			"port":	5201
		},
		"cookie":	"dmscwc5csbjwdue7xgm3rvczt4qyegdc7qsk",
		"tcp_mss_default":	1448,
		"target_bitrate":	0,
		"fq_rate":	0,
		"sock_bufsize":	0,
		"sndbuf_actual":	1000000,
		"rcvbuf_actual":	1000000,
		"test_start":	{
			"protocol":	"TCP",
			"num_streams":	1,
			"blksize":	131072,
			"omit":	0,
			"duration":	0,
			"bytes":	107374182,
			"blocks":	0,
			"reverse":	0,
			"tos":	0,
			"target_bitrate":	0,
			"bidir":	0,
			"fqrate":	0
		}
	},
	"intervals":	[{
			"streams":	[{
					"socket":	8,
					"start":	0,
					"end":	1.001074,
					"seconds":	1.001073956489563,
					"bytes":	28049408,
					"bits_per_second":	224154531.78592354,
					"retransmits":	773,
					"snd_cwnd":	6361064,
					"snd_wnd":	19025920,
					"rtt":	280832,
					"rttvar":	962,
					"pmtu":	1500,
					"omitted":	false,
					"sender":	true
				}],
			"sum":	{
				"start":	0,
				"end":	1.001074,
				"seconds":	1.001073956489563,
				"bytes":	28049408,
				"bits_per_second":	224154531.78592354,
				"retransmits":	773,
				"omitted":	false,
				"sender":	true
			}
		}, {
			"streams":	[{
					"socket":	8,
					"start":	1.001074,
					"end":	2.001051,
					"seconds":	0.9999769926071167,
					"bytes":	15204352,
					"bits_per_second":	121637614.56438766,
					"retransmits":	2773,
					"snd_cwnd":	6679624,
					"snd_wnd":	54386688,
					"rtt":	267416,
					"rttvar":	946,
					"pmtu":	1500,
					"omitted":	false,
					"sender":	true
				}],
			"sum":	{
				"start":	1.001074,
				"end":	2.001051,
				"seconds":	0.9999769926071167,
				"bytes":	15204352,
				"bits_per_second":	121637614.56438766,
				"retransmits":	2773,
				"omitted":	false,
				"sender":	true
			}
		}, {
			"streams":	[{
					"socket":	8,
					"start":	2.001051,
					"end":	3.00106,
					"seconds":	1.0000089406967163,
					"bytes":	12058624,
					"bits_per_second":	96468129.507711276,
					"retransmits":	611,
					"snd_cwnd":	6860624,
					"snd_wnd":	69914624,
					"rtt":	268890,
					"rttvar":	751,
					"pmtu":	1500,
					"omitted":	false,
					"sender":	true
				}],
			"sum":	{
				"start":	2.001051,
				"end":	3.00106,
				"seconds":	1.0000089406967163,
				"bytes":	12058624,
				"bits_per_second":	96468129.507711276,
				"retransmits":	611,
				"omitted":	false,
				"sender":	true
			}
		}, {
			"streams":	[{
					"socket":	8,
					"start":	3.00106,
					"end":	4.001074,
					"seconds":	1.0000139474868774,
					"bytes":	30146560,
					"bits_per_second":	241169116.2969152,
					"retransmits":	991,
					"snd_cwnd":	4442464,
					"snd_wnd":	70979584,
					"rtt":	266656,
					"rttvar":	1017,
					"pmtu":	1500,
					"omitted":	false,
					"sender":	true
				}],
			"sum":	{
				"start":	3.00106,
				"end":	4.001074,
				"seconds":	1.0000139474868774,
				"bytes":	30146560,
				"bits_per_second":	241169116.2969152,
				"retransmits":	991,
				"omitted":	false,
				"sender":	true
			}
		}, {
			"streams":	[{
					"socket":	8,
					"start":	4.001074,
					"end":	5.001081,
					"seconds":	1.0000070333480835,
					"bytes":	131072,
					"bits_per_second":	1048568.6250518706,
					"retransmits":	822,
					"snd_cwnd":	4016752,
					"snd_wnd":	72118272,
					"rtt":	268366,
					"rttvar":	934,
					"pmtu":	1500,
					"omitted":	false,
					"sender":	true
				}],
			"sum":	{
				"start":	4.001074,
				"end":	5.001081,
				"seconds":	1.0000070333480835,
				"bytes":	131072,
				"bits_per_second":	1048568.6250518706,
				"retransmits":	822,
				"omitted":	false,
				"sender":	true
			}
		}, {
			"streams":	[{
					"socket":	8,
					"start":	5.001081,
					"end":	6.001074,
					"seconds":	0.99999302625656128,
					"bytes":	3014656,
					"bits_per_second":	24117416.1886729,
					"retransmits":	618,
					"snd_cwnd":	3176912,
					"snd_wnd":	72269824,
					"rtt":	267569,
					"rttvar":	332,
					"pmtu":	1500,
					"omitted":	false,
					"sender":	true
				}],
			"sum":	{
				"start":	5.001081,
				"end":	6.001074,
				"seconds":	0.99999302625656128,
				"bytes":	3014656,
				"bits_per_second":	24117416.1886729,
				"retransmits":	618,
				"omitted":	false,
				"sender":	true
			}
		}, {
			"streams":	[{
					"socket":	8,
					"start":	6.001074,
					"end":	7.002638,
					"seconds":	1.0015640258789062,
					"bytes":	18874368,
					"bits_per_second":	150759152.78356454,
					"retransmits":	117,
					"snd_cwnd":	2927856,
					"snd_wnd":	72380416,
					"rtt":	224380,
					"rttvar":	664,
					"pmtu":	1500,
					"omitted":	false,
					"sender":	true
				}],
			"sum":	{
				"start":	6.001074,
				"end":	7.002638,
				"seconds":	1.0015640258789062,
				"bytes":	18874368,
				"bits_per_second":	150759152.78356454,
				"retransmits":	117,
				"omitted":	false,
				"sender":	true
			}
		}],
	"end":	{
		"streams":	[{
				"sender":	{
					"socket":	8,
					"start":	0,
					"end":	7.003199,
					"seconds":	7.003199,
					"bytes":	107479040,
					"bits_per_second":	122777079.44612169,
					"retransmits":	6705,
					"max_snd_cwnd":	6860624,
					"max_snd_wnd":	72380416,
					"max_rtt":	280832,
					"min_rtt":	224380,
					"mean_rtt":	258561,
					"sender":	true
				},
				"receiver":	{
					"socket":	8,
					"start":	0,
					"end":	7.541806,
					"seconds":	7.003199,
					"bytes":	96862208,
					"bits_per_second":	102746963.26052406,
					"sender":	true
				}
			}],
		"sum_sent":	{
			"start":	0,
			"end":	7.003199,
			"seconds":	7.003199,
			"bytes":	107479040,
			"bits_per_second":	122777079.44612169,
			"retransmits":	6705,
			"sender":	true
		},
		"sum_received":	{
			"start":	0,
			"end":	7.541806,
			"seconds":	7.541806,
			"bytes":	96862208,
			"bits_per_second":	102746963.26052406,
			"sender":	true
		},
		"cpu_utilization_percent":	{
			"host_total":	3.3413512892147619,
			"host_user":	2.39679461974519,
			"host_system":	0.944570461034072,
			"remote_total":	1.1118670442767189,
			"remote_user":	0,
			"remote_system":	1.1118803036774019
		},
		"sender_tcp_congestion":	"bbr",
		"receiver_tcp_congestion":	"bbr"
	}
}
