{
	"start":	{
		"connected":	[{
				"socket":	8,
				"local_host":	"172.16.0.83",
				"local_port":	39030,
				"remote_host":	"172.17.0.83",
				"remote_port":	5201
			}],
		"version":	"iperf 3.16",
		"system_info":	"Linux h1 6.12.54-0b264c55b-l4steam-117 #1 SMP PREEMPT_DYNAMIC Fri Nov  7 18:07:57 UTC 2025 x86_64",
		"timestamp":	{
			"time":	"Sun, 22 Feb 2026 01:55:41 GMT",
			"timesecs":	1771725341
		},
		"connecting_to":	{
			"host":	"172.17.0.83",
			"port":	5201
		},
		"cookie":	"yflwmnvitrtdch4ewp3rs6hurgn4nbe4nvoc",
		"tcp_mss_default":	1448,
		"target_bitrate":	0,
		"fq_rate":	0,
		"sock_bufsize":	0,
		"sndbuf_actual":	1000000,
		"rcvbuf_actual":	1000000,
		"test_start":	{
			"protocol":	"TCP",
			"num_streams":	1,
			"blksize":	131072,
			"omit":	0,
			"duration":	0,
			"bytes":	107374182,
			"blocks":	0,
			"reverse":	0,
			"tos":	0,
			"target_bitrate":	0,
			"bidir":	0,
			"fqrate":	0
		}
	},
	"intervals":	[{
			"streams":	[{
					"socket":	8,
					"start":	0,
					"end":	1.001074,
					"seconds":	1.001073956489563,
					"bytes":	17563648,
					"bits_per_second":	140358445.13698018,
					"retransmits":	426,
					"snd_cwnd":	1339400,
					"snd_wnd":	4648960,
					"rtt":	265995,
					"rttvar":	617,
					"pmtu":	1500,
					"omitted":	false,
					"sender":	true
				}],
			"sum":	{
				"start":	0,
				"end":	1.001074,
				"seconds":	1.001073956489563,
				"bytes":	17563648,
				"bits_per_second":	140358445.13698018,
				"retransmits":	426,
				"omitted":	false,
				"sender":	true
			}
		}, {
			"streams":	[{
					"socket":	8,
					"start":	1.001074,
					"end":	2.001439,
					"seconds":	1.0003650188446045,
					"bytes":	5505024,
					"bits_per_second":	44024122.365719341,
					"retransmits":	690,
					"snd_cwnd":	144805792,
					"snd_wnd":	28971008,
					"rtt":	247692,
					"rttvar":	128,
					"pmtu":	1500,
					"omitted":	false,
					"sender":	true
				}],
			"sum":	{
				"start":	1.001074,
				"end":	2.001439,
				"seconds":	1.0003650188446045,
				"bytes":	5505024,
				"bits_per_second":	44024122.365719341,
				"retransmits":	690,
				"omitted":	false,
				"sender":	true
			}
		}, {
			"streams":	[{
					"socket":	8,
					"start":	2.001439,
					"end":	3.005224,
					"seconds":	1.0037850141525269,
					"bytes":	13893632,
					"bits_per_second":	110729941.60392068,
					"retransmits":	2710,
					"snd_cwnd":	13845776,
					"snd_wnd":	44617728,
					"rtt":	256381,
					"rttvar":	451,
					"pmtu":	1500,
					"omitted":	false,
					"sender":	true
				}],
			"sum":	{
				"start":	2.001439,
				"end":	3.005224,
				"seconds":	1.0037850141525269,
				"bytes":	13893632,
				"bits_per_second":	110729941.60392068,
				"retransmits":	2710,
				"omitted":	false,
				"sender":	true
			}
		}, {
			"streams":	[{
					"socket":	8,
					"start":	3.005224,
					"end":	4.001043,
					"seconds":	0.99581897258758545,
					"bytes":	8781824,
					"bits_per_second":	70549561.6511975,
					"retransmits":	701,
					"snd_cwnd":	13845776,
					"snd_wnd":	49045504,
					"rtt":	258784,
					"rttvar":	502,
					"pmtu":	1500,
					"omitted":	false,
					"sender":	true
				}],
			"sum":	{
				"start":	3.005224,
				"end":	4.001043,
				"seconds":	0.99581897258758545,
				"bytes":	8781824,
				"bits_per_second":	70549561.6511975,
				"retransmits":	701,
				"omitted":	false,
				"sender":	true
			}
		}, {
			"streams":	[{
					"socket":	8,
					"start":	4.001043,
					"end":	5.001027,
					"seconds":	0.9999840259552002,
					"bytes":	8781824,
					"bits_per_second":	70255714.267927155,
					"retransmits":	1088,
					"snd_cwnd":	13845776,
					"snd_wnd":	51851264,
					"rtt":	265887,
					"rttvar":	473,
					"pmtu":	1500,
					"omitted":	false,
					"sender":	true
				}],
			"sum":	{
				"start":	4.001043,
				"end":	5.001027,
				"seconds":	0.9999840259552002,
				"bytes":	8781824,
				"bits_per_second":	70255714.267927155,
				"retransmits":	1088,
				"omitted":	false,
				"sender":	true
			}
		}, {
			"streams":	[{
					"socket":	8,
					"start":	5.001027,
					"end":	6.001502,
					"seconds":	1.00047504901886,
					"bytes":	11272192,
					"bits_per_second":	90134717.59084326,
					"retransmits":	1107,
					"snd_cwnd":	5576248,
					"snd_wnd":	51855360,
					"rtt":	266068,
					"rttvar":	125,
					"pmtu":	1500,
					"omitted":	false,
					"sender":	true
				}],
			"sum":	{
				"start":	5.001027,
				"end":	6.001502,
				"seconds":	1.00047504901886,
				"bytes":	11272192,
				"bits_per_second":	90134717.59084326,
				"retransmits":	1107,
				"omitted":	false,
				"sender":	true
			}
		}, {
			"streams":	[{
					"socket":	8,
					"start":	6.001502,
					"end":	7.001106,
					"seconds":	0.9996039867401123,
					"bytes":	41680896,
					"bits_per_second":	333579269.81407,
					"retransmits":	46,
					"snd_cwnd":	8328896,
					"snd_wnd":	51855360,
					"rtt":	153057,
					"rttvar":	634,
					"pmtu":	1500,
					"omitted":	false,
					"sender":	true
				}],
			"sum":	{
				"start":	6.001502,
				"end":	7.001106,
				"seconds":	0.9996039867401123,
				"bytes":	41680896,
				"bits_per_second":	333579269.81407,
				"retransmits":	46,
				"omitted":	false,
				"sender":	true
			}
		}],
	"end":	{
		"streams":	[{
				"sender":	{
					"socket":	8,
					"start":	0,
					"end":	7.003961,
					"seconds":	7.003961,
					"bytes":	107479040,
					"bits_per_second":	122763721.84254023,
					"retransmits":	6768,
					"max_snd_cwnd":	144805792,
					"max_snd_wnd":	51855360,
					"max_rtt":	266068,
					"min_rtt":	151478,
					"mean_rtt":	233167,
					"sender":	true
				},
				"receiver":	{
					"socket":	8,
					"start":	0,
					"end":	7.092439,
					"seconds":	7.003961,
					"bytes":	87162880,
					"bits_per_second":	98316395.812498361,
					"sender":	true
				}
			}],
		"sum_sent":	{
			"start":	0,
			"end":	7.003961,
			"seconds":	7.003961,
			"bytes":	107479040,
			"bits_per_second":	122763721.84254023,
			"retransmits":	6768,
			"sender":	true
		},
		"sum_received":	{
			"start":	0,
			"end":	7.092439,
			"seconds":	7.092439,
			"bytes":	87162880,
			"bits_per_second":	98316395.812498361,
			"sender":	true
		},
		"cpu_utilization_percent":	{
			"host_total":	6.82609358781334,
			"host_user":	4.4565517254568778,
			"host_system":	2.3695538153115443,
			"remote_total":	1.5286656533840162,
			"remote_user":	0.0014663459504882651,
			"remote_system":	1.5272134069138212
		},
		"sender_tcp_congestion":	"bbr",
		"receiver_tcp_congestion":	"bbr"
	}
}
