{
	"start":	{
		"connected":	[{
				"socket":	8,
				"local_host":	"172.16.0.86",
				"local_port":	57814,
				"remote_host":	"172.17.0.86",
				"remote_port":	5201
			}],
		"version":	"iperf 3.16",
		"system_info":	"Linux h1 6.12.54-0b264c55b-l4steam-117 #1 SMP PREEMPT_DYNAMIC Fri Nov  7 18:07:57 UTC 2025 x86_64",
		"timestamp":	{
			"time":	"Sun, 22 Feb 2026 01:55:40 GMT",
			"timesecs":	1771725340
		},
		"connecting_to":	{
			"host":	"172.17.0.86",
			"port":	5201
		},
		"cookie":	"eptgze2cww4ispewvr7pc7lvxdlryt3ia7os",
		"tcp_mss_default":	1448,
		"target_bitrate":	0,
		"fq_rate":	0,
		"sock_bufsize":	0,
		"sndbuf_actual":	1000000,
		"rcvbuf_actual":	1000000,
		"test_start":	{
			"protocol":	"TCP",
			"num_streams":	1,
			"blksize":	131072,
			"omit":	0,
			"duration":	0,
			"bytes":	107374182,
			"blocks":	0,
			"reverse":	0,
			"tos":	0,
			"target_bitrate":	0,
			"bidir":	0,
			"fqrate":	0
		}
	},
	"intervals":	[{
			"streams":	[{
					"socket":	8,
					"start":	0,
					"end":	1.001044,
					"seconds":	1.0010440349578857,
					"bytes":	17301504,
					"bits_per_second":	138267675.71301,
					"retransmits":	0,
					"snd_cwnd":	144802896,
					"snd_wnd":	6533120,
					"rtt":	275537,
					"rttvar":	1339,
					"pmtu":	1500,
					"omitted":	false,
					"sender":	true
				}],
			"sum":	{
				"start":	0,
				"end":	1.001044,
				"seconds":	1.0010440349578857,
				"bytes":	17301504,
				"bits_per_second":	138267675.71301,
				"retransmits":	0,
				"omitted":	false,
				"sender":	true
			}
		}, {
			"streams":	[{
					"socket":	8,
					"start":	1.001044,
					"end":	2.002861,
					"seconds":	1.001816987991333,
					"bytes":	8650752,
					"bits_per_second":	69080497.5654882,
					"retransmits":	1940,
					"snd_cwnd":	144802896,
					"snd_wnd":	34398208,
					"rtt":	274093,
					"rttvar":	1501,
					"pmtu":	1500,
					"omitted":	false,
					"sender":	true
				}],
			"sum":	{
				"start":	1.001044,
				"end":	2.002861,
				"seconds":	1.001816987991333,
				"bytes":	8650752,
				"bits_per_second":	69080497.5654882,
				"retransmits":	1940,
				"omitted":	false,
				"sender":	true
			}
		}, {
			"streams":	[{
					"socket":	8,
					"start":	2.002861,
					"end":	3.001038,
					"seconds":	0.99817699193954468,
					"bytes":	8781824,
					"bits_per_second":	70382900.5951031,
					"retransmits":	3286,
					"snd_cwnd":	6782432,
					"snd_wnd":	64262144,
					"rtt":	264302,
					"rttvar":	11197,
					"pmtu":	1500,
					"omitted":	false,
					"sender":	true
				}],
			"sum":	{
				"start":	2.002861,
				"end":	3.001038,
				"seconds":	0.99817699193954468,
				"bytes":	8781824,
				"bits_per_second":	70382900.5951031,
				"retransmits":	3286,
				"omitted":	false,
				"sender":	true
			}
		}, {
			"streams":	[{
					"socket":	8,
					"start":	3.001038,
					"end":	4.00104,
					"seconds":	1.0000020265579224,
					"bytes":	8781824,
					"bits_per_second":	70254449.625288531,
					"retransmits":	1101,
					"snd_cwnd":	5673264,
					"snd_wnd":	68313088,
					"rtt":	268161,
					"rttvar":	855,
					"pmtu":	1500,
					"omitted":	false,
					"sender":	true
				}],
			"sum":	{
				"start":	3.001038,
				"end":	4.00104,
				"seconds":	1.0000020265579224,
				"bytes":	8781824,
				"bits_per_second":	70254449.625288531,
				"retransmits":	1101,
				"omitted":	false,
				"sender":	true
			}
		}, {
			"streams":	[{
					"socket":	8,
					"start":	4.00104,
					"end":	5.001082,
					"seconds":	1.0000419616699219,
					"bytes":	8781824,
					"bits_per_second":	70251644.1236978,
					"retransmits":	724,
					"snd_cwnd":	4206440,
					"snd_wnd":	69713920,
					"rtt":	268080,
					"rttvar":	113,
					"pmtu":	1500,
					"omitted":	false,
					"sender":	true
				}],
			"sum":	{
				"start":	4.00104,
				"end":	5.001082,
				"seconds":	1.0000419616699219,
				"bytes":	8781824,
				"bits_per_second":	70251644.1236978,
				"retransmits":	724,
				"omitted":	false,
				"sender":	true
			}
		}, {
			"streams":	[{
					"socket":	8,
					"start":	5.001082,
					"end":	6.01091,
					"seconds":	1.0098279714584351,
					"bytes":	17432576,
					"bits_per_second":	138103332.390947,
					"retransmits":	270,
					"snd_cwnd":	8381024,
					"snd_wnd":	62963712,
					"rtt":	263359,
					"rttvar":	3637,
					"pmtu":	1500,
					"omitted":	false,
					"sender":	true
				}],
			"sum":	{
				"start":	5.001082,
				"end":	6.01091,
				"seconds":	1.0098279714584351,
				"bytes":	17432576,
				"bits_per_second":	138103332.390947,
				"retransmits":	270,
				"omitted":	false,
				"sender":	true
			}
		}, {
			"streams":	[{
					"socket":	8,
					"start":	6.01091,
					"end":	7.002875,
					"seconds":	0.99196499586105347,
					"bytes":	37093376,
					"bits_per_second":	299150684.99208,
					"retransmits":	221,
					"snd_cwnd":	8676416,
					"snd_wnd":	69693440,
					"rtt":	207473,
					"rttvar":	836,
					"pmtu":	1500,
					"omitted":	false,
					"sender":	true
				}],
			"sum":	{
				"start":	6.01091,
				"end":	7.002875,
				"seconds":	0.99196499586105347,
				"bytes":	37093376,
				"bits_per_second":	299150684.99208,
				"retransmits":	221,
				"omitted":	false,
				"sender":	true
			}
		}],
	"end":	{
		"streams":	[{
				"sender":	{
					"socket":	8,
					"start":	0,
					"end":	7.007003,
					"seconds":	7.007003,
					"bytes":	107479040,
					"bits_per_second":	122710425.5556905,
					"retransmits":	7542,
					"max_snd_cwnd":	144802896,
					"max_snd_wnd":	69713920,
					"max_rtt":	275537,
					"min_rtt":	207473,
					"mean_rtt":	253559,
					"sender":	true
				},
				"receiver":	{
					"socket":	8,
					"start":	0,
					"end":	7.201811,
					"seconds":	7.007003,
					"bytes":	71434240,
					"bits_per_second":	79351418.6917707,
					"sender":	true
				}
			}],
		"sum_sent":	{
			"start":	0,
			"end":	7.007003,
			"seconds":	7.007003,
			"bytes":	107479040,
			"bits_per_second":	122710425.5556905,
			"retransmits":	7542,
			"sender":	true
		},
		"sum_received":	{
			"start":	0,
			"end":	7.201811,
			"seconds":	7.201811,
			"bytes":	71434240,
			"bits_per_second":	79351418.6917707,
			"sender":	true
		},
		"cpu_utilization_percent":	{
			"host_total":	2.9520837272425378,
			"host_user":	0.0024916041375682126,
			"host_system":	2.9495921231049693,
			"remote_total":	0.78288467634671044,
			"remote_user":	0,
			"remote_system":	0.78289856171218775
		},
		"sender_tcp_congestion":	"bbr",
		"receiver_tcp_congestion":	"bbr"
	}
}
