{
	"start":	{
		"connected":	[{
				"socket":	8,
				"local_host":	"172.16.0.2",
				"local_port":	57226,
				"remote_host":	"172.17.0.2",
				"remote_port":	5201
			}],
		"version":	"iperf 3.16",
		"system_info":	"Linux h1 6.12.54-0b264c55b-l4steam-117 #1 SMP PREEMPT_DYNAMIC Fri Nov  7 18:07:57 UTC 2025 x86_64",
		"timestamp":	{
			"time":	"Sun, 22 Feb 2026 01:33:23 GMT",
			"timesecs":	1771724003
		},
		"connecting_to":	{
			"host":	"172.17.0.2",
			"port":	5201
		},
		"cookie":	"ibkf77m6oubqeryeqg4hfvpcgxuawnmwi2vc",
		"tcp_mss_default":	1448,
		"target_bitrate":	0,
		"fq_rate":	0,
		"sock_bufsize":	0,
		"sndbuf_actual":	1000000,
		"rcvbuf_actual":	1000000,
		"test_start":	{
			"protocol":	"TCP",
			"num_streams":	1,
			"blksize":	131072,
			"omit":	0,
			"duration":	0,
			"bytes":	107374182,
			"blocks":	0,
			"reverse":	0,
			"tos":	0,
			"target_bitrate":	0,
			"bidir":	0,
			"fqrate":	0
		}
	},
	"intervals":	[{
			"streams":	[{
					"socket":	8,
					"start":	0,
					"end":	1.002176,
					"seconds":	1.00217604637146,
					"bytes":	83230720,
					"bits_per_second":	664399994.80211282,
					"retransmits":	68,
					"snd_cwnd":	143832736,
					"snd_wnd":	34705408,
					"rtt":	289449,
					"rttvar":	30609,
					"pmtu":	1500,
					"omitted":	false,
					"sender":	true
				}],
			"sum":	{
				"start":	0,
				"end":	1.002176,
				"seconds":	1.00217604637146,
				"bytes":	83230720,
				"bits_per_second":	664399994.80211282,
				"retransmits":	68,
				"omitted":	false,
				"sender":	true
			}
		}, {
			"streams":	[{
					"socket":	8,
					"start":	1.002176,
					"end":	2.001028,
					"seconds":	0.998852014541626,
					"bytes":	0,
					"bits_per_second":	0,
					"retransmits":	563,
					"snd_cwnd":	143073984,
					"snd_wnd":	85983232,
					"rtt":	447188,
					"rttvar":	12958,
					"pmtu":	1500,
					"omitted":	false,
					"sender":	true
				}],
			"sum":	{
				"start":	1.002176,
				"end":	2.001028,
				"seconds":	0.998852014541626,
				"bytes":	0,
				"bits_per_second":	0,
				"retransmits":	563,
				"omitted":	false,
				"sender":	true
			}
		}, {
			"streams":	[{
					"socket":	8,
					"start":	2.001028,
					"end":	3.001201,
					"seconds":	1.0001729726791382,
					"bytes":	8781824,
					"bits_per_second":	70242441.9766221,
					"retransmits":	477,
					"snd_cwnd":	142903120,
					"snd_wnd":	93237248,
					"rtt":	564474,
					"rttvar":	199,
					"pmtu":	1500,
					"omitted":	false,
					"sender":	true
				}],
			"sum":	{
				"start":	2.001028,
				"end":	3.001201,
				"seconds":	1.0001729726791382,
				"bytes":	8781824,
				"bits_per_second":	70242441.9766221,
				"retransmits":	477,
				"omitted":	false,
				"sender":	true
			}
		}, {
			"streams":	[{
					"socket":	8,
					"start":	3.001201,
					"end":	4.000319,
					"seconds":	0.99911797046661377,
					"bytes":	8781824,
					"bits_per_second":	70316613.329644442,
					"retransmits":	197,
					"snd_cwnd":	142675784,
					"snd_wnd":	102715392,
					"rtt":	496455,
					"rttvar":	555,
					"pmtu":	1500,
					"omitted":	false,
					"sender":	true
				}],
			"sum":	{
				"start":	3.001201,
				"end":	4.000319,
				"seconds":	0.99911797046661377,
				"bytes":	8781824,
				"bits_per_second":	70316613.329644442,
				"retransmits":	197,
				"omitted":	false,
				"sender":	true
			}
		}, {
			"streams":	[{
					"socket":	8,
					"start":	4.000319,
					"end":	5.001323,
					"seconds":	1.0010039806365967,
					"bytes":	6422528,
					"bits_per_second":	51328690.988146044,
					"retransmits":	99,
					"snd_cwnd":	142250072,
					"snd_wnd":	122068992,
					"rtt":	650004,
					"rttvar":	152,
					"pmtu":	1500,
					"omitted":	false,
					"sender":	true
				}],
			"sum":	{
				"start":	4.000319,
				"end":	5.001323,
				"seconds":	1.0010039806365967,
				"bytes":	6422528,
				"bits_per_second":	51328690.988146044,
				"retransmits":	99,
				"omitted":	false,
				"sender":	true
			}
		}],
	"end":	{
		"streams":	[{
				"sender":	{
					"socket":	8,
					"start":	0,
					"end":	5.00243,
					"seconds":	5.00243,
					"bytes":	107479040,
					"bits_per_second":	171882928.89655626,
					"retransmits":	1404,
					"max_snd_cwnd":	143832736,
					"max_snd_wnd":	122068992,
					"max_rtt":	650004,
					"min_rtt":	289449,
					"mean_rtt":	516262,
					"sender":	true
				},
				"receiver":	{
					"socket":	8,
					"start":	0,
					"end":	5.773094,
					"seconds":	5.00243,
					"bytes":	107347968,
					"bits_per_second":	148756237.81632516,
					"sender":	true
				}
			}],
		"sum_sent":	{
			"start":	0,
			"end":	5.00243,
			"seconds":	5.00243,
			"bytes":	107479040,
			"bits_per_second":	171882928.89655626,
			"retransmits":	1404,
			"sender":	true
		},
		"sum_received":	{
			"start":	0,
			"end":	5.773094,
			"seconds":	5.773094,
			"bytes":	107347968,
			"bits_per_second":	148756237.81632516,
			"sender":	true
		},
		"cpu_utilization_percent":	{
			"host_total":	10.666407542267768,
			"host_user":	4.7714984438288024,
			"host_system":	5.8949090984389656,
			"remote_total":	1.011827402137389,
			"remote_user":	0,
			"remote_system":	1.0118620454558447
		},
		"sender_tcp_congestion":	"prague",
		"receiver_tcp_congestion":	"prague"
	}
}
