{
	"start":	{
		"connected":	[{
				"socket":	8,
				"local_host":	"172.16.0.31",
				"local_port":	42238,
				"remote_host":	"172.17.0.31",
				"remote_port":	5201
			}],
		"version":	"iperf 3.16",
		"system_info":	"Linux h1 6.12.54-0b264c55b-l4steam-117 #1 SMP PREEMPT_DYNAMIC Fri Nov  7 18:07:57 UTC 2025 x86_64",
		"timestamp":	{
			"time":	"Sun, 22 Feb 2026 01:33:23 GMT",
			"timesecs":	1771724003
		},
		"connecting_to":	{
			"host":	"172.17.0.31",
			"port":	5201
		},
		"cookie":	"qlngfocnvt5z5tono3bgkb74be7pcjjapijs",
		"tcp_mss_default":	1448,
		"target_bitrate":	0,
		"fq_rate":	0,
		"sock_bufsize":	0,
		"sndbuf_actual":	1000000,
		"rcvbuf_actual":	1000000,
		"test_start":	{
			"protocol":	"TCP",
			"num_streams":	1,
			"blksize":	131072,
			"omit":	0,
			"duration":	0,
			"bytes":	107374182,
			"blocks":	0,
			"reverse":	0,
			"tos":	0,
			"target_bitrate":	0,
			"bidir":	0,
			"fqrate":	0
		}
	},
	"intervals":	[{
			"streams":	[{
					"socket":	8,
					"start":	0,
					"end":	1.001051,
					"seconds":	1.00105094909668,
					"bytes":	32636928,
					"bits_per_second":	260821314.07557747,
					"retransmits":	829,
					"snd_cwnd":	144196184,
					"snd_wnd":	31436800,
					"rtt":	387162,
					"rttvar":	522,
					"pmtu":	1500,
					"omitted":	false,
					"sender":	true
				}],
			"sum":	{
				"start":	0,
				"end":	1.001051,
				"seconds":	1.00105094909668,
				"bytes":	32636928,
				"bits_per_second":	260821314.07557747,
				"retransmits":	829,
				"omitted":	false,
				"sender":	true
			}
		}, {
			"streams":	[{
					"socket":	8,
					"start":	1.001051,
					"end":	2.000411,
					"seconds":	0.99936002492904663,
					"bytes":	20054016,
					"bits_per_second":	160534866.31245881,
					"retransmits":	19,
					"snd_cwnd":	143386752,
					"snd_wnd":	59826176,
					"rtt":	503520,
					"rttvar":	52764,
					"pmtu":	1500,
					"omitted":	false,
					"sender":	true
				}],
			"sum":	{
				"start":	1.001051,
				"end":	2.000411,
				"seconds":	0.99936002492904663,
				"bytes":	20054016,
				"bits_per_second":	160534866.31245881,
				"retransmits":	19,
				"omitted":	false,
				"sender":	true
			}
		}, {
			"streams":	[{
					"socket":	8,
					"start":	2.000411,
					"end":	3.000418,
					"seconds":	1.0000070333480835,
					"bytes":	7077888,
					"bits_per_second":	56622705.752801,
					"retransmits":	4799,
					"snd_cwnd":	142271792,
					"snd_wnd":	98381824,
					"rtt":	569486,
					"rttvar":	3740,
					"pmtu":	1500,
					"omitted":	false,
					"sender":	true
				}],
			"sum":	{
				"start":	2.000411,
				"end":	3.000418,
				"seconds":	1.0000070333480835,
				"bytes":	7077888,
				"bits_per_second":	56622705.752801,
				"retransmits":	4799,
				"omitted":	false,
				"sender":	true
			}
		}, {
			"streams":	[{
					"socket":	8,
					"start":	3.000418,
					"end":	4.000444,
					"seconds":	1.0000259876251221,
					"bytes":	17432576,
					"bits_per_second":	139456983.84418321,
					"retransmits":	437,
					"snd_cwnd":	141585440,
					"snd_wnd":	126631936,
					"rtt":	537178,
					"rttvar":	733,
					"pmtu":	1500,
					"omitted":	false,
					"sender":	true
				}],
			"sum":	{
				"start":	3.000418,
				"end":	4.000444,
				"seconds":	1.0000259876251221,
				"bytes":	17432576,
				"bits_per_second":	139456983.84418321,
				"retransmits":	437,
				"omitted":	false,
				"sender":	true
			}
		}, {
			"streams":	[{
					"socket":	8,
					"start":	4.000444,
					"end":	5.000439,
					"seconds":	0.999994993209839,
					"bytes":	0,
					"bits_per_second":	0,
					"retransmits":	812,
					"snd_cwnd":	141284256,
					"snd_wnd":	140070912,
					"rtt":	652668,
					"rttvar":	1514,
					"pmtu":	1500,
					"omitted":	false,
					"sender":	true
				}],
			"sum":	{
				"start":	4.000444,
				"end":	5.000439,
				"seconds":	0.999994993209839,
				"bytes":	0,
				"bits_per_second":	0,
				"retransmits":	812,
				"omitted":	false,
				"sender":	true
			}
		}, {
			"streams":	[{
					"socket":	8,
					"start":	5.000439,
					"end":	6.000441,
					"seconds":	1.0000020265579224,
					"bytes":	13893632,
					"bits_per_second":	111148830.75045648,
					"retransmits":	0,
					"snd_cwnd":	141200272,
					"snd_wnd":	141082624,
					"rtt":	772286,
					"rttvar":	482,
					"pmtu":	1500,
					"omitted":	false,
					"sender":	true
				}],
			"sum":	{
				"start":	5.000439,
				"end":	6.000441,
				"seconds":	1.0000020265579224,
				"bytes":	13893632,
				"bits_per_second":	111148830.75045648,
				"retransmits":	0,
				"omitted":	false,
				"sender":	true
			}
		}, {
			"streams":	[{
					"socket":	8,
					"start":	6.000441,
					"end":	7.001071,
					"seconds":	1.0006300210952759,
					"bytes":	0,
					"bits_per_second":	0,
					"retransmits":	1218,
					"snd_cwnd":	140930944,
					"snd_wnd":	145301504,
					"rtt":	798046,
					"rttvar":	4058,
					"pmtu":	1500,
					"omitted":	false,
					"sender":	true
				}],
			"sum":	{
				"start":	6.000441,
				"end":	7.001071,
				"seconds":	1.0006300210952759,
				"bytes":	0,
				"bits_per_second":	0,
				"retransmits":	1218,
				"omitted":	false,
				"sender":	true
			}
		}, {
			"streams":	[{
					"socket":	8,
					"start":	7.001071,
					"end":	8.004541,
					"seconds":	1.0034699440002441,
					"bytes":	9961472,
					"bits_per_second":	79416206.211733446,
					"retransmits":	132,
					"snd_cwnd":	140839720,
					"snd_wnd":	136798208,
					"rtt":	735015,
					"rttvar":	21602,
					"pmtu":	1500,
					"omitted":	false,
					"sender":	true
				}],
			"sum":	{
				"start":	7.001071,
				"end":	8.004541,
				"seconds":	1.0034699440002441,
				"bytes":	9961472,
				"bits_per_second":	79416206.211733446,
				"retransmits":	132,
				"omitted":	false,
				"sender":	true
			}
		}, {
			"streams":	[{
					"socket":	8,
					"start":	8.004541,
					"end":	9.000403,
					"seconds":	0.99586200714111328,
					"bytes":	6422528,
					"bits_per_second":	51593718.438461766,
					"retransmits":	1010,
					"snd_cwnd":	140774560,
					"snd_wnd":	145240064,
					"rtt":	647964,
					"rttvar":	2160,
					"pmtu":	1500,
					"omitted":	false,
					"sender":	true
				}],
			"sum":	{
				"start":	8.004541,
				"end":	9.000403,
				"seconds":	0.99586200714111328,
				"bytes":	6422528,
				"bits_per_second":	51593718.438461766,
				"retransmits":	1010,
				"omitted":	false,
				"sender":	true
			}
		}],
	"end":	{
		"streams":	[{
				"sender":	{
					"socket":	8,
					"start":	0,
					"end":	9.0007,
					"seconds":	9.0007,
					"bytes":	107479040,
					"bits_per_second":	95529494.3726599,
					"retransmits":	9256,
					"max_snd_cwnd":	144196184,
					"max_snd_wnd":	145301504,
					"max_rtt":	798046,
					"min_rtt":	387162,
					"mean_rtt":	625128,
					"sender":	true
				},
				"receiver":	{
					"socket":	8,
					"start":	0,
					"end":	9.625331,
					"seconds":	9.0007,
					"bytes":	91750400,
					"bits_per_second":	76257450.263268873,
					"sender":	true
				}
			}],
		"sum_sent":	{
			"start":	0,
			"end":	9.0007,
			"seconds":	9.0007,
			"bytes":	107479040,
			"bits_per_second":	95529494.3726599,
			"retransmits":	9256,
			"sender":	true
		},
		"sum_received":	{
			"start":	0,
			"end":	9.625331,
			"seconds":	9.625331,
			"bytes":	91750400,
			"bits_per_second":	76257450.263268873,
			"sender":	true
		},
		"cpu_utilization_percent":	{
			"host_total":	6.50242480426308,
			"host_user":	3.3507467017982,
			"host_system":	3.1516781024648819,
			"remote_total":	0.53760173275939,
			"remote_user":	0,
			"remote_system":	0.53760173275939
		},
		"sender_tcp_congestion":	"prague",
		"receiver_tcp_congestion":	"prague"
	}
}
