{
	"start":	{
		"connected":	[{
				"socket":	8,
				"local_host":	"172.16.0.43",
				"local_port":	42540,
				"remote_host":	"172.17.0.43",
				"remote_port":	5201
			}],
		"version":	"iperf 3.16",
		"system_info":	"Linux h1 6.12.54-0b264c55b-l4steam-117 #1 SMP PREEMPT_DYNAMIC Fri Nov  7 18:07:57 UTC 2025 x86_64",
		"timestamp":	{
			"time":	"Sun, 22 Feb 2026 01:33:23 GMT",
			"timesecs":	1771724003
		},
		"connecting_to":	{
			"host":	"172.17.0.43",
			"port":	5201
		},
		"cookie":	"pp5gxoj6q7c33ulqaiidgskrefywpdh3yb5m",
		"tcp_mss_default":	1448,
		"target_bitrate":	0,
		"fq_rate":	0,
		"sock_bufsize":	0,
		"sndbuf_actual":	1000000,
		"rcvbuf_actual":	1000000,
		"test_start":	{
			"protocol":	"TCP",
			"num_streams":	1,
			"blksize":	131072,
			"omit":	0,
			"duration":	0,
			"bytes":	107374182,
			"blocks":	0,
			"reverse":	0,
			"tos":	0,
			"target_bitrate":	0,
			"bidir":	0,
			"fqrate":	0
		}
	},
	"intervals":	[{
			"streams":	[{
					"socket":	8,
					"start":	0,
					"end":	1.001059,
					"seconds":	1.0010590553283691,
					"bytes":	21495808,
					"bits_per_second":	171784534.6732229,
					"retransmits":	1,
					"snd_cwnd":	144800000,
					"snd_wnd":	2170880,
					"rtt":	365538,
					"rttvar":	34015,
					"pmtu":	1500,
					"omitted":	false,
					"sender":	true
				}],
			"sum":	{
				"start":	0,
				"end":	1.001059,
				"seconds":	1.0010590553283691,
				"bytes":	21495808,
				"bits_per_second":	171784534.6732229,
				"retransmits":	1,
				"omitted":	false,
				"sender":	true
			}
		}, {
			"streams":	[{
					"socket":	8,
					"start":	1.001059,
					"end":	2.001062,
					"seconds":	1.0000029802322388,
					"bytes":	0,
					"bits_per_second":	0,
					"retransmits":	0,
					"snd_cwnd":	144800000,
					"snd_wnd":	18898944,
					"rtt":	565578,
					"rttvar":	433,
					"pmtu":	1500,
					"omitted":	false,
					"sender":	true
				}],
			"sum":	{
				"start":	1.001059,
				"end":	2.001062,
				"seconds":	1.0000029802322388,
				"bytes":	0,
				"bits_per_second":	0,
				"retransmits":	0,
				"omitted":	false,
				"sender":	true
			}
		}, {
			"streams":	[{
					"socket":	8,
					"start":	2.001062,
					"end":	3.003987,
					"seconds":	1.0029250383377075,
					"bytes":	85983232,
					"bits_per_second":	685859690.112134,
					"retransmits":	158,
					"snd_cwnd":	144734840,
					"snd_wnd":	63610880,
					"rtt":	541296,
					"rttvar":	515,
					"pmtu":	1500,
					"omitted":	false,
					"sender":	true
				}],
			"sum":	{
				"start":	2.001062,
				"end":	3.003987,
				"seconds":	1.0029250383377075,
				"bytes":	85983232,
				"bits_per_second":	685859690.112134,
				"retransmits":	158,
				"omitted":	false,
				"sender":	true
			}
		}],
	"end":	{
		"streams":	[{
				"sender":	{
					"socket":	8,
					"start":	0,
					"end":	3.004352,
					"seconds":	3.004352,
					"bytes":	107479040,
					"bits_per_second":	286195598.91783655,
					"retransmits":	159,
					"max_snd_cwnd":	144800000,
					"max_snd_wnd":	63610880,
					"max_rtt":	565578,
					"min_rtt":	365538,
					"mean_rtt":	503427,
					"sender":	true
				},
				"receiver":	{
					"socket":	8,
					"start":	0,
					"end":	3.521659,
					"seconds":	3.004352,
					"bytes":	74579968,
					"bits_per_second":	169420078.43462414,
					"sender":	true
				}
			}],
		"sum_sent":	{
			"start":	0,
			"end":	3.004352,
			"seconds":	3.004352,
			"bytes":	107479040,
			"bits_per_second":	286195598.91783655,
			"retransmits":	159,
			"sender":	true
		},
		"sum_received":	{
			"start":	0,
			"end":	3.521659,
			"seconds":	3.521659,
			"bytes":	74579968,
			"bits_per_second":	169420078.43462414,
			"sender":	true
		},
		"cpu_utilization_percent":	{
			"host_total":	6.43506758544801,
			"host_user":	0.32739434587662236,
			"host_system":	6.107643337813613,
			"remote_total":	1.7616886041256468,
			"remote_user":	0,
			"remote_system":	1.7616886041256468
		},
		"sender_tcp_congestion":	"prague",
		"receiver_tcp_congestion":	"prague"
	}
}
