{
	"start":	{
		"connected":	[{
				"socket":	8,
				"local_host":	"172.16.0.121",
				"local_port":	44370,
				"remote_host":	"172.17.0.121",
				"remote_port":	5201
			}],
		"version":	"iperf 3.16",
		"system_info":	"Linux h1 6.12.54-0b264c55b-l4steam-117 #1 SMP PREEMPT_DYNAMIC Fri Nov  7 18:07:57 UTC 2025 x86_64",
		"timestamp":	{
			"time":	"Sun, 22 Feb 2026 02:45:46 GMT",
			"timesecs":	1771728346
		},
		"connecting_to":	{
			"host":	"172.17.0.121",
			"port":	5201
		},
		"cookie":	"s5pg5qchukkb7upj2cod3q7e7seh3czv2rdm",
		"tcp_mss_default":	1448,
		"target_bitrate":	0,
		"fq_rate":	0,
		"sock_bufsize":	0,
		"sndbuf_actual":	1000000,
		"rcvbuf_actual":	1000000,
		"test_start":	{
			"protocol":	"TCP",
			"num_streams":	1,
			"blksize":	131072,
			"omit":	0,
			"duration":	0,
			"bytes":	107374182,
			"blocks":	0,
			"reverse":	0,
			"tos":	0,
			"target_bitrate":	0,
			"bidir":	0,
			"fqrate":	0
		}
	},
	"intervals":	[{
			"streams":	[{
					"socket":	8,
					"start":	0,
					"end":	1.001077,
					"seconds":	1.0010770559310913,
					"bytes":	17563648,
					"bits_per_second":	140358010.572237,
					"retransmits":	2534,
					"snd_cwnd":	2968400,
					"snd_wnd":	19214336,
					"rtt":	221379,
					"rttvar":	2040,
					"pmtu":	1500,
					"omitted":	false,
					"sender":	true
				}],
			"sum":	{
				"start":	0,
				"end":	1.001077,
				"seconds":	1.0010770559310913,
				"bytes":	17563648,
				"bits_per_second":	140358010.572237,
				"retransmits":	2534,
				"omitted":	false,
				"sender":	true
			}
		}, {
			"streams":	[{
					"socket":	8,
					"start":	1.001077,
					"end":	2.001065,
					"seconds":	0.9999880194664,
					"bytes":	14680064,
					"bits_per_second":	117441919.01685682,
					"retransmits":	5593,
					"snd_cwnd":	2716448,
					"snd_wnd":	30326784,
					"rtt":	85064,
					"rttvar":	2745,
					"pmtu":	1500,
					"omitted":	false,
					"sender":	true
				}],
			"sum":	{
				"start":	1.001077,
				"end":	2.001065,
				"seconds":	0.9999880194664,
				"bytes":	14680064,
				"bits_per_second":	117441919.01685682,
				"retransmits":	5593,
				"omitted":	false,
				"sender":	true
			}
		}, {
			"streams":	[{
					"socket":	8,
					"start":	2.001065,
					"end":	3.001058,
					"seconds":	0.99999302625656128,
					"bytes":	10223616,
					"bits_per_second":	81789498.378977671,
					"retransmits":	2816,
					"snd_cwnd":	1419040,
					"snd_wnd":	29753344,
					"rtt":	125836,
					"rttvar":	1882,
					"pmtu":	1500,
					"omitted":	false,
					"sender":	true
				}],
			"sum":	{
				"start":	2.001065,
				"end":	3.001058,
				"seconds":	0.99999302625656128,
				"bytes":	10223616,
				"bits_per_second":	81789498.378977671,
				"retransmits":	2816,
				"omitted":	false,
				"sender":	true
			}
		}, {
			"streams":	[{
					"socket":	8,
					"start":	3.001058,
					"end":	4.002609,
					"seconds":	1.0015510320663452,
					"bytes":	10223616,
					"bits_per_second":	81662267.204954669,
					"retransmits":	4878,
					"snd_cwnd":	1656512,
					"snd_wnd":	29380608,
					"rtt":	149470,
					"rttvar":	1986,
					"pmtu":	1500,
					"omitted":	false,
					"sender":	true
				}],
			"sum":	{
				"start":	3.001058,
				"end":	4.002609,
				"seconds":	1.0015510320663452,
				"bytes":	10223616,
				"bits_per_second":	81662267.204954669,
				"retransmits":	4878,
				"omitted":	false,
				"sender":	true
			}
		}, {
			"streams":	[{
					"socket":	8,
					"start":	4.002609,
					"end":	5.001069,
					"seconds":	0.99845999479293823,
					"bytes":	12058624,
					"bits_per_second":	96617783.8902858,
					"retransmits":	3944,
					"snd_cwnd":	1957696,
					"snd_wnd":	29097984,
					"rtt":	188363,
					"rttvar":	1461,
					"pmtu":	1500,
					"omitted":	false,
					"sender":	true
				}],
			"sum":	{
				"start":	4.002609,
				"end":	5.001069,
				"seconds":	0.99845999479293823,
				"bytes":	12058624,
				"bits_per_second":	96617783.8902858,
				"retransmits":	3944,
				"omitted":	false,
				"sender":	true
			}
		}, {
			"streams":	[{
					"socket":	8,
					"start":	5.001069,
					"end":	6.001046,
					"seconds":	0.9999769926071167,
					"bytes":	24510464,
					"bits_per_second":	196088223.47879738,
					"retransmits":	1517,
					"snd_cwnd":	2532552,
					"snd_wnd":	33685504,
					"rtt":	191845,
					"rttvar":	3638,
					"pmtu":	1500,
					"omitted":	false,
					"sender":	true
				}],
			"sum":	{
				"start":	5.001069,
				"end":	6.001046,
				"seconds":	0.9999769926071167,
				"bytes":	24510464,
				"bits_per_second":	196088223.47879738,
				"retransmits":	1517,
				"omitted":	false,
				"sender":	true
			}
		}, {
			"streams":	[{
					"socket":	8,
					"start":	6.001046,
					"end":	7.001045,
					"seconds":	0.99999898672103882,
					"bytes":	18219008,
					"bits_per_second":	145752211.68764964,
					"retransmits":	2351,
					"snd_cwnd":	3262344,
					"snd_wnd":	32907264,
					"rtt":	145448,
					"rttvar":	2588,
					"pmtu":	1500,
					"omitted":	false,
					"sender":	true
				}],
			"sum":	{
				"start":	6.001046,
				"end":	7.001045,
				"seconds":	0.99999898672103882,
				"bytes":	18219008,
				"bits_per_second":	145752211.68764964,
				"retransmits":	2351,
				"omitted":	false,
				"sender":	true
			}
		}],
	"end":	{
		"streams":	[{
				"sender":	{
					"socket":	8,
					"start":	0,
					"end":	7.018538,
					"seconds":	7.018538,
					"bytes":	107479040,
					"bits_per_second":	122508750.39787488,
					"retransmits":	23699,
					"max_snd_cwnd":	3262344,
					"max_snd_wnd":	33685504,
					"max_rtt":	221379,
					"min_rtt":	85064,
					"mean_rtt":	156606,
					"sender":	true
				},
				"receiver":	{
					"socket":	8,
					"start":	0,
					"end":	7.114977,
					"seconds":	7.018538,
					"bytes":	85852160,
					"bits_per_second":	96531201.7171665,
					"sender":	true
				}
			}],
		"sum_sent":	{
			"start":	0,
			"end":	7.018538,
			"seconds":	7.018538,
			"bytes":	107479040,
			"bits_per_second":	122508750.39787488,
			"retransmits":	23699,
			"sender":	true
		},
		"sum_received":	{
			"start":	0,
			"end":	7.114977,
			"seconds":	7.114977,
			"bytes":	85852160,
			"bits_per_second":	96531201.7171665,
			"sender":	true
		},
		"cpu_utilization_percent":	{
			"host_total":	2.99434341797956,
			"host_user":	1.43567081722685,
			"host_system":	1.558672600752711,
			"remote_total":	1.3779917110237088,
			"remote_user":	0.026085763694463748,
			"remote_system":	1.3519340569883984
		},
		"sender_tcp_congestion":	"cubic",
		"receiver_tcp_congestion":	"cubic"
	}
}
