{
	"start":	{
		"connected":	[{
				"socket":	8,
				"local_host":	"172.16.0.20",
				"local_port":	59712,
				"remote_host":	"172.17.0.20",
				"remote_port":	5201
			}],
		"version":	"iperf 3.16",
		"system_info":	"Linux h1 6.12.54-0b264c55b-l4steam-117 #1 SMP PREEMPT_DYNAMIC Fri Nov  7 18:07:57 UTC 2025 x86_64",
		"timestamp":	{
			"time":	"Sun, 22 Feb 2026 02:45:45 GMT",
			"timesecs":	1771728345
		},
		"connecting_to":	{
			"host":	"172.17.0.20",
			"port":	5201
		},
		"cookie":	"6q377mjar5oof55z3cc3djreg5ywkdfmv4an",
		"tcp_mss_default":	1448,
		"target_bitrate":	0,
		"fq_rate":	0,
		"sock_bufsize":	0,
		"sndbuf_actual":	1000000,
		"rcvbuf_actual":	1000000,
		"test_start":	{
			"protocol":	"TCP",
			"num_streams":	1,
			"blksize":	131072,
			"omit":	0,
			"duration":	0,
			"bytes":	107374182,
			"blocks":	0,
			"reverse":	0,
			"tos":	0,
			"target_bitrate":	0,
			"bidir":	0,
			"fqrate":	0
		}
	},
	"intervals":	[{
			"streams":	[{
					"socket":	8,
					"start":	0,
					"end":	1.000418,
					"seconds":	1.000417947769165,
					"bytes":	78118912,
					"bits_per_second":	624690208.12109649,
					"retransmits":	2675,
					"snd_cwnd":	4640840,
					"snd_wnd":	48050176,
					"rtt":	231087,
					"rttvar":	2819,
					"pmtu":	1500,
					"omitted":	false,
					"sender":	true
				}],
			"sum":	{
				"start":	0,
				"end":	1.000418,
				"seconds":	1.000417947769165,
				"bytes":	78118912,
				"bits_per_second":	624690208.12109649,
				"retransmits":	2675,
				"omitted":	false,
				"sender":	true
			}
		}, {
			"streams":	[{
					"socket":	8,
					"start":	1.000418,
					"end":	2.001069,
					"seconds":	1.0006510019302368,
					"bytes":	0,
					"bits_per_second":	0,
					"retransmits":	7314,
					"snd_cwnd":	935408,
					"snd_wnd":	57888768,
					"rtt":	123370,
					"rttvar":	4802,
					"pmtu":	1500,
					"omitted":	false,
					"sender":	true
				}],
			"sum":	{
				"start":	1.000418,
				"end":	2.001069,
				"seconds":	1.0006510019302368,
				"bytes":	0,
				"bits_per_second":	0,
				"retransmits":	7314,
				"omitted":	false,
				"sender":	true
			}
		}, {
			"streams":	[{
					"socket":	8,
					"start":	2.001069,
					"end":	3.001049,
					"seconds":	0.99997997283935547,
					"bytes":	0,
					"bits_per_second":	0,
					"retransmits":	2976,
					"snd_cwnd":	101387512,
					"snd_wnd":	60600320,
					"rtt":	131948,
					"rttvar":	20580,
					"pmtu":	1500,
					"omitted":	false,
					"sender":	true
				}],
			"sum":	{
				"start":	2.001069,
				"end":	3.001049,
				"seconds":	0.99997997283935547,
				"bytes":	0,
				"bits_per_second":	0,
				"retransmits":	2976,
				"omitted":	false,
				"sender":	true
			}
		}, {
			"streams":	[{
					"socket":	8,
					"start":	3.001049,
					"end":	4.000459,
					"seconds":	0.99940997362136841,
					"bytes":	0,
					"bits_per_second":	0,
					"retransmits":	4729,
					"snd_cwnd":	2547032,
					"snd_wnd":	58114048,
					"rtt":	245227,
					"rttvar":	4957,
					"pmtu":	1500,
					"omitted":	false,
					"sender":	true
				}],
			"sum":	{
				"start":	3.001049,
				"end":	4.000459,
				"seconds":	0.99940997362136841,
				"bytes":	0,
				"bits_per_second":	0,
				"retransmits":	4729,
				"omitted":	false,
				"sender":	true
			}
		}, {
			"streams":	[{
					"socket":	8,
					"start":	4.000459,
					"end":	5.001051,
					"seconds":	1.0005919933319092,
					"bytes":	0,
					"bits_per_second":	0,
					"retransmits":	2287,
					"snd_cwnd":	4231056,
					"snd_wnd":	60649472,
					"rtt":	307554,
					"rttvar":	4173,
					"pmtu":	1500,
					"omitted":	false,
					"sender":	true
				}],
			"sum":	{
				"start":	4.000459,
				"end":	5.001051,
				"seconds":	1.0005919933319092,
				"bytes":	0,
				"bits_per_second":	0,
				"retransmits":	2287,
				"omitted":	false,
				"sender":	true
			}
		}, {
			"streams":	[{
					"socket":	8,
					"start":	5.001051,
					"end":	6.004426,
					"seconds":	1.0033750534057617,
					"bytes":	3670016,
					"bits_per_second":	29261369.315833345,
					"retransmits":	3596,
					"snd_cwnd":	34802680,
					"snd_wnd":	60649472,
					"rtt":	224346,
					"rttvar":	11221,
					"pmtu":	1500,
					"omitted":	false,
					"sender":	true
				}],
			"sum":	{
				"start":	5.001051,
				"end":	6.004426,
				"seconds":	1.0033750534057617,
				"bytes":	3670016,
				"bits_per_second":	29261369.315833345,
				"retransmits":	3596,
				"omitted":	false,
				"sender":	true
			}
		}, {
			"streams":	[{
					"socket":	8,
					"start":	6.004426,
					"end":	7.00044,
					"seconds":	0.99601399898529053,
					"bytes":	11665408,
					"bits_per_second":	93696739.297916457,
					"retransmits":	4143,
					"snd_cwnd":	24374184,
					"snd_wnd":	60649472,
					"rtt":	178582,
					"rttvar":	9378,
					"pmtu":	1500,
					"omitted":	false,
					"sender":	true
				}],
			"sum":	{
				"start":	6.004426,
				"end":	7.00044,
				"seconds":	0.99601399898529053,
				"bytes":	11665408,
				"bits_per_second":	93696739.297916457,
				"retransmits":	4143,
				"omitted":	false,
				"sender":	true
			}
		}, {
			"streams":	[{
					"socket":	8,
					"start":	7.00044,
					"end":	8.000423,
					"seconds":	0.999983012676239,
					"bytes":	14024704,
					"bits_per_second":	112199537.96987733,
					"retransmits":	5195,
					"snd_cwnd":	17074816,
					"snd_wnd":	60649472,
					"rtt":	165432,
					"rttvar":	2748,
					"pmtu":	1500,
					"omitted":	false,
					"sender":	true
				}],
			"sum":	{
				"start":	7.00044,
				"end":	8.000423,
				"seconds":	0.999983012676239,
				"bytes":	14024704,
				"bits_per_second":	112199537.96987733,
				"retransmits":	5195,
				"omitted":	false,
				"sender":	true
			}
		}],
	"end":	{
		"streams":	[{
				"sender":	{
					"socket":	8,
					"start":	0,
					"end":	8.00066,
					"seconds":	8.00066,
					"bytes":	107479040,
					"bits_per_second":	107470173.71066888,
					"retransmits":	32915,
					"max_snd_cwnd":	101387512,
					"max_snd_wnd":	60649472,
					"max_rtt":	307554,
					"min_rtt":	123370,
					"mean_rtt":	196997,
					"sender":	true
				},
				"receiver":	{
					"socket":	8,
					"start":	0,
					"end":	8.065718,
					"seconds":	8.00066,
					"bytes":	104202240,
					"bits_per_second":	103353219.14304467,
					"sender":	true
				}
			}],
		"sum_sent":	{
			"start":	0,
			"end":	8.00066,
			"seconds":	8.00066,
			"bytes":	107479040,
			"bits_per_second":	107470173.71066888,
			"retransmits":	32915,
			"sender":	true
		},
		"sum_received":	{
			"start":	0,
			"end":	8.065718,
			"seconds":	8.065718,
			"bytes":	104202240,
			"bits_per_second":	103353219.14304467,
			"sender":	true
		},
		"cpu_utilization_percent":	{
			"host_total":	8.8889526515921951,
			"host_user":	6.49478824648369,
			"host_system":	2.3941644051085067,
			"remote_total":	1.4980779804940281,
			"remote_user":	0.050571956554486347,
			"remote_system":	1.4474936258133946
		},
		"sender_tcp_congestion":	"cubic",
		"receiver_tcp_congestion":	"cubic"
	}
}
