{
	"start":	{
		"connected":	[{
				"socket":	8,
				"local_host":	"172.16.0.55",
				"local_port":	37526,
				"remote_host":	"172.17.0.55",
				"remote_port":	5201
			}],
		"version":	"iperf 3.16",
		"system_info":	"Linux h1 6.12.54-0b264c55b-l4steam-117 #1 SMP PREEMPT_DYNAMIC Fri Nov  7 18:07:57 UTC 2025 x86_64",
		"timestamp":	{
			"time":	"Sun, 22 Feb 2026 02:45:45 GMT",
			"timesecs":	1771728345
		},
		"connecting_to":	{
			"host":	"172.17.0.55",
			"port":	5201
		},
		"cookie":	"bfg7ghxktatomyxcyjegcav4xpiefa2uszqo",
		"tcp_mss_default":	1448,
		"target_bitrate":	0,
		"fq_rate":	0,
		"sock_bufsize":	0,
		"sndbuf_actual":	1000000,
		"rcvbuf_actual":	1000000,
		"test_start":	{
			"protocol":	"TCP",
			"num_streams":	1,
			"blksize":	131072,
			"omit":	0,
			"duration":	0,
			"bytes":	107374182,
			"blocks":	0,
			"reverse":	0,
			"tos":	0,
			"target_bitrate":	0,
			"bidir":	0,
			"fqrate":	0
		}
	},
	"intervals":	[{
			"streams":	[{
					"socket":	8,
					"start":	0,
					"end":	1.001012,
					"seconds":	1.0010119676589966,
					"bytes":	32636928,
					"bits_per_second":	260831470.98691273,
					"retransmits":	1530,
					"snd_cwnd":	4367168,
					"snd_wnd":	28327936,
					"rtt":	133284,
					"rttvar":	10534,
					"pmtu":	1500,
					"omitted":	false,
					"sender":	true
				}],
			"sum":	{
				"start":	0,
				"end":	1.001012,
				"seconds":	1.0010119676589966,
				"bytes":	32636928,
				"bits_per_second":	260831470.98691273,
				"retransmits":	1530,
				"omitted":	false,
				"sender":	true
			}
		}, {
			"streams":	[{
					"socket":	8,
					"start":	1.001012,
					"end":	2.001032,
					"seconds":	1.0000200271606445,
					"bytes":	5505024,
					"bits_per_second":	44039310.0176636,
					"retransmits":	900,
					"snd_cwnd":	70989648,
					"snd_wnd":	44883968,
					"rtt":	255135,
					"rttvar":	8132,
					"pmtu":	1500,
					"omitted":	false,
					"sender":	true
				}],
			"sum":	{
				"start":	1.001012,
				"end":	2.001032,
				"seconds":	1.0000200271606445,
				"bytes":	5505024,
				"bits_per_second":	44039310.0176636,
				"retransmits":	900,
				"omitted":	false,
				"sender":	true
			}
		}, {
			"streams":	[{
					"socket":	8,
					"start":	2.001032,
					"end":	3.001001,
					"seconds":	0.9999690055847168,
					"bytes":	10878976,
					"bits_per_second":	87034505.583610028,
					"retransmits":	1058,
					"snd_cwnd":	34802680,
					"snd_wnd":	66277376,
					"rtt":	148169,
					"rttvar":	4005,
					"pmtu":	1500,
					"omitted":	false,
					"sender":	true
				}],
			"sum":	{
				"start":	2.001032,
				"end":	3.001001,
				"seconds":	0.9999690055847168,
				"bytes":	10878976,
				"bits_per_second":	87034505.583610028,
				"retransmits":	1058,
				"omitted":	false,
				"sender":	true
			}
		}, {
			"streams":	[{
					"socket":	8,
					"start":	3.001001,
					"end":	4.000997,
					"seconds":	0.9999960064888,
					"bytes":	5373952,
					"bits_per_second":	42991787.68818564,
					"retransmits":	138,
					"snd_cwnd":	2389200,
					"snd_wnd":	73183232,
					"rtt":	263785,
					"rttvar":	11867,
					"pmtu":	1500,
					"omitted":	false,
					"sender":	true
				}],
			"sum":	{
				"start":	3.001001,
				"end":	4.000997,
				"seconds":	0.9999960064888,
				"bytes":	5373952,
				"bits_per_second":	42991787.68818564,
				"retransmits":	138,
				"omitted":	false,
				"sender":	true
			}
		}, {
			"streams":	[{
					"socket":	8,
					"start":	4.000997,
					"end":	5.001056,
					"seconds":	1.0000590085983276,
					"bytes":	25034752,
					"bits_per_second":	200266198.57232985,
					"retransmits":	334,
					"snd_cwnd":	7186424,
					"snd_wnd":	73191424,
					"rtt":	271663,
					"rttvar":	4677,
					"pmtu":	1500,
					"omitted":	false,
					"sender":	true
				}],
			"sum":	{
				"start":	4.000997,
				"end":	5.001056,
				"seconds":	1.0000590085983276,
				"bytes":	25034752,
				"bits_per_second":	200266198.57232985,
				"retransmits":	334,
				"omitted":	false,
				"sender":	true
			}
		}, {
			"streams":	[{
					"socket":	8,
					"start":	5.001056,
					"end":	6.001045,
					"seconds":	0.99998897314071655,
					"bytes":	0,
					"bits_per_second":	0,
					"retransmits":	4289,
					"snd_cwnd":	17061784,
					"snd_wnd":	73129984,
					"rtt":	197511,
					"rttvar":	1733,
					"pmtu":	1500,
					"omitted":	false,
					"sender":	true
				}],
			"sum":	{
				"start":	5.001056,
				"end":	6.001045,
				"seconds":	0.99998897314071655,
				"bytes":	0,
				"bits_per_second":	0,
				"retransmits":	4289,
				"omitted":	false,
				"sender":	true
			}
		}, {
			"streams":	[{
					"socket":	8,
					"start":	6.001045,
					"end":	7.005787,
					"seconds":	1.0047420263290405,
					"bytes":	28049408,
					"bits_per_second":	223336197.86947516,
					"retransmits":	1717,
					"snd_cwnd":	2681696,
					"snd_wnd":	79802368,
					"rtt":	178955,
					"rttvar":	1782,
					"pmtu":	1500,
					"omitted":	false,
					"sender":	true
				}],
			"sum":	{
				"start":	6.001045,
				"end":	7.005787,
				"seconds":	1.0047420263290405,
				"bytes":	28049408,
				"bits_per_second":	223336197.86947516,
				"retransmits":	1717,
				"omitted":	false,
				"sender":	true
			}
		}],
	"end":	{
		"streams":	[{
				"sender":	{
					"socket":	8,
					"start":	0,
					"end":	7.006195,
					"seconds":	7.006195,
					"bytes":	107479040,
					"bits_per_second":	122724577.32049993,
					"retransmits":	9966,
					"max_snd_cwnd":	70989648,
					"max_snd_wnd":	79802368,
					"max_rtt":	271663,
					"min_rtt":	133284,
					"mean_rtt":	203432,
					"sender":	true
				},
				"receiver":	{
					"socket":	8,
					"start":	0,
					"end":	7.072977,
					"seconds":	7.006195,
					"bytes":	83755008,
					"bits_per_second":	94732396.8394072,
					"sender":	true
				}
			}],
		"sum_sent":	{
			"start":	0,
			"end":	7.006195,
			"seconds":	7.006195,
			"bytes":	107479040,
			"bits_per_second":	122724577.32049993,
			"retransmits":	9966,
			"sender":	true
		},
		"sum_received":	{
			"start":	0,
			"end":	7.072977,
			"seconds":	7.072977,
			"bytes":	83755008,
			"bits_per_second":	94732396.8394072,
			"sender":	true
		},
		"cpu_utilization_percent":	{
			"host_total":	8.2971256258882136,
			"host_user":	7.2445747635869928,
			"host_system":	1.0525370955482864,
			"remote_total":	1.1174483658888767,
			"remote_user":	0,
			"remote_system":	1.1174483658888767
		},
		"sender_tcp_congestion":	"cubic",
		"receiver_tcp_congestion":	"cubic"
	}
}
