{
	"start":	{
		"connected":	[{
				"socket":	8,
				"local_host":	"172.16.0.6",
				"local_port":	34888,
				"remote_host":	"172.17.0.6",
				"remote_port":	5201
			}],
		"version":	"iperf 3.16",
		"system_info":	"Linux h1 6.12.54-0b264c55b-l4steam-117 #1 SMP PREEMPT_DYNAMIC Fri Nov  7 18:07:57 UTC 2025 x86_64",
		"timestamp":	{
			"time":	"Sun, 22 Feb 2026 02:45:45 GMT",
			"timesecs":	1771728345
		},
		"connecting_to":	{
			"host":	"172.17.0.6",
			"port":	5201
		},
		"cookie":	"4v2fmzxex6ftljljmqyv4t7eodcrsvxye35e",
		"tcp_mss_default":	1448,
		"target_bitrate":	0,
		"fq_rate":	0,
		"sock_bufsize":	0,
		"sndbuf_actual":	1000000,
		"rcvbuf_actual":	1000000,
		"test_start":	{
			"protocol":	"TCP",
			"num_streams":	1,
			"blksize":	131072,
			"omit":	0,
			"duration":	0,
			"bytes":	107374182,
			"blocks":	0,
			"reverse":	0,
			"tos":	0,
			"target_bitrate":	0,
			"bidir":	0,
			"fqrate":	0
		}
	},
	"intervals":	[{
			"streams":	[{
					"socket":	8,
					"start":	0,
					"end":	1.001032,
					"seconds":	1.0010319948196411,
					"bytes":	107479040,
					"bits_per_second":	858945892.288806,
					"retransmits":	362,
					"snd_cwnd":	70989648,
					"snd_wnd":	47509504,
					"rtt":	160668,
					"rttvar":	24905,
					"pmtu":	1500,
					"omitted":	false,
					"sender":	true
				}],
			"sum":	{
				"start":	0,
				"end":	1.001032,
				"seconds":	1.0010319948196411,
				"bytes":	107479040,
				"bits_per_second":	858945892.288806,
				"retransmits":	362,
				"omitted":	false,
				"sender":	true
			}
		}],
	"end":	{
		"streams":	[{
				"sender":	{
					"socket":	8,
					"start":	0,
					"end":	1.001308,
					"seconds":	1.001308,
					"bytes":	107479040,
					"bits_per_second":	858709128.45997429,
					"retransmits":	362,
					"max_snd_cwnd":	70989648,
					"max_snd_wnd":	47509504,
					"max_rtt":	160668,
					"min_rtt":	160668,
					"mean_rtt":	160668,
					"sender":	true
				},
				"receiver":	{
					"socket":	8,
					"start":	0,
					"end":	1.274106,
					"seconds":	1.001308,
					"bytes":	28573696,
					"bits_per_second":	179411734.97338527,
					"sender":	true
				}
			}],
		"sum_sent":	{
			"start":	0,
			"end":	1.001308,
			"seconds":	1.001308,
			"bytes":	107479040,
			"bits_per_second":	858709128.45997429,
			"retransmits":	362,
			"sender":	true
		},
		"sum_received":	{
			"start":	0,
			"end":	1.274106,
			"seconds":	1.274106,
			"bytes":	28573696,
			"bits_per_second":	179411734.97338527,
			"sender":	true
		},
		"cpu_utilization_percent":	{
			"host_total":	47.788752821643534,
			"host_user":	40.6973530163985,
			"host_system":	7.09147923222702,
			"remote_total":	1.6581601619309909,
			"remote_user":	0,
			"remote_system":	1.658238647289155
		},
		"sender_tcp_congestion":	"cubic",
		"receiver_tcp_congestion":	"cubic"
	}
}
