{
	"start":	{
		"connected":	[{
				"socket":	8,
				"local_host":	"172.16.0.93",
				"local_port":	39886,
				"remote_host":	"172.17.0.93",
				"remote_port":	5201
			}],
		"version":	"iperf 3.16",
		"system_info":	"Linux h1 6.12.54-0b264c55b-l4steam-117 #1 SMP PREEMPT_DYNAMIC Fri Nov  7 18:07:57 UTC 2025 x86_64",
		"timestamp":	{
			"time":	"Sun, 22 Feb 2026 02:45:46 GMT",
			"timesecs":	1771728346
		},
		"connecting_to":	{
			"host":	"172.17.0.93",
			"port":	5201
		},
		"cookie":	"tzyxnpat35nuhqrezzmwvkix6tdzwx2yzdg5",
		"tcp_mss_default":	1448,
		"target_bitrate":	0,
		"fq_rate":	0,
		"sock_bufsize":	0,
		"sndbuf_actual":	1000000,
		"rcvbuf_actual":	1000000,
		"test_start":	{
			"protocol":	"TCP",
			"num_streams":	1,
			"blksize":	131072,
			"omit":	0,
			"duration":	0,
			"bytes":	107374182,
			"blocks":	0,
			"reverse":	0,
			"tos":	0,
			"target_bitrate":	0,
			"bidir":	0,
			"fqrate":	0
		}
	},
	"intervals":	[{
			"streams":	[{
					"socket":	8,
					"start":	0,
					"end":	1.003825,
					"seconds":	1.0038249492645264,
					"bytes":	17563648,
					"bits_per_second":	139973791.34972391,
					"retransmits":	2739,
					"snd_cwnd":	3210216,
					"snd_wnd":	20602880,
					"rtt":	243756,
					"rttvar":	4866,
					"pmtu":	1500,
					"omitted":	false,
					"sender":	true
				}],
			"sum":	{
				"start":	0,
				"end":	1.003825,
				"seconds":	1.0038249492645264,
				"bytes":	17563648,
				"bits_per_second":	139973791.34972391,
				"retransmits":	2739,
				"omitted":	false,
				"sender":	true
			}
		}, {
			"streams":	[{
					"socket":	8,
					"start":	1.003825,
					"end":	2.001314,
					"seconds":	0.99748897552490234,
					"bytes":	9699328,
					"bits_per_second":	77789956.484649733,
					"retransmits":	4617,
					"snd_cwnd":	3181256,
					"snd_wnd":	43241472,
					"rtt":	224903,
					"rttvar":	2512,
					"pmtu":	1500,
					"omitted":	false,
					"sender":	true
				}],
			"sum":	{
				"start":	1.003825,
				"end":	2.001314,
				"seconds":	0.99748897552490234,
				"bytes":	9699328,
				"bits_per_second":	77789956.484649733,
				"retransmits":	4617,
				"omitted":	false,
				"sender":	true
			}
		}, {
			"streams":	[{
					"socket":	8,
					"start":	2.001314,
					"end":	3.001101,
					"seconds":	0.99978697299957275,
					"bytes":	58982400,
					"bits_per_second":	471959740.16777039,
					"retransmits":	4595,
					"snd_cwnd":	29712960,
					"snd_wnd":	66129920,
					"rtt":	338373,
					"rttvar":	7859,
					"pmtu":	1500,
					"omitted":	false,
					"sender":	true
				}],
			"sum":	{
				"start":	2.001314,
				"end":	3.001101,
				"seconds":	0.99978697299957275,
				"bytes":	58982400,
				"bits_per_second":	471959740.16777039,
				"retransmits":	4595,
				"omitted":	false,
				"sender":	true
			}
		}, {
			"streams":	[{
					"socket":	8,
					"start":	3.001101,
					"end":	4.000715,
					"seconds":	0.99961400032043457,
					"bytes":	0,
					"bits_per_second":	0,
					"retransmits":	8957,
					"snd_cwnd":	1355328,
					"snd_wnd":	66977792,
					"rtt":	104523,
					"rttvar":	521,
					"pmtu":	1500,
					"omitted":	false,
					"sender":	true
				}],
			"sum":	{
				"start":	3.001101,
				"end":	4.000715,
				"seconds":	0.99961400032043457,
				"bytes":	0,
				"bits_per_second":	0,
				"retransmits":	8957,
				"omitted":	false,
				"sender":	true
			}
		}, {
			"streams":	[{
					"socket":	8,
					"start":	4.000715,
					"end":	5.001035,
					"seconds":	1.0003199577331543,
					"bytes":	0,
					"bits_per_second":	0,
					"retransmits":	9253,
					"snd_cwnd":	1387184,
					"snd_wnd":	68202496,
					"rtt":	94405,
					"rttvar":	930,
					"pmtu":	1500,
					"omitted":	false,
					"sender":	true
				}],
			"sum":	{
				"start":	4.000715,
				"end":	5.001035,
				"seconds":	1.0003199577331543,
				"bytes":	0,
				"bits_per_second":	0,
				"retransmits":	9253,
				"omitted":	false,
				"sender":	true
			}
		}, {
			"streams":	[{
					"socket":	8,
					"start":	5.001035,
					"end":	6.001044,
					"seconds":	1.0000089406967163,
					"bytes":	9306112,
					"bits_per_second":	74448230.3809511,
					"retransmits":	9438,
					"snd_cwnd":	1720224,
					"snd_wnd":	67973120,
					"rtt":	96181,
					"rttvar":	423,
					"pmtu":	1500,
					"omitted":	false,
					"sender":	true
				}],
			"sum":	{
				"start":	5.001035,
				"end":	6.001044,
				"seconds":	1.0000089406967163,
				"bytes":	9306112,
				"bits_per_second":	74448230.3809511,
				"retransmits":	9438,
				"omitted":	false,
				"sender":	true
			}
		}, {
			"streams":	[{
					"socket":	8,
					"start":	6.001044,
					"end":	7.001035,
					"seconds":	0.999990999698639,
					"bytes":	11927552,
					"bits_per_second":	95421274.820229635,
					"retransmits":	15270,
					"snd_cwnd":	24375632,
					"snd_wnd":	68460544,
					"rtt":	64060,
					"rttvar":	351,
					"pmtu":	1500,
					"omitted":	false,
					"sender":	true
				}],
			"sum":	{
				"start":	6.001044,
				"end":	7.001035,
				"seconds":	0.999990999698639,
				"bytes":	11927552,
				"bits_per_second":	95421274.820229635,
				"retransmits":	15270,
				"omitted":	false,
				"sender":	true
			}
		}],
	"end":	{
		"streams":	[{
				"sender":	{
					"socket":	8,
					"start":	0,
					"end":	7.001309,
					"seconds":	7.001309,
					"bytes":	107479040,
					"bits_per_second":	122810223.0597164,
					"retransmits":	54869,
					"max_snd_cwnd":	29712960,
					"max_snd_wnd":	68460544,
					"max_rtt":	338373,
					"min_rtt":	64060,
					"mean_rtt":	153782,
					"sender":	true
				},
				"receiver":	{
					"socket":	8,
					"start":	0,
					"end":	7.517656,
					"seconds":	7.001309,
					"bytes":	107479040,
					"bits_per_second":	114375055.20337723,
					"sender":	true
				}
			}],
		"sum_sent":	{
			"start":	0,
			"end":	7.001309,
			"seconds":	7.001309,
			"bytes":	107479040,
			"bits_per_second":	122810223.0597164,
			"retransmits":	54869,
			"sender":	true
		},
		"sum_received":	{
			"start":	0,
			"end":	7.517656,
			"seconds":	7.517656,
			"bytes":	107479040,
			"bits_per_second":	114375055.20337723,
			"sender":	true
		},
		"cpu_utilization_percent":	{
			"host_total":	11.440730986050934,
			"host_user":	7.9916443057587552,
			"host_system":	3.4490993835490533,
			"remote_total":	1.5223472920521752,
			"remote_user":	0.051718172672452767,
			"remote_system":	1.4706424213788667
		},
		"sender_tcp_congestion":	"cubic",
		"receiver_tcp_congestion":	"cubic"
	}
}
