{
	"start":	{
		"connected":	[{
				"socket":	8,
				"local_host":	"172.16.0.100",
				"local_port":	46346,
				"remote_host":	"172.17.0.100",
				"remote_port":	5201
			}],
		"version":	"iperf 3.16",
		"system_info":	"Linux h1 6.12.54-0b264c55b-l4steam-117 #1 SMP PREEMPT_DYNAMIC Fri Nov  7 18:07:57 UTC 2025 x86_64",
		"timestamp":	{
			"time":	"Sun, 22 Feb 2026 02:00:30 GMT",
			"timesecs":	1771725630
		},
		"connecting_to":	{
			"host":	"172.17.0.100",
			"port":	5201
		},
		"cookie":	"p2qkerma7szbqhhfzksvx6jwnvwf3es7wfni",
		"tcp_mss_default":	1448,
		"target_bitrate":	0,
		"fq_rate":	0,
		"sock_bufsize":	0,
		"sndbuf_actual":	1000000,
		"rcvbuf_actual":	1000000,
		"test_start":	{
			"protocol":	"TCP",
			"num_streams":	1,
			"blksize":	131072,
			"omit":	0,
			"duration":	0,
			"bytes":	107374182,
			"blocks":	0,
			"reverse":	0,
			"tos":	0,
			"target_bitrate":	0,
			"bidir":	0,
			"fqrate":	0
		}
	},
	"intervals":	[{
			"streams":	[{
					"socket":	8,
					"start":	0,
					"end":	1.001035,
					"seconds":	1.00103497505188,
					"bytes":	17563648,
					"bits_per_second":	140363910.85408172,
					"retransmits":	249,
					"snd_cwnd":	144705880,
					"snd_wnd":	2764800,
					"rtt":	268981,
					"rttvar":	1021,
					"pmtu":	1500,
					"omitted":	false,
					"sender":	true
				}],
			"sum":	{
				"start":	0,
				"end":	1.001035,
				"seconds":	1.00103497505188,
				"bytes":	17563648,
				"bits_per_second":	140363910.85408172,
				"retransmits":	249,
				"omitted":	false,
				"sender":	true
			}
		}, {
			"streams":	[{
					"socket":	8,
					"start":	1.001035,
					"end":	2.005222,
					"seconds":	1.0041869878768921,
					"bytes":	36962304,
					"bits_per_second":	294465508.485807,
					"retransmits":	4180,
					"snd_cwnd":	143795088,
					"snd_wnd":	30584832,
					"rtt":	291365,
					"rttvar":	1986,
					"pmtu":	1500,
					"omitted":	false,
					"sender":	true
				}],
			"sum":	{
				"start":	1.001035,
				"end":	2.005222,
				"seconds":	1.0041869878768921,
				"bytes":	36962304,
				"bits_per_second":	294465508.485807,
				"retransmits":	4180,
				"omitted":	false,
				"sender":	true
			}
		}, {
			"streams":	[{
					"socket":	8,
					"start":	2.005222,
					"end":	3.009031,
					"seconds":	1.0038089752197266,
					"bytes":	29884416,
					"bits_per_second":	238168151.41313925,
					"retransmits":	5156,
					"snd_cwnd":	142793072,
					"snd_wnd":	51048448,
					"rtt":	274115,
					"rttvar":	2212,
					"pmtu":	1500,
					"omitted":	false,
					"sender":	true
				}],
			"sum":	{
				"start":	2.005222,
				"end":	3.009031,
				"seconds":	1.0038089752197266,
				"bytes":	29884416,
				"bits_per_second":	238168151.41313925,
				"retransmits":	5156,
				"omitted":	false,
				"sender":	true
			}
		}],
	"end":	{
		"streams":	[{
				"sender":	{
					"socket":	8,
					"start":	0,
					"end":	3.009506,
					"seconds":	3.009506,
					"bytes":	107479040,
					"bits_per_second":	285705467.94058561,
					"retransmits":	9585,
					"max_snd_cwnd":	144705880,
					"max_snd_wnd":	51048448,
					"max_rtt":	291365,
					"min_rtt":	268981,
					"mean_rtt":	277144,
					"sender":	true
				},
				"receiver":	{
					"socket":	8,
					"start":	0,
					"end":	3.278933,
					"seconds":	3.009506,
					"bytes":	25952256,
					"bits_per_second":	63318783.2749251,
					"sender":	true
				}
			}],
		"sum_sent":	{
			"start":	0,
			"end":	3.009506,
			"seconds":	3.009506,
			"bytes":	107479040,
			"bits_per_second":	285705467.94058561,
			"retransmits":	9585,
			"sender":	true
		},
		"sum_received":	{
			"start":	0,
			"end":	3.278933,
			"seconds":	3.278933,
			"bytes":	25952256,
			"bits_per_second":	63318783.2749251,
			"sender":	true
		},
		"cpu_utilization_percent":	{
			"host_total":	4.1292271214477267,
			"host_user":	2.395078069393874,
			"host_system":	1.7341490520538527,
			"remote_total":	0.327207806387155,
			"remote_user":	0,
			"remote_system":	0.327207806387155
		},
		"sender_tcp_congestion":	"prague",
		"receiver_tcp_congestion":	"prague"
	}
}
