{
	"start":	{
		"connected":	[{
				"socket":	8,
				"local_host":	"172.16.0.59",
				"local_port":	52724,
				"remote_host":	"172.17.0.59",
				"remote_port":	5201
			}],
		"version":	"iperf 3.16",
		"system_info":	"Linux h1 6.12.54-0b264c55b-l4steam-117 #1 SMP PREEMPT_DYNAMIC Fri Nov  7 18:07:57 UTC 2025 x86_64",
		"timestamp":	{
			"time":	"Sun, 22 Feb 2026 02:00:30 GMT",
			"timesecs":	1771725630
		},
		"connecting_to":	{
			"host":	"172.17.0.59",
			"port":	5201
		},
		"cookie":	"2sbzno3qorrsafkyovdwtihpmalsrkivhop7",
		"tcp_mss_default":	1448,
		"target_bitrate":	0,
		"fq_rate":	0,
		"sock_bufsize":	0,
		"sndbuf_actual":	1000000,
		"rcvbuf_actual":	1000000,
		"test_start":	{
			"protocol":	"TCP",
			"num_streams":	1,
			"blksize":	131072,
			"omit":	0,
			"duration":	0,
			"bytes":	107374182,
			"blocks":	0,
			"reverse":	0,
			"tos":	0,
			"target_bitrate":	0,
			"bidir":	0,
			"fqrate":	0
		}
	},
	"intervals":	[{
			"streams":	[{
					"socket":	8,
					"start":	0,
					"end":	1.00104,
					"seconds":	1.001039981842041,
					"bytes":	17432576,
					"bits_per_second":	139315722.17862341,
					"retransmits":	232,
					"snd_cwnd":	144671128,
					"snd_wnd":	7081984,
					"rtt":	301080,
					"rttvar":	340,
					"pmtu":	1500,
					"omitted":	false,
					"sender":	true
				}],
			"sum":	{
				"start":	0,
				"end":	1.00104,
				"seconds":	1.001039981842041,
				"bytes":	17432576,
				"bits_per_second":	139315722.17862341,
				"retransmits":	232,
				"omitted":	false,
				"sender":	true
			}
		}, {
			"streams":	[{
					"socket":	8,
					"start":	1.00104,
					"end":	2.001042,
					"seconds":	1.0000020265579224,
					"bytes":	0,
					"bits_per_second":	0,
					"retransmits":	3716,
					"snd_cwnd":	143886312,
					"snd_wnd":	34017280,
					"rtt":	297081,
					"rttvar":	4690,
					"pmtu":	1500,
					"omitted":	false,
					"sender":	true
				}],
			"sum":	{
				"start":	1.00104,
				"end":	2.001042,
				"seconds":	1.0000020265579224,
				"bytes":	0,
				"bits_per_second":	0,
				"retransmits":	3716,
				"omitted":	false,
				"sender":	true
			}
		}, {
			"streams":	[{
					"socket":	8,
					"start":	2.001042,
					"end":	3.00104,
					"seconds":	0.99999797344207764,
					"bytes":	9961472,
					"bits_per_second":	79691937.5003273,
					"retransmits":	1819,
					"snd_cwnd":	143598160,
					"snd_wnd":	43524096,
					"rtt":	309519,
					"rttvar":	2403,
					"pmtu":	1500,
					"omitted":	false,
					"sender":	true
				}],
			"sum":	{
				"start":	2.001042,
				"end":	3.00104,
				"seconds":	0.99999797344207764,
				"bytes":	9961472,
				"bits_per_second":	79691937.5003273,
				"retransmits":	1819,
				"omitted":	false,
				"sender":	true
			}
		}, {
			"streams":	[{
					"socket":	8,
					"start":	3.00104,
					"end":	4.000998,
					"seconds":	0.99995797872543335,
					"bytes":	45613056,
					"bits_per_second":	364919782.39437079,
					"retransmits":	6836,
					"snd_cwnd":	142906016,
					"snd_wnd":	64696320,
					"rtt":	305933,
					"rttvar":	4788,
					"pmtu":	1500,
					"omitted":	false,
					"sender":	true
				}],
			"sum":	{
				"start":	3.00104,
				"end":	4.000998,
				"seconds":	0.99995797872543335,
				"bytes":	45613056,
				"bits_per_second":	364919782.39437079,
				"retransmits":	6836,
				"omitted":	false,
				"sender":	true
			}
		}, {
			"streams":	[{
					"socket":	8,
					"start":	4.000998,
					"end":	5.001194,
					"seconds":	1.0001959800720215,
					"bytes":	34471936,
					"bits_per_second":	275721452.08996153,
					"retransmits":	7179,
					"snd_cwnd":	142493336,
					"snd_wnd":	67567616,
					"rtt":	292119,
					"rttvar":	3758,
					"pmtu":	1500,
					"omitted":	false,
					"sender":	true
				}],
			"sum":	{
				"start":	4.000998,
				"end":	5.001194,
				"seconds":	1.0001959800720215,
				"bytes":	34471936,
				"bits_per_second":	275721452.08996153,
				"retransmits":	7179,
				"omitted":	false,
				"sender":	true
			}
		}],
	"end":	{
		"streams":	[{
				"sender":	{
					"socket":	8,
					"start":	0,
					"end":	5.002137,
					"seconds":	5.002137,
					"bytes":	107479040,
					"bits_per_second":	171892996.93311077,
					"retransmits":	19782,
					"max_snd_cwnd":	144671128,
					"max_snd_wnd":	67567616,
					"max_rtt":	309519,
					"min_rtt":	292119,
					"mean_rtt":	299641,
					"sender":	true
				},
				"receiver":	{
					"socket":	8,
					"start":	0,
					"end":	5.267373,
					"seconds":	5.002137,
					"bytes":	31064064,
					"bits_per_second":	47179592.5597067,
					"sender":	true
				}
			}],
		"sum_sent":	{
			"start":	0,
			"end":	5.002137,
			"seconds":	5.002137,
			"bytes":	107479040,
			"bits_per_second":	171892996.93311077,
			"retransmits":	19782,
			"sender":	true
		},
		"sum_received":	{
			"start":	0,
			"end":	5.267373,
			"seconds":	5.267373,
			"bytes":	31064064,
			"bits_per_second":	47179592.5597067,
			"sender":	true
		},
		"cpu_utilization_percent":	{
			"host_total":	7.5723316660068249,
			"host_user":	6.5360064476393074,
			"host_system":	1.0363085767215658,
			"remote_total":	0.559384667373531,
			"remote_user":	0,
			"remote_system":	0.559384667373531
		},
		"sender_tcp_congestion":	"prague",
		"receiver_tcp_congestion":	"prague"
	}
}
