{
	"start":	{
		"connected":	[{
				"socket":	8,
				"local_host":	"172.16.0.55",
				"local_port":	37144,
				"remote_host":	"172.17.0.55",
				"remote_port":	5201
			}],
		"version":	"iperf 3.16",
		"system_info":	"Linux h1 6.12.54-0b264c55b-l4steam-117 #1 SMP PREEMPT_DYNAMIC Fri Nov  7 18:07:57 UTC 2025 x86_64",
		"timestamp":	{
			"time":	"Sun, 22 Feb 2026 01:32:15 GMT",
			"timesecs":	1771723935
		},
		"connecting_to":	{
			"host":	"172.17.0.55",
			"port":	5201
		},
		"cookie":	"7vmvvfh3iz2jzm2gg6touitfrb5sxq6d22jp",
		"tcp_mss_default":	1448,
		"target_bitrate":	0,
		"fq_rate":	0,
		"sock_bufsize":	0,
		"sndbuf_actual":	1000000,
		"rcvbuf_actual":	1000000,
		"test_start":	{
			"protocol":	"TCP",
			"num_streams":	1,
			"blksize":	131072,
			"omit":	0,
			"duration":	0,
			"bytes":	107374182,
			"blocks":	0,
			"reverse":	0,
			"tos":	0,
			"target_bitrate":	0,
			"bidir":	0,
			"fqrate":	0
		}
	},
	"intervals":	[{
			"streams":	[{
					"socket":	8,
					"start":	0,
					"end":	1.00105,
					"seconds":	1.0010499954223633,
					"bytes":	19267584,
					"bits_per_second":	153978994.76036152,
					"retransmits":	0,
					"snd_cwnd":	144800000,
					"snd_wnd":	1097728,
					"rtt":	540865,
					"rttvar":	31358,
					"pmtu":	1500,
					"omitted":	false,
					"sender":	true
				}],
			"sum":	{
				"start":	0,
				"end":	1.00105,
				"seconds":	1.0010499954223633,
				"bytes":	19267584,
				"bits_per_second":	153978994.76036152,
				"retransmits":	0,
				"omitted":	false,
				"sender":	true
			}
		}, {
			"streams":	[{
					"socket":	8,
					"start":	1.00105,
					"end":	2.001048,
					"seconds":	0.99999797344207764,
					"bytes":	0,
					"bits_per_second":	0,
					"retransmits":	0,
					"snd_cwnd":	144800000,
					"snd_wnd":	9732096,
					"rtt":	606339,
					"rttvar":	168,
					"pmtu":	1500,
					"omitted":	false,
					"sender":	true
				}],
			"sum":	{
				"start":	1.00105,
				"end":	2.001048,
				"seconds":	0.99999797344207764,
				"bytes":	0,
				"bits_per_second":	0,
				"retransmits":	0,
				"omitted":	false,
				"sender":	true
			}
		}, {
			"streams":	[{
					"socket":	8,
					"start":	2.001048,
					"end":	3.001124,
					"seconds":	1.0000760555267334,
					"bytes":	9699328,
					"bits_per_second":	77588722.948807552,
					"retransmits":	0,
					"snd_cwnd":	144800000,
					"snd_wnd":	38785024,
					"rtt":	547245,
					"rttvar":	282,
					"pmtu":	1500,
					"omitted":	false,
					"sender":	true
				}],
			"sum":	{
				"start":	2.001048,
				"end":	3.001124,
				"seconds":	1.0000760555267334,
				"bytes":	9699328,
				"bits_per_second":	77588722.948807552,
				"retransmits":	0,
				"omitted":	false,
				"sender":	true
			}
		}, {
			"streams":	[{
					"socket":	8,
					"start":	3.001124,
					"end":	4.001115,
					"seconds":	0.999990999698639,
					"bytes":	14548992,
					"bits_per_second":	116392983.57192846,
					"retransmits":	1,
					"snd_cwnd":	144532120,
					"snd_wnd":	67784704,
					"rtt":	682661,
					"rttvar":	647,
					"pmtu":	1500,
					"omitted":	false,
					"sender":	true
				}],
			"sum":	{
				"start":	3.001124,
				"end":	4.001115,
				"seconds":	0.999990999698639,
				"bytes":	14548992,
				"bits_per_second":	116392983.57192846,
				"retransmits":	1,
				"omitted":	false,
				"sender":	true
			}
		}, {
			"streams":	[{
					"socket":	8,
					"start":	4.001115,
					"end":	5.00106,
					"seconds":	0.99994498491287231,
					"bytes":	6946816,
					"bits_per_second":	55577585.605714448,
					"retransmits":	0,
					"snd_cwnd":	144006496,
					"snd_wnd":	85082112,
					"rtt":	785357,
					"rttvar":	166,
					"pmtu":	1500,
					"omitted":	false,
					"sender":	true
				}],
			"sum":	{
				"start":	4.001115,
				"end":	5.00106,
				"seconds":	0.99994498491287231,
				"bytes":	6946816,
				"bits_per_second":	55577585.605714448,
				"retransmits":	0,
				"omitted":	false,
				"sender":	true
			}
		}, {
			"streams":	[{
					"socket":	8,
					"start":	5.00106,
					"end":	6.001359,
					"seconds":	1.0002989768981934,
					"bytes":	7864320,
					"bits_per_second":	62895755.622074582,
					"retransmits":	48,
					"snd_cwnd":	143634360,
					"snd_wnd":	96202752,
					"rtt":	825413,
					"rttvar":	1211,
					"pmtu":	1500,
					"omitted":	false,
					"sender":	true
				}],
			"sum":	{
				"start":	5.00106,
				"end":	6.001359,
				"seconds":	1.0002989768981934,
				"bytes":	7864320,
				"bits_per_second":	62895755.622074582,
				"retransmits":	48,
				"omitted":	false,
				"sender":	true
			}
		}, {
			"streams":	[{
					"socket":	8,
					"start":	6.001359,
					"end":	7.003345,
					"seconds":	1.001986026763916,
					"bytes":	49152000,
					"bits_per_second":	392436610.38862771,
					"retransmits":	153,
					"snd_cwnd":	143593816,
					"snd_wnd":	88645632,
					"rtt":	967820,
					"rttvar":	18263,
					"pmtu":	1500,
					"omitted":	false,
					"sender":	true
				}],
			"sum":	{
				"start":	6.001359,
				"end":	7.003345,
				"seconds":	1.001986026763916,
				"bytes":	49152000,
				"bits_per_second":	392436610.38862771,
				"retransmits":	153,
				"omitted":	false,
				"sender":	true
			}
		}],
	"end":	{
		"streams":	[{
				"sender":	{
					"socket":	8,
					"start":	0,
					"end":	7.004232,
					"seconds":	7.004232,
					"bytes":	107479040,
					"bits_per_second":	122758972.00435394,
					"retransmits":	202,
					"max_snd_cwnd":	144800000,
					"max_snd_wnd":	96202752,
					"max_rtt":	967820,
					"min_rtt":	540865,
					"mean_rtt":	740440,
					"sender":	true
				},
				"receiver":	{
					"socket":	8,
					"start":	0,
					"end":	7.568516,
					"seconds":	7.004232,
					"bytes":	61603840,
					"bits_per_second":	65115898.546029367,
					"sender":	true
				}
			}],
		"sum_sent":	{
			"start":	0,
			"end":	7.004232,
			"seconds":	7.004232,
			"bytes":	107479040,
			"bits_per_second":	122758972.00435394,
			"retransmits":	202,
			"sender":	true
		},
		"sum_received":	{
			"start":	0,
			"end":	7.568516,
			"seconds":	7.568516,
			"bytes":	61603840,
			"bits_per_second":	65115898.546029367,
			"sender":	true
		},
		"cpu_utilization_percent":	{
			"host_total":	8.3847608080869769,
			"host_user":	5.8491451637070186,
			"host_system":	2.5356280582293951,
			"remote_total":	0.56951591543565971,
			"remote_user":	0.012433056709933088,
			"remote_system":	0.55706964612560983
		},
		"sender_tcp_congestion":	"prague",
		"receiver_tcp_congestion":	"prague"
	}
}
