{
	"start":	{
		"connected":	[{
				"socket":	8,
				"local_host":	"172.16.0.71",
				"local_port":	39202,
				"remote_host":	"172.17.0.71",
				"remote_port":	5201
			}],
		"version":	"iperf 3.16",
		"system_info":	"Linux h1 6.12.54-0b264c55b-l4steam-117 #1 SMP PREEMPT_DYNAMIC Fri Nov  7 18:07:57 UTC 2025 x86_64",
		"timestamp":	{
			"time":	"Sun, 22 Feb 2026 01:32:16 GMT",
			"timesecs":	1771723936
		},
		"connecting_to":	{
			"host":	"172.17.0.71",
			"port":	5201
		},
		"cookie":	"pbzcyb7i75acapigjwdqvej2k6icgrrdw5c2",
		"tcp_mss_default":	1448,
		"target_bitrate":	0,
		"fq_rate":	0,
		"sock_bufsize":	0,
		"sndbuf_actual":	1000000,
		"rcvbuf_actual":	1000000,
		"test_start":	{
			"protocol":	"TCP",
			"num_streams":	1,
			"blksize":	131072,
			"omit":	0,
			"duration":	0,
			"bytes":	107374182,
			"blocks":	0,
			"reverse":	0,
			"tos":	0,
			"target_bitrate":	0,
			"bidir":	0,
			"fqrate":	0
		}
	},
	"intervals":	[{
			"streams":	[{
					"socket":	8,
					"start":	0,
					"end":	1.000255,
					"seconds":	1.0002549886703491,
					"bytes":	17563648,
					"bits_per_second":	140473364.8834689,
					"retransmits":	0,
					"snd_cwnd":	144800000,
					"snd_wnd":	655360,
					"rtt":	622550,
					"rttvar":	14766,
					"pmtu":	1500,
					"omitted":	false,
					"sender":	true
				}],
			"sum":	{
				"start":	0,
				"end":	1.000255,
				"seconds":	1.0002549886703491,
				"bytes":	17563648,
				"bits_per_second":	140473364.8834689,
				"retransmits":	0,
				"omitted":	false,
				"sender":	true
			}
		}, {
			"streams":	[{
					"socket":	8,
					"start":	1.000255,
					"end":	2.001654,
					"seconds":	1.001399040222168,
					"bytes":	0,
					"bits_per_second":	0,
					"retransmits":	0,
					"snd_cwnd":	144800000,
					"snd_wnd":	5873664,
					"rtt":	562522,
					"rttvar":	107,
					"pmtu":	1500,
					"omitted":	false,
					"sender":	true
				}],
			"sum":	{
				"start":	1.000255,
				"end":	2.001654,
				"seconds":	1.001399040222168,
				"bytes":	0,
				"bits_per_second":	0,
				"retransmits":	0,
				"omitted":	false,
				"sender":	true
			}
		}, {
			"streams":	[{
					"socket":	8,
					"start":	2.001654,
					"end":	3.002269,
					"seconds":	1.0006150007247925,
					"bytes":	7077888,
					"bits_per_second":	56588302.153161027,
					"retransmits":	85,
					"snd_cwnd":	144157088,
					"snd_wnd":	34897920,
					"rtt":	655021,
					"rttvar":	212,
					"pmtu":	1500,
					"omitted":	false,
					"sender":	true
				}],
			"sum":	{
				"start":	2.001654,
				"end":	3.002269,
				"seconds":	1.0006150007247925,
				"bytes":	7077888,
				"bits_per_second":	56588302.153161027,
				"retransmits":	85,
				"omitted":	false,
				"sender":	true
			}
		}, {
			"streams":	[{
					"socket":	8,
					"start":	3.002269,
					"end":	4.003159,
					"seconds":	1.0008900165557861,
					"bytes":	6291456,
					"bits_per_second":	50286891.833728954,
					"retransmits":	0,
					"snd_cwnd":	143702416,
					"snd_wnd":	49094656,
					"rtt":	797362,
					"rttvar":	102,
					"pmtu":	1500,
					"omitted":	false,
					"sender":	true
				}],
			"sum":	{
				"start":	3.002269,
				"end":	4.003159,
				"seconds":	1.0008900165557861,
				"bytes":	6291456,
				"bits_per_second":	50286891.833728954,
				"retransmits":	0,
				"omitted":	false,
				"sender":	true
			}
		}, {
			"streams":	[{
					"socket":	8,
					"start":	4.003159,
					"end":	5.000398,
					"seconds":	0.99723899364471436,
					"bytes":	6684672,
					"bits_per_second":	53625436.170070529,
					"retransmits":	0,
					"snd_cwnd":	143268016,
					"snd_wnd":	61689856,
					"rtt":	838080,
					"rttvar":	133,
					"pmtu":	1500,
					"omitted":	false,
					"sender":	true
				}],
			"sum":	{
				"start":	4.003159,
				"end":	5.000398,
				"seconds":	0.99723899364471436,
				"bytes":	6684672,
				"bits_per_second":	53625436.170070529,
				"retransmits":	0,
				"omitted":	false,
				"sender":	true
			}
		}, {
			"streams":	[{
					"socket":	8,
					"start":	5.000398,
					"end":	6.001074,
					"seconds":	1.0006760358810425,
					"bytes":	6815744,
					"bits_per_second":	54489115.4028614,
					"retransmits":	56,
					"snd_cwnd":	142800312,
					"snd_wnd":	74944512,
					"rtt":	997945,
					"rttvar":	271,
					"pmtu":	1500,
					"omitted":	false,
					"sender":	true
				}],
			"sum":	{
				"start":	5.000398,
				"end":	6.001074,
				"seconds":	1.0006760358810425,
				"bytes":	6815744,
				"bits_per_second":	54489115.4028614,
				"retransmits":	56,
				"omitted":	false,
				"sender":	true
			}
		}, {
			"streams":	[{
					"socket":	8,
					"start":	6.001074,
					"end":	7.006418,
					"seconds":	1.005344033241272,
					"bytes":	8781824,
					"bits_per_second":	69881144.839042023,
					"retransmits":	0,
					"snd_cwnd":	142358672,
					"snd_wnd":	88739840,
					"rtt":	969742,
					"rttvar":	661,
					"pmtu":	1500,
					"omitted":	false,
					"sender":	true
				}],
			"sum":	{
				"start":	6.001074,
				"end":	7.006418,
				"seconds":	1.005344033241272,
				"bytes":	8781824,
				"bits_per_second":	69881144.839042023,
				"retransmits":	0,
				"omitted":	false,
				"sender":	true
			}
		}, {
			"streams":	[{
					"socket":	8,
					"start":	7.006418,
					"end":	8.001051,
					"seconds":	0.9946330189704895,
					"bytes":	54263808,
					"bits_per_second":	436452898.426128,
					"retransmits":	131,
					"snd_cwnd":	141190136,
					"snd_wnd":	119382016,
					"rtt":	720092,
					"rttvar":	6494,
					"pmtu":	1500,
					"omitted":	false,
					"sender":	true
				}],
			"sum":	{
				"start":	7.006418,
				"end":	8.001051,
				"seconds":	0.9946330189704895,
				"bytes":	54263808,
				"bits_per_second":	436452898.426128,
				"retransmits":	131,
				"omitted":	false,
				"sender":	true
			}
		}],
	"end":	{
		"streams":	[{
				"sender":	{
					"socket":	8,
					"start":	0,
					"end":	8.001477,
					"seconds":	8.001477,
					"bytes":	107479040,
					"bits_per_second":	107459200.34513628,
					"retransmits":	272,
					"max_snd_cwnd":	144800000,
					"max_snd_wnd":	119382016,
					"max_rtt":	997945,
					"min_rtt":	562522,
					"mean_rtt":	764822,
					"sender":	true
				},
				"receiver":	{
					"socket":	8,
					"start":	0,
					"end":	8.91109,
					"seconds":	8.001477,
					"bytes":	53739520,
					"bits_per_second":	48245069.907272846,
					"sender":	true
				}
			}],
		"sum_sent":	{
			"start":	0,
			"end":	8.001477,
			"seconds":	8.001477,
			"bytes":	107479040,
			"bits_per_second":	107459200.34513628,
			"retransmits":	272,
			"sender":	true
		},
		"sum_received":	{
			"start":	0,
			"end":	8.91109,
			"seconds":	8.91109,
			"bytes":	53739520,
			"bits_per_second":	48245069.907272846,
			"sender":	true
		},
		"cpu_utilization_percent":	{
			"host_total":	5.2164776408068043,
			"host_user":	3.5200050211067166,
			"host_system":	1.6965043186061273,
			"remote_total":	0.66224035937141423,
			"remote_user":	0.036100981751441885,
			"remote_system":	0.62612815567973257
		},
		"sender_tcp_congestion":	"prague",
		"receiver_tcp_congestion":	"prague"
	}
}
