{
	"start":	{
		"connected":	[{
				"socket":	8,
				"local_host":	"172.16.0.74",
				"local_port":	59996,
				"remote_host":	"172.17.0.74",
				"remote_port":	5201
			}],
		"version":	"iperf 3.16",
		"system_info":	"Linux h1 6.12.54-0b264c55b-l4steam-117 #1 SMP PREEMPT_DYNAMIC Fri Nov  7 18:07:57 UTC 2025 x86_64",
		"timestamp":	{
			"time":	"Sun, 22 Feb 2026 01:32:16 GMT",
			"timesecs":	1771723936
		},
		"connecting_to":	{
			"host":	"172.17.0.74",
			"port":	5201
		},
		"cookie":	"zhyqjbt2khbxabcv6cewj23lljcv6ffemirj",
		"tcp_mss_default":	1448,
		"target_bitrate":	0,
		"fq_rate":	0,
		"sock_bufsize":	0,
		"sndbuf_actual":	1000000,
		"rcvbuf_actual":	1000000,
		"test_start":	{
			"protocol":	"TCP",
			"num_streams":	1,
			"blksize":	131072,
			"omit":	0,
			"duration":	0,
			"bytes":	107374182,
			"blocks":	0,
			"reverse":	0,
			"tos":	0,
			"target_bitrate":	0,
			"bidir":	0,
			"fqrate":	0
		}
	},
	"intervals":	[{
			"streams":	[{
					"socket":	8,
					"start":	0,
					"end":	1.000739,
					"seconds":	1.0007389783859253,
					"bytes":	17563648,
					"bits_per_second":	140405427.42386717,
					"retransmits":	0,
					"snd_cwnd":	144800000,
					"snd_wnd":	1437696,
					"rtt":	614527,
					"rttvar":	11604,
					"pmtu":	1500,
					"omitted":	false,
					"sender":	true
				}],
			"sum":	{
				"start":	0,
				"end":	1.000739,
				"seconds":	1.0007389783859253,
				"bytes":	17563648,
				"bits_per_second":	140405427.42386717,
				"retransmits":	0,
				"omitted":	false,
				"sender":	true
			}
		}, {
			"streams":	[{
					"socket":	8,
					"start":	1.000739,
					"end":	2.001413,
					"seconds":	1.00067400932312,
					"bytes":	0,
					"bits_per_second":	0,
					"retransmits":	0,
					"snd_cwnd":	144800000,
					"snd_wnd":	12935168,
					"rtt":	633051,
					"rttvar":	200,
					"pmtu":	1500,
					"omitted":	false,
					"sender":	true
				}],
			"sum":	{
				"start":	1.000739,
				"end":	2.001413,
				"seconds":	1.00067400932312,
				"bytes":	0,
				"bits_per_second":	0,
				"retransmits":	0,
				"omitted":	false,
				"sender":	true
			}
		}, {
			"streams":	[{
					"socket":	8,
					"start":	2.001413,
					"end":	3.000379,
					"seconds":	0.99896597862243652,
					"bytes":	8781824,
					"bits_per_second":	70327311.943976641,
					"retransmits":	0,
					"snd_cwnd":	144800000,
					"snd_wnd":	35684352,
					"rtt":	798201,
					"rttvar":	141,
					"pmtu":	1500,
					"omitted":	false,
					"sender":	true
				}],
			"sum":	{
				"start":	2.001413,
				"end":	3.000379,
				"seconds":	0.99896597862243652,
				"bytes":	8781824,
				"bits_per_second":	70327311.943976641,
				"retransmits":	0,
				"omitted":	false,
				"sender":	true
			}
		}, {
			"streams":	[{
					"socket":	8,
					"start":	3.000379,
					"end":	4.001058,
					"seconds":	1.0006790161132812,
					"bytes":	3801088,
					"bits_per_second":	30388070.010811139,
					"retransmits":	1110,
					"snd_cwnd":	144785520,
					"snd_wnd":	50069504,
					"rtt":	854663,
					"rttvar":	901,
					"pmtu":	1500,
					"omitted":	false,
					"sender":	true
				}],
			"sum":	{
				"start":	3.000379,
				"end":	4.001058,
				"seconds":	1.0006790161132812,
				"bytes":	3801088,
				"bits_per_second":	30388070.010811139,
				"retransmits":	1110,
				"omitted":	false,
				"sender":	true
			}
		}, {
			"streams":	[{
					"socket":	8,
					"start":	4.001058,
					"end":	5.00104,
					"seconds":	0.99998199939727783,
					"bytes":	3145728,
					"bits_per_second":	25166277.008154418,
					"retransmits":	91,
					"snd_cwnd":	144504608,
					"snd_wnd":	60489728,
					"rtt":	997310,
					"rttvar":	354,
					"pmtu":	1500,
					"omitted":	false,
					"sender":	true
				}],
			"sum":	{
				"start":	4.001058,
				"end":	5.00104,
				"seconds":	0.99998199939727783,
				"bytes":	3145728,
				"bits_per_second":	25166277.008154418,
				"retransmits":	91,
				"omitted":	false,
				"sender":	true
			}
		}, {
			"streams":	[{
					"socket":	8,
					"start":	5.00104,
					"end":	6.003483,
					"seconds":	1.0024429559707642,
					"bytes":	7602176,
					"bits_per_second":	60669195.825815864,
					"retransmits":	143,
					"snd_cwnd":	144283064,
					"snd_wnd":	67211264,
					"rtt":	1001061,
					"rttvar":	308,
					"pmtu":	1500,
					"omitted":	false,
					"sender":	true
				}],
			"sum":	{
				"start":	5.00104,
				"end":	6.003483,
				"seconds":	1.0024429559707642,
				"bytes":	7602176,
				"bits_per_second":	60669195.825815864,
				"retransmits":	143,
				"omitted":	false,
				"sender":	true
			}
		}, {
			"streams":	[{
					"socket":	8,
					"start":	6.003483,
					"end":	7.001089,
					"seconds":	0.99760597944259644,
					"bytes":	66584576,
					"bits_per_second":	533954907.02414232,
					"retransmits":	1000,
					"snd_cwnd":	143825496,
					"snd_wnd":	76726272,
					"rtt":	742682,
					"rttvar":	4983,
					"pmtu":	1500,
					"omitted":	false,
					"sender":	true
				}],
			"sum":	{
				"start":	6.003483,
				"end":	7.001089,
				"seconds":	0.99760597944259644,
				"bytes":	66584576,
				"bits_per_second":	533954907.02414232,
				"retransmits":	1000,
				"omitted":	false,
				"sender":	true
			}
		}],
	"end":	{
		"streams":	[{
				"sender":	{
					"socket":	8,
					"start":	0,
					"end":	7.00168,
					"seconds":	7.00168,
					"bytes":	107479040,
					"bits_per_second":	122803715.67966545,
					"retransmits":	2344,
					"max_snd_cwnd":	144800000,
					"max_snd_wnd":	76726272,
					"max_rtt":	1001061,
					"min_rtt":	614527,
					"mean_rtt":	798102,
					"sender":	true
				},
				"receiver":	{
					"socket":	8,
					"start":	0,
					"end":	7.851052,
					"seconds":	7.00168,
					"bytes":	64487424,
					"bits_per_second":	65710861.678154722,
					"sender":	true
				}
			}],
		"sum_sent":	{
			"start":	0,
			"end":	7.00168,
			"seconds":	7.00168,
			"bytes":	107479040,
			"bits_per_second":	122803715.67966545,
			"retransmits":	2344,
			"sender":	true
		},
		"sum_received":	{
			"start":	0,
			"end":	7.851052,
			"seconds":	7.851052,
			"bytes":	64487424,
			"bits_per_second":	65710861.678154722,
			"sender":	true
		},
		"cpu_utilization_percent":	{
			"host_total":	6.0029048365078319,
			"host_user":	4.5944088859446541,
			"host_system":	1.4085069146928217,
			"remote_total":	0.46985964202577279,
			"remote_user":	0,
			"remote_system":	0.46985964202577279
		},
		"sender_tcp_congestion":	"prague",
		"receiver_tcp_congestion":	"prague"
	}
}
