{
	"start":	{
		"connected":	[{
				"socket":	8,
				"local_host":	"172.16.0.91",
				"local_port":	53652,
				"remote_host":	"172.17.0.91",
				"remote_port":	5201
			}],
		"version":	"iperf 3.16",
		"system_info":	"Linux h1 6.12.54-0b264c55b-l4steam-117 #1 SMP PREEMPT_DYNAMIC Fri Nov  7 18:07:57 UTC 2025 x86_64",
		"timestamp":	{
			"time":	"Sun, 22 Feb 2026 01:32:16 GMT",
			"timesecs":	1771723936
		},
		"connecting_to":	{
			"host":	"172.17.0.91",
			"port":	5201
		},
		"cookie":	"hnqaoy6cqrja5rxsgz5kkqtvt2ikhve3kmfx",
		"tcp_mss_default":	1448,
		"target_bitrate":	0,
		"fq_rate":	0,
		"sock_bufsize":	0,
		"sndbuf_actual":	1000000,
		"rcvbuf_actual":	1000000,
		"test_start":	{
			"protocol":	"TCP",
			"num_streams":	1,
			"blksize":	131072,
			"omit":	0,
			"duration":	0,
			"bytes":	107374182,
			"blocks":	0,
			"reverse":	0,
			"tos":	0,
			"target_bitrate":	0,
			"bidir":	0,
			"fqrate":	0
		}
	},
	"intervals":	[{
			"streams":	[{
					"socket":	8,
					"start":	0,
					"end":	1.00105,
					"seconds":	1.0010499954223633,
					"bytes":	17563648,
					"bits_per_second":	140361804.74754044,
					"retransmits":	0,
					"snd_cwnd":	144800000,
					"snd_wnd":	1310720,
					"rtt":	621558,
					"rttvar":	60383,
					"pmtu":	1500,
					"omitted":	false,
					"sender":	true
				}],
			"sum":	{
				"start":	0,
				"end":	1.00105,
				"seconds":	1.0010499954223633,
				"bytes":	17563648,
				"bits_per_second":	140361804.74754044,
				"retransmits":	0,
				"omitted":	false,
				"sender":	true
			}
		}, {
			"streams":	[{
					"socket":	8,
					"start":	1.00105,
					"end":	2.002524,
					"seconds":	1.0014740228652954,
					"bytes":	0,
					"bits_per_second":	0,
					"retransmits":	0,
					"snd_cwnd":	144800000,
					"snd_wnd":	11792384,
					"rtt":	557502,
					"rttvar":	292,
					"pmtu":	1500,
					"omitted":	false,
					"sender":	true
				}],
			"sum":	{
				"start":	1.00105,
				"end":	2.002524,
				"seconds":	1.0014740228652954,
				"bytes":	0,
				"bits_per_second":	0,
				"retransmits":	0,
				"omitted":	false,
				"sender":	true
			}
		}, {
			"streams":	[{
					"socket":	8,
					"start":	2.002524,
					"end":	3.002659,
					"seconds":	1.0001349449157715,
					"bytes":	8650752,
					"bits_per_second":	69196678.260080531,
					"retransmits":	0,
					"snd_cwnd":	144800000,
					"snd_wnd":	35557376,
					"rtt":	596346,
					"rttvar":	58955,
					"pmtu":	1500,
					"omitted":	false,
					"sender":	true
				}],
			"sum":	{
				"start":	2.002524,
				"end":	3.002659,
				"seconds":	1.0001349449157715,
				"bytes":	8650752,
				"bits_per_second":	69196678.260080531,
				"retransmits":	0,
				"omitted":	false,
				"sender":	true
			}
		}, {
			"streams":	[{
					"socket":	8,
					"start":	3.002659,
					"end":	4.001154,
					"seconds":	0.99849498271942139,
					"bytes":	17563648,
					"bits_per_second":	140720971.493838,
					"retransmits":	0,
					"snd_cwnd":	144800000,
					"snd_wnd":	70422528,
					"rtt":	823714,
					"rttvar":	341,
					"pmtu":	1500,
					"omitted":	false,
					"sender":	true
				}],
			"sum":	{
				"start":	3.002659,
				"end":	4.001154,
				"seconds":	0.99849498271942139,
				"bytes":	17563648,
				"bits_per_second":	140720971.493838,
				"retransmits":	0,
				"omitted":	false,
				"sender":	true
			}
		}, {
			"streams":	[{
					"socket":	8,
					"start":	4.001154,
					"end":	5.004813,
					"seconds":	1.0036590099334717,
					"bytes":	8781824,
					"bits_per_second":	69998466.914233029,
					"retransmits":	0,
					"snd_cwnd":	144800000,
					"snd_wnd":	85422080,
					"rtt":	825964,
					"rttvar":	216,
					"pmtu":	1500,
					"omitted":	false,
					"sender":	true
				}],
			"sum":	{
				"start":	4.001154,
				"end":	5.004813,
				"seconds":	1.0036590099334717,
				"bytes":	8781824,
				"bits_per_second":	69998466.914233029,
				"retransmits":	0,
				"omitted":	false,
				"sender":	true
			}
		}, {
			"streams":	[{
					"socket":	8,
					"start":	5.004813,
					"end":	6.000996,
					"seconds":	0.99618297815322876,
					"bytes":	0,
					"bits_per_second":	0,
					"retransmits":	541,
					"snd_cwnd":	144587144,
					"snd_wnd":	99311616,
					"rtt":	1016747,
					"rttvar":	417,
					"pmtu":	1500,
					"omitted":	false,
					"sender":	true
				}],
			"sum":	{
				"start":	5.004813,
				"end":	6.000996,
				"seconds":	0.99618297815322876,
				"bytes":	0,
				"bits_per_second":	0,
				"retransmits":	541,
				"omitted":	false,
				"sender":	true
			}
		}, {
			"streams":	[{
					"socket":	8,
					"start":	6.000996,
					"end":	7.000701,
					"seconds":	0.99970501661300659,
					"bytes":	54919168,
					"bits_per_second":	439482984.17919916,
					"retransmits":	0,
					"snd_cwnd":	144524880,
					"snd_wnd":	100360192,
					"rtt":	906073,
					"rttvar":	1817,
					"pmtu":	1500,
					"omitted":	false,
					"sender":	true
				}],
			"sum":	{
				"start":	6.000996,
				"end":	7.000701,
				"seconds":	0.99970501661300659,
				"bytes":	54919168,
				"bits_per_second":	439482984.17919916,
				"retransmits":	0,
				"omitted":	false,
				"sender":	true
			}
		}],
	"end":	{
		"streams":	[{
				"sender":	{
					"socket":	8,
					"start":	0,
					"end":	7.001041,
					"seconds":	7.001041,
					"bytes":	107479040,
					"bits_per_second":	122814924.23769552,
					"retransmits":	541,
					"max_snd_cwnd":	144800000,
					"max_snd_wnd":	100360192,
					"max_rtt":	1016747,
					"min_rtt":	557502,
					"mean_rtt":	781747,
					"sender":	true
				},
				"receiver":	{
					"socket":	8,
					"start":	0,
					"end":	7.589429,
					"seconds":	7.001041,
					"bytes":	82706432,
					"bits_per_second":	87180663.525543228,
					"sender":	true
				}
			}],
		"sum_sent":	{
			"start":	0,
			"end":	7.001041,
			"seconds":	7.001041,
			"bytes":	107479040,
			"bits_per_second":	122814924.23769552,
			"retransmits":	541,
			"sender":	true
		},
		"sum_received":	{
			"start":	0,
			"end":	7.589429,
			"seconds":	7.589429,
			"bytes":	82706432,
			"bits_per_second":	87180663.525543228,
			"sender":	true
		},
		"cpu_utilization_percent":	{
			"host_total":	4.2653814961002237,
			"host_user":	2.15794797200528,
			"host_system":	2.1074453155160247,
			"remote_total":	1.0355837895264723,
			"remote_user":	0,
			"remote_system":	1.0355969657309321
		},
		"sender_tcp_congestion":	"prague",
		"receiver_tcp_congestion":	"prague"
	}
}
