{
	"start":	{
		"connected":	[{
				"socket":	8,
				"local_host":	"172.16.0.60",
				"local_port":	50392,
				"remote_host":	"172.17.0.60",
				"remote_port":	5201
			}],
		"version":	"iperf 3.16",
		"system_info":	"Linux h1 6.12.54-0b264c55b-l4steam-117 #1 SMP PREEMPT_DYNAMIC Fri Nov  7 18:07:57 UTC 2025 x86_64",
		"timestamp":	{
			"time":	"Sun, 22 Feb 2026 01:30:28 GMT",
			"timesecs":	1771723828
		},
		"connecting_to":	{
			"host":	"172.17.0.60",
			"port":	5201
		},
		"cookie":	"2avpbkypqdz2lkrshcf32lagqszbwt7hjtqr",
		"tcp_mss_default":	1448,
		"target_bitrate":	0,
		"fq_rate":	0,
		"sock_bufsize":	0,
		"sndbuf_actual":	1000000,
		"rcvbuf_actual":	1000000,
		"test_start":	{
			"protocol":	"TCP",
			"num_streams":	1,
			"blksize":	131072,
			"omit":	0,
			"duration":	0,
			"bytes":	107374182,
			"blocks":	0,
			"reverse":	0,
			"tos":	0,
			"target_bitrate":	0,
			"bidir":	0,
			"fqrate":	0
		}
	},
	"intervals":	[{
			"streams":	[{
					"socket":	8,
					"start":	0,
					"end":	1.000555,
					"seconds":	1.0005550384521484,
					"bytes":	21102592,
					"bits_per_second":	168727085.97936249,
					"retransmits":	1,
					"snd_cwnd":	144801448,
					"snd_wnd":	4362240,
					"rtt":	357687,
					"rttvar":	5062,
					"pmtu":	1500,
					"omitted":	false,
					"sender":	true
				}],
			"sum":	{
				"start":	0,
				"end":	1.000555,
				"seconds":	1.0005550384521484,
				"bytes":	21102592,
				"bits_per_second":	168727085.97936249,
				"retransmits":	1,
				"omitted":	false,
				"sender":	true
			}
		}, {
			"streams":	[{
					"socket":	8,
					"start":	1.000555,
					"end":	2.001038,
					"seconds":	1.00048303604126,
					"bytes":	7602176,
					"bits_per_second":	60788045.183298737,
					"retransmits":	0,
					"snd_cwnd":	144801448,
					"snd_wnd":	39264256,
					"rtt":	482128,
					"rttvar":	64,
					"pmtu":	1500,
					"omitted":	false,
					"sender":	true
				}],
			"sum":	{
				"start":	1.000555,
				"end":	2.001038,
				"seconds":	1.00048303604126,
				"bytes":	7602176,
				"bits_per_second":	60788045.183298737,
				"retransmits":	0,
				"omitted":	false,
				"sender":	true
			}
		}, {
			"streams":	[{
					"socket":	8,
					"start":	2.001038,
					"end":	3.001724,
					"seconds":	1.0006860494613647,
					"bytes":	20054016,
					"bits_per_second":	160322139.08283737,
					"retransmits":	0,
					"snd_cwnd":	144801448,
					"snd_wnd":	77664256,
					"rtt":	502792,
					"rttvar":	120,
					"pmtu":	1500,
					"omitted":	false,
					"sender":	true
				}],
			"sum":	{
				"start":	2.001038,
				"end":	3.001724,
				"seconds":	1.0006860494613647,
				"bytes":	20054016,
				"bits_per_second":	160322139.08283737,
				"retransmits":	0,
				"omitted":	false,
				"sender":	true
			}
		}, {
			"streams":	[{
					"socket":	8,
					"start":	3.001724,
					"end":	4.000719,
					"seconds":	0.998995006084442,
					"bytes":	23724032,
					"bits_per_second":	189983187.947946,
					"retransmits":	0,
					"snd_cwnd":	144801448,
					"snd_wnd":	103002112,
					"rtt":	497506,
					"rttvar":	2548,
					"pmtu":	1500,
					"omitted":	false,
					"sender":	true
				}],
			"sum":	{
				"start":	3.001724,
				"end":	4.000719,
				"seconds":	0.998995006084442,
				"bytes":	23724032,
				"bits_per_second":	189983187.947946,
				"retransmits":	0,
				"omitted":	false,
				"sender":	true
			}
		}, {
			"streams":	[{
					"socket":	8,
					"start":	4.000719,
					"end":	5.000535,
					"seconds":	0.99981600046157837,
					"bytes":	34865152,
					"bits_per_second":	278972546.81984717,
					"retransmits":	190,
					"snd_cwnd":	144801448,
					"snd_wnd":	134946816,
					"rtt":	465266,
					"rttvar":	344,
					"pmtu":	1500,
					"omitted":	false,
					"sender":	true
				}],
			"sum":	{
				"start":	4.000719,
				"end":	5.000535,
				"seconds":	0.99981600046157837,
				"bytes":	34865152,
				"bits_per_second":	278972546.81984717,
				"retransmits":	190,
				"omitted":	false,
				"sender":	true
			}
		}],
	"end":	{
		"streams":	[{
				"sender":	{
					"socket":	8,
					"start":	0,
					"end":	5.001131,
					"seconds":	5.001131,
					"bytes":	107479040,
					"bits_per_second":	171927573.98276511,
					"retransmits":	191,
					"max_snd_cwnd":	144801448,
					"max_snd_wnd":	135270400,
					"max_rtt":	502792,
					"min_rtt":	357687,
					"mean_rtt":	461761,
					"sender":	true
				},
				"receiver":	{
					"socket":	8,
					"start":	0,
					"end":	5.452563,
					"seconds":	5.001131,
					"bytes":	107479040,
					"bits_per_second":	157693238.94102645,
					"sender":	true
				}
			}],
		"sum_sent":	{
			"start":	0,
			"end":	5.001131,
			"seconds":	5.001131,
			"bytes":	107479040,
			"bits_per_second":	171927573.98276511,
			"retransmits":	191,
			"sender":	true
		},
		"sum_received":	{
			"start":	0,
			"end":	5.452563,
			"seconds":	5.452563,
			"bytes":	107479040,
			"bits_per_second":	157693238.94102645,
			"sender":	true
		},
		"cpu_utilization_percent":	{
			"host_total":	17.747462929693949,
			"host_user":	14.188602652156449,
			"host_system":	3.558860277537502,
			"remote_total":	1.5934830164927309,
			"remote_user":	0,
			"remote_system":	1.593464676564359
		},
		"sender_tcp_congestion":	"bbr",
		"receiver_tcp_congestion":	"bbr"
	}
}
