{
	"start":	{
		"connected":	[{
				"socket":	8,
				"local_host":	"172.16.0.73",
				"local_port":	44668,
				"remote_host":	"172.17.0.73",
				"remote_port":	5201
			}],
		"version":	"iperf 3.16",
		"system_info":	"Linux h1 6.12.54-0b264c55b-l4steam-117 #1 SMP PREEMPT_DYNAMIC Fri Nov  7 18:07:57 UTC 2025 x86_64",
		"timestamp":	{
			"time":	"Sun, 22 Feb 2026 01:30:28 GMT",
			"timesecs":	1771723828
		},
		"connecting_to":	{
			"host":	"172.17.0.73",
			"port":	5201
		},
		"cookie":	"24wwtgi4zxuwyqn6fp4vmb52nqquyvqnln5l",
		"tcp_mss_default":	1448,
		"target_bitrate":	0,
		"fq_rate":	0,
		"sock_bufsize":	0,
		"sndbuf_actual":	1000000,
		"rcvbuf_actual":	1000000,
		"test_start":	{
			"protocol":	"TCP",
			"num_streams":	1,
			"blksize":	131072,
			"omit":	0,
			"duration":	0,
			"bytes":	107374182,
			"blocks":	0,
			"reverse":	0,
			"tos":	0,
			"target_bitrate":	0,
			"bidir":	0,
			"fqrate":	0
		}
	},
	"intervals":	[{
			"streams":	[{
					"socket":	8,
					"start":	0,
					"end":	1.001047,
					"seconds":	1.0010470151901245,
					"bytes":	31719424,
					"bits_per_second":	253489984.13606513,
					"retransmits":	2112,
					"snd_cwnd":	144807240,
					"snd_wnd":	18722816,
					"rtt":	245644,
					"rttvar":	357,
					"pmtu":	1500,
					"omitted":	false,
					"sender":	true
				}],
			"sum":	{
				"start":	0,
				"end":	1.001047,
				"seconds":	1.0010470151901245,
				"bytes":	31719424,
				"bits_per_second":	253489984.13606513,
				"retransmits":	2112,
				"omitted":	false,
				"sender":	true
			}
		}, {
			"streams":	[{
					"socket":	8,
					"start":	1.001047,
					"end":	2.001054,
					"seconds":	1.0000070333480835,
					"bytes":	32636928,
					"bits_per_second":	261093587.63791576,
					"retransmits":	195,
					"snd_cwnd":	144807240,
					"snd_wnd":	93675520,
					"rtt":	324347,
					"rttvar":	443,
					"pmtu":	1500,
					"omitted":	false,
					"sender":	true
				}],
			"sum":	{
				"start":	1.001047,
				"end":	2.001054,
				"seconds":	1.0000070333480835,
				"bytes":	32636928,
				"bits_per_second":	261093587.63791576,
				"retransmits":	195,
				"omitted":	false,
				"sender":	true
			}
		}, {
			"streams":	[{
					"socket":	8,
					"start":	2.001054,
					"end":	3.001206,
					"seconds":	1.0001519918441772,
					"bytes":	31981568,
					"bits_per_second":	255813662.40968463,
					"retransmits":	0,
					"snd_cwnd":	144807240,
					"snd_wnd":	103215104,
					"rtt":	451975,
					"rttvar":	400,
					"pmtu":	1500,
					"omitted":	false,
					"sender":	true
				}],
			"sum":	{
				"start":	2.001054,
				"end":	3.001206,
				"seconds":	1.0001519918441772,
				"bytes":	31981568,
				"bits_per_second":	255813662.40968463,
				"retransmits":	0,
				"omitted":	false,
				"sender":	true
			}
		}, {
			"streams":	[{
					"socket":	8,
					"start":	3.001206,
					"end":	4.001485,
					"seconds":	1.0002789497375488,
					"bytes":	11141120,
					"bits_per_second":	89104104.433453768,
					"retransmits":	0,
					"snd_cwnd":	144807240,
					"snd_wnd":	103215104,
					"rtt":	528448,
					"rttvar":	358,
					"pmtu":	1500,
					"omitted":	false,
					"sender":	true
				}],
			"sum":	{
				"start":	3.001206,
				"end":	4.001485,
				"seconds":	1.0002789497375488,
				"bytes":	11141120,
				"bits_per_second":	89104104.433453768,
				"retransmits":	0,
				"omitted":	false,
				"sender":	true
			}
		}],
	"end":	{
		"streams":	[{
				"sender":	{
					"socket":	8,
					"start":	0,
					"end":	4.001842,
					"seconds":	4.001842,
					"bytes":	107479040,
					"bits_per_second":	214859137.3672424,
					"retransmits":	2307,
					"max_snd_cwnd":	144807240,
					"max_snd_wnd":	103215104,
					"max_rtt":	528448,
					"min_rtt":	245644,
					"mean_rtt":	415772,
					"sender":	true
				},
				"receiver":	{
					"socket":	8,
					"start":	0,
					"end":	4.605685,
					"seconds":	4.001842,
					"bytes":	107479040,
					"bits_per_second":	186689345.8844884,
					"sender":	true
				}
			}],
		"sum_sent":	{
			"start":	0,
			"end":	4.001842,
			"seconds":	4.001842,
			"bytes":	107479040,
			"bits_per_second":	214859137.3672424,
			"retransmits":	2307,
			"sender":	true
		},
		"sum_received":	{
			"start":	0,
			"end":	4.605685,
			"seconds":	4.605685,
			"bytes":	107479040,
			"bits_per_second":	186689345.8844884,
			"sender":	true
		},
		"cpu_utilization_percent":	{
			"host_total":	24.398943790438189,
			"host_user":	18.352979908409374,
			"host_system":	6.0459638820288149,
			"remote_total":	2.1677505419376355,
			"remote_user":	0.069088363626257573,
			"remote_system":	2.09868389055639
		},
		"sender_tcp_congestion":	"bbr",
		"receiver_tcp_congestion":	"bbr"
	}
}
