{
	"start":	{
		"connected":	[{
				"socket":	8,
				"local_host":	"172.16.0.122",
				"local_port":	33524,
				"remote_host":	"172.17.0.122",
				"remote_port":	5201
			}],
		"version":	"iperf 3.16",
		"system_info":	"Linux h1 6.12.54-0b264c55b-l4steam-117 #1 SMP PREEMPT_DYNAMIC Fri Nov  7 18:07:57 UTC 2025 x86_64",
		"timestamp":	{
			"time":	"Sun, 22 Feb 2026 02:48:08 GMT",
			"timesecs":	1771728488
		},
		"connecting_to":	{
			"host":	"172.17.0.122",
			"port":	5201
		},
		"cookie":	"bjhd522bgidi26iiukjh3t76hutxrgzv36fq",
		"tcp_mss_default":	1448,
		"target_bitrate":	0,
		"fq_rate":	0,
		"sock_bufsize":	0,
		"sndbuf_actual":	1000000,
		"rcvbuf_actual":	1000000,
		"test_start":	{
			"protocol":	"TCP",
			"num_streams":	1,
			"blksize":	131072,
			"omit":	0,
			"duration":	0,
			"bytes":	107374182,
			"blocks":	0,
			"reverse":	0,
			"tos":	0,
			"target_bitrate":	0,
			"bidir":	0,
			"fqrate":	0
		}
	},
	"intervals":	[{
			"streams":	[{
					"socket":	8,
					"start":	0,
					"end":	1.001845,
					"seconds":	1.0018450021743774,
					"bytes":	3670016,
					"bits_per_second":	29306058.2587901,
					"retransmits":	327,
					"snd_cwnd":	101387512,
					"snd_wnd":	3342336,
					"rtt":	80746,
					"rttvar":	5697,
					"pmtu":	1500,
					"omitted":	false,
					"sender":	true
				}],
			"sum":	{
				"start":	0,
				"end":	1.001845,
				"seconds":	1.0018450021743774,
				"bytes":	3670016,
				"bits_per_second":	29306058.2587901,
				"retransmits":	327,
				"omitted":	false,
				"sender":	true
			}
		}, {
			"streams":	[{
					"socket":	8,
					"start":	1.001845,
					"end":	2.001036,
					"seconds":	0.99919098615646362,
					"bytes":	6029312,
					"bits_per_second":	48273549.970202535,
					"retransmits":	0,
					"snd_cwnd":	101387512,
					"snd_wnd":	3342336,
					"rtt":	69257,
					"rttvar":	2636,
					"pmtu":	1500,
					"omitted":	false,
					"sender":	true
				}],
			"sum":	{
				"start":	1.001845,
				"end":	2.001036,
				"seconds":	0.99919098615646362,
				"bytes":	6029312,
				"bits_per_second":	48273549.970202535,
				"retransmits":	0,
				"omitted":	false,
				"sender":	true
			}
		}, {
			"streams":	[{
					"socket":	8,
					"start":	2.001036,
					"end":	3.001034,
					"seconds":	0.99999797344207764,
					"bytes":	6029312,
					"bits_per_second":	48234593.7501981,
					"retransmits":	0,
					"snd_cwnd":	101387512,
					"snd_wnd":	3342336,
					"rtt":	71643,
					"rttvar":	4096,
					"pmtu":	1500,
					"omitted":	false,
					"sender":	true
				}],
			"sum":	{
				"start":	2.001036,
				"end":	3.001034,
				"seconds":	0.99999797344207764,
				"bytes":	6029312,
				"bits_per_second":	48234593.7501981,
				"retransmits":	0,
				"omitted":	false,
				"sender":	true
			}
		}, {
			"streams":	[{
					"socket":	8,
					"start":	3.001034,
					"end":	4.001054,
					"seconds":	1.0000200271606445,
					"bytes":	6029312,
					"bits_per_second":	48233530.01934585,
					"retransmits":	0,
					"snd_cwnd":	101387512,
					"snd_wnd":	3342336,
					"rtt":	68801,
					"rttvar":	2656,
					"pmtu":	1500,
					"omitted":	false,
					"sender":	true
				}],
			"sum":	{
				"start":	3.001034,
				"end":	4.001054,
				"seconds":	1.0000200271606445,
				"bytes":	6029312,
				"bits_per_second":	48233530.01934585,
				"retransmits":	0,
				"omitted":	false,
				"sender":	true
			}
		}, {
			"streams":	[{
					"socket":	8,
					"start":	4.001054,
					"end":	5.001072,
					"seconds":	1.0000180006027222,
					"bytes":	6553600,
					"bits_per_second":	52427856.266987763,
					"retransmits":	0,
					"snd_cwnd":	101387512,
					"snd_wnd":	3342336,
					"rtt":	73329,
					"rttvar":	6455,
					"pmtu":	1500,
					"omitted":	false,
					"sender":	true
				}],
			"sum":	{
				"start":	4.001054,
				"end":	5.001072,
				"seconds":	1.0000180006027222,
				"bytes":	6553600,
				"bits_per_second":	52427856.266987763,
				"retransmits":	0,
				"omitted":	false,
				"sender":	true
			}
		}, {
			"streams":	[{
					"socket":	8,
					"start":	5.001072,
					"end":	6.000364,
					"seconds":	0.999292016029358,
					"bytes":	79167488,
					"bits_per_second":	633788616.18103158,
					"retransmits":	0,
					"snd_cwnd":	101387512,
					"snd_wnd":	6914048,
					"rtt":	206505,
					"rttvar":	13889,
					"pmtu":	1500,
					"omitted":	false,
					"sender":	true
				}],
			"sum":	{
				"start":	5.001072,
				"end":	6.000364,
				"seconds":	0.999292016029358,
				"bytes":	79167488,
				"bits_per_second":	633788616.18103158,
				"retransmits":	0,
				"omitted":	false,
				"sender":	true
			}
		}],
	"end":	{
		"streams":	[{
				"sender":	{
					"socket":	8,
					"start":	0,
					"end":	6.004503,
					"seconds":	6.004503,
					"bytes":	107479040,
					"bits_per_second":	143197916.63023567,
					"retransmits":	327,
					"max_snd_cwnd":	101387512,
					"max_snd_wnd":	6914048,
					"max_rtt":	208572,
					"min_rtt":	68801,
					"mean_rtt":	111264,
					"sender":	true
				},
				"receiver":	{
					"socket":	8,
					"start":	0,
					"end":	6.089916,
					"seconds":	6.004503,
					"bytes":	36831232,
					"bits_per_second":	48383238.126765624,
					"sender":	true
				}
			}],
		"sum_sent":	{
			"start":	0,
			"end":	6.004503,
			"seconds":	6.004503,
			"bytes":	107479040,
			"bits_per_second":	143197916.63023567,
			"retransmits":	327,
			"sender":	true
		},
		"sum_received":	{
			"start":	0,
			"end":	6.089916,
			"seconds":	6.089916,
			"bytes":	36831232,
			"bits_per_second":	48383238.126765624,
			"sender":	true
		},
		"cpu_utilization_percent":	{
			"host_total":	4.02467628330068,
			"host_user":	1.3895490433451523,
			"host_system":	2.6351114068040116,
			"remote_total":	0.86803782367713844,
			"remote_user":	0.010739018532524612,
			"remote_system":	0.857298805144614
		},
		"sender_tcp_congestion":	"cubic",
		"receiver_tcp_congestion":	"cubic"
	}
}
