{
	"start":	{
		"connected":	[{
				"socket":	8,
				"local_host":	"172.16.0.123",
				"local_port":	38404,
				"remote_host":	"172.17.0.123",
				"remote_port":	5201
			}],
		"version":	"iperf 3.16",
		"system_info":	"Linux h1 6.12.54-0b264c55b-l4steam-117 #1 SMP PREEMPT_DYNAMIC Fri Nov  7 18:07:57 UTC 2025 x86_64",
		"timestamp":	{
			"time":	"Sun, 22 Feb 2026 02:48:08 GMT",
			"timesecs":	1771728488
		},
		"connecting_to":	{
			"host":	"172.17.0.123",
			"port":	5201
		},
		"cookie":	"ix4n7bogcxx3qhfrxeq7x3pr45lgg7mj7kga",
		"tcp_mss_default":	1448,
		"target_bitrate":	0,
		"fq_rate":	0,
		"sock_bufsize":	0,
		"sndbuf_actual":	1000000,
		"rcvbuf_actual":	1000000,
		"test_start":	{
			"protocol":	"TCP",
			"num_streams":	1,
			"blksize":	131072,
			"omit":	0,
			"duration":	0,
			"bytes":	107374182,
			"blocks":	0,
			"reverse":	0,
			"tos":	0,
			"target_bitrate":	0,
			"bidir":	0,
			"fqrate":	0
		}
	},
	"intervals":	[{
			"streams":	[{
					"socket":	8,
					"start":	0,
					"end":	1.001181,
					"seconds":	1.0011810064315796,
					"bytes":	12320768,
					"bits_per_second":	98449874.0655404,
					"retransmits":	0,
					"snd_cwnd":	144800000,
					"snd_wnd":	21917696,
					"rtt":	116507,
					"rttvar":	11596,
					"pmtu":	1500,
					"omitted":	false,
					"sender":	true
				}],
			"sum":	{
				"start":	0,
				"end":	1.001181,
				"seconds":	1.0011810064315796,
				"bytes":	12320768,
				"bits_per_second":	98449874.0655404,
				"retransmits":	0,
				"omitted":	false,
				"sender":	true
			}
		}, {
			"streams":	[{
					"socket":	8,
					"start":	1.001181,
					"end":	2.001278,
					"seconds":	1.0000970363616943,
					"bytes":	10354688,
					"bits_per_second":	82829466.529926851,
					"retransmits":	11,
					"snd_cwnd":	101387512,
					"snd_wnd":	42942464,
					"rtt":	129137,
					"rttvar":	19462,
					"pmtu":	1500,
					"omitted":	false,
					"sender":	true
				}],
			"sum":	{
				"start":	1.001181,
				"end":	2.001278,
				"seconds":	1.0000970363616943,
				"bytes":	10354688,
				"bits_per_second":	82829466.529926851,
				"retransmits":	11,
				"omitted":	false,
				"sender":	true
			}
		}, {
			"streams":	[{
					"socket":	8,
					"start":	2.001278,
					"end":	3.001028,
					"seconds":	0.999750018119812,
					"bytes":	10878976,
					"bits_per_second":	87053569.815059438,
					"retransmits":	39,
					"snd_cwnd":	70989648,
					"snd_wnd":	64045056,
					"rtt":	109927,
					"rttvar":	5510,
					"pmtu":	1500,
					"omitted":	false,
					"sender":	true
				}],
			"sum":	{
				"start":	2.001278,
				"end":	3.001028,
				"seconds":	0.999750018119812,
				"bytes":	10878976,
				"bits_per_second":	87053569.815059438,
				"retransmits":	39,
				"omitted":	false,
				"sender":	true
			}
		}, {
			"streams":	[{
					"socket":	8,
					"start":	3.001028,
					"end":	4.001032,
					"seconds":	1.0000040531158447,
					"bytes":	23592960,
					"bits_per_second":	188742915.00310063,
					"retransmits":	1527,
					"snd_cwnd":	4006616,
					"snd_wnd":	69853184,
					"rtt":	347387,
					"rttvar":	8032,
					"pmtu":	1500,
					"omitted":	false,
					"sender":	true
				}],
			"sum":	{
				"start":	3.001028,
				"end":	4.001032,
				"seconds":	1.0000040531158447,
				"bytes":	23592960,
				"bits_per_second":	188742915.00310063,
				"retransmits":	1527,
				"omitted":	false,
				"sender":	true
			}
		}, {
			"streams":	[{
					"socket":	8,
					"start":	4.001032,
					"end":	5.006116,
					"seconds":	1.0050840377807617,
					"bytes":	5373952,
					"bits_per_second":	42774150.602297924,
					"retransmits":	4107,
					"snd_cwnd":	2037336,
					"snd_wnd":	69951488,
					"rtt":	165710,
					"rttvar":	335,
					"pmtu":	1500,
					"omitted":	false,
					"sender":	true
				}],
			"sum":	{
				"start":	4.001032,
				"end":	5.006116,
				"seconds":	1.0050840377807617,
				"bytes":	5373952,
				"bits_per_second":	42774150.602297924,
				"retransmits":	4107,
				"omitted":	false,
				"sender":	true
			}
		}, {
			"streams":	[{
					"socket":	8,
					"start":	5.006116,
					"end":	6.056291,
					"seconds":	1.0501749515533447,
					"bytes":	13238272,
					"bits_per_second":	100846221.71129778,
					"retransmits":	1272,
					"snd_cwnd":	17063232,
					"snd_wnd":	88903680,
					"rtt":	74752,
					"rttvar":	9149,
					"pmtu":	1500,
					"omitted":	false,
					"sender":	true
				}],
			"sum":	{
				"start":	5.006116,
				"end":	6.056291,
				"seconds":	1.0501749515533447,
				"bytes":	13238272,
				"bits_per_second":	100846221.71129778,
				"retransmits":	1272,
				"omitted":	false,
				"sender":	true
			}
		}, {
			"streams":	[{
					"socket":	8,
					"start":	6.056291,
					"end":	7.000292,
					"seconds":	0.944001019001007,
					"bytes":	11010048,
					"bits_per_second":	93305390.80689916,
					"retransmits":	2994,
					"snd_cwnd":	2254536,
					"snd_wnd":	111169536,
					"rtt":	119803,
					"rttvar":	668,
					"pmtu":	1500,
					"omitted":	false,
					"sender":	true
				}],
			"sum":	{
				"start":	6.056291,
				"end":	7.000292,
				"seconds":	0.944001019001007,
				"bytes":	11010048,
				"bits_per_second":	93305390.80689916,
				"retransmits":	2994,
				"omitted":	false,
				"sender":	true
			}
		}, {
			"streams":	[{
					"socket":	8,
					"start":	7.000292,
					"end":	8.001038,
					"seconds":	1.0007460117340088,
					"bytes":	20709376,
					"bits_per_second":	165551504.63495952,
					"retransmits":	4790,
					"snd_cwnd":	8396952,
					"snd_wnd":	112930816,
					"rtt":	72322,
					"rttvar":	477,
					"pmtu":	1500,
					"omitted":	false,
					"sender":	true
				}],
			"sum":	{
				"start":	7.000292,
				"end":	8.001038,
				"seconds":	1.0007460117340088,
				"bytes":	20709376,
				"bits_per_second":	165551504.63495952,
				"retransmits":	4790,
				"omitted":	false,
				"sender":	true
			}
		}],
	"end":	{
		"streams":	[{
				"sender":	{
					"socket":	8,
					"start":	0,
					"end":	8.00152,
					"seconds":	8.00152,
					"bytes":	107479040,
					"bits_per_second":	107458622.86165629,
					"retransmits":	14740,
					"max_snd_cwnd":	144800000,
					"max_snd_wnd":	112930816,
					"max_rtt":	347387,
					"min_rtt":	72322,
					"mean_rtt":	134207,
					"sender":	true
				},
				"receiver":	{
					"socket":	8,
					"start":	0,
					"end":	8.082994,
					"seconds":	8.00152,
					"bytes":	107479040,
					"bits_per_second":	106375474.236403,
					"sender":	true
				}
			}],
		"sum_sent":	{
			"start":	0,
			"end":	8.00152,
			"seconds":	8.00152,
			"bytes":	107479040,
			"bits_per_second":	107458622.86165629,
			"retransmits":	14740,
			"sender":	true
		},
		"sum_received":	{
			"start":	0,
			"end":	8.082994,
			"seconds":	8.082994,
			"bytes":	107479040,
			"bits_per_second":	106375474.236403,
			"sender":	true
		},
		"cpu_utilization_percent":	{
			"host_total":	8.8547261219524458,
			"host_user":	6.12763221269743,
			"host_system":	2.7270939092550148,
			"remote_total":	1.3478760952135052,
			"remote_user":	0,
			"remote_system":	1.3478760952135052
		},
		"sender_tcp_congestion":	"cubic",
		"receiver_tcp_congestion":	"cubic"
	}
}
