{
	"start":	{
		"connected":	[{
				"socket":	8,
				"local_host":	"172.16.0.25",
				"local_port":	44974,
				"remote_host":	"172.17.0.25",
				"remote_port":	5201
			}],
		"version":	"iperf 3.16",
		"system_info":	"Linux h1 6.12.54-0b264c55b-l4steam-117 #1 SMP PREEMPT_DYNAMIC Fri Nov  7 18:07:57 UTC 2025 x86_64",
		"timestamp":	{
			"time":	"Sun, 22 Feb 2026 02:48:07 GMT",
			"timesecs":	1771728487
		},
		"connecting_to":	{
			"host":	"172.17.0.25",
			"port":	5201
		},
		"cookie":	"ovtmfcr67xa7w6zrsjvgfsblfx2cz7hlxk5z",
		"tcp_mss_default":	1448,
		"target_bitrate":	0,
		"fq_rate":	0,
		"sock_bufsize":	0,
		"sndbuf_actual":	1000000,
		"rcvbuf_actual":	1000000,
		"test_start":	{
			"protocol":	"TCP",
			"num_streams":	1,
			"blksize":	131072,
			"omit":	0,
			"duration":	0,
			"bytes":	107374182,
			"blocks":	0,
			"reverse":	0,
			"tos":	0,
			"target_bitrate":	0,
			"bidir":	0,
			"fqrate":	0
		}
	},
	"intervals":	[{
			"streams":	[{
					"socket":	8,
					"start":	0,
					"end":	1.001051,
					"seconds":	1.00105094909668,
					"bytes":	37617664,
					"bits_per_second":	300625370.03891861,
					"retransmits":	5063,
					"snd_cwnd":	6954744,
					"snd_wnd":	23007232,
					"rtt":	358988,
					"rttvar":	1666,
					"pmtu":	1500,
					"omitted":	false,
					"sender":	true
				}],
			"sum":	{
				"start":	0,
				"end":	1.001051,
				"seconds":	1.00105094909668,
				"bytes":	37617664,
				"bits_per_second":	300625370.03891861,
				"retransmits":	5063,
				"omitted":	false,
				"sender":	true
			}
		}, {
			"streams":	[{
					"socket":	8,
					"start":	1.001051,
					"end":	2.001048,
					"seconds":	0.99999701976776123,
					"bytes":	0,
					"bits_per_second":	0,
					"retransmits":	2958,
					"snd_cwnd":	2671560,
					"snd_wnd":	16343040,
					"rtt":	259612,
					"rttvar":	5982,
					"pmtu":	1500,
					"omitted":	false,
					"sender":	true
				}],
			"sum":	{
				"start":	1.001051,
				"end":	2.001048,
				"seconds":	0.99999701976776123,
				"bytes":	0,
				"bits_per_second":	0,
				"retransmits":	2958,
				"omitted":	false,
				"sender":	true
			}
		}, {
			"streams":	[{
					"socket":	8,
					"start":	2.001048,
					"end":	3.001045,
					"seconds":	0.99999701976776123,
					"bytes":	15859712,
					"bits_per_second":	126878074.1261269,
					"retransmits":	1612,
					"snd_cwnd":	6401608,
					"snd_wnd":	40415232,
					"rtt":	440111,
					"rttvar":	12000,
					"pmtu":	1500,
					"omitted":	false,
					"sender":	true
				}],
			"sum":	{
				"start":	2.001048,
				"end":	3.001045,
				"seconds":	0.99999701976776123,
				"bytes":	15859712,
				"bits_per_second":	126878074.1261269,
				"retransmits":	1612,
				"omitted":	false,
				"sender":	true
			}
		}, {
			"streams":	[{
					"socket":	8,
					"start":	3.001045,
					"end":	4.001065,
					"seconds":	1.0000200271606445,
					"bytes":	9175040,
					"bits_per_second":	73398850.02943933,
					"retransmits":	6670,
					"snd_cwnd":	1346640,
					"snd_wnd":	62746624,
					"rtt":	117147,
					"rttvar":	993,
					"pmtu":	1500,
					"omitted":	false,
					"sender":	true
				}],
			"sum":	{
				"start":	3.001045,
				"end":	4.001065,
				"seconds":	1.0000200271606445,
				"bytes":	9175040,
				"bits_per_second":	73398850.02943933,
				"retransmits":	6670,
				"omitted":	false,
				"sender":	true
			}
		}, {
			"streams":	[{
					"socket":	8,
					"start":	4.001065,
					"end":	5.00119,
					"seconds":	1.0001250505447388,
					"bytes":	14286848,
					"bits_per_second":	114280493.16207707,
					"retransmits":	1516,
					"snd_cwnd":	6391472,
					"snd_wnd":	82882560,
					"rtt":	386664,
					"rttvar":	21663,
					"pmtu":	1500,
					"omitted":	false,
					"sender":	true
				}],
			"sum":	{
				"start":	4.001065,
				"end":	5.00119,
				"seconds":	1.0001250505447388,
				"bytes":	14286848,
				"bits_per_second":	114280493.16207707,
				"retransmits":	1516,
				"omitted":	false,
				"sender":	true
			}
		}, {
			"streams":	[{
					"socket":	8,
					"start":	5.00119,
					"end":	6.001096,
					"seconds":	0.99990600347518921,
					"bytes":	15204352,
					"bits_per_second":	121646250.3247868,
					"retransmits":	6573,
					"snd_cwnd":	17066128,
					"snd_wnd":	95240192,
					"rtt":	155179,
					"rttvar":	963,
					"pmtu":	1500,
					"omitted":	false,
					"sender":	true
				}],
			"sum":	{
				"start":	5.00119,
				"end":	6.001096,
				"seconds":	0.99990600347518921,
				"bytes":	15204352,
				"bits_per_second":	121646250.3247868,
				"retransmits":	6573,
				"omitted":	false,
				"sender":	true
			}
		}, {
			"streams":	[{
					"socket":	8,
					"start":	6.001096,
					"end":	7.000995,
					"seconds":	0.99989902973175049,
					"bytes":	5373952,
					"bits_per_second":	42995957.31334357,
					"retransmits":	5264,
					"snd_cwnd":	2826496,
					"snd_wnd":	114487296,
					"rtt":	365452,
					"rttvar":	3084,
					"pmtu":	1500,
					"omitted":	false,
					"sender":	true
				}],
			"sum":	{
				"start":	6.001096,
				"end":	7.000995,
				"seconds":	0.99989902973175049,
				"bytes":	5373952,
				"bits_per_second":	42995957.31334357,
				"retransmits":	5264,
				"omitted":	false,
				"sender":	true
			}
		}, {
			"streams":	[{
					"socket":	8,
					"start":	7.000995,
					"end":	8.004961,
					"seconds":	1.0039659738540649,
					"bytes":	9961472,
					"bits_per_second":	79376969.016266569,
					"retransmits":	2743,
					"snd_cwnd":	974504,
					"snd_wnd":	135041024,
					"rtt":	65479,
					"rttvar":	542,
					"pmtu":	1500,
					"omitted":	false,
					"sender":	true
				}],
			"sum":	{
				"start":	7.000995,
				"end":	8.004961,
				"seconds":	1.0039659738540649,
				"bytes":	9961472,
				"bits_per_second":	79376969.016266569,
				"retransmits":	2743,
				"omitted":	false,
				"sender":	true
			}
		}],
	"end":	{
		"streams":	[{
				"sender":	{
					"socket":	8,
					"start":	0,
					"end":	8.012958,
					"seconds":	8.012958,
					"bytes":	107479040,
					"bits_per_second":	107305232.34990126,
					"retransmits":	32536,
					"max_snd_cwnd":	17066128,
					"max_snd_wnd":	135233536,
					"max_rtt":	440111,
					"min_rtt":	65479,
					"mean_rtt":	246100,
					"sender":	true
				},
				"receiver":	{
					"socket":	8,
					"start":	0,
					"end":	8.075001,
					"seconds":	8.012958,
					"bytes":	106561536,
					"bits_per_second":	105571787.29761147,
					"sender":	true
				}
			}],
		"sum_sent":	{
			"start":	0,
			"end":	8.012958,
			"seconds":	8.012958,
			"bytes":	107479040,
			"bits_per_second":	107305232.34990126,
			"retransmits":	32536,
			"sender":	true
		},
		"sum_received":	{
			"start":	0,
			"end":	8.075001,
			"seconds":	8.075001,
			"bytes":	106561536,
			"bits_per_second":	105571787.29761147,
			"sender":	true
		},
		"cpu_utilization_percent":	{
			"host_total":	3.1464936669009234,
			"host_user":	1.4494370276461634,
			"host_system":	1.6970324682740772,
			"remote_total":	1.11292534698035,
			"remote_user":	0.10120092507453536,
			"remote_system":	1.0117120380432258
		},
		"sender_tcp_congestion":	"cubic",
		"receiver_tcp_congestion":	"cubic"
	}
}
