{
	"start":	{
		"connected":	[{
				"socket":	8,
				"local_host":	"172.16.0.53",
				"local_port":	41626,
				"remote_host":	"172.17.0.53",
				"remote_port":	5201
			}],
		"version":	"iperf 3.16",
		"system_info":	"Linux h1 6.12.54-0b264c55b-l4steam-117 #1 SMP PREEMPT_DYNAMIC Fri Nov  7 18:07:57 UTC 2025 x86_64",
		"timestamp":	{
			"time":	"Sun, 22 Feb 2026 02:48:07 GMT",
			"timesecs":	1771728487
		},
		"connecting_to":	{
			"host":	"172.17.0.53",
			"port":	5201
		},
		"cookie":	"jo7ghkaossesq67vjr66cmspyeiq474rwshr",
		"tcp_mss_default":	1448,
		"target_bitrate":	0,
		"fq_rate":	0,
		"sock_bufsize":	0,
		"sndbuf_actual":	1000000,
		"rcvbuf_actual":	1000000,
		"test_start":	{
			"protocol":	"TCP",
			"num_streams":	1,
			"blksize":	131072,
			"omit":	0,
			"duration":	0,
			"bytes":	107374182,
			"blocks":	0,
			"reverse":	0,
			"tos":	0,
			"target_bitrate":	0,
			"bidir":	0,
			"fqrate":	0
		}
	},
	"intervals":	[{
			"streams":	[{
					"socket":	8,
					"start":	0,
					"end":	1.000205,
					"seconds":	1.0002050399780273,
					"bytes":	38666240,
					"bits_per_second":	309266508.00199467,
					"retransmits":	2644,
					"snd_cwnd":	9300504,
					"snd_wnd":	23404544,
					"rtt":	442678,
					"rttvar":	4305,
					"pmtu":	1500,
					"omitted":	false,
					"sender":	true
				}],
			"sum":	{
				"start":	0,
				"end":	1.000205,
				"seconds":	1.0002050399780273,
				"bytes":	38666240,
				"bits_per_second":	309266508.00199467,
				"retransmits":	2644,
				"omitted":	false,
				"sender":	true
			}
		}, {
			"streams":	[{
					"socket":	8,
					"start":	1.000205,
					"end":	2.000431,
					"seconds":	1.0002260208129883,
					"bytes":	0,
					"bits_per_second":	0,
					"retransmits":	6130,
					"snd_cwnd":	2028648,
					"snd_wnd":	20578304,
					"rtt":	179488,
					"rttvar":	1171,
					"pmtu":	1500,
					"omitted":	false,
					"sender":	true
				}],
			"sum":	{
				"start":	1.000205,
				"end":	2.000431,
				"seconds":	1.0002260208129883,
				"bytes":	0,
				"bits_per_second":	0,
				"retransmits":	6130,
				"omitted":	false,
				"sender":	true
			}
		}, {
			"streams":	[{
					"socket":	8,
					"start":	2.000431,
					"end":	3.000271,
					"seconds":	0.999840021133423,
					"bytes":	6684672,
					"bits_per_second":	53485932.6188782,
					"retransmits":	29,
					"snd_cwnd":	70989648,
					"snd_wnd":	43405312,
					"rtt":	403859,
					"rttvar":	15095,
					"pmtu":	1500,
					"omitted":	false,
					"sender":	true
				}],
			"sum":	{
				"start":	2.000431,
				"end":	3.000271,
				"seconds":	0.999840021133423,
				"bytes":	6684672,
				"bits_per_second":	53485932.6188782,
				"retransmits":	29,
				"omitted":	false,
				"sender":	true
			}
		}, {
			"streams":	[{
					"socket":	8,
					"start":	3.000271,
					"end":	4.001334,
					"seconds":	1.0010629892349243,
					"bytes":	9830400,
					"bits_per_second":	78559691.893218532,
					"retransmits":	4475,
					"snd_cwnd":	34802680,
					"snd_wnd":	65564672,
					"rtt":	81395,
					"rttvar":	5191,
					"pmtu":	1500,
					"omitted":	false,
					"sender":	true
				}],
			"sum":	{
				"start":	3.000271,
				"end":	4.001334,
				"seconds":	1.0010629892349243,
				"bytes":	9830400,
				"bits_per_second":	78559691.893218532,
				"retransmits":	4475,
				"omitted":	false,
				"sender":	true
			}
		}, {
			"streams":	[{
					"socket":	8,
					"start":	4.001334,
					"end":	5.00104,
					"seconds":	0.999705970287323,
					"bytes":	13762560,
					"bits_per_second":	110132862.33386832,
					"retransmits":	54,
					"snd_cwnd":	8297040,
					"snd_wnd":	86425600,
					"rtt":	374830,
					"rttvar":	6980,
					"pmtu":	1500,
					"omitted":	false,
					"sender":	true
				}],
			"sum":	{
				"start":	4.001334,
				"end":	5.00104,
				"seconds":	0.999705970287323,
				"bytes":	13762560,
				"bits_per_second":	110132862.33386832,
				"retransmits":	54,
				"omitted":	false,
				"sender":	true
			}
		}, {
			"streams":	[{
					"socket":	8,
					"start":	5.00104,
					"end":	6.001039,
					"seconds":	0.99999898672103882,
					"bytes":	29884416,
					"bits_per_second":	239075570.25024548,
					"retransmits":	3283,
					"snd_cwnd":	3550496,
					"snd_wnd":	104648704,
					"rtt":	308191,
					"rttvar":	1799,
					"pmtu":	1500,
					"omitted":	false,
					"sender":	true
				}],
			"sum":	{
				"start":	5.00104,
				"end":	6.001039,
				"seconds":	0.99999898672103882,
				"bytes":	29884416,
				"bits_per_second":	239075570.25024548,
				"retransmits":	3283,
				"omitted":	false,
				"sender":	true
			}
		}, {
			"streams":	[{
					"socket":	8,
					"start":	6.001039,
					"end":	7.003714,
					"seconds":	1.0026750564575195,
					"bytes":	8650752,
					"bits_per_second":	69021379.9119596,
					"retransmits":	1524,
					"snd_cwnd":	5867296,
					"snd_wnd":	118419456,
					"rtt":	243747,
					"rttvar":	14822,
					"pmtu":	1500,
					"omitted":	false,
					"sender":	true
				}],
			"sum":	{
				"start":	6.001039,
				"end":	7.003714,
				"seconds":	1.0026750564575195,
				"bytes":	8650752,
				"bits_per_second":	69021379.9119596,
				"retransmits":	1524,
				"omitted":	false,
				"sender":	true
			}
		}],
	"end":	{
		"streams":	[{
				"sender":	{
					"socket":	8,
					"start":	0,
					"end":	7.004014,
					"seconds":	7.004014,
					"bytes":	107479040,
					"bits_per_second":	122762792.87848368,
					"retransmits":	18139,
					"max_snd_cwnd":	70989648,
					"max_snd_wnd":	118419456,
					"max_rtt":	442678,
					"min_rtt":	81395,
					"mean_rtt":	284741,
					"sender":	true
				},
				"receiver":	{
					"socket":	8,
					"start":	0,
					"end":	7.103612,
					"seconds":	7.004014,
					"bytes":	83099648,
					"bits_per_second":	93585796.0710692,
					"sender":	true
				}
			}],
		"sum_sent":	{
			"start":	0,
			"end":	7.004014,
			"seconds":	7.004014,
			"bytes":	107479040,
			"bits_per_second":	122762792.87848368,
			"retransmits":	18139,
			"sender":	true
		},
		"sum_received":	{
			"start":	0,
			"end":	7.103612,
			"seconds":	7.103612,
			"bytes":	83099648,
			"bits_per_second":	93585796.0710692,
			"sender":	true
		},
		"cpu_utilization_percent":	{
			"host_total":	2.78561970908639,
			"host_user":	2.2105255251051439,
			"host_system":	0.575066869431673,
			"remote_total":	0.979555798811537,
			"remote_user":	0.0905875138731927,
			"remote_system":	0.888968284938344
		},
		"sender_tcp_congestion":	"cubic",
		"receiver_tcp_congestion":	"cubic"
	}
}
