{
	"start":	{
		"connected":	[{
				"socket":	8,
				"local_host":	"172.16.0.57",
				"local_port":	39940,
				"remote_host":	"172.17.0.57",
				"remote_port":	5201
			}],
		"version":	"iperf 3.16",
		"system_info":	"Linux h1 6.12.54-0b264c55b-l4steam-117 #1 SMP PREEMPT_DYNAMIC Fri Nov  7 18:07:57 UTC 2025 x86_64",
		"timestamp":	{
			"time":	"Sun, 22 Feb 2026 02:48:08 GMT",
			"timesecs":	1771728488
		},
		"connecting_to":	{
			"host":	"172.17.0.57",
			"port":	5201
		},
		"cookie":	"ifqskda435agao6zedsb7pe3xs7xqhvvkuuo",
		"tcp_mss_default":	1448,
		"target_bitrate":	0,
		"fq_rate":	0,
		"sock_bufsize":	0,
		"sndbuf_actual":	1000000,
		"rcvbuf_actual":	1000000,
		"test_start":	{
			"protocol":	"TCP",
			"num_streams":	1,
			"blksize":	131072,
			"omit":	0,
			"duration":	0,
			"bytes":	107374182,
			"blocks":	0,
			"reverse":	0,
			"tos":	0,
			"target_bitrate":	0,
			"bidir":	0,
			"fqrate":	0
		}
	},
	"intervals":	[{
			"streams":	[{
					"socket":	8,
					"start":	0,
					"end":	1.001045,
					"seconds":	1.0010449886322021,
					"bytes":	23461888,
					"bits_per_second":	187499169.49932587,
					"retransmits":	492,
					"snd_cwnd":	6061328,
					"snd_wnd":	13651968,
					"rtt":	236642,
					"rttvar":	7259,
					"pmtu":	1500,
					"omitted":	false,
					"sender":	true
				}],
			"sum":	{
				"start":	0,
				"end":	1.001045,
				"seconds":	1.0010449886322021,
				"bytes":	23461888,
				"bits_per_second":	187499169.49932587,
				"retransmits":	492,
				"omitted":	false,
				"sender":	true
			}
		}, {
			"streams":	[{
					"socket":	8,
					"start":	1.001045,
					"end":	2.001046,
					"seconds":	1.0000009536743164,
					"bytes":	8519680,
					"bits_per_second":	68157375.000062,
					"retransmits":	93,
					"snd_cwnd":	34802680,
					"snd_wnd":	36331520,
					"rtt":	133668,
					"rttvar":	11877,
					"pmtu":	1500,
					"omitted":	false,
					"sender":	true
				}],
			"sum":	{
				"start":	1.001045,
				"end":	2.001046,
				"seconds":	1.0000009536743164,
				"bytes":	8519680,
				"bits_per_second":	68157375.000062,
				"retransmits":	93,
				"omitted":	false,
				"sender":	true
			}
		}, {
			"streams":	[{
					"socket":	8,
					"start":	2.001046,
					"end":	3.000829,
					"seconds":	0.9997829794883728,
					"bytes":	3932160,
					"bits_per_second":	31464108.356893506,
					"retransmits":	858,
					"snd_cwnd":	4335312,
					"snd_wnd":	59207680,
					"rtt":	239847,
					"rttvar":	6012,
					"pmtu":	1500,
					"omitted":	false,
					"sender":	true
				}],
			"sum":	{
				"start":	2.001046,
				"end":	3.000829,
				"seconds":	0.9997829794883728,
				"bytes":	3932160,
				"bits_per_second":	31464108.356893506,
				"retransmits":	858,
				"omitted":	false,
				"sender":	true
			}
		}, {
			"streams":	[{
					"socket":	8,
					"start":	3.000829,
					"end":	4.001079,
					"seconds":	1.000249981880188,
					"bytes":	33423360,
					"bits_per_second":	267320054.83008161,
					"retransmits":	16,
					"snd_cwnd":	2215440,
					"snd_wnd":	79491072,
					"rtt":	197459,
					"rttvar":	8705,
					"pmtu":	1500,
					"omitted":	false,
					"sender":	true
				}],
			"sum":	{
				"start":	3.000829,
				"end":	4.001079,
				"seconds":	1.000249981880188,
				"bytes":	33423360,
				"bits_per_second":	267320054.83008161,
				"retransmits":	16,
				"omitted":	false,
				"sender":	true
			}
		}, {
			"streams":	[{
					"socket":	8,
					"start":	4.001079,
					"end":	5.001071,
					"seconds":	0.9999920129776,
					"bytes":	0,
					"bits_per_second":	0,
					"retransmits":	0,
					"snd_cwnd":	11946000,
					"snd_wnd":	79499264,
					"rtt":	280804,
					"rttvar":	3288,
					"pmtu":	1500,
					"omitted":	false,
					"sender":	true
				}],
			"sum":	{
				"start":	4.001079,
				"end":	5.001071,
				"seconds":	0.9999920129776,
				"bytes":	0,
				"bits_per_second":	0,
				"retransmits":	0,
				"omitted":	false,
				"sender":	true
			}
		}, {
			"streams":	[{
					"socket":	8,
					"start":	5.001071,
					"end":	6.000422,
					"seconds":	0.99935102462768555,
					"bytes":	9961472,
					"bits_per_second":	79743527.585504472,
					"retransmits":	820,
					"snd_cwnd":	8363648,
					"snd_wnd":	79499264,
					"rtt":	190943,
					"rttvar":	6077,
					"pmtu":	1500,
					"omitted":	false,
					"sender":	true
				}],
			"sum":	{
				"start":	5.001071,
				"end":	6.000422,
				"seconds":	0.99935102462768555,
				"bytes":	9961472,
				"bits_per_second":	79743527.585504472,
				"retransmits":	820,
				"omitted":	false,
				"sender":	true
			}
		}, {
			"streams":	[{
					"socket":	8,
					"start":	6.000422,
					"end":	7.028707,
					"seconds":	1.028285026550293,
					"bytes":	28180480,
					"bits_per_second":	219242558.41429743,
					"retransmits":	397,
					"snd_cwnd":	5855712,
					"snd_wnd":	79499264,
					"rtt":	241508,
					"rttvar":	7154,
					"pmtu":	1500,
					"omitted":	false,
					"sender":	true
				}],
			"sum":	{
				"start":	6.000422,
				"end":	7.028707,
				"seconds":	1.028285026550293,
				"bytes":	28180480,
				"bits_per_second":	219242558.41429743,
				"retransmits":	397,
				"omitted":	false,
				"sender":	true
			}
		}],
	"end":	{
		"streams":	[{
				"sender":	{
					"socket":	8,
					"start":	0,
					"end":	7.029075,
					"seconds":	7.029075,
					"bytes":	107479040,
					"bits_per_second":	122325102.52060193,
					"retransmits":	2676,
					"max_snd_cwnd":	34802680,
					"max_snd_wnd":	79499264,
					"max_rtt":	280804,
					"min_rtt":	133668,
					"mean_rtt":	220297,
					"sender":	true
				},
				"receiver":	{
					"socket":	8,
					"start":	0,
					"end":	7.116403,
					"seconds":	7.029075,
					"bytes":	83623936,
					"bits_per_second":	94006970.656383574,
					"sender":	true
				}
			}],
		"sum_sent":	{
			"start":	0,
			"end":	7.029075,
			"seconds":	7.029075,
			"bytes":	107479040,
			"bits_per_second":	122325102.52060193,
			"retransmits":	2676,
			"sender":	true
		},
		"sum_received":	{
			"start":	0,
			"end":	7.116403,
			"seconds":	7.116403,
			"bytes":	83623936,
			"bits_per_second":	94006970.656383574,
			"sender":	true
		},
		"cpu_utilization_percent":	{
			"host_total":	1.0246042962973834,
			"host_user":	0.46059103936460633,
			"host_system":	0.56402659657131271,
			"remote_total":	1.4037409014906808,
			"remote_user":	0.056868537562392733,
			"remote_system":	1.3468864159514069
		},
		"sender_tcp_congestion":	"cubic",
		"receiver_tcp_congestion":	"cubic"
	}
}
