{
	"start":	{
		"connected":	[{
				"socket":	8,
				"local_host":	"172.16.0.62",
				"local_port":	35204,
				"remote_host":	"172.17.0.62",
				"remote_port":	5201
			}],
		"version":	"iperf 3.16",
		"system_info":	"Linux h1 6.12.54-0b264c55b-l4steam-117 #1 SMP PREEMPT_DYNAMIC Fri Nov  7 18:07:57 UTC 2025 x86_64",
		"timestamp":	{
			"time":	"Sun, 22 Feb 2026 02:48:07 GMT",
			"timesecs":	1771728487
		},
		"connecting_to":	{
			"host":	"172.17.0.62",
			"port":	5201
		},
		"cookie":	"ahip3wgnlpicio4mo2d2w3amikdd2tvgl7tn",
		"tcp_mss_default":	1448,
		"target_bitrate":	0,
		"fq_rate":	0,
		"sock_bufsize":	0,
		"sndbuf_actual":	1000000,
		"rcvbuf_actual":	1000000,
		"test_start":	{
			"protocol":	"TCP",
			"num_streams":	1,
			"blksize":	131072,
			"omit":	0,
			"duration":	0,
			"bytes":	107374182,
			"blocks":	0,
			"reverse":	0,
			"tos":	0,
			"target_bitrate":	0,
			"bidir":	0,
			"fqrate":	0
		}
	},
	"intervals":	[{
			"streams":	[{
					"socket":	8,
					"start":	0,
					"end":	1.001058,
					"seconds":	1.0010579824447632,
					"bytes":	38535168,
					"bits_per_second":	307955532.45289713,
					"retransmits":	2091,
					"snd_cwnd":	3824168,
					"snd_wnd":	8536064,
					"rtt":	232396,
					"rttvar":	2130,
					"pmtu":	1500,
					"omitted":	false,
					"sender":	true
				}],
			"sum":	{
				"start":	0,
				"end":	1.001058,
				"seconds":	1.0010579824447632,
				"bytes":	38535168,
				"bits_per_second":	307955532.45289713,
				"retransmits":	2091,
				"omitted":	false,
				"sender":	true
			}
		}, {
			"streams":	[{
					"socket":	8,
					"start":	1.001058,
					"end":	2.001059,
					"seconds":	1.0000009536743164,
					"bytes":	0,
					"bits_per_second":	0,
					"retransmits":	958,
					"snd_cwnd":	4329520,
					"snd_wnd":	25858048,
					"rtt":	352221,
					"rttvar":	3518,
					"pmtu":	1500,
					"omitted":	false,
					"sender":	true
				}],
			"sum":	{
				"start":	1.001058,
				"end":	2.001059,
				"seconds":	1.0000009536743164,
				"bytes":	0,
				"bits_per_second":	0,
				"retransmits":	958,
				"omitted":	false,
				"sender":	true
			}
		}, {
			"streams":	[{
					"socket":	8,
					"start":	2.001059,
					"end":	3.001058,
					"seconds":	0.99999898672103882,
					"bytes":	6553600,
					"bits_per_second":	52428853.12505383,
					"retransmits":	275,
					"snd_cwnd":	24368392,
					"snd_wnd":	39518208,
					"rtt":	167251,
					"rttvar":	9773,
					"pmtu":	1500,
					"omitted":	false,
					"sender":	true
				}],
			"sum":	{
				"start":	2.001059,
				"end":	3.001058,
				"seconds":	0.99999898672103882,
				"bytes":	6553600,
				"bits_per_second":	52428853.12505383,
				"retransmits":	275,
				"omitted":	false,
				"sender":	true
			}
		}, {
			"streams":	[{
					"socket":	8,
					"start":	3.001058,
					"end":	4.001066,
					"seconds":	1.0000079870224,
					"bytes":	15990784,
					"bits_per_second":	127925250.25816068,
					"retransmits":	212,
					"snd_cwnd":	7112576,
					"snd_wnd":	39518208,
					"rtt":	450892,
					"rttvar":	10460,
					"pmtu":	1500,
					"omitted":	false,
					"sender":	true
				}],
			"sum":	{
				"start":	3.001058,
				"end":	4.001066,
				"seconds":	1.0000079870224,
				"bytes":	15990784,
				"bits_per_second":	127925250.25816068,
				"retransmits":	212,
				"omitted":	false,
				"sender":	true
			}
		}, {
			"streams":	[{
					"socket":	8,
					"start":	4.001066,
					"end":	5.001061,
					"seconds":	0.999994993209839,
					"bytes":	0,
					"bits_per_second":	0,
					"retransmits":	1378,
					"snd_cwnd":	5069448,
					"snd_wnd":	39518208,
					"rtt":	376890,
					"rttvar":	8811,
					"pmtu":	1500,
					"omitted":	false,
					"sender":	true
				}],
			"sum":	{
				"start":	4.001066,
				"end":	5.001061,
				"seconds":	0.999994993209839,
				"bytes":	0,
				"bits_per_second":	0,
				"retransmits":	1378,
				"omitted":	false,
				"sender":	true
			}
		}, {
			"streams":	[{
					"socket":	8,
					"start":	5.001061,
					"end":	6.001048,
					"seconds":	0.999987006187439,
					"bytes":	11534336,
					"bits_per_second":	92275887.0155798,
					"retransmits":	576,
					"snd_cwnd":	8363648,
					"snd_wnd":	61820928,
					"rtt":	112037,
					"rttvar":	3718,
					"pmtu":	1500,
					"omitted":	false,
					"sender":	true
				}],
			"sum":	{
				"start":	5.001061,
				"end":	6.001048,
				"seconds":	0.999987006187439,
				"bytes":	11534336,
				"bits_per_second":	92275887.0155798,
				"retransmits":	576,
				"omitted":	false,
				"sender":	true
			}
		}, {
			"streams":	[{
					"socket":	8,
					"start":	6.001048,
					"end":	7.003874,
					"seconds":	1.0028259754180908,
					"bytes":	20840448,
					"bits_per_second":	166253754.97527459,
					"retransmits":	366,
					"snd_cwnd":	2103944,
					"snd_wnd":	69804032,
					"rtt":	91457,
					"rttvar":	1709,
					"pmtu":	1500,
					"omitted":	false,
					"sender":	true
				}],
			"sum":	{
				"start":	6.001048,
				"end":	7.003874,
				"seconds":	1.0028259754180908,
				"bytes":	20840448,
				"bits_per_second":	166253754.97527459,
				"retransmits":	366,
				"omitted":	false,
				"sender":	true
			}
		}, {
			"streams":	[{
					"socket":	8,
					"start":	7.003874,
					"end":	8.001027,
					"seconds":	0.99715298414230347,
					"bytes":	14024704,
					"bits_per_second":	112517972.45184627,
					"retransmits":	419,
					"snd_cwnd":	2958264,
					"snd_wnd":	69828608,
					"rtt":	67137,
					"rttvar":	632,
					"pmtu":	1500,
					"omitted":	false,
					"sender":	true
				}],
			"sum":	{
				"start":	7.003874,
				"end":	8.001027,
				"seconds":	0.99715298414230347,
				"bytes":	14024704,
				"bits_per_second":	112517972.45184627,
				"retransmits":	419,
				"omitted":	false,
				"sender":	true
			}
		}],
	"end":	{
		"streams":	[{
				"sender":	{
					"socket":	8,
					"start":	0,
					"end":	8.001418,
					"seconds":	8.001418,
					"bytes":	107479040,
					"bits_per_second":	107459992.71629104,
					"retransmits":	6275,
					"max_snd_cwnd":	24368392,
					"max_snd_wnd":	69828608,
					"max_rtt":	450892,
					"min_rtt":	67003,
					"mean_rtt":	213031,
					"sender":	true
				},
				"receiver":	{
					"socket":	8,
					"start":	0,
					"end":	8.069889,
					"seconds":	8.001418,
					"bytes":	102760448,
					"bits_per_second":	101870494.62514293,
					"sender":	true
				}
			}],
		"sum_sent":	{
			"start":	0,
			"end":	8.001418,
			"seconds":	8.001418,
			"bytes":	107479040,
			"bits_per_second":	107459992.71629104,
			"retransmits":	6275,
			"sender":	true
		},
		"sum_received":	{
			"start":	0,
			"end":	8.069889,
			"seconds":	8.069889,
			"bytes":	102760448,
			"bits_per_second":	101870494.62514293,
			"sender":	true
		},
		"cpu_utilization_percent":	{
			"host_total":	4.4240518062121064,
			"host_user":	2.9591992582804649,
			"host_system":	1.4648404552041234,
			"remote_total":	1.3492841121256758,
			"remote_user":	0.028798342087872363,
			"remote_system":	1.3204981617512663
		},
		"sender_tcp_congestion":	"cubic",
		"receiver_tcp_congestion":	"cubic"
	}
}
