{
	"start":	{
		"connected":	[{
				"socket":	8,
				"local_host":	"172.16.0.94",
				"local_port":	43924,
				"remote_host":	"172.17.0.94",
				"remote_port":	5201
			}],
		"version":	"iperf 3.16",
		"system_info":	"Linux h1 6.12.54-0b264c55b-l4steam-117 #1 SMP PREEMPT_DYNAMIC Fri Nov  7 18:07:57 UTC 2025 x86_64",
		"timestamp":	{
			"time":	"Sun, 22 Feb 2026 02:48:08 GMT",
			"timesecs":	1771728488
		},
		"connecting_to":	{
			"host":	"172.17.0.94",
			"port":	5201
		},
		"cookie":	"fbt4n2okqwtlrwfdly5wammodyyp2pxargli",
		"tcp_mss_default":	1448,
		"target_bitrate":	0,
		"fq_rate":	0,
		"sock_bufsize":	0,
		"sndbuf_actual":	1000000,
		"rcvbuf_actual":	1000000,
		"test_start":	{
			"protocol":	"TCP",
			"num_streams":	1,
			"blksize":	131072,
			"omit":	0,
			"duration":	0,
			"bytes":	107374182,
			"blocks":	0,
			"reverse":	0,
			"tos":	0,
			"target_bitrate":	0,
			"bidir":	0,
			"fqrate":	0
		}
	},
	"intervals":	[{
			"streams":	[{
					"socket":	8,
					"start":	0,
					"end":	1.001038,
					"seconds":	1.0010379552841187,
					"bytes":	19267584,
					"bits_per_second":	153980846.7664457,
					"retransmits":	2030,
					"snd_cwnd":	4584368,
					"snd_wnd":	20869120,
					"rtt":	399037,
					"rttvar":	4130,
					"pmtu":	1500,
					"omitted":	false,
					"sender":	true
				}],
			"sum":	{
				"start":	0,
				"end":	1.001038,
				"seconds":	1.0010379552841187,
				"bytes":	19267584,
				"bits_per_second":	153980846.7664457,
				"retransmits":	2030,
				"omitted":	false,
				"sender":	true
			}
		}, {
			"streams":	[{
					"socket":	8,
					"start":	1.001038,
					"end":	2.00104,
					"seconds":	1.0000020265579224,
					"bytes":	11010048,
					"bits_per_second":	88080205.500361741,
					"retransmits":	5086,
					"snd_cwnd":	101387512,
					"snd_wnd":	41996288,
					"rtt":	177138,
					"rttvar":	11436,
					"pmtu":	1500,
					"omitted":	false,
					"sender":	true
				}],
			"sum":	{
				"start":	1.001038,
				"end":	2.00104,
				"seconds":	1.0000020265579224,
				"bytes":	11010048,
				"bits_per_second":	88080205.500361741,
				"retransmits":	5086,
				"omitted":	false,
				"sender":	true
			}
		}, {
			"streams":	[{
					"socket":	8,
					"start":	2.00104,
					"end":	3.00107,
					"seconds":	1.0000300407409668,
					"bytes":	77201408,
					"bits_per_second":	617592711.0573442,
					"retransmits":	4861,
					"snd_cwnd":	2092360,
					"snd_wnd":	64073728,
					"rtt":	211447,
					"rttvar":	730,
					"pmtu":	1500,
					"omitted":	false,
					"sender":	true
				}],
			"sum":	{
				"start":	2.00104,
				"end":	3.00107,
				"seconds":	1.0000300407409668,
				"bytes":	77201408,
				"bits_per_second":	617592711.0573442,
				"retransmits":	4861,
				"omitted":	false,
				"sender":	true
			}
		}],
	"end":	{
		"streams":	[{
				"sender":	{
					"socket":	8,
					"start":	0,
					"end":	3.001564,
					"seconds":	3.001564,
					"bytes":	107479040,
					"bits_per_second":	286461431.440409,
					"retransmits":	11977,
					"max_snd_cwnd":	101387512,
					"max_snd_wnd":	64073728,
					"max_rtt":	399037,
					"min_rtt":	177138,
					"mean_rtt":	249767,
					"sender":	true
				},
				"receiver":	{
					"socket":	8,
					"start":	0,
					"end":	3.42316,
					"seconds":	3.001564,
					"bytes":	25296896,
					"bits_per_second":	59119400.787576385,
					"sender":	true
				}
			}],
		"sum_sent":	{
			"start":	0,
			"end":	3.001564,
			"seconds":	3.001564,
			"bytes":	107479040,
			"bits_per_second":	286461431.440409,
			"retransmits":	11977,
			"sender":	true
		},
		"sum_received":	{
			"start":	0,
			"end":	3.42316,
			"seconds":	3.42316,
			"bytes":	25296896,
			"bits_per_second":	59119400.787576385,
			"sender":	true
		},
		"cpu_utilization_percent":	{
			"host_total":	18.962031790836374,
			"host_user":	17.295577099547739,
			"host_system":	1.6664546912886324,
			"remote_total":	0.744779677257271,
			"remote_user":	0,
			"remote_system":	0.744808890031433
		},
		"sender_tcp_congestion":	"cubic",
		"receiver_tcp_congestion":	"cubic"
	}
}
