{
	"start":	{
		"connected":	[{
				"socket":	8,
				"local_host":	"172.16.0.97",
				"local_port":	48838,
				"remote_host":	"172.17.0.97",
				"remote_port":	5201
			}],
		"version":	"iperf 3.16",
		"system_info":	"Linux h1 6.12.54-0b264c55b-l4steam-117 #1 SMP PREEMPT_DYNAMIC Fri Nov  7 18:07:57 UTC 2025 x86_64",
		"timestamp":	{
			"time":	"Sun, 22 Feb 2026 01:53:24 GMT",
			"timesecs":	1771725204
		},
		"connecting_to":	{
			"host":	"172.17.0.97",
			"port":	5201
		},
		"cookie":	"ao22z6y6q6ip2fns6eqbr4i7hlxhpubra2eb",
		"tcp_mss_default":	1448,
		"target_bitrate":	0,
		"fq_rate":	0,
		"sock_bufsize":	0,
		"sndbuf_actual":	1000000,
		"rcvbuf_actual":	1000000,
		"test_start":	{
			"protocol":	"TCP",
			"num_streams":	1,
			"blksize":	131072,
			"omit":	0,
			"duration":	0,
			"bytes":	107374182,
			"blocks":	0,
			"reverse":	0,
			"tos":	0,
			"target_bitrate":	0,
			"bidir":	0,
			"fqrate":	0
		}
	},
	"intervals":	[{
			"streams":	[{
					"socket":	8,
					"start":	0,
					"end":	1.001056,
					"seconds":	1.0010559558868408,
					"bytes":	16121856,
					"bits_per_second":	128838799.9107807,
					"retransmits":	176,
					"snd_cwnd":	101387512,
					"snd_wnd":	1359872,
					"rtt":	200981,
					"rttvar":	2560,
					"pmtu":	1500,
					"omitted":	false,
					"sender":	true
				}],
			"sum":	{
				"start":	0,
				"end":	1.001056,
				"seconds":	1.0010559558868408,
				"bytes":	16121856,
				"bits_per_second":	128838799.9107807,
				"retransmits":	176,
				"omitted":	false,
				"sender":	true
			}
		}, {
			"streams":	[{
					"socket":	8,
					"start":	1.001056,
					"end":	2.001061,
					"seconds":	1.0000050067901611,
					"bytes":	131072,
					"bits_per_second":	1048570.7500262855,
					"retransmits":	1145,
					"snd_cwnd":	71007024,
					"snd_wnd":	18124800,
					"rtt":	202010,
					"rttvar":	674,
					"pmtu":	1500,
					"omitted":	false,
					"sender":	true
				}],
			"sum":	{
				"start":	1.001056,
				"end":	2.001061,
				"seconds":	1.0000050067901611,
				"bytes":	131072,
				"bits_per_second":	1048570.7500262855,
				"retransmits":	1145,
				"omitted":	false,
				"sender":	true
			}
		}, {
			"streams":	[{
					"socket":	8,
					"start":	2.001061,
					"end":	3.001032,
					"seconds":	0.99997097253799438,
					"bytes":	11403264,
					"bits_per_second":	91228760.139368758,
					"retransmits":	1735,
					"snd_cwnd":	49737352,
					"snd_wnd":	42168320,
					"rtt":	200556,
					"rttvar":	2330,
					"pmtu":	1500,
					"omitted":	false,
					"sender":	true
				}],
			"sum":	{
				"start":	2.001061,
				"end":	3.001032,
				"seconds":	0.99997097253799438,
				"bytes":	11403264,
				"bits_per_second":	91228760.139368758,
				"retransmits":	1735,
				"omitted":	false,
				"sender":	true
			}
		}, {
			"streams":	[{
					"socket":	8,
					"start":	3.001032,
					"end":	4.004599,
					"seconds":	1.0035669803619385,
					"bytes":	76808192,
					"bits_per_second":	612281539.771657,
					"retransmits":	1352,
					"snd_cwnd":	34825848,
					"snd_wnd":	85790720,
					"rtt":	203142,
					"rttvar":	578,
					"pmtu":	1500,
					"omitted":	false,
					"sender":	true
				}],
			"sum":	{
				"start":	3.001032,
				"end":	4.004599,
				"seconds":	1.0035669803619385,
				"bytes":	76808192,
				"bits_per_second":	612281539.771657,
				"retransmits":	1352,
				"omitted":	false,
				"sender":	true
			}
		}],
	"end":	{
		"streams":	[{
				"sender":	{
					"socket":	8,
					"start":	0,
					"end":	4.005001,
					"seconds":	4.005001,
					"bytes":	107479040,
					"bits_per_second":	214689664.24727485,
					"retransmits":	4408,
					"max_snd_cwnd":	101387512,
					"max_snd_wnd":	85790720,
					"max_rtt":	203142,
					"min_rtt":	200556,
					"mean_rtt":	201966,
					"sender":	true
				},
				"receiver":	{
					"socket":	8,
					"start":	0,
					"end":	4.277083,
					"seconds":	4.005001,
					"bytes":	73400320,
					"bits_per_second":	137290429.01435393,
					"sender":	true
				}
			}],
		"sum_sent":	{
			"start":	0,
			"end":	4.005001,
			"seconds":	4.005001,
			"bytes":	107479040,
			"bits_per_second":	214689664.24727485,
			"retransmits":	4408,
			"sender":	true
		},
		"sum_received":	{
			"start":	0,
			"end":	4.277083,
			"seconds":	4.277083,
			"bytes":	73400320,
			"bits_per_second":	137290429.01435393,
			"sender":	true
		},
		"cpu_utilization_percent":	{
			"host_total":	4.9294192694825876,
			"host_user":	0.87742582817264236,
			"host_system":	4.0519734379853931,
			"remote_total":	1.5809554938782076,
			"remote_user":	0,
			"remote_system":	1.5809554938782076
		},
		"sender_tcp_congestion":	"cubic",
		"receiver_tcp_congestion":	"cubic"
	}
}
