{
	"start":	{
		"connected":	[{
				"socket":	8,
				"local_host":	"172.16.0.47",
				"local_port":	35816,
				"remote_host":	"172.17.0.47",
				"remote_port":	5201
			}],
		"version":	"iperf 3.16",
		"system_info":	"Linux h1 6.12.54-0b264c55b-l4steam-117 #1 SMP PREEMPT_DYNAMIC Fri Nov  7 18:07:57 UTC 2025 x86_64",
		"timestamp":	{
			"time":	"Sun, 22 Feb 2026 01:27:18 GMT",
			"timesecs":	1771723638
		},
		"connecting_to":	{
			"host":	"172.17.0.47",
			"port":	5201
		},
		"cookie":	"pe3zha6iyvtomo2my6y244bnyrqdi2qzseks",
		"tcp_mss_default":	1448,
		"target_bitrate":	0,
		"fq_rate":	0,
		"sock_bufsize":	0,
		"sndbuf_actual":	1000000,
		"rcvbuf_actual":	1000000,
		"test_start":	{
			"protocol":	"TCP",
			"num_streams":	1,
			"blksize":	131072,
			"omit":	0,
			"duration":	0,
			"bytes":	107374182,
			"blocks":	0,
			"reverse":	0,
			"tos":	0,
			"target_bitrate":	0,
			"bidir":	0,
			"fqrate":	0
		}
	},
	"intervals":	[{
			"streams":	[{
					"socket":	8,
					"start":	0,
					"end":	1.001062,
					"seconds":	1.0010620355606079,
					"bytes":	32505856,
					"bits_per_second":	259770962.0007419,
					"retransmits":	0,
					"snd_cwnd":	144800000,
					"snd_wnd":	38150144,
					"rtt":	399479,
					"rttvar":	1732,
					"pmtu":	1500,
					"omitted":	false,
					"sender":	true
				}],
			"sum":	{
				"start":	0,
				"end":	1.001062,
				"seconds":	1.0010620355606079,
				"bytes":	32505856,
				"bits_per_second":	259770962.0007419,
				"retransmits":	0,
				"omitted":	false,
				"sender":	true
			}
		}, {
			"streams":	[{
					"socket":	8,
					"start":	1.001062,
					"end":	2.001068,
					"seconds":	1.0000059604644775,
					"bytes":	13762560,
					"bits_per_second":	110099823.75391153,
					"retransmits":	6,
					"snd_cwnd":	12029984,
					"snd_wnd":	90669056,
					"rtt":	524934,
					"rttvar":	503,
					"pmtu":	1500,
					"omitted":	false,
					"sender":	true
				}],
			"sum":	{
				"start":	1.001062,
				"end":	2.001068,
				"seconds":	1.0000059604644775,
				"bytes":	13762560,
				"bits_per_second":	110099823.75391153,
				"retransmits":	6,
				"omitted":	false,
				"sender":	true
			}
		}, {
			"streams":	[{
					"socket":	8,
					"start":	2.001068,
					"end":	3.000366,
					"seconds":	0.99929797649383545,
					"bytes":	13762560,
					"bits_per_second":	110177827.42471029,
					"retransmits":	0,
					"snd_cwnd":	101387512,
					"snd_wnd":	90669056,
					"rtt":	546746,
					"rttvar":	38091,
					"pmtu":	1500,
					"omitted":	false,
					"sender":	true
				}],
			"sum":	{
				"start":	2.001068,
				"end":	3.000366,
				"seconds":	0.99929797649383545,
				"bytes":	13762560,
				"bits_per_second":	110177827.42471029,
				"retransmits":	0,
				"omitted":	false,
				"sender":	true
			}
		}, {
			"streams":	[{
					"socket":	8,
					"start":	3.000366,
					"end":	4.003977,
					"seconds":	1.0036109685897827,
					"bytes":	20316160,
					"bits_per_second":	161944503.484629,
					"retransmits":	109,
					"snd_cwnd":	70992544,
					"snd_wnd":	123412480,
					"rtt":	623296,
					"rttvar":	1167,
					"pmtu":	1500,
					"omitted":	false,
					"sender":	true
				}],
			"sum":	{
				"start":	3.000366,
				"end":	4.003977,
				"seconds":	1.0036109685897827,
				"bytes":	20316160,
				"bits_per_second":	161944503.484629,
				"retransmits":	109,
				"omitted":	false,
				"sender":	true
			}
		}, {
			"streams":	[{
					"socket":	8,
					"start":	4.003977,
					"end":	5.00104,
					"seconds":	0.99706298112869263,
					"bytes":	9568256,
					"bits_per_second":	76771527.4248258,
					"retransmits":	0,
					"snd_cwnd":	70992544,
					"snd_wnd":	128622592,
					"rtt":	791720,
					"rttvar":	1360,
					"pmtu":	1500,
					"omitted":	false,
					"sender":	true
				}],
			"sum":	{
				"start":	4.003977,
				"end":	5.00104,
				"seconds":	0.99706298112869263,
				"bytes":	9568256,
				"bits_per_second":	76771527.4248258,
				"retransmits":	0,
				"omitted":	false,
				"sender":	true
			}
		}, {
			"streams":	[{
					"socket":	8,
					"start":	5.00104,
					"end":	6.00056,
					"seconds":	0.99952000379562378,
					"bytes":	9961472,
					"bits_per_second":	79730046.1195121,
					"retransmits":	0,
					"snd_cwnd":	70992544,
					"snd_wnd":	128622592,
					"rtt":	858942,
					"rttvar":	251,
					"pmtu":	1500,
					"omitted":	false,
					"sender":	true
				}],
			"sum":	{
				"start":	5.00104,
				"end":	6.00056,
				"seconds":	0.99952000379562378,
				"bytes":	9961472,
				"bits_per_second":	79730046.1195121,
				"retransmits":	0,
				"omitted":	false,
				"sender":	true
			}
		}, {
			"streams":	[{
					"socket":	8,
					"start":	6.00056,
					"end":	7.00104,
					"seconds":	1.000480055809021,
					"bytes":	7602176,
					"bits_per_second":	60788226.258864351,
					"retransmits":	0,
					"snd_cwnd":	70992544,
					"snd_wnd":	128622592,
					"rtt":	855483,
					"rttvar":	373,
					"pmtu":	1500,
					"omitted":	false,
					"sender":	true
				}],
			"sum":	{
				"start":	6.00056,
				"end":	7.00104,
				"seconds":	1.000480055809021,
				"bytes":	7602176,
				"bits_per_second":	60788226.258864351,
				"retransmits":	0,
				"omitted":	false,
				"sender":	true
			}
		}],
	"end":	{
		"streams":	[{
				"sender":	{
					"socket":	8,
					"start":	0,
					"end":	7.001271,
					"seconds":	7.001271,
					"bytes":	107479040,
					"bits_per_second":	122810889.62275565,
					"retransmits":	115,
					"max_snd_cwnd":	144800000,
					"max_snd_wnd":	128622592,
					"max_rtt":	858942,
					"min_rtt":	399479,
					"mean_rtt":	682010,
					"sender":	true
				},
				"receiver":	{
					"socket":	8,
					"start":	0,
					"end":	8.046057,
					"seconds":	7.001271,
					"bytes":	107347968,
					"bits_per_second":	106733489.95663342,
					"sender":	true
				}
			}],
		"sum_sent":	{
			"start":	0,
			"end":	7.001271,
			"seconds":	7.001271,
			"bytes":	107479040,
			"bits_per_second":	122810889.62275565,
			"retransmits":	115,
			"sender":	true
		},
		"sum_received":	{
			"start":	0,
			"end":	8.046057,
			"seconds":	8.046057,
			"bytes":	107347968,
			"bits_per_second":	106733489.95663342,
			"sender":	true
		},
		"cpu_utilization_percent":	{
			"host_total":	10.567186823251935,
			"host_user":	8.51014875379669,
			"host_system":	2.057038069455245,
			"remote_total":	1.1484610130259834,
			"remote_user":	0.094145317118713337,
			"remote_system":	1.05431569590727
		},
		"sender_tcp_congestion":	"cubic",
		"receiver_tcp_congestion":	"cubic"
	}
}
