{
	"start":	{
		"connected":	[{
				"socket":	8,
				"local_host":	"172.16.0.53",
				"local_port":	38912,
				"remote_host":	"172.17.0.53",
				"remote_port":	5201
			}],
		"version":	"iperf 3.16",
		"system_info":	"Linux h1 6.12.54-0b264c55b-l4steam-117 #1 SMP PREEMPT_DYNAMIC Fri Nov  7 18:07:57 UTC 2025 x86_64",
		"timestamp":	{
			"time":	"Sun, 22 Feb 2026 01:27:18 GMT",
			"timesecs":	1771723638
		},
		"connecting_to":	{
			"host":	"172.17.0.53",
			"port":	5201
		},
		"cookie":	"abzaxrot6y237i27nf4wcb6wp5fuclrplwi3",
		"tcp_mss_default":	1448,
		"target_bitrate":	0,
		"fq_rate":	0,
		"sock_bufsize":	0,
		"sndbuf_actual":	1000000,
		"rcvbuf_actual":	1000000,
		"test_start":	{
			"protocol":	"TCP",
			"num_streams":	1,
			"blksize":	131072,
			"omit":	0,
			"duration":	0,
			"bytes":	107374182,
			"blocks":	0,
			"reverse":	0,
			"tos":	0,
			"target_bitrate":	0,
			"bidir":	0,
			"fqrate":	0
		}
	},
	"intervals":	[{
			"streams":	[{
					"socket":	8,
					"start":	0,
					"end":	1.000961,
					"seconds":	1.0009609460830688,
					"bytes":	21364736,
					"bits_per_second":	170753802.80202827,
					"retransmits":	1,
					"snd_cwnd":	144800000,
					"snd_wnd":	4497408,
					"rtt":	468785,
					"rttvar":	1942,
					"pmtu":	1500,
					"omitted":	false,
					"sender":	true
				}],
			"sum":	{
				"start":	0,
				"end":	1.000961,
				"seconds":	1.0009609460830688,
				"bytes":	21364736,
				"bits_per_second":	170753802.80202827,
				"retransmits":	1,
				"omitted":	false,
				"sender":	true
			}
		}, {
			"streams":	[{
					"socket":	8,
					"start":	1.000961,
					"end":	2.000955,
					"seconds":	0.99999397993087769,
					"bytes":	1179648,
					"bits_per_second":	9437240.812842017,
					"retransmits":	0,
					"snd_cwnd":	144800000,
					"snd_wnd":	29843456,
					"rtt":	621605,
					"rttvar":	1330,
					"pmtu":	1500,
					"omitted":	false,
					"sender":	true
				}],
			"sum":	{
				"start":	1.000961,
				"end":	2.000955,
				"seconds":	0.99999397993087769,
				"bytes":	1179648,
				"bits_per_second":	9437240.812842017,
				"retransmits":	0,
				"omitted":	false,
				"sender":	true
			}
		}, {
			"streams":	[{
					"socket":	8,
					"start":	2.000955,
					"end":	3.003656,
					"seconds":	1.0027010440826416,
					"bytes":	9306112,
					"bits_per_second":	74248347.939153031,
					"retransmits":	64,
					"snd_cwnd":	7302264,
					"snd_wnd":	56995840,
					"rtt":	601715,
					"rttvar":	115,
					"pmtu":	1500,
					"omitted":	false,
					"sender":	true
				}],
			"sum":	{
				"start":	2.000955,
				"end":	3.003656,
				"seconds":	1.0027010440826416,
				"bytes":	9306112,
				"bits_per_second":	74248347.939153031,
				"retransmits":	64,
				"omitted":	false,
				"sender":	true
			}
		}, {
			"streams":	[{
					"socket":	8,
					"start":	3.003656,
					"end":	4.000647,
					"seconds":	0.996990978717804,
					"bytes":	10747904,
					"bits_per_second":	86242738.2347833,
					"retransmits":	26,
					"snd_cwnd":	7267512,
					"snd_wnd":	64667648,
					"rtt":	628778,
					"rttvar":	28140,
					"pmtu":	1500,
					"omitted":	false,
					"sender":	true
				}],
			"sum":	{
				"start":	3.003656,
				"end":	4.000647,
				"seconds":	0.996990978717804,
				"bytes":	10747904,
				"bits_per_second":	86242738.2347833,
				"retransmits":	26,
				"omitted":	false,
				"sender":	true
			}
		}, {
			"streams":	[{
					"socket":	8,
					"start":	4.000647,
					"end":	5.000703,
					"seconds":	1.0000560283660889,
					"bytes":	64749568,
					"bits_per_second":	517967523.12599218,
					"retransmits":	0,
					"snd_cwnd":	101496112,
					"snd_wnd":	85536768,
					"rtt":	845843,
					"rttvar":	851,
					"pmtu":	1500,
					"omitted":	false,
					"sender":	true
				}],
			"sum":	{
				"start":	4.000647,
				"end":	5.000703,
				"seconds":	1.0000560283660889,
				"bytes":	64749568,
				"bits_per_second":	517967523.12599218,
				"retransmits":	0,
				"omitted":	false,
				"sender":	true
			}
		}],
	"end":	{
		"streams":	[{
				"sender":	{
					"socket":	8,
					"start":	0,
					"end":	5.001024,
					"seconds":	5.001024,
					"bytes":	107479040,
					"bits_per_second":	171931252.47949219,
					"retransmits":	91,
					"max_snd_cwnd":	144800000,
					"max_snd_wnd":	85536768,
					"max_rtt":	845843,
					"min_rtt":	468785,
					"mean_rtt":	668761,
					"sender":	true
				},
				"receiver":	{
					"socket":	8,
					"start":	0,
					"end":	5.853313,
					"seconds":	5.001024,
					"bytes":	86638592,
					"bits_per_second":	118413065.55791566,
					"sender":	true
				}
			}],
		"sum_sent":	{
			"start":	0,
			"end":	5.001024,
			"seconds":	5.001024,
			"bytes":	107479040,
			"bits_per_second":	171931252.47949219,
			"retransmits":	91,
			"sender":	true
		},
		"sum_received":	{
			"start":	0,
			"end":	5.853313,
			"seconds":	5.853313,
			"bytes":	86638592,
			"bits_per_second":	118413065.55791566,
			"sender":	true
		},
		"cpu_utilization_percent":	{
			"host_total":	9.93739389848232,
			"host_user":	7.3458584051719855,
			"host_system":	2.5915354933103352,
			"remote_total":	1.8713953229723987,
			"remote_user":	0.0935706203627916,
			"remote_system":	1.77784178689304
		},
		"sender_tcp_congestion":	"cubic",
		"receiver_tcp_congestion":	"cubic"
	}
}
