{
	"start":	{
		"connected":	[{
				"socket":	8,
				"local_host":	"172.16.0.64",
				"local_port":	33236,
				"remote_host":	"172.17.0.64",
				"remote_port":	5201
			}],
		"version":	"iperf 3.16",
		"system_info":	"Linux h1 6.12.54-0b264c55b-l4steam-117 #1 SMP PREEMPT_DYNAMIC Fri Nov  7 18:07:57 UTC 2025 x86_64",
		"timestamp":	{
			"time":	"Sun, 22 Feb 2026 01:27:18 GMT",
			"timesecs":	1771723638
		},
		"connecting_to":	{
			"host":	"172.17.0.64",
			"port":	5201
		},
		"cookie":	"jxdjpbxcshmmzuoy7d36cdzfdi2tw4cz5czd",
		"tcp_mss_default":	1448,
		"target_bitrate":	0,
		"fq_rate":	0,
		"sock_bufsize":	0,
		"sndbuf_actual":	1000000,
		"rcvbuf_actual":	1000000,
		"test_start":	{
			"protocol":	"TCP",
			"num_streams":	1,
			"blksize":	131072,
			"omit":	0,
			"duration":	0,
			"bytes":	107374182,
			"blocks":	0,
			"reverse":	0,
			"tos":	0,
			"target_bitrate":	0,
			"bidir":	0,
			"fqrate":	0
		}
	},
	"intervals":	[{
			"streams":	[{
					"socket":	8,
					"start":	0,
					"end":	1.00109,
					"seconds":	1.0010900497436523,
					"bytes":	17563648,
					"bits_per_second":	140356188.7724086,
					"retransmits":	0,
					"snd_cwnd":	144800000,
					"snd_wnd":	3399680,
					"rtt":	477692,
					"rttvar":	4137,
					"pmtu":	1500,
					"omitted":	false,
					"sender":	true
				}],
			"sum":	{
				"start":	0,
				"end":	1.00109,
				"seconds":	1.0010900497436523,
				"bytes":	17563648,
				"bits_per_second":	140356188.7724086,
				"retransmits":	0,
				"omitted":	false,
				"sender":	true
			}
		}, {
			"streams":	[{
					"socket":	8,
					"start":	1.00109,
					"end":	2.001044,
					"seconds":	0.9999539852142334,
					"bytes":	0,
					"bits_per_second":	0,
					"retransmits":	0,
					"snd_cwnd":	144800000,
					"snd_wnd":	10199040,
					"rtt":	571932,
					"rttvar":	1629,
					"pmtu":	1500,
					"omitted":	false,
					"sender":	true
				}],
			"sum":	{
				"start":	1.00109,
				"end":	2.001044,
				"seconds":	0.9999539852142334,
				"bytes":	0,
				"bits_per_second":	0,
				"retransmits":	0,
				"omitted":	false,
				"sender":	true
			}
		}, {
			"streams":	[{
					"socket":	8,
					"start":	2.001044,
					"end":	3.001784,
					"seconds":	1.0007400512695312,
					"bytes":	8781824,
					"bits_per_second":	70202638.4482919,
					"retransmits":	16,
					"snd_cwnd":	101387512,
					"snd_wnd":	27922432,
					"rtt":	591531,
					"rttvar":	2538,
					"pmtu":	1500,
					"omitted":	false,
					"sender":	true
				}],
			"sum":	{
				"start":	2.001044,
				"end":	3.001784,
				"seconds":	1.0007400512695312,
				"bytes":	8781824,
				"bits_per_second":	70202638.4482919,
				"retransmits":	16,
				"omitted":	false,
				"sender":	true
			}
		}, {
			"streams":	[{
					"socket":	8,
					"start":	3.001784,
					"end":	4.000248,
					"seconds":	0.99846398830413818,
					"bytes":	0,
					"bits_per_second":	0,
					"retransmits":	1049,
					"snd_cwnd":	7535392,
					"snd_wnd":	33497088,
					"rtt":	698307,
					"rttvar":	5797,
					"pmtu":	1500,
					"omitted":	false,
					"sender":	true
				}],
			"sum":	{
				"start":	3.001784,
				"end":	4.000248,
				"seconds":	0.99846398830413818,
				"bytes":	0,
				"bits_per_second":	0,
				"retransmits":	1049,
				"omitted":	false,
				"sender":	true
			}
		}, {
			"streams":	[{
					"socket":	8,
					"start":	4.000248,
					"end":	5.000412,
					"seconds":	1.0001640319824219,
					"bytes":	6422528,
					"bits_per_second":	51371797.382234819,
					"retransmits":	0,
					"snd_cwnd":	70989648,
					"snd_wnd":	32837632,
					"rtt":	834658,
					"rttvar":	1536,
					"pmtu":	1500,
					"omitted":	false,
					"sender":	true
				}],
			"sum":	{
				"start":	4.000248,
				"end":	5.000412,
				"seconds":	1.0001640319824219,
				"bytes":	6422528,
				"bits_per_second":	51371797.382234819,
				"retransmits":	0,
				"omitted":	false,
				"sender":	true
			}
		}, {
			"streams":	[{
					"socket":	8,
					"start":	5.000412,
					"end":	6.001709,
					"seconds":	1.0012969970703125,
					"bytes":	6029312,
					"bits_per_second":	48172017.035034515,
					"retransmits":	0,
					"snd_cwnd":	70989648,
					"snd_wnd":	35045376,
					"rtt":	846416,
					"rttvar":	1360,
					"pmtu":	1500,
					"omitted":	false,
					"sender":	true
				}],
			"sum":	{
				"start":	5.000412,
				"end":	6.001709,
				"seconds":	1.0012969970703125,
				"bytes":	6029312,
				"bits_per_second":	48172017.035034515,
				"retransmits":	0,
				"omitted":	false,
				"sender":	true
			}
		}, {
			"streams":	[{
					"socket":	8,
					"start":	6.001709,
					"end":	7.001035,
					"seconds":	0.99932599067688,
					"bytes":	6422528,
					"bits_per_second":	51414878.107191332,
					"retransmits":	0,
					"snd_cwnd":	70989648,
					"snd_wnd":	35049472,
					"rtt":	933502,
					"rttvar":	2646,
					"pmtu":	1500,
					"omitted":	false,
					"sender":	true
				}],
			"sum":	{
				"start":	6.001709,
				"end":	7.001035,
				"seconds":	0.99932599067688,
				"bytes":	6422528,
				"bits_per_second":	51414878.107191332,
				"retransmits":	0,
				"omitted":	false,
				"sender":	true
			}
		}, {
			"streams":	[{
					"socket":	8,
					"start":	7.001035,
					"end":	8.001044,
					"seconds":	1.0000089406967163,
					"bytes":	62259200,
					"bits_per_second":	498069146.9148137,
					"retransmits":	0,
					"snd_cwnd":	70989648,
					"snd_wnd":	35057664,
					"rtt":	1042506,
					"rttvar":	359,
					"pmtu":	1500,
					"omitted":	false,
					"sender":	true
				}],
			"sum":	{
				"start":	7.001035,
				"end":	8.001044,
				"seconds":	1.0000089406967163,
				"bytes":	62259200,
				"bits_per_second":	498069146.9148137,
				"retransmits":	0,
				"omitted":	false,
				"sender":	true
			}
		}],
	"end":	{
		"streams":	[{
				"sender":	{
					"socket":	8,
					"start":	0,
					"end":	8.001465,
					"seconds":	8.001465,
					"bytes":	107479040,
					"bits_per_second":	107459361.50442451,
					"retransmits":	1065,
					"max_snd_cwnd":	144800000,
					"max_snd_wnd":	35057664,
					"max_rtt":	1042506,
					"min_rtt":	477692,
					"mean_rtt":	782116,
					"sender":	true
				},
				"receiver":	{
					"socket":	8,
					"start":	0,
					"end":	9.073262,
					"seconds":	8.001465,
					"bytes":	80216064,
					"bits_per_second":	70727430.9944979,
					"sender":	true
				}
			}],
		"sum_sent":	{
			"start":	0,
			"end":	8.001465,
			"seconds":	8.001465,
			"bytes":	107479040,
			"bits_per_second":	107459361.50442451,
			"retransmits":	1065,
			"sender":	true
		},
		"sum_received":	{
			"start":	0,
			"end":	9.073262,
			"seconds":	9.073262,
			"bytes":	80216064,
			"bits_per_second":	70727430.9944979,
			"sender":	true
		},
		"cpu_utilization_percent":	{
			"host_total":	7.2065488569046,
			"host_user":	6.1116960658718629,
			"host_system":	1.0948527910327386,
			"remote_total":	1.1582028595829887,
			"remote_user":	0,
			"remote_system":	1.1581808168401266
		},
		"sender_tcp_congestion":	"cubic",
		"receiver_tcp_congestion":	"cubic"
	}
}
