{
	"start":	{
		"connected":	[{
				"socket":	8,
				"local_host":	"172.16.0.65",
				"local_port":	38256,
				"remote_host":	"172.17.0.65",
				"remote_port":	5201
			}],
		"version":	"iperf 3.16",
		"system_info":	"Linux h1 6.12.54-0b264c55b-l4steam-117 #1 SMP PREEMPT_DYNAMIC Fri Nov  7 18:07:57 UTC 2025 x86_64",
		"timestamp":	{
			"time":	"Sun, 22 Feb 2026 01:27:18 GMT",
			"timesecs":	1771723638
		},
		"connecting_to":	{
			"host":	"172.17.0.65",
			"port":	5201
		},
		"cookie":	"omcekqnkolt4q4hlxoudx5suwvamcvnxfsxq",
		"tcp_mss_default":	1448,
		"target_bitrate":	0,
		"fq_rate":	0,
		"sock_bufsize":	0,
		"sndbuf_actual":	1000000,
		"rcvbuf_actual":	1000000,
		"test_start":	{
			"protocol":	"TCP",
			"num_streams":	1,
			"blksize":	131072,
			"omit":	0,
			"duration":	0,
			"bytes":	107374182,
			"blocks":	0,
			"reverse":	0,
			"tos":	0,
			"target_bitrate":	0,
			"bidir":	0,
			"fqrate":	0
		}
	},
	"intervals":	[{
			"streams":	[{
					"socket":	8,
					"start":	0,
					"end":	1.001068,
					"seconds":	1.0010679960250854,
					"bytes":	21495808,
					"bits_per_second":	171783000.43835458,
					"retransmits":	1,
					"snd_cwnd":	144800000,
					"snd_wnd":	2072576,
					"rtt":	367263,
					"rttvar":	6927,
					"pmtu":	1500,
					"omitted":	false,
					"sender":	true
				}],
			"sum":	{
				"start":	0,
				"end":	1.001068,
				"seconds":	1.0010679960250854,
				"bytes":	21495808,
				"bits_per_second":	171783000.43835458,
				"retransmits":	1,
				"omitted":	false,
				"sender":	true
			}
		}, {
			"streams":	[{
					"socket":	8,
					"start":	1.001068,
					"end":	2.005998,
					"seconds":	1.0049300193786621,
					"bytes":	0,
					"bits_per_second":	0,
					"retransmits":	4,
					"snd_cwnd":	101387512,
					"snd_wnd":	11747328,
					"rtt":	489916,
					"rttvar":	486,
					"pmtu":	1500,
					"omitted":	false,
					"sender":	true
				}],
			"sum":	{
				"start":	1.001068,
				"end":	2.005998,
				"seconds":	1.0049300193786621,
				"bytes":	0,
				"bits_per_second":	0,
				"retransmits":	4,
				"omitted":	false,
				"sender":	true
			}
		}, {
			"streams":	[{
					"socket":	8,
					"start":	2.005998,
					"end":	3.001038,
					"seconds":	0.995039999485016,
					"bytes":	15204352,
					"bits_per_second":	122241132.07805942,
					"retransmits":	0,
					"snd_cwnd":	101388960,
					"snd_wnd":	53592064,
					"rtt":	609612,
					"rttvar":	167,
					"pmtu":	1500,
					"omitted":	false,
					"sender":	true
				}],
			"sum":	{
				"start":	2.005998,
				"end":	3.001038,
				"seconds":	0.995039999485016,
				"bytes":	15204352,
				"bits_per_second":	122241132.07805942,
				"retransmits":	0,
				"omitted":	false,
				"sender":	true
			}
		}, {
			"streams":	[{
					"socket":	8,
					"start":	3.001038,
					"end":	4.001037,
					"seconds":	0.99999898672103882,
					"bytes":	10616832,
					"bits_per_second":	84934742.0625872,
					"retransmits":	0,
					"snd_cwnd":	101388960,
					"snd_wnd":	72097792,
					"rtt":	626638,
					"rttvar":	486,
					"pmtu":	1500,
					"omitted":	false,
					"sender":	true
				}],
			"sum":	{
				"start":	3.001038,
				"end":	4.001037,
				"seconds":	0.99999898672103882,
				"bytes":	10616832,
				"bits_per_second":	84934742.0625872,
				"retransmits":	0,
				"omitted":	false,
				"sender":	true
			}
		}, {
			"streams":	[{
					"socket":	8,
					"start":	4.001037,
					"end":	5.00105,
					"seconds":	1.000012993812561,
					"bytes":	9961472,
					"bits_per_second":	79690740.5134549,
					"retransmits":	0,
					"snd_cwnd":	101388960,
					"snd_wnd":	90783744,
					"rtt":	761218,
					"rttvar":	385,
					"pmtu":	1500,
					"omitted":	false,
					"sender":	true
				}],
			"sum":	{
				"start":	4.001037,
				"end":	5.00105,
				"seconds":	1.000012993812561,
				"bytes":	9961472,
				"bits_per_second":	79690740.5134549,
				"retransmits":	0,
				"omitted":	false,
				"sender":	true
			}
		}, {
			"streams":	[{
					"socket":	8,
					"start":	5.00105,
					"end":	6.001034,
					"seconds":	0.9999840259552002,
					"bytes":	14548992,
					"bits_per_second":	116393795.27970022,
					"retransmits":	0,
					"snd_cwnd":	101388960,
					"snd_wnd":	114921472,
					"rtt":	846267,
					"rttvar":	207,
					"pmtu":	1500,
					"omitted":	false,
					"sender":	true
				}],
			"sum":	{
				"start":	5.00105,
				"end":	6.001034,
				"seconds":	0.9999840259552002,
				"bytes":	14548992,
				"bits_per_second":	116393795.27970022,
				"retransmits":	0,
				"omitted":	false,
				"sender":	true
			}
		}, {
			"streams":	[{
					"socket":	8,
					"start":	6.001034,
					"end":	7.001035,
					"seconds":	1.0000009536743164,
					"bytes":	11403264,
					"bits_per_second":	91226025.00008297,
					"retransmits":	0,
					"snd_cwnd":	101388960,
					"snd_wnd":	118329344,
					"rtt":	956238,
					"rttvar":	106,
					"pmtu":	1500,
					"omitted":	false,
					"sender":	true
				}],
			"sum":	{
				"start":	6.001034,
				"end":	7.001035,
				"seconds":	1.0000009536743164,
				"bytes":	11403264,
				"bits_per_second":	91226025.00008297,
				"retransmits":	0,
				"omitted":	false,
				"sender":	true
			}
		}, {
			"streams":	[{
					"socket":	8,
					"start":	7.001035,
					"end":	8.001038,
					"seconds":	1.0000029802322388,
					"bytes":	8519680,
					"bits_per_second":	68157236.87560536,
					"retransmits":	0,
					"snd_cwnd":	101388960,
					"snd_wnd":	118378496,
					"rtt":	991543,
					"rttvar":	532,
					"pmtu":	1500,
					"omitted":	false,
					"sender":	true
				}],
			"sum":	{
				"start":	7.001035,
				"end":	8.001038,
				"seconds":	1.0000029802322388,
				"bytes":	8519680,
				"bits_per_second":	68157236.87560536,
				"retransmits":	0,
				"omitted":	false,
				"sender":	true
			}
		}, {
			"streams":	[{
					"socket":	8,
					"start":	8.001038,
					"end":	9.001035,
					"seconds":	0.99999701976776123,
					"bytes":	15728640,
					"bits_per_second":	125829495.00111759,
					"retransmits":	0,
					"snd_cwnd":	101388960,
					"snd_wnd":	118378496,
					"rtt":	1019060,
					"rttvar":	1546,
					"pmtu":	1500,
					"omitted":	false,
					"sender":	true
				}],
			"sum":	{
				"start":	8.001038,
				"end":	9.001035,
				"seconds":	0.99999701976776123,
				"bytes":	15728640,
				"bits_per_second":	125829495.00111759,
				"retransmits":	0,
				"omitted":	false,
				"sender":	true
			}
		}],
	"end":	{
		"streams":	[{
				"sender":	{
					"socket":	8,
					"start":	0,
					"end":	9.00127,
					"seconds":	9.00127,
					"bytes":	107479040,
					"bits_per_second":	95523445.0249798,
					"retransmits":	5,
					"max_snd_cwnd":	144800000,
					"max_snd_wnd":	118378496,
					"max_rtt":	1019217,
					"min_rtt":	367263,
					"mean_rtt":	768697,
					"sender":	true
				},
				"receiver":	{
					"socket":	8,
					"start":	0,
					"end":	9.909384,
					"seconds":	9.00127,
					"bytes":	98172928,
					"bits_per_second":	79256533.4030854,
					"sender":	true
				}
			}],
		"sum_sent":	{
			"start":	0,
			"end":	9.00127,
			"seconds":	9.00127,
			"bytes":	107479040,
			"bits_per_second":	95523445.0249798,
			"retransmits":	5,
			"sender":	true
		},
		"sum_received":	{
			"start":	0,
			"end":	9.909384,
			"seconds":	9.909384,
			"bytes":	98172928,
			"bits_per_second":	79256533.4030854,
			"sender":	true
		},
		"cpu_utilization_percent":	{
			"host_total":	1.9933321661535761,
			"host_user":	0.21648202649668441,
			"host_system":	1.7768394902065525,
			"remote_total":	0.950733838725622,
			"remote_user":	0,
			"remote_system":	0.95074393015599934
		},
		"sender_tcp_congestion":	"cubic",
		"receiver_tcp_congestion":	"cubic"
	}
}
