{
	"start":	{
		"connected":	[{
				"socket":	8,
				"local_host":	"172.16.0.71",
				"local_port":	60830,
				"remote_host":	"172.17.0.71",
				"remote_port":	5201
			}],
		"version":	"iperf 3.16",
		"system_info":	"Linux h1 6.12.54-0b264c55b-l4steam-117 #1 SMP PREEMPT_DYNAMIC Fri Nov  7 18:07:57 UTC 2025 x86_64",
		"timestamp":	{
			"time":	"Sun, 22 Feb 2026 01:27:18 GMT",
			"timesecs":	1771723638
		},
		"connecting_to":	{
			"host":	"172.17.0.71",
			"port":	5201
		},
		"cookie":	"zajkyb7zuwgzb534zh2nyixsrwfltxp7yi3l",
		"tcp_mss_default":	1448,
		"target_bitrate":	0,
		"fq_rate":	0,
		"sock_bufsize":	0,
		"sndbuf_actual":	1000000,
		"rcvbuf_actual":	1000000,
		"test_start":	{
			"protocol":	"TCP",
			"num_streams":	1,
			"blksize":	131072,
			"omit":	0,
			"duration":	0,
			"bytes":	107374182,
			"blocks":	0,
			"reverse":	0,
			"tos":	0,
			"target_bitrate":	0,
			"bidir":	0,
			"fqrate":	0
		}
	},
	"intervals":	[{
			"streams":	[{
					"socket":	8,
					"start":	0,
					"end":	1.001056,
					"seconds":	1.0010559558868408,
					"bytes":	17563648,
					"bits_per_second":	140360969.0084928,
					"retransmits":	0,
					"snd_cwnd":	144800000,
					"snd_wnd":	3489792,
					"rtt":	477358,
					"rttvar":	1532,
					"pmtu":	1500,
					"omitted":	false,
					"sender":	true
				}],
			"sum":	{
				"start":	0,
				"end":	1.001056,
				"seconds":	1.0010559558868408,
				"bytes":	17563648,
				"bits_per_second":	140360969.0084928,
				"retransmits":	0,
				"omitted":	false,
				"sender":	true
			}
		}, {
			"streams":	[{
					"socket":	8,
					"start":	1.001056,
					"end":	2.001035,
					"seconds":	0.999979019165039,
					"bytes":	0,
					"bits_per_second":	0,
					"retransmits":	0,
					"snd_cwnd":	144800000,
					"snd_wnd":	15040512,
					"rtt":	629682,
					"rttvar":	96,
					"pmtu":	1500,
					"omitted":	false,
					"sender":	true
				}],
			"sum":	{
				"start":	1.001056,
				"end":	2.001035,
				"seconds":	0.999979019165039,
				"bytes":	0,
				"bits_per_second":	0,
				"retransmits":	0,
				"omitted":	false,
				"sender":	true
			}
		}, {
			"streams":	[{
					"socket":	8,
					"start":	2.001035,
					"end":	3.004997,
					"seconds":	1.00396203994751,
					"bytes":	13893632,
					"bits_per_second":	110710416.9056145,
					"retransmits":	0,
					"snd_cwnd":	144800000,
					"snd_wnd":	45662208,
					"rtt":	595543,
					"rttvar":	67,
					"pmtu":	1500,
					"omitted":	false,
					"sender":	true
				}],
			"sum":	{
				"start":	2.001035,
				"end":	3.004997,
				"seconds":	1.00396203994751,
				"bytes":	13893632,
				"bits_per_second":	110710416.9056145,
				"retransmits":	0,
				"omitted":	false,
				"sender":	true
			}
		}, {
			"streams":	[{
					"socket":	8,
					"start":	3.004997,
					"end":	4.001002,
					"seconds":	0.99600499868392944,
					"bytes":	8781824,
					"bits_per_second":	70536384.950708941,
					"retransmits":	0,
					"snd_cwnd":	144800000,
					"snd_wnd":	65921024,
					"rtt":	755225,
					"rttvar":	1919,
					"pmtu":	1500,
					"omitted":	false,
					"sender":	true
				}],
			"sum":	{
				"start":	3.004997,
				"end":	4.001002,
				"seconds":	0.99600499868392944,
				"bytes":	8781824,
				"bits_per_second":	70536384.950708941,
				"retransmits":	0,
				"omitted":	false,
				"sender":	true
			}
		}, {
			"streams":	[{
					"socket":	8,
					"start":	4.001002,
					"end":	5.001027,
					"seconds":	1.0000250339508057,
					"bytes":	15466496,
					"bits_per_second":	123728870.57754073,
					"retransmits":	0,
					"snd_cwnd":	144800000,
					"snd_wnd":	92831744,
					"rtt":	861380,
					"rttvar":	1225,
					"pmtu":	1500,
					"omitted":	false,
					"sender":	true
				}],
			"sum":	{
				"start":	4.001002,
				"end":	5.001027,
				"seconds":	1.0000250339508057,
				"bytes":	15466496,
				"bits_per_second":	123728870.57754073,
				"retransmits":	0,
				"omitted":	false,
				"sender":	true
			}
		}, {
			"streams":	[{
					"socket":	8,
					"start":	5.001027,
					"end":	6.004934,
					"seconds":	1.0039069652557373,
					"bytes":	8257536,
					"bits_per_second":	65803197.194843315,
					"retransmits":	0,
					"snd_cwnd":	144800000,
					"snd_wnd":	105136128,
					"rtt":	856436,
					"rttvar":	280,
					"pmtu":	1500,
					"omitted":	false,
					"sender":	true
				}],
			"sum":	{
				"start":	5.001027,
				"end":	6.004934,
				"seconds":	1.0039069652557373,
				"bytes":	8257536,
				"bits_per_second":	65803197.194843315,
				"retransmits":	0,
				"omitted":	false,
				"sender":	true
			}
		}, {
			"streams":	[{
					"socket":	8,
					"start":	6.004934,
					"end":	7.001208,
					"seconds":	0.99627399444580078,
					"bytes":	6422528,
					"bits_per_second":	51572382.985447064,
					"retransmits":	0,
					"snd_cwnd":	144800000,
					"snd_wnd":	105140224,
					"rtt":	976214,
					"rttvar":	649,
					"pmtu":	1500,
					"omitted":	false,
					"sender":	true
				}],
			"sum":	{
				"start":	6.004934,
				"end":	7.001208,
				"seconds":	0.99627399444580078,
				"bytes":	6422528,
				"bits_per_second":	51572382.985447064,
				"retransmits":	0,
				"omitted":	false,
				"sender":	true
			}
		}, {
			"streams":	[{
					"socket":	8,
					"start":	7.001208,
					"end":	8.001217,
					"seconds":	1.0000089406967163,
					"bytes":	7864320,
					"bits_per_second":	62913997.5050291,
					"retransmits":	0,
					"snd_cwnd":	144800000,
					"snd_wnd":	105140224,
					"rtt":	962863,
					"rttvar":	317,
					"pmtu":	1500,
					"omitted":	false,
					"sender":	true
				}],
			"sum":	{
				"start":	7.001208,
				"end":	8.001217,
				"seconds":	1.0000089406967163,
				"bytes":	7864320,
				"bits_per_second":	62913997.5050291,
				"retransmits":	0,
				"omitted":	false,
				"sender":	true
			}
		}, {
			"streams":	[{
					"socket":	8,
					"start":	8.001217,
					"end":	9.001072,
					"seconds":	0.99985498189926147,
					"bytes":	29229056,
					"bits_per_second":	233866362.855768,
					"retransmits":	0,
					"snd_cwnd":	144800000,
					"snd_wnd":	105099264,
					"rtt":	1039506,
					"rttvar":	443,
					"pmtu":	1500,
					"omitted":	false,
					"sender":	true
				}],
			"sum":	{
				"start":	8.001217,
				"end":	9.001072,
				"seconds":	0.99985498189926147,
				"bytes":	29229056,
				"bits_per_second":	233866362.855768,
				"retransmits":	0,
				"omitted":	false,
				"sender":	true
			}
		}],
	"end":	{
		"streams":	[{
				"sender":	{
					"socket":	8,
					"start":	0,
					"end":	9.001373,
					"seconds":	9.001373,
					"bytes":	107479040,
					"bits_per_second":	95522351.978970334,
					"retransmits":	0,
					"max_snd_cwnd":	144800000,
					"max_snd_wnd":	105140224,
					"max_rtt":	1039506,
					"min_rtt":	477358,
					"mean_rtt":	819371,
					"sender":	true
				},
				"receiver":	{
					"socket":	8,
					"start":	0,
					"end":	9.965424,
					"seconds":	9.001373,
					"bytes":	107347968,
					"bits_per_second":	86176337.705249667,
					"sender":	true
				}
			}],
		"sum_sent":	{
			"start":	0,
			"end":	9.001373,
			"seconds":	9.001373,
			"bytes":	107479040,
			"bits_per_second":	95522351.978970334,
			"retransmits":	0,
			"sender":	true
		},
		"sum_received":	{
			"start":	0,
			"end":	9.965424,
			"seconds":	9.965424,
			"bytes":	107347968,
			"bits_per_second":	86176337.705249667,
			"sender":	true
		},
		"cpu_utilization_percent":	{
			"host_total":	3.0247002296829963,
			"host_user":	1.6340812711330508,
			"host_system":	1.3906293580336324,
			"remote_total":	1.0548948727643754,
			"remote_user":	0.0414130905103313,
			"remote_system":	1.0134717475822461
		},
		"sender_tcp_congestion":	"cubic",
		"receiver_tcp_congestion":	"cubic"
	}
}
