{
	"start":	{
		"connected":	[{
				"socket":	8,
				"local_host":	"172.16.0.84",
				"local_port":	52010,
				"remote_host":	"172.17.0.84",
				"remote_port":	5201
			}],
		"version":	"iperf 3.16",
		"system_info":	"Linux h1 6.12.54-0b264c55b-l4steam-117 #1 SMP PREEMPT_DYNAMIC Fri Nov  7 18:07:57 UTC 2025 x86_64",
		"timestamp":	{
			"time":	"Sun, 22 Feb 2026 01:27:19 GMT",
			"timesecs":	1771723639
		},
		"connecting_to":	{
			"host":	"172.17.0.84",
			"port":	5201
		},
		"cookie":	"4cwgvetb56clsc552l73fb76sqfn2b32qz22",
		"tcp_mss_default":	1448,
		"target_bitrate":	0,
		"fq_rate":	0,
		"sock_bufsize":	0,
		"sndbuf_actual":	1000000,
		"rcvbuf_actual":	1000000,
		"test_start":	{
			"protocol":	"TCP",
			"num_streams":	1,
			"blksize":	131072,
			"omit":	0,
			"duration":	0,
			"bytes":	107374182,
			"blocks":	0,
			"reverse":	0,
			"tos":	0,
			"target_bitrate":	0,
			"bidir":	0,
			"fqrate":	0
		}
	},
	"intervals":	[{
			"streams":	[{
					"socket":	8,
					"start":	0,
					"end":	1.002377,
					"seconds":	1.0023770332336426,
					"bytes":	15859712,
					"bits_per_second":	126576818.69535239,
					"retransmits":	29,
					"snd_cwnd":	461912,
					"snd_wnd":	659456,
					"rtt":	455378,
					"rttvar":	43471,
					"pmtu":	1500,
					"omitted":	false,
					"sender":	true
				}],
			"sum":	{
				"start":	0,
				"end":	1.002377,
				"seconds":	1.0023770332336426,
				"bytes":	15859712,
				"bits_per_second":	126576818.69535239,
				"retransmits":	29,
				"omitted":	false,
				"sender":	true
			}
		}, {
			"streams":	[{
					"socket":	8,
					"start":	1.002377,
					"end":	2.000941,
					"seconds":	0.99856400489807129,
					"bytes":	0,
					"bits_per_second":	0,
					"retransmits":	0,
					"snd_cwnd":	648704,
					"snd_wnd":	1458176,
					"rtt":	599277,
					"rttvar":	3599,
					"pmtu":	1500,
					"omitted":	false,
					"sender":	true
				}],
			"sum":	{
				"start":	1.002377,
				"end":	2.000941,
				"seconds":	0.99856400489807129,
				"bytes":	0,
				"bits_per_second":	0,
				"retransmits":	0,
				"omitted":	false,
				"sender":	true
			}
		}, {
			"streams":	[{
					"socket":	8,
					"start":	2.000941,
					"end":	3.000323,
					"seconds":	0.99938201904296875,
					"bytes":	0,
					"bits_per_second":	0,
					"retransmits":	0,
					"snd_cwnd":	1107720,
					"snd_wnd":	3272704,
					"rtt":	646049,
					"rttvar":	8806,
					"pmtu":	1500,
					"omitted":	false,
					"sender":	true
				}],
			"sum":	{
				"start":	2.000941,
				"end":	3.000323,
				"seconds":	0.99938201904296875,
				"bytes":	0,
				"bits_per_second":	0,
				"retransmits":	0,
				"omitted":	false,
				"sender":	true
			}
		}, {
			"streams":	[{
					"socket":	8,
					"start":	3.000323,
					"end":	4.003316,
					"seconds":	1.0029929876327515,
					"bytes":	0,
					"bits_per_second":	0,
					"retransmits":	0,
					"snd_cwnd":	1708640,
					"snd_wnd":	5726208,
					"rtt":	841470,
					"rttvar":	1945,
					"pmtu":	1500,
					"omitted":	false,
					"sender":	true
				}],
			"sum":	{
				"start":	3.000323,
				"end":	4.003316,
				"seconds":	1.0029929876327515,
				"bytes":	0,
				"bits_per_second":	0,
				"retransmits":	0,
				"omitted":	false,
				"sender":	true
			}
		}, {
			"streams":	[{
					"socket":	8,
					"start":	4.003316,
					"end":	5.00368,
					"seconds":	1.0003639459609985,
					"bytes":	0,
					"bits_per_second":	0,
					"retransmits":	22,
					"snd_cwnd":	1799864,
					"snd_wnd":	9416704,
					"rtt":	844182,
					"rttvar":	1959,
					"pmtu":	1500,
					"omitted":	false,
					"sender":	true
				}],
			"sum":	{
				"start":	4.003316,
				"end":	5.00368,
				"seconds":	1.0003639459609985,
				"bytes":	0,
				"bits_per_second":	0,
				"retransmits":	22,
				"omitted":	false,
				"sender":	true
			}
		}, {
			"streams":	[{
					"socket":	8,
					"start":	5.00368,
					"end":	6.000648,
					"seconds":	0.99696797132492065,
					"bytes":	0,
					"bits_per_second":	0,
					"retransmits":	6,
					"snd_cwnd":	1584112,
					"snd_wnd":	13066240,
					"rtt":	945078,
					"rttvar":	4060,
					"pmtu":	1500,
					"omitted":	false,
					"sender":	true
				}],
			"sum":	{
				"start":	5.00368,
				"end":	6.000648,
				"seconds":	0.99696797132492065,
				"bytes":	0,
				"bits_per_second":	0,
				"retransmits":	6,
				"omitted":	false,
				"sender":	true
			}
		}, {
			"streams":	[{
					"socket":	8,
					"start":	6.000648,
					"end":	7.013722,
					"seconds":	1.0130740404129028,
					"bytes":	0,
					"bits_per_second":	0,
					"retransmits":	0,
					"snd_cwnd":	1613072,
					"snd_wnd":	16203776,
					"rtt":	1018690,
					"rttvar":	3765,
					"pmtu":	1500,
					"omitted":	false,
					"sender":	true
				}],
			"sum":	{
				"start":	6.000648,
				"end":	7.013722,
				"seconds":	1.0130740404129028,
				"bytes":	0,
				"bits_per_second":	0,
				"retransmits":	0,
				"omitted":	false,
				"sender":	true
			}
		}, {
			"streams":	[{
					"socket":	8,
					"start":	7.013722,
					"end":	8.001108,
					"seconds":	0.98738598823547363,
					"bytes":	3276800,
					"bits_per_second":	26549293.095445812,
					"retransmits":	0,
					"snd_cwnd":	1688368,
					"snd_wnd":	19349504,
					"rtt":	1002367,
					"rttvar":	2704,
					"pmtu":	1500,
					"omitted":	false,
					"sender":	true
				}],
			"sum":	{
				"start":	7.013722,
				"end":	8.001108,
				"seconds":	0.98738598823547363,
				"bytes":	3276800,
				"bits_per_second":	26549293.095445812,
				"retransmits":	0,
				"omitted":	false,
				"sender":	true
			}
		}, {
			"streams":	[{
					"socket":	8,
					"start":	8.001108,
					"end":	9.001049,
					"seconds":	0.99994099140167236,
					"bytes":	0,
					"bits_per_second":	0,
					"retransmits":	0,
					"snd_cwnd":	1768008,
					"snd_wnd":	22999040,
					"rtt":	898382,
					"rttvar":	2925,
					"pmtu":	1500,
					"omitted":	false,
					"sender":	true
				}],
			"sum":	{
				"start":	8.001108,
				"end":	9.001049,
				"seconds":	0.99994099140167236,
				"bytes":	0,
				"bits_per_second":	0,
				"retransmits":	0,
				"omitted":	false,
				"sender":	true
			}
		}, {
			"streams":	[{
					"socket":	8,
					"start":	9.001049,
					"end":	10.001083,
					"seconds":	1.000033974647522,
					"bytes":	14942208,
					"bits_per_second":	119533602.88797484,
					"retransmits":	0,
					"snd_cwnd":	1859232,
					"snd_wnd":	52609024,
					"rtt":	60984,
					"rttvar":	104,
					"pmtu":	1500,
					"omitted":	false,
					"sender":	true
				}],
			"sum":	{
				"start":	9.001049,
				"end":	10.001083,
				"seconds":	1.000033974647522,
				"bytes":	14942208,
				"bits_per_second":	119533602.88797484,
				"retransmits":	0,
				"omitted":	false,
				"sender":	true
			}
		}, {
			"streams":	[{
					"socket":	8,
					"start":	10.001083,
					"end":	11.001069,
					"seconds":	0.99998599290847778,
					"bytes":	33947648,
					"bits_per_second":	271584988.11578459,
					"retransmits":	0,
					"snd_cwnd":	1891088,
					"snd_wnd":	89792512,
					"rtt":	60897,
					"rttvar":	60,
					"pmtu":	1500,
					"omitted":	false,
					"sender":	true
				}],
			"sum":	{
				"start":	10.001083,
				"end":	11.001069,
				"seconds":	0.99998599290847778,
				"bytes":	33947648,
				"bits_per_second":	271584988.11578459,
				"retransmits":	0,
				"omitted":	false,
				"sender":	true
			}
		}, {
			"streams":	[{
					"socket":	8,
					"start":	11.001069,
					"end":	12.001058,
					"seconds":	0.99998897314071655,
					"bytes":	30539776,
					"bits_per_second":	244320902.09220737,
					"retransmits":	0,
					"snd_cwnd":	1911360,
					"snd_wnd":	114520064,
					"rtt":	60878,
					"rttvar":	68,
					"pmtu":	1500,
					"omitted":	false,
					"sender":	true
				}],
			"sum":	{
				"start":	11.001069,
				"end":	12.001058,
				"seconds":	0.99998897314071655,
				"bytes":	30539776,
				"bits_per_second":	244320902.09220737,
				"retransmits":	0,
				"omitted":	false,
				"sender":	true
			}
		}, {
			"streams":	[{
					"socket":	8,
					"start":	12.001058,
					"end":	13.00106,
					"seconds":	1.0000020265579224,
					"bytes":	8912896,