{
	"start":	{
		"connected":	[{
				"socket":	8,
				"local_host":	"172.16.0.122",
				"local_port":	57950,
				"remote_host":	"172.17.0.122",
				"remote_port":	5201
			}],
		"version":	"iperf 3.16",
		"system_info":	"Linux h1 6.12.54-0b264c55b-l4steam-117 #1 SMP PREEMPT_DYNAMIC Fri Nov  7 18:07:57 UTC 2025 x86_64",
		"timestamp":	{
			"time":	"Sun, 22 Feb 2026 01:26:16 GMT",
			"timesecs":	1771723576
		},
		"connecting_to":	{
			"host":	"172.17.0.122",
			"port":	5201
		},
		"cookie":	"uvm6334uf72a5yqhkxoxis6woumykshrdusu",
		"tcp_mss_default":	1448,
		"target_bitrate":	0,
		"fq_rate":	0,
		"sock_bufsize":	0,
		"sndbuf_actual":	1000000,
		"rcvbuf_actual":	1000000,
		"test_start":	{
			"protocol":	"TCP",
			"num_streams":	1,
			"blksize":	131072,
			"omit":	0,
			"duration":	0,
			"bytes":	107374182,
			"blocks":	0,
			"reverse":	0,
			"tos":	0,
			"target_bitrate":	0,
			"bidir":	0,
			"fqrate":	0
		}
	},
	"intervals":	[{
			"streams":	[{
					"socket":	8,
					"start":	0,
					"end":	1.001069,
					"seconds":	1.0010689496994019,
					"bytes":	21233664,
					"bits_per_second":	169687924.14449361,
					"retransmits":	748,
					"snd_cwnd":	411232,
					"snd_wnd":	18259968,
					"rtt":	71208,
					"rttvar":	246,
					"pmtu":	1500,
					"omitted":	false,
					"sender":	true
				}],
			"sum":	{
				"start":	0,
				"end":	1.001069,
				"seconds":	1.0010689496994019,
				"bytes":	21233664,
				"bits_per_second":	169687924.14449361,
				"retransmits":	748,
				"omitted":	false,
				"sender":	true
			}
		}, {
			"streams":	[{
					"socket":	8,
					"start":	1.001069,
					"end":	2.003984,
					"seconds":	1.0029150247573853,
					"bytes":	3670016,
					"bits_per_second":	29274791.258713566,
					"retransmits":	36,
					"snd_cwnd":	209960,
					"snd_wnd":	18259968,
					"rtt":	62529,
					"rttvar":	130,
					"pmtu":	1500,
					"omitted":	false,
					"sender":	true
				}],
			"sum":	{
				"start":	1.001069,
				"end":	2.003984,
				"seconds":	1.0029150247573853,
				"bytes":	3670016,
				"bits_per_second":	29274791.258713566,
				"retransmits":	36,
				"omitted":	false,
				"sender":	true
			}
		}, {
			"streams":	[{
					"socket":	8,
					"start":	2.003984,
					"end":	3.001063,
					"seconds":	0.99707901477813721,
					"bytes":	3538944,
					"bits_per_second":	28394491.891196489,
					"retransmits":	0,
					"snd_cwnd":	236024,
					"snd_wnd":	18259968,
					"rtt":	60886,
					"rttvar":	89,
					"pmtu":	1500,
					"omitted":	false,
					"sender":	true
				}],
			"sum":	{
				"start":	2.003984,
				"end":	3.001063,
				"seconds":	0.99707901477813721,
				"bytes":	3538944,
				"bits_per_second":	28394491.891196489,
				"retransmits":	0,
				"omitted":	false,
				"sender":	true
			}
		}, {
			"streams":	[{
					"socket":	8,
					"start":	3.001063,
					"end":	4.001582,
					"seconds":	1.0005190372467041,
					"bytes":	3670016,
					"bits_per_second":	29344896.905505352,
					"retransmits":	0,
					"snd_cwnd":	243264,
					"snd_wnd":	18259968,
					"rtt":	60860,
					"rttvar":	57,
					"pmtu":	1500,
					"omitted":	false,
					"sender":	true
				}],
			"sum":	{
				"start":	3.001063,
				"end":	4.001582,
				"seconds":	1.0005190372467041,
				"bytes":	3670016,
				"bits_per_second":	29344896.905505352,
				"retransmits":	0,
				"omitted":	false,
				"sender":	true
			}
		}, {
			"streams":	[{
					"socket":	8,
					"start":	4.001582,
					"end":	5.001445,
					"seconds":	0.999863028526306,
					"bytes":	3670016,
					"bits_per_second":	29364150.050906241,
					"retransmits":	0,
					"snd_cwnd":	244712,
					"snd_wnd":	18255872,
					"rtt":	60837,
					"rttvar":	64,
					"pmtu":	1500,
					"omitted":	false,
					"sender":	true
				}],
			"sum":	{
				"start":	4.001582,
				"end":	5.001445,
				"seconds":	0.999863028526306,
				"bytes":	3670016,
				"bits_per_second":	29364150.050906241,
				"retransmits":	0,
				"omitted":	false,
				"sender":	true
			}
		}, {
			"streams":	[{
					"socket":	8,
					"start":	5.001445,
					"end":	6.000427,
					"seconds":	0.998982012271881,
					"bytes":	3538944,
					"bits_per_second":	28340402.181630854,
					"retransmits":	0,
					"snd_cwnd":	251952,
					"snd_wnd":	18259968,
					"rtt":	60851,
					"rttvar":	91,
					"pmtu":	1500,
					"omitted":	false,
					"sender":	true
				}],
			"sum":	{
				"start":	5.001445,
				"end":	6.000427,
				"seconds":	0.998982012271881,
				"bytes":	3538944,
				"bits_per_second":	28340402.181630854,
				"retransmits":	0,
				"omitted":	false,
				"sender":	true
			}
		}, {
			"streams":	[{
					"socket":	8,
					"start":	6.000427,
					"end":	7.000309,
					"seconds":	0.99988198280334473,
					"bytes":	3670016,
					"bits_per_second":	29363593.408977851,
					"retransmits":	0,
					"snd_cwnd":	263536,
					"snd_wnd":	18259968,
					"rtt":	60845,
					"rttvar":	58,
					"pmtu":	1500,
					"omitted":	false,
					"sender":	true
				}],
			"sum":	{
				"start":	6.000427,
				"end":	7.000309,
				"seconds":	0.99988198280334473,
				"bytes":	3670016,
				"bits_per_second":	29363593.408977851,
				"retransmits":	0,
				"omitted":	false,
				"sender":	true
			}
		}, {
			"streams":	[{
					"socket":	8,
					"start":	7.000309,
					"end":	8.000945,
					"seconds":	1.0006359815597534,
					"bytes":	3538944,
					"bits_per_second":	28293557.81896732,
					"retransmits":	0,
					"snd_cwnd":	276568,
					"snd_wnd":	18255872,
					"rtt":	60793,
					"rttvar":	25,
					"pmtu":	1500,
					"omitted":	false,
					"sender":	true
				}],
			"sum":	{
				"start":	7.000309,
				"end":	8.000945,
				"seconds":	1.0006359815597534,
				"bytes":	3538944,
				"bits_per_second":	28293557.81896732,
				"retransmits":	0,
				"omitted":	false,
				"sender":	true
			}
		}, {
			"streams":	[{
					"socket":	8,
					"start":	8.000945,
					"end":	9.000406,
					"seconds":	0.999460995197296,
					"bytes":	7340032,
					"bits_per_second":	58751923.568971768,
					"retransmits":	0,
					"snd_cwnd":	289600,
					"snd_wnd":	18255872,
					"rtt":	60812,
					"rttvar":	44,
					"pmtu":	1500,
					"omitted":	false,
					"sender":	true
				}],
			"sum":	{
				"start":	8.000945,
				"end":	9.000406,
				"seconds":	0.999460995197296,
				"bytes":	7340032,
				"bits_per_second":	58751923.568971768,
				"retransmits":	0,
				"omitted":	false,
				"sender":	true
			}
		}, {
			"streams":	[{
					"socket":	8,
					"start":	9.000406,
					"end":	10.000114,
					"seconds":	0.99970799684524536,
					"bytes":	3538944,
					"bits_per_second":	28319821.477213435,
					"retransmits":	0,
					"snd_cwnd":	302632,
					"snd_wnd":	18259968,
					"rtt":	60951,
					"rttvar":	41,
					"pmtu":	1500,
					"omitted":	false,
					"sender":	true
				}],
			"sum":	{
				"start":	9.000406,
				"end":	10.000114,
				"seconds":	0.99970799684524536,
				"bytes":	3538944,
				"bits_per_second":	28319821.477213435,
				"retransmits":	0,
				"omitted":	false,
				"sender":	true
			}
		}, {
			"streams":	[{
					"socket":	8,
					"start":	10.000114,
					"end":	11.000985,
					"seconds":	1.000870943069458,
					"bytes":	3670016,
					"bits_per_second":	29334579.251505435,
					"retransmits":	0,
					"snd_cwnd":	338832,
					"snd_wnd":	18255872,
					"rtt":	60960,
					"rttvar":	112,
					"pmtu":	1500,
					"omitted":	false,
					"sender":	true
				}],
			"sum":	{
				"start":	10.000114,
				"end":	11.000985,
				"seconds":	1.000870943069458,
				"bytes":	3670016,
				"bits_per_second":	29334579.251505435,
				"retransmits":	0,
				"omitted":	false,
				"sender":	true
			}
		}, {
			"streams":	[{
					"socket":	8,
					"start":	11.000985,
					"end":	12.000919,
					"seconds":	0.99993401765823364,
					"bytes":	7208960,
					"bits_per_second":	57675485.5636,
					"retransmits":	0,
					"snd_cwnd":	401096,
					"snd_wnd":	18259968,
					"rtt":	61044,
					"rttvar":	80,
					"pmtu":	1500,
					"omitted":	false,
					"sender":	true
				}],
			"sum":	{
				"start":	11.000985,
				"end":	12.000919,
				"seconds":	0.99993401765823364,
				"bytes":	7208960,