{
	"start":	{
		"connected":	[{
				"socket":	8,
				"local_host":	"172.16.0.2",
				"local_port":	57912,
				"remote_host":	"172.17.0.2",
				"remote_port":	5201
			}],
		"version":	"iperf 3.16",
		"system_info":	"Linux h1 6.12.54-0b264c55b-l4steam-117 #1 SMP PREEMPT_DYNAMIC Fri Nov  7 18:07:57 UTC 2025 x86_64",
		"timestamp":	{
			"time":	"Sun, 22 Feb 2026 01:26:15 GMT",
			"timesecs":	1771723575
		},
		"connecting_to":	{
			"host":	"172.17.0.2",
			"port":	5201
		},
		"cookie":	"hkqgepvb6rlw2ssn6xshgsmawhhbhrv35ly6",
		"tcp_mss_default":	1448,
		"target_bitrate":	0,
		"fq_rate":	0,
		"sock_bufsize":	0,
		"sndbuf_actual":	1000000,
		"rcvbuf_actual":	1000000,
		"test_start":	{
			"protocol":	"TCP",
			"num_streams":	1,
			"blksize":	131072,
			"omit":	0,
			"duration":	0,
			"bytes":	107374182,
			"blocks":	0,
			"reverse":	0,
			"tos":	0,
			"target_bitrate":	0,
			"bidir":	0,
			"fqrate":	0
		}
	},
	"intervals":	[{
			"streams":	[{
					"socket":	8,
					"start":	0,
					"end":	1.001044,
					"seconds":	1.0010440349578857,
					"bytes":	107479040,
					"bits_per_second":	858935561.24748647,
					"retransmits":	12183,
					"snd_cwnd":	918032,
					"snd_wnd":	97763328,
					"rtt":	74356,
					"rttvar":	498,
					"pmtu":	1500,
					"omitted":	false,
					"sender":	true
				}],
			"sum":	{
				"start":	0,
				"end":	1.001044,
				"seconds":	1.0010440349578857,
				"bytes":	107479040,
				"bits_per_second":	858935561.24748647,
				"retransmits":	12183,
				"omitted":	false,
				"sender":	true
			}
		}],
	"end":	{
		"streams":	[{
				"sender":	{
					"socket":	8,
					"start":	0,
					"end":	1.001373,
					"seconds":	1.001373,
					"bytes":	107479040,
					"bits_per_second":	858653388.8970443,
					"retransmits":	12197,
					"max_snd_cwnd":	918032,
					"max_snd_wnd":	97804288,
					"max_rtt":	74391,
					"min_rtt":	74356,
					"mean_rtt":	74373,
					"sender":	true
				},
				"receiver":	{
					"socket":	8,
					"start":	0,
					"end":	1.080831,
					"seconds":	1.001373,
					"bytes":	51904512,
					"bits_per_second":	384182259.76123923,
					"sender":	true
				}
			}],
		"sum_sent":	{
			"start":	0,
			"end":	1.001373,
			"seconds":	1.001373,
			"bytes":	107479040,
			"bits_per_second":	858653388.8970443,
			"retransmits":	12197,
			"sender":	true
		},
		"sum_received":	{
			"start":	0,
			"end":	1.080831,
			"seconds":	1.080831,
			"bytes":	51904512,
			"bits_per_second":	384182259.76123923,
			"sender":	true
		},
		"cpu_utilization_percent":	{
			"host_total":	49.368947849227467,
			"host_user":	45.9590896453112,
			"host_system":	3.409858203916273,
			"remote_total":	3.1813614739401475,
			"remote_user":	0,
			"remote_system":	3.1813614739401475
		},
		"sender_tcp_congestion":	"cubic",
		"receiver_tcp_congestion":	"cubic"
	}
}
