{
	"start":	{
		"connected":	[{
				"socket":	8,
				"local_host":	"172.16.0.108",
				"local_port":	57422,
				"remote_host":	"172.17.0.108",
				"remote_port":	5201
			}],
		"version":	"iperf 3.16",
		"system_info":	"Linux h1 6.12.54-0b264c55b-l4steam-117 #1 SMP PREEMPT_DYNAMIC Fri Nov  7 18:07:57 UTC 2025 x86_64",
		"timestamp":	{
			"time":	"Sun, 22 Feb 2026 02:08:56 GMT",
			"timesecs":	1771726136
		},
		"connecting_to":	{
			"host":	"172.17.0.108",
			"port":	5201
		},
		"cookie":	"u2bszaz5cmffzlfjr4wdp2ti2ad3yyqhqkp3",
		"tcp_mss_default":	1448,
		"target_bitrate":	0,
		"fq_rate":	0,
		"sock_bufsize":	0,
		"sndbuf_actual":	1000000,
		"rcvbuf_actual":	1000000,
		"test_start":	{
			"protocol":	"TCP",
			"num_streams":	1,
			"blksize":	131072,
			"omit":	0,
			"duration":	0,
			"bytes":	107374182,
			"blocks":	0,
			"reverse":	0,
			"tos":	0,
			"target_bitrate":	0,
			"bidir":	0,
			"fqrate":	0
		}
	},
	"intervals":	[{
			"streams":	[{
					"socket":	8,
					"start":	0,
					"end":	1.001057,
					"seconds":	1.0010570287704468,
					"bytes":	17301504,
					"bits_per_second":	138265880.98582682,
					"retransmits":	3574,
					"snd_cwnd":	2156072,
					"snd_wnd":	12214272,
					"rtt":	114920,
					"rttvar":	2264,
					"pmtu":	1500,
					"omitted":	false,
					"sender":	true
				}],
			"sum":	{
				"start":	0,
				"end":	1.001057,
				"seconds":	1.0010570287704468,
				"bytes":	17301504,
				"bits_per_second":	138265880.98582682,
				"retransmits":	3574,
				"omitted":	false,
				"sender":	true
			}
		}, {
			"streams":	[{
					"socket":	8,
					"start":	1.001057,
					"end":	2.001394,
					"seconds":	1.00033700466156,
					"bytes":	12845056,
					"bits_per_second":	102725828.91679242,
					"retransmits":	2349,
					"snd_cwnd":	2085120,
					"snd_wnd":	13332480,
					"rtt":	103077,
					"rttvar":	2944,
					"pmtu":	1500,
					"omitted":	false,
					"sender":	true
				}],
			"sum":	{
				"start":	1.001057,
				"end":	2.001394,
				"seconds":	1.00033700466156,
				"bytes":	12845056,
				"bits_per_second":	102725828.91679242,
				"retransmits":	2349,
				"omitted":	false,
				"sender":	true
			}
		}, {
			"streams":	[{
					"socket":	8,
					"start":	2.001394,
					"end":	3.001038,
					"seconds":	0.99964398145675659,
					"bytes":	8912896,
					"bits_per_second":	71328562.290838435,
					"retransmits":	1825,
					"snd_cwnd":	11946000,
					"snd_wnd":	13340672,
					"rtt":	79090,
					"rttvar":	1546,
					"pmtu":	1500,
					"omitted":	false,
					"sender":	true
				}],
			"sum":	{
				"start":	2.001394,
				"end":	3.001038,
				"seconds":	0.99964398145675659,
				"bytes":	8912896,
				"bits_per_second":	71328562.290838435,
				"retransmits":	1825,
				"omitted":	false,
				"sender":	true
			}
		}, {
			"streams":	[{
					"socket":	8,
					"start":	3.001038,
					"end":	4.001022,
					"seconds":	0.9999840259552002,
					"bytes":	12582912,
					"bits_per_second":	100664904.02568668,
					"retransmits":	482,
					"snd_cwnd":	1190256,
					"snd_wnd":	13340672,
					"rtt":	113896,
					"rttvar":	3000,
					"pmtu":	1500,
					"omitted":	false,
					"sender":	true
				}],
			"sum":	{
				"start":	3.001038,
				"end":	4.001022,
				"seconds":	0.9999840259552002,
				"bytes":	12582912,
				"bits_per_second":	100664904.02568668,
				"retransmits":	482,
				"omitted":	false,
				"sender":	true
			}
		}, {
			"streams":	[{
					"socket":	8,
					"start":	4.001022,
					"end":	5.000905,
					"seconds":	0.999882996082306,
					"bytes":	14942208,
					"bits_per_second":	119551652.01165216,
					"retransmits":	0,
					"snd_cwnd":	894864,
					"snd_wnd":	13340672,
					"rtt":	62559,
					"rttvar":	451,
					"pmtu":	1500,
					"omitted":	false,
					"sender":	true
				}],
			"sum":	{
				"start":	4.001022,
				"end":	5.000905,
				"seconds":	0.999882996082306,
				"bytes":	14942208,
				"bits_per_second":	119551652.01165216,
				"retransmits":	0,
				"omitted":	false,
				"sender":	true
			}
		}, {
			"streams":	[{
					"socket":	8,
					"start":	5.000905,
					"end":	6.000883,
					"seconds":	0.999978005886078,
					"bytes":	14811136,
					"bits_per_second":	118491694.1198193,
					"retransmits":	0,
					"snd_cwnd":	945544,
					"snd_wnd":	13324288,
					"rtt":	61268,
					"rttvar":	129,
					"pmtu":	1500,
					"omitted":	false,
					"sender":	true
				}],
			"sum":	{
				"start":	5.000905,
				"end":	6.000883,
				"seconds":	0.999978005886078,
				"bytes":	14811136,
				"bits_per_second":	118491694.1198193,
				"retransmits":	0,
				"omitted":	false,
				"sender":	true
			}
		}, {
			"streams":	[{
					"socket":	8,
					"start":	6.000883,
					"end":	7.000885,
					"seconds":	1.0000020265579224,
					"bytes":	15204352,
					"bits_per_second":	121634569.50049955,
					"retransmits":	0,
					"snd_cwnd":	978848,
					"snd_wnd":	13328384,
					"rtt":	61137,
					"rttvar":	85,
					"pmtu":	1500,
					"omitted":	false,
					"sender":	true
				}],
			"sum":	{
				"start":	6.000883,
				"end":	7.000885,
				"seconds":	1.0000020265579224,
				"bytes":	15204352,
				"bits_per_second":	121634569.50049955,
				"retransmits":	0,
				"omitted":	false,
				"sender":	true
			}
		}, {
			"streams":	[{
					"socket":	8,
					"start":	7.000885,
					"end":	8.000888,
					"seconds":	1.0000029802322388,
					"bytes":	10878976,
					"bits_per_second":	87031548.625773,
					"retransmits":	0,
					"snd_cwnd":	999120,
					"snd_wnd":	13340672,
					"rtt":	60998,
					"rttvar":	70,
					"pmtu":	1500,
					"omitted":	false,
					"sender":	true
				}],
			"sum":	{
				"start":	7.000885,
				"end":	8.000888,
				"seconds":	1.0000029802322388,
				"bytes":	10878976,
				"bits_per_second":	87031548.625773,
				"retransmits":	0,
				"omitted":	false,
				"sender":	true
			}
		}],
	"end":	{
		"streams":	[{
				"sender":	{
					"socket":	8,
					"start":	0,
					"end":	8.001089,
					"seconds":	8.001089,
					"bytes":	107479040,
					"bits_per_second":	107464411.40699722,
					"retransmits":	8230,
					"max_snd_cwnd":	11946000,
					"max_snd_wnd":	13340672,
					"max_rtt":	114920,
					"min_rtt":	60998,
					"mean_rtt":	79771,
					"sender":	true
				},
				"receiver":	{
					"socket":	8,
					"start":	0,
					"end":	8.071496,
					"seconds":	8.001089,
					"bytes":	106168320,
					"bits_per_second":	105227898.273133,
					"sender":	true
				}
			}],
		"sum_sent":	{
			"start":	0,
			"end":	8.001089,
			"seconds":	8.001089,
			"bytes":	107479040,
			"bits_per_second":	107464411.40699722,
			"retransmits":	8230,
			"sender":	true
		},
		"sum_received":	{
			"start":	0,
			"end":	8.071496,
			"seconds":	8.071496,
			"bytes":	106168320,
			"bits_per_second":	105227898.273133,
			"sender":	true
		},
		"cpu_utilization_percent":	{
			"host_total":	4.2920727141516952,
			"host_user":	1.7381507618579812,
			"host_system":	2.55390989252211,
			"remote_total":	2.8059692321110354,
			"remote_user":	0.060036234828647714,
			"remote_system":	2.7459453861050931
		},
		"sender_tcp_congestion":	"cubic",
		"receiver_tcp_congestion":	"cubic"
	}
}
