{
	"start":	{
		"connected":	[{
				"socket":	8,
				"local_host":	"172.16.0.35",
				"local_port":	42368,
				"remote_host":	"172.17.0.35",
				"remote_port":	5201
			}],
		"version":	"iperf 3.16",
		"system_info":	"Linux h1 6.12.54-0b264c55b-l4steam-117 #1 SMP PREEMPT_DYNAMIC Fri Nov  7 18:07:57 UTC 2025 x86_64",
		"timestamp":	{
			"time":	"Sun, 22 Feb 2026 02:08:56 GMT",
			"timesecs":	1771726136
		},
		"connecting_to":	{
			"host":	"172.17.0.35",
			"port":	5201
		},
		"cookie":	"xtcjd55a3uijyleznuoqelvzlymew4cfbubq",
		"tcp_mss_default":	1448,
		"target_bitrate":	0,
		"fq_rate":	0,
		"sock_bufsize":	0,
		"sndbuf_actual":	1000000,
		"rcvbuf_actual":	1000000,
		"test_start":	{
			"protocol":	"TCP",
			"num_streams":	1,
			"blksize":	131072,
			"omit":	0,
			"duration":	0,
			"bytes":	107374182,
			"blocks":	0,
			"reverse":	0,
			"tos":	0,
			"target_bitrate":	0,
			"bidir":	0,
			"fqrate":	0
		}
	},
	"intervals":	[{
			"streams":	[{
					"socket":	8,
					"start":	0,
					"end":	1.00121,
					"seconds":	1.0012099742889404,
					"bytes":	50200576,
					"bits_per_second":	401119264.00375676,
					"retransmits":	4734,
					"snd_cwnd":	2465944,
					"snd_wnd":	28340224,
					"rtt":	108230,
					"rttvar":	4128,
					"pmtu":	1500,
					"omitted":	false,
					"sender":	true
				}],
			"sum":	{
				"start":	0,
				"end":	1.00121,
				"seconds":	1.0012099742889404,
				"bytes":	50200576,
				"bits_per_second":	401119264.00375676,
				"retransmits":	4734,
				"omitted":	false,
				"sender":	true
			}
		}, {
			"streams":	[{
					"socket":	8,
					"start":	1.00121,
					"end":	2.001147,
					"seconds":	0.99993699789047241,
					"bytes":	0,
					"bits_per_second":	0,
					"retransmits":	1552,
					"snd_cwnd":	1240936,
					"snd_wnd":	53387264,
					"rtt":	106968,
					"rttvar":	1819,
					"pmtu":	1500,
					"omitted":	false,
					"sender":	true
				}],
			"sum":	{
				"start":	1.00121,
				"end":	2.001147,
				"seconds":	0.99993699789047241,
				"bytes":	0,
				"bits_per_second":	0,
				"retransmits":	1552,
				"omitted":	false,
				"sender":	true
			}
		}, {
			"streams":	[{
					"socket":	8,
					"start":	2.001147,
					"end":	3.000638,
					"seconds":	0.999490976333618,
					"bytes":	1441792,
					"bits_per_second":	11540210.240127247,
					"retransmits":	0,
					"snd_cwnd":	11946000,
					"snd_wnd":	74539008,
					"rtt":	93067,
					"rttvar":	6530,
					"pmtu":	1500,
					"omitted":	false,
					"sender":	true
				}],
			"sum":	{
				"start":	2.001147,
				"end":	3.000638,
				"seconds":	0.999490976333618,
				"bytes":	1441792,
				"bits_per_second":	11540210.240127247,
				"retransmits":	0,
				"omitted":	false,
				"sender":	true
			}
		}, {
			"streams":	[{
					"socket":	8,
					"start":	3.000638,
					"end":	4.001598,
					"seconds":	1.0009599924087524,
					"bytes":	9043968,
					"bits_per_second":	72282353.489363447,
					"retransmits":	920,
					"snd_cwnd":	1099032,
					"snd_wnd":	90099712,
					"rtt":	86388,
					"rttvar":	537,
					"pmtu":	1500,
					"omitted":	false,
					"sender":	true
				}],
			"sum":	{
				"start":	3.000638,
				"end":	4.001598,
				"seconds":	1.0009599924087524,
				"bytes":	9043968,
				"bits_per_second":	72282353.489363447,
				"retransmits":	920,
				"omitted":	false,
				"sender":	true
			}
		}, {
			"streams":	[{
					"socket":	8,
					"start":	4.001598,
					"end":	5.001092,
					"seconds":	0.99949401617050171,
					"bytes":	8912896,
					"bits_per_second":	71339264.5142525,
					"retransmits":	0,
					"snd_cwnd":	738480,
					"snd_wnd":	90394624,
					"rtt":	61349,
					"rttvar":	149,
					"pmtu":	1500,
					"omitted":	false,
					"sender":	true
				}],
			"sum":	{
				"start":	4.001598,
				"end":	5.001092,
				"seconds":	0.99949401617050171,
				"bytes":	8912896,
				"bits_per_second":	71339264.5142525,
				"retransmits":	0,
				"omitted":	false,
				"sender":	true
			}
		}, {
			"streams":	[{
					"socket":	8,
					"start":	5.001092,
					"end":	6.001753,
					"seconds":	1.0006610155105591,
					"bytes":	14811136,
					"bits_per_second":	118410816.61360045,
					"retransmits":	0,
					"snd_cwnd":	783368,
					"snd_wnd":	90394624,
					"rtt":	61476,
					"rttvar":	193,
					"pmtu":	1500,
					"omitted":	false,
					"sender":	true
				}],
			"sum":	{
				"start":	5.001092,
				"end":	6.001753,
				"seconds":	1.0006610155105591,
				"bytes":	14811136,
				"bits_per_second":	118410816.61360045,
				"retransmits":	0,
				"omitted":	false,
				"sender":	true
			}
		}, {
			"streams":	[{
					"socket":	8,
					"start":	6.001753,
					"end":	7.000859,
					"seconds":	0.999105989933014,
					"bytes":	11927552,
					"bits_per_second":	95505799.145892,
					"retransmits":	0,
					"snd_cwnd":	810880,
					"snd_wnd":	90394624,
					"rtt":	61017,
					"rttvar":	112,
					"pmtu":	1500,
					"omitted":	false,
					"sender":	true
				}],
			"sum":	{
				"start":	6.001753,
				"end":	7.000859,
				"seconds":	0.999105989933014,
				"bytes":	11927552,
				"bits_per_second":	95505799.145892,
				"retransmits":	0,
				"omitted":	false,
				"sender":	true
			}
		}, {
			"streams":	[{
					"socket":	8,
					"start":	7.000859,
					"end":	8.000489,
					"seconds":	0.99962997436523438,
					"bytes":	11141120,
					"bits_per_second":	89161952.2079627,
					"retransmits":	0,
					"snd_cwnd":	826808,
					"snd_wnd":	92672000,
					"rtt":	61003,
					"rttvar":	113,
					"pmtu":	1500,
					"omitted":	false,
					"sender":	true
				}],
			"sum":	{
				"start":	7.000859,
				"end":	8.000489,
				"seconds":	0.99962997436523438,
				"bytes":	11141120,
				"bits_per_second":	89161952.2079627,
				"retransmits":	0,
				"omitted":	false,
				"sender":	true
			}
		}],
	"end":	{
		"streams":	[{
				"sender":	{
					"socket":	8,
					"start":	0,
					"end":	8.001452,
					"seconds":	8.001452,
					"bytes":	107479040,
					"bits_per_second":	107459536.0941989,
					"retransmits":	7206,
					"max_snd_cwnd":	11946000,
					"max_snd_wnd":	92672000,
					"max_rtt":	108230,
					"min_rtt":	60991,
					"mean_rtt":	77832,
					"sender":	true
				},
				"receiver":	{
					"socket":	8,
					"start":	0,
					"end":	8.062515,
					"seconds":	8.001452,
					"bytes":	102498304,
					"bits_per_second":	101703554.287961,
					"sender":	true
				}
			}],
		"sum_sent":	{
			"start":	0,
			"end":	8.001452,
			"seconds":	8.001452,
			"bytes":	107479040,
			"bits_per_second":	107459536.0941989,
			"retransmits":	7206,
			"sender":	true
		},
		"sum_received":	{
			"start":	0,
			"end":	8.062515,
			"seconds":	8.062515,
			"bytes":	102498304,
			"bits_per_second":	101703554.287961,
			"sender":	true
		},
		"cpu_utilization_percent":	{
			"host_total":	2.52064058116819,
			"host_user":	1.5617537856263684,
			"host_system":	0.95889891371485136,
			"remote_total":	2.0278384218543914,
			"remote_user":	0,
			"remote_system":	2.02785082491517
		},
		"sender_tcp_congestion":	"cubic",
		"receiver_tcp_congestion":	"cubic"
	}
}
