{
	"start":	{
		"connected":	[{
				"socket":	8,
				"local_host":	"172.16.0.99",
				"local_port":	39872,
				"remote_host":	"172.17.0.99",
				"remote_port":	5201
			}],
		"version":	"iperf 3.16",
		"system_info":	"Linux h1 6.12.54-0b264c55b-l4steam-117 #1 SMP PREEMPT_DYNAMIC Fri Nov  7 18:07:57 UTC 2025 x86_64",
		"timestamp":	{
			"time":	"Sun, 22 Feb 2026 02:08:56 GMT",
			"timesecs":	1771726136
		},
		"connecting_to":	{
			"host":	"172.17.0.99",
			"port":	5201
		},
		"cookie":	"22cvlegmyp7b5drby3q6awwm2ao4qqhut2rm",
		"tcp_mss_default":	1448,
		"target_bitrate":	0,
		"fq_rate":	0,
		"sock_bufsize":	0,
		"sndbuf_actual":	1000000,
		"rcvbuf_actual":	1000000,
		"test_start":	{
			"protocol":	"TCP",
			"num_streams":	1,
			"blksize":	131072,
			"omit":	0,
			"duration":	0,
			"bytes":	107374182,
			"blocks":	0,
			"reverse":	0,
			"tos":	0,
			"target_bitrate":	0,
			"bidir":	0,
			"fqrate":	0
		}
	},
	"intervals":	[{
			"streams":	[{
					"socket":	8,
					"start":	0,
					"end":	1.001039,
					"seconds":	1.0010390281677246,
					"bytes":	17563648,
					"bits_per_second":	140363342.53339183,
					"retransmits":	3338,
					"snd_cwnd":	3383976,
					"snd_wnd":	18444288,
					"rtt":	89021,
					"rttvar":	1801,
					"pmtu":	1500,
					"omitted":	false,
					"sender":	true
				}],
			"sum":	{
				"start":	0,
				"end":	1.001039,
				"seconds":	1.0010390281677246,
				"bytes":	17563648,
				"bits_per_second":	140363342.53339183,
				"retransmits":	3338,
				"omitted":	false,
				"sender":	true
			}
		}, {
			"streams":	[{
					"socket":	8,
					"start":	1.001039,
					"end":	2.001038,
					"seconds":	0.99999898672103882,
					"bytes":	13500416,
					"bits_per_second":	108003437.43761089,
					"retransmits":	0,
					"snd_cwnd":	1159848,
					"snd_wnd":	37269504,
					"rtt":	69280,
					"rttvar":	378,
					"pmtu":	1500,
					"omitted":	false,
					"sender":	true
				}],
			"sum":	{
				"start":	1.001039,
				"end":	2.001038,
				"seconds":	0.99999898672103882,
				"bytes":	13500416,
				"bits_per_second":	108003437.43761089,
				"retransmits":	0,
				"omitted":	false,
				"sender":	true
			}
		}, {
			"streams":	[{
					"socket":	8,
					"start":	2.001038,
					"end":	3.001044,
					"seconds":	1.0000059604644775,
					"bytes":	9437184,
					"bits_per_second":	75497022.0026822,
					"retransmits":	0,
					"snd_cwnd":	835496,
					"snd_wnd":	58671104,
					"rtt":	64989,
					"rttvar":	466,
					"pmtu":	1500,
					"omitted":	false,
					"sender":	true
				}],
			"sum":	{
				"start":	2.001038,
				"end":	3.001044,
				"seconds":	1.0000059604644775,
				"bytes":	9437184,
				"bits_per_second":	75497022.0026822,
				"retransmits":	0,
				"omitted":	false,
				"sender":	true
			}
		}, {
			"streams":	[{
					"socket":	8,
					"start":	3.001044,
					"end":	4.001026,
					"seconds":	0.99998199939727783,
					"bytes":	14286848,
					"bits_per_second":	114296841.41203466,
					"retransmits":	0,
					"snd_cwnd":	868800,
					"snd_wnd":	71954432,
					"rtt":	64238,
					"rttvar":	121,
					"pmtu":	1500,
					"omitted":	false,
					"sender":	true
				}],
			"sum":	{
				"start":	3.001044,
				"end":	4.001026,
				"seconds":	0.99998199939727783,
				"bytes":	14286848,
				"bits_per_second":	114296841.41203466,
				"retransmits":	0,
				"omitted":	false,
				"sender":	true
			}
		}, {
			"streams":	[{
					"socket":	8,
					"start":	4.001026,
					"end":	5.001027,
					"seconds":	1.0000009536743164,
					"bytes":	14286848,
					"bits_per_second":	114294675.00010395,
					"retransmits":	0,
					"snd_cwnd":	948440,
					"snd_wnd":	71966720,
					"rtt":	62561,
					"rttvar":	192,
					"pmtu":	1500,
					"omitted":	false,
					"sender":	true
				}],
			"sum":	{
				"start":	4.001026,
				"end":	5.001027,
				"seconds":	1.0000009536743164,
				"bytes":	14286848,
				"bits_per_second":	114294675.00010395,
				"retransmits":	0,
				"omitted":	false,
				"sender":	true
			}
		}, {
			"streams":	[{
					"socket":	8,
					"start":	5.001027,
					"end":	6.001237,
					"seconds":	1.0002100467681885,
					"bytes":	14286848,
					"bits_per_second":	114270781.79158631,
					"retransmits":	0,
					"snd_cwnd":	974504,
					"snd_wnd":	71966720,
					"rtt":	61300,
					"rttvar":	115,
					"pmtu":	1500,
					"omitted":	false,
					"sender":	true
				}],
			"sum":	{
				"start":	5.001027,
				"end":	6.001237,
				"seconds":	1.0002100467681885,
				"bytes":	14286848,
				"bits_per_second":	114270781.79158631,
				"retransmits":	0,
				"omitted":	false,
				"sender":	true
			}
		}, {
			"streams":	[{
					"socket":	8,
					"start":	6.001237,
					"end":	7.000873,
					"seconds":	0.99963599443435669,
					"bytes":	14417920,
					"bits_per_second":	115385360.91356631,
					"retransmits":	0,
					"snd_cwnd":	986088,
					"snd_wnd":	71950336,
					"rtt":	60950,
					"rttvar":	78,
					"pmtu":	1500,
					"omitted":	false,
					"sender":	true
				}],
			"sum":	{
				"start":	6.001237,
				"end":	7.000873,
				"seconds":	0.99963599443435669,
				"bytes":	14417920,
				"bits_per_second":	115385360.91356631,
				"retransmits":	0,
				"omitted":	false,
				"sender":	true
			}
		}, {
			"streams":	[{
					"socket":	8,
					"start":	7.000873,
					"end":	8.001027,
					"seconds":	1.0001540184020996,
					"bytes":	9699328,
					"bits_per_second":	77582674.840390474,
					"retransmits":	0,
					"snd_cwnd":	991880,
					"snd_wnd":	71966720,
					"rtt":	60955,
					"rttvar":	85,
					"pmtu":	1500,
					"omitted":	false,
					"sender":	true
				}],
			"sum":	{
				"start":	7.000873,
				"end":	8.001027,
				"seconds":	1.0001540184020996,
				"bytes":	9699328,
				"bits_per_second":	77582674.840390474,
				"retransmits":	0,
				"omitted":	false,
				"sender":	true
			}
		}],
	"end":	{
		"streams":	[{
				"sender":	{
					"socket":	8,
					"start":	0,
					"end":	8.001285,
					"seconds":	8.001285,
					"bytes":	107479040,
					"bits_per_second":	107461778.95175588,
					"retransmits":	3338,
					"max_snd_cwnd":	3383976,
					"max_snd_wnd":	71966720,
					"max_rtt":	89021,
					"min_rtt":	60950,
					"mean_rtt":	66027,
					"sender":	true
				},
				"receiver":	{
					"socket":	8,
					"start":	0,
					"end":	8.072078,
					"seconds":	8.001285,
					"bytes":	103284736,
					"bits_per_second":	102362475.68469979,
					"sender":	true
				}
			}],
		"sum_sent":	{
			"start":	0,
			"end":	8.001285,
			"seconds":	8.001285,
			"bytes":	107479040,
			"bits_per_second":	107461778.95175588,
			"retransmits":	3338,
			"sender":	true
		},
		"sum_received":	{
			"start":	0,
			"end":	8.072078,
			"seconds":	8.072078,
			"bytes":	103284736,
			"bits_per_second":	102362475.68469979,
			"sender":	true
		},
		"cpu_utilization_percent":	{
			"host_total":	2.5997728723901865,
			"host_user":	2.02670256727328,
			"host_system":	0.573070305116906,
			"remote_total":	2.4276210651503325,
			"remote_user":	0,
			"remote_system":	2.4276086768003369
		},
		"sender_tcp_congestion":	"cubic",
		"receiver_tcp_congestion":	"cubic"
	}
}
