{
	"start":	{
		"connected":	[{
				"socket":	8,
				"local_host":	"172.16.0.101",
				"local_port":	37144,
				"remote_host":	"172.17.0.101",
				"remote_port":	5201
			}],
		"version":	"iperf 3.16",
		"system_info":	"Linux h1 6.12.54-0b264c55b-l4steam-117 #1 SMP PREEMPT_DYNAMIC Fri Nov  7 18:07:57 UTC 2025 x86_64",
		"timestamp":	{
			"time":	"Sun, 22 Feb 2026 02:46:16 GMT",
			"timesecs":	1771728376
		},
		"connecting_to":	{
			"host":	"172.17.0.101",
			"port":	5201
		},
		"cookie":	"7xwyotd2efyh5skjnyf4sqozf4mfpyj7wcg4",
		"tcp_mss_default":	1448,
		"target_bitrate":	0,
		"fq_rate":	0,
		"sock_bufsize":	0,
		"sndbuf_actual":	1000000,
		"rcvbuf_actual":	1000000,
		"test_start":	{
			"protocol":	"TCP",
			"num_streams":	1,
			"blksize":	131072,
			"omit":	0,
			"duration":	0,
			"bytes":	107374182,
			"blocks":	0,
			"reverse":	0,
			"tos":	0,
			"target_bitrate":	0,
			"bidir":	0,
			"fqrate":	0
		}
	},
	"intervals":	[{
			"streams":	[{
					"socket":	8,
					"start":	0,
					"end":	1.001096,
					"seconds":	1.00109601020813,
					"bytes":	10485760,
					"bits_per_second":	83794240.6568576,
					"retransmits":	0,
					"snd_cwnd":	144800000,
					"snd_wnd":	17281024,
					"rtt":	78912,
					"rttvar":	8521,
					"pmtu":	1500,
					"omitted":	false,
					"sender":	true
				}],
			"sum":	{
				"start":	0,
				"end":	1.001096,
				"seconds":	1.00109601020813,
				"bytes":	10485760,
				"bits_per_second":	83794240.6568576,
				"retransmits":	0,
				"omitted":	false,
				"sender":	true
			}
		}, {
			"streams":	[{
					"socket":	8,
					"start":	1.001096,
					"end":	2.001087,
					"seconds":	0.999990999698639,
					"bytes":	9961472,
					"bits_per_second":	79692493.256455526,
					"retransmits":	0,
					"snd_cwnd":	144800000,
					"snd_wnd":	17342464,
					"rtt":	76081,
					"rttvar":	5319,
					"pmtu":	1500,
					"omitted":	false,
					"sender":	true
				}],
			"sum":	{
				"start":	1.001096,
				"end":	2.001087,
				"seconds":	0.999990999698639,
				"bytes":	9961472,
				"bits_per_second":	79692493.256455526,
				"retransmits":	0,
				"omitted":	false,
				"sender":	true
			}
		}, {
			"streams":	[{
					"socket":	8,
					"start":	2.001087,
					"end":	3.001058,
					"seconds":	0.99997097253799438,
					"bytes":	9568256,
					"bits_per_second":	76548270.0019991,
					"retransmits":	0,
					"snd_cwnd":	144800000,
					"snd_wnd":	17342464,
					"rtt":	82588,
					"rttvar":	8811,
					"pmtu":	1500,
					"omitted":	false,
					"sender":	true
				}],
			"sum":	{
				"start":	2.001087,
				"end":	3.001058,
				"seconds":	0.99997097253799438,
				"bytes":	9568256,
				"bits_per_second":	76548270.0019991,
				"retransmits":	0,
				"omitted":	false,
				"sender":	true
			}
		}, {
			"streams":	[{
					"socket":	8,
					"start":	3.001058,
					"end":	4.001071,
					"seconds":	1.000012993812561,
					"bytes":	21757952,
					"bits_per_second":	174061354.27938837,
					"retransmits":	1704,
					"snd_cwnd":	1618864,
					"snd_wnd":	16453632,
					"rtt":	120829,
					"rttvar":	1183,
					"pmtu":	1500,
					"omitted":	false,
					"sender":	true
				}],
			"sum":	{
				"start":	3.001058,
				"end":	4.001071,
				"seconds":	1.000012993812561,
				"bytes":	21757952,
				"bits_per_second":	174061354.27938837,
				"retransmits":	1704,
				"omitted":	false,
				"sender":	true
			}
		}, {
			"streams":	[{
					"socket":	8,
					"start":	4.001071,
					"end":	5.005132,
					"seconds":	1.0040609836578369,
					"bytes":	7602176,
					"bits_per_second":	60571428.419058368,
					"retransmits":	6934,
					"snd_cwnd":	101391856,
					"snd_wnd":	20606976,
					"rtt":	121833,
					"rttvar":	13901,
					"pmtu":	1500,
					"omitted":	false,
					"sender":	true
				}],
			"sum":	{
				"start":	4.001071,
				"end":	5.005132,
				"seconds":	1.0040609836578369,
				"bytes":	7602176,
				"bits_per_second":	60571428.419058368,
				"retransmits":	6934,
				"omitted":	false,
				"sender":	true
			}
		}, {
			"streams":	[{
					"socket":	8,
					"start":	5.005132,
					"end":	6.000987,
					"seconds":	0.99585497379302979,
					"bytes":	10747904,
					"bits_per_second":	86341118.197668448,
					"retransmits":	2087,
					"snd_cwnd":	70993992,
					"snd_wnd":	45649920,
					"rtt":	206532,
					"rttvar":	10751,
					"pmtu":	1500,
					"omitted":	false,
					"sender":	true
				}],
			"sum":	{
				"start":	5.005132,
				"end":	6.000987,
				"seconds":	0.99585497379302979,
				"bytes":	10747904,
				"bits_per_second":	86341118.197668448,
				"retransmits":	2087,
				"omitted":	false,
				"sender":	true
			}
		}, {
			"streams":	[{
					"socket":	8,
					"start":	6.000987,
					"end":	7.000989,
					"seconds":	1.0000020265579224,
					"bytes":	15597568,
					"bits_per_second":	124780291.12551247,
					"retransmits":	3355,
					"snd_cwnd":	34818608,
					"snd_wnd":	69390336,
					"rtt":	162068,
					"rttvar":	6660,
					"pmtu":	1500,
					"omitted":	false,
					"sender":	true
				}],
			"sum":	{
				"start":	6.000987,
				"end":	7.000989,
				"seconds":	1.0000020265579224,
				"bytes":	15597568,
				"bits_per_second":	124780291.12551247,
				"retransmits":	3355,
				"omitted":	false,
				"sender":	true
			}
		}, {
			"streams":	[{
					"socket":	8,
					"start":	7.000989,
					"end":	8.000987,
					"seconds":	0.99999797344207764,
					"bytes":	19005440,
					"bits_per_second":	152043828.12562445,
					"retransmits":	2567,
					"snd_cwnd":	17079160,
					"snd_wnd":	76115968,
					"rtt":	65653,
					"rttvar":	377,
					"pmtu":	1500,
					"omitted":	false,
					"sender":	true
				}],
			"sum":	{
				"start":	7.000989,
				"end":	8.000987,
				"seconds":	0.99999797344207764,
				"bytes":	19005440,
				"bits_per_second":	152043828.12562445,
				"retransmits":	2567,
				"omitted":	false,
				"sender":	true
			}
		}],
	"end":	{
		"streams":	[{
				"sender":	{
					"socket":	8,
					"start":	0,
					"end":	8.001272,
					"seconds":	8.001272,
					"bytes":	107479040,
					"bits_per_second":	107461953.54938565,
					"retransmits":	16647,
					"max_snd_cwnd":	144800000,
					"max_snd_wnd":	76115968,
					"max_rtt":	206532,
					"min_rtt":	65653,
					"mean_rtt":	108905,
					"sender":	true
				},
				"receiver":	{
					"socket":	8,
					"start":	0,
					"end":	8.059203,
					"seconds":	8.001272,
					"bytes":	107479040,
					"bits_per_second":	106689497.70839623,
					"sender":	true
				}
			}],
		"sum_sent":	{
			"start":	0,
			"end":	8.001272,
			"seconds":	8.001272,
			"bytes":	107479040,
			"bits_per_second":	107461953.54938565,
			"retransmits":	16647,
			"sender":	true
		},
		"sum_received":	{
			"start":	0,
			"end":	8.059203,
			"seconds":	8.059203,
			"bytes":	107479040,
			"bits_per_second":	106689497.70839623,
			"sender":	true
		},
		"cpu_utilization_percent":	{
			"host_total":	11.817617978331036,
			"host_user":	8.83497869293319,
			"host_system":	2.9826392853978452,
			"remote_total":	1.6345764778769343,
			"remote_user":	0,
			"remote_system":	1.6346385186742178
		},
		"sender_tcp_congestion":	"cubic",
		"receiver_tcp_congestion":	"cubic"
	}
}
