{
	"start":	{
		"connected":	[{
				"socket":	8,
				"local_host":	"172.16.0.16",
				"local_port":	33856,
				"remote_host":	"172.17.0.16",
				"remote_port":	5201
			}],
		"version":	"iperf 3.16",
		"system_info":	"Linux h1 6.12.54-0b264c55b-l4steam-117 #1 SMP PREEMPT_DYNAMIC Fri Nov  7 18:07:57 UTC 2025 x86_64",
		"timestamp":	{
			"time":	"Sun, 22 Feb 2026 02:46:15 GMT",
			"timesecs":	1771728375
		},
		"connecting_to":	{
			"host":	"172.17.0.16",
			"port":	5201
		},
		"cookie":	"avid6q4faoxnwbicvmenr4qywxqt4gu64v4m",
		"tcp_mss_default":	1448,
		"target_bitrate":	0,
		"fq_rate":	0,
		"sock_bufsize":	0,
		"sndbuf_actual":	1000000,
		"rcvbuf_actual":	1000000,
		"test_start":	{
			"protocol":	"TCP",
			"num_streams":	1,
			"blksize":	131072,
			"omit":	0,
			"duration":	0,
			"bytes":	107374182,
			"blocks":	0,
			"reverse":	0,
			"tos":	0,
			"target_bitrate":	0,
			"bidir":	0,
			"fqrate":	0
		}
	},
	"intervals":	[{
			"streams":	[{
					"socket":	8,
					"start":	0,
					"end":	1.00026,
					"seconds":	1.00025999546051,
					"bytes":	59637760,
					"bits_per_second":	476978067.8675915,
					"retransmits":	13293,
					"snd_cwnd":	3536016,
					"snd_wnd":	31920128,
					"rtt":	195551,
					"rttvar":	5398,
					"pmtu":	1500,
					"omitted":	false,
					"sender":	true
				}],
			"sum":	{
				"start":	0,
				"end":	1.00026,
				"seconds":	1.00025999546051,
				"bytes":	59637760,
				"bits_per_second":	476978067.8675915,
				"retransmits":	13293,
				"omitted":	false,
				"sender":	true
			}
		}, {
			"streams":	[{
					"socket":	8,
					"start":	1.00026,
					"end":	2.001057,
					"seconds":	1.0007970333099365,
					"bytes":	1572864,
					"bits_per_second":	12572890.987081096,
					"retransmits":	1573,
					"snd_cwnd":	70989648,
					"snd_wnd":	48398336,
					"rtt":	265838,
					"rttvar":	11520,
					"pmtu":	1500,
					"omitted":	false,
					"sender":	true
				}],
			"sum":	{
				"start":	1.00026,
				"end":	2.001057,
				"seconds":	1.0007970333099365,
				"bytes":	1572864,
				"bits_per_second":	12572890.987081096,
				"retransmits":	1573,
				"omitted":	false,
				"sender":	true
			}
		}, {
			"streams":	[{
					"socket":	8,
					"start":	2.001057,
					"end":	3.001059,
					"seconds":	1.0000020265579224,
					"bytes":	0,
					"bits_per_second":	0,
					"retransmits":	7380,
					"snd_cwnd":	1381392,
					"snd_wnd":	60325888,
					"rtt":	139297,
					"rttvar":	4717,
					"pmtu":	1500,
					"omitted":	false,
					"sender":	true
				}],
			"sum":	{
				"start":	2.001057,
				"end":	3.001059,
				"seconds":	1.0000020265579224,
				"bytes":	0,
				"bits_per_second":	0,
				"retransmits":	7380,
				"omitted":	false,
				"sender":	true
			}
		}, {
			"streams":	[{
					"socket":	8,
					"start":	3.001059,
					"end":	4.009261,
					"seconds":	1.0082019567489624,
					"bytes":	13893632,
					"bits_per_second":	110244832.65080152,
					"retransmits":	3065,
					"snd_cwnd":	4087704,
					"snd_wnd":	63348736,
					"rtt":	358583,
					"rttvar":	22425,
					"pmtu":	1500,
					"omitted":	false,
					"sender":	true
				}],
			"sum":	{
				"start":	3.001059,
				"end":	4.009261,
				"seconds":	1.0082019567489624,
				"bytes":	13893632,
				"bits_per_second":	110244832.65080152,
				"retransmits":	3065,
				"omitted":	false,
				"sender":	true
			}
		}, {
			"streams":	[{
					"socket":	8,
					"start":	4.009261,
					"end":	5.001079,
					"seconds":	0.99181801080703735,
					"bytes":	14811136,
					"bits_per_second":	119466562.12018777,
					"retransmits":	2102,
					"snd_cwnd":	6934472,
					"snd_wnd":	63336448,
					"rtt":	364761,
					"rttvar":	7115,
					"pmtu":	1500,
					"omitted":	false,
					"sender":	true
				}],
			"sum":	{
				"start":	4.009261,
				"end":	5.001079,
				"seconds":	0.99181801080703735,
				"bytes":	14811136,
				"bits_per_second":	119466562.12018777,
				"retransmits":	2102,
				"omitted":	false,
				"sender":	true
			}
		}, {
			"streams":	[{
					"socket":	8,
					"start":	5.001079,
					"end":	6.001432,
					"seconds":	1.00035297870636,
					"bytes":	17563648,
					"bits_per_second":	140459604.75041938,
					"retransmits":	2214,
					"snd_cwnd":	13514184,
					"snd_wnd":	63324160,
					"rtt":	346305,
					"rttvar":	29603,
					"pmtu":	1500,
					"omitted":	false,
					"sender":	true
				}],
			"sum":	{
				"start":	5.001079,
				"end":	6.001432,
				"seconds":	1.00035297870636,
				"bytes":	17563648,
				"bits_per_second":	140459604.75041938,
				"retransmits":	2214,
				"omitted":	false,
				"sender":	true
			}
		}],
	"end":	{
		"streams":	[{
				"sender":	{
					"socket":	8,
					"start":	0,
					"end":	6.001714,
					"seconds":	6.001714,
					"bytes":	107479040,
					"bits_per_second":	143264460.78570223,
					"retransmits":	29627,
					"max_snd_cwnd":	70989648,
					"max_snd_wnd":	63348736,
					"max_rtt":	364761,
					"min_rtt":	139297,
					"mean_rtt":	288091,
					"sender":	true
				},
				"receiver":	{
					"socket":	8,
					"start":	0,
					"end":	6.074367,
					"seconds":	6.001714,
					"bytes":	92143616,
					"bits_per_second":	121354032.11560975,
					"sender":	true
				}
			}],
		"sum_sent":	{
			"start":	0,
			"end":	6.001714,
			"seconds":	6.001714,
			"bytes":	107479040,
			"bits_per_second":	143264460.78570223,
			"retransmits":	29627,
			"sender":	true
		},
		"sum_received":	{
			"start":	0,
			"end":	6.074367,
			"seconds":	6.074367,
			"bytes":	92143616,
			"bits_per_second":	121354032.11560975,
			"sender":	true
		},
		"cpu_utilization_percent":	{
			"host_total":	7.13795428501906,
			"host_user":	4.3279450100756636,
			"host_system":	2.80997734193119,
			"remote_total":	1.4949430496318,
			"remote_user":	0.055807870786505752,
			"remote_system":	1.4391187163465369
		},
		"sender_tcp_congestion":	"cubic",
		"receiver_tcp_congestion":	"cubic"
	}
}
