{
	"start":	{
		"connected":	[{
				"socket":	8,
				"local_host":	"172.16.0.25",
				"local_port":	60462,
				"remote_host":	"172.17.0.25",
				"remote_port":	5201
			}],
		"version":	"iperf 3.16",
		"system_info":	"Linux h1 6.12.54-0b264c55b-l4steam-117 #1 SMP PREEMPT_DYNAMIC Fri Nov  7 18:07:57 UTC 2025 x86_64",
		"timestamp":	{
			"time":	"Sun, 22 Feb 2026 02:46:15 GMT",
			"timesecs":	1771728375
		},
		"connecting_to":	{
			"host":	"172.17.0.25",
			"port":	5201
		},
		"cookie":	"f5l6r3nmnb2wefbxpyntxskvoh7mwf2qkeck",
		"tcp_mss_default":	1448,
		"target_bitrate":	0,
		"fq_rate":	0,
		"sock_bufsize":	0,
		"sndbuf_actual":	1000000,
		"rcvbuf_actual":	1000000,
		"test_start":	{
			"protocol":	"TCP",
			"num_streams":	1,
			"blksize":	131072,
			"omit":	0,
			"duration":	0,
			"bytes":	107374182,
			"blocks":	0,
			"reverse":	0,
			"tos":	0,
			"target_bitrate":	0,
			"bidir":	0,
			"fqrate":	0
		}
	},
	"intervals":	[{
			"streams":	[{
					"socket":	8,
					"start":	0,
					"end":	1.001055,
					"seconds":	1.0010550022125244,
					"bytes":	65536000,
					"bits_per_second":	523735457.933103,
					"retransmits":	4544,
					"snd_cwnd":	7390592,
					"snd_wnd":	44838912,
					"rtt":	290514,
					"rttvar":	3194,
					"pmtu":	1500,
					"omitted":	false,
					"sender":	true
				}],
			"sum":	{
				"start":	0,
				"end":	1.001055,
				"seconds":	1.0010550022125244,
				"bytes":	65536000,
				"bits_per_second":	523735457.933103,
				"retransmits":	4544,
				"omitted":	false,
				"sender":	true
			}
		}, {
			"streams":	[{
					"socket":	8,
					"start":	1.001055,
					"end":	2.001042,
					"seconds":	0.999987006187439,
					"bytes":	0,
					"bits_per_second":	0,
					"retransmits":	4617,
					"snd_cwnd":	1330712,
					"snd_wnd":	66052096,
					"rtt":	104219,
					"rttvar":	679,
					"pmtu":	1500,
					"omitted":	false,
					"sender":	true
				}],
			"sum":	{
				"start":	1.001055,
				"end":	2.001042,
				"seconds":	0.999987006187439,
				"bytes":	0,
				"bits_per_second":	0,
				"retransmits":	4617,
				"omitted":	false,
				"sender":	true
			}
		}, {
			"streams":	[{
					"socket":	8,
					"start":	2.001042,
					"end":	3.001044,
					"seconds":	1.0000020265579224,
					"bytes":	0,
					"bits_per_second":	0,
					"retransmits":	2786,
					"snd_cwnd":	3355016,
					"snd_wnd":	69267456,
					"rtt":	278132,
					"rttvar":	10820,
					"pmtu":	1500,
					"omitted":	false,
					"sender":	true
				}],
			"sum":	{
				"start":	2.001042,
				"end":	3.001044,
				"seconds":	1.0000020265579224,
				"bytes":	0,
				"bits_per_second":	0,
				"retransmits":	2786,
				"omitted":	false,
				"sender":	true
			}
		}, {
			"streams":	[{
					"socket":	8,
					"start":	3.001044,
					"end":	4.001064,
					"seconds":	1.0000200271606445,
					"bytes":	3670016,
					"bits_per_second":	29359540.011775736,
					"retransmits":	8481,
					"snd_cwnd":	1520400,
					"snd_wnd":	69554176,
					"rtt":	158759,
					"rttvar":	541,
					"pmtu":	1500,
					"omitted":	false,
					"sender":	true
				}],
			"sum":	{
				"start":	3.001044,
				"end":	4.001064,
				"seconds":	1.0000200271606445,
				"bytes":	3670016,
				"bits_per_second":	29359540.011775736,
				"retransmits":	8481,
				"omitted":	false,
				"sender":	true
			}
		}, {
			"streams":	[{
					"socket":	8,
					"start":	4.001064,
					"end":	5.001056,
					"seconds":	0.9999920129776,
					"bytes":	11534336,
					"bits_per_second":	92275425.0058865,
					"retransmits":	2915,
					"snd_cwnd":	34808472,
					"snd_wnd":	69959680,
					"rtt":	364644,
					"rttvar":	19580,
					"pmtu":	1500,
					"omitted":	false,
					"sender":	true
				}],
			"sum":	{
				"start":	4.001064,
				"end":	5.001056,
				"seconds":	0.9999920129776,
				"bytes":	11534336,
				"bits_per_second":	92275425.0058865,
				"retransmits":	2915,
				"omitted":	false,
				"sender":	true
			}
		}, {
			"streams":	[{
					"socket":	8,
					"start":	5.001056,
					"end":	6.010205,
					"seconds":	1.0091489553451538,
					"bytes":	21233664,
					"bits_per_second":	168329274.97992653,
					"retransmits":	3991,
					"snd_cwnd":	24379976,
					"snd_wnd":	69951488,
					"rtt":	189084,
					"rttvar":	5606,
					"pmtu":	1500,
					"omitted":	false,
					"sender":	true
				}],
			"sum":	{
				"start":	5.001056,
				"end":	6.010205,
				"seconds":	1.0091489553451538,
				"bytes":	21233664,
				"bits_per_second":	168329274.97992653,
				"retransmits":	3991,
				"omitted":	false,
				"sender":	true
			}
		}, {
			"streams":	[{
					"socket":	8,
					"start":	6.010205,
					"end":	7.001022,
					"seconds":	0.99081701040267944,
					"bytes":	4063232,
					"bits_per_second":	32807123.473575857,
					"retransmits":	6531,
					"snd_cwnd":	17071920,
					"snd_wnd":	69959680,
					"rtt":	141795,
					"rttvar":	403,
					"pmtu":	1500,
					"omitted":	false,
					"sender":	true
				}],
			"sum":	{
				"start":	6.010205,
				"end":	7.001022,
				"seconds":	0.99081701040267944,
				"bytes":	4063232,
				"bits_per_second":	32807123.473575857,
				"retransmits":	6531,
				"omitted":	false,
				"sender":	true
			}
		}, {
			"streams":	[{
					"socket":	8,
					"start":	7.001022,
					"end":	8.001028,
					"seconds":	1.0000059604644775,
					"bytes":	1441792,
					"bits_per_second":	11534267.25040978,
					"retransmits":	2999,
					"snd_cwnd":	11957584,
					"snd_wnd":	69959680,
					"rtt":	59655,
					"rttvar":	1379,
					"pmtu":	1500,
					"omitted":	false,
					"sender":	true
				}],
			"sum":	{
				"start":	7.001022,
				"end":	8.001028,
				"seconds":	1.0000059604644775,
				"bytes":	1441792,
				"bits_per_second":	11534267.25040978,
				"retransmits":	2999,
				"omitted":	false,
				"sender":	true
			}
		}],
	"end":	{
		"streams":	[{
				"sender":	{
					"socket":	8,
					"start":	0,
					"end":	8.001299,
					"seconds":	8.001299,
					"bytes":	107479040,
					"bits_per_second":	107461590.9241737,
					"retransmits":	36864,
					"max_snd_cwnd":	34808472,
					"max_snd_wnd":	69959680,
					"max_rtt":	364644,
					"min_rtt":	59655,
					"mean_rtt":	182939,
					"sender":	true
				},
				"receiver":	{
					"socket":	8,
					"start":	0,
					"end":	8.062436,
					"seconds":	8.001299,
					"bytes":	107479040,
					"bits_per_second":	106646715.70726267,
					"sender":	true
				}
			}],
		"sum_sent":	{
			"start":	0,
			"end":	8.001299,
			"seconds":	8.001299,
			"bytes":	107479040,
			"bits_per_second":	107461590.9241737,
			"retransmits":	36864,
			"sender":	true
		},
		"sum_received":	{
			"start":	0,
			"end":	8.062436,
			"seconds":	8.062436,
			"bytes":	107479040,
			"bits_per_second":	106646715.70726267,
			"sender":	true
		},
		"cpu_utilization_percent":	{
			"host_total":	6.7042062874517052,
			"host_user":	4.887426637519245,
			"host_system":	1.81677964993246,
			"remote_total":	1.306823932383812,
			"remote_user":	0.036949075516518062,
			"remote_system":	1.2698872600480648
		},
		"sender_tcp_congestion":	"cubic",
		"receiver_tcp_congestion":	"cubic"
	}
}
