{
	"start":	{
		"connected":	[{
				"socket":	8,
				"local_host":	"172.16.0.2",
				"local_port":	48080,
				"remote_host":	"172.17.0.2",
				"remote_port":	5201
			}],
		"version":	"iperf 3.16",
		"system_info":	"Linux h1 6.12.54-0b264c55b-l4steam-117 #1 SMP PREEMPT_DYNAMIC Fri Nov  7 18:07:57 UTC 2025 x86_64",
		"timestamp":	{
			"time":	"Sun, 22 Feb 2026 02:46:15 GMT",
			"timesecs":	1771728375
		},
		"connecting_to":	{
			"host":	"172.17.0.2",
			"port":	5201
		},
		"cookie":	"657gl4jbib6mownfnlqnchd7v655ick6kiqm",
		"tcp_mss_default":	1448,
		"target_bitrate":	0,
		"fq_rate":	0,
		"sock_bufsize":	0,
		"sndbuf_actual":	1000000,
		"rcvbuf_actual":	1000000,
		"test_start":	{
			"protocol":	"TCP",
			"num_streams":	1,
			"blksize":	131072,
			"omit":	0,
			"duration":	0,
			"bytes":	107374182,
			"blocks":	0,
			"reverse":	0,
			"tos":	0,
			"target_bitrate":	0,
			"bidir":	0,
			"fqrate":	0
		}
	},
	"intervals":	[{
			"streams":	[{
					"socket":	8,
					"start":	0,
					"end":	1.001045,
					"seconds":	1.0010449886322021,
					"bytes":	86638592,
					"bits_per_second":	692385201.33549941,
					"retransmits":	1796,
					"snd_cwnd":	101387512,
					"snd_wnd":	28024832,
					"rtt":	169138,
					"rttvar":	13319,
					"pmtu":	1500,
					"omitted":	false,
					"sender":	true
				}],
			"sum":	{
				"start":	0,
				"end":	1.001045,
				"seconds":	1.0010449886322021,
				"bytes":	86638592,
				"bits_per_second":	692385201.33549941,
				"retransmits":	1796,
				"omitted":	false,
				"sender":	true
			}
		}, {
			"streams":	[{
					"socket":	8,
					"start":	1.001045,
					"end":	2.001042,
					"seconds":	0.99999701976776123,
					"bytes":	0,
					"bits_per_second":	0,
					"retransmits":	216,
					"snd_cwnd":	70989648,
					"snd_wnd":	51683328,
					"rtt":	201191,
					"rttvar":	10104,
					"pmtu":	1500,
					"omitted":	false,
					"sender":	true
				}],
			"sum":	{
				"start":	1.001045,
				"end":	2.001042,
				"seconds":	0.99999701976776123,
				"bytes":	0,
				"bits_per_second":	0,
				"retransmits":	216,
				"omitted":	false,
				"sender":	true
			}
		}, {
			"streams":	[{
					"socket":	8,
					"start":	2.001042,
					"end":	3.001049,
					"seconds":	1.0000070333480835,
					"bytes":	0,
					"bits_per_second":	0,
					"retransmits":	459,
					"snd_cwnd":	1078760,
					"snd_wnd":	51683328,
					"rtt":	181453,
					"rttvar":	10396,
					"pmtu":	1500,
					"omitted":	false,
					"sender":	true
				}],
			"sum":	{
				"start":	2.001042,
				"end":	3.001049,
				"seconds":	1.0000070333480835,
				"bytes":	0,
				"bits_per_second":	0,
				"retransmits":	459,
				"omitted":	false,
				"sender":	true
			}
		}, {
			"streams":	[{
					"socket":	8,
					"start":	3.001049,
					"end":	4.001045,
					"seconds":	0.9999960064888,
					"bytes":	0,
					"bits_per_second":	0,
					"retransmits":	996,
					"snd_cwnd":	3127680,
					"snd_wnd":	51527680,
					"rtt":	262361,
					"rttvar":	3207,
					"pmtu":	1500,
					"omitted":	false,
					"sender":	true
				}],
			"sum":	{
				"start":	3.001049,
				"end":	4.001045,
				"seconds":	0.9999960064888,
				"bytes":	0,
				"bits_per_second":	0,
				"retransmits":	996,
				"omitted":	false,
				"sender":	true
			}
		}, {
			"streams":	[{
					"socket":	8,
					"start":	4.001045,
					"end":	5.001065,
					"seconds":	1.0000200271606445,
					"bytes":	0,
					"bits_per_second":	0,
					"retransmits":	0,
					"snd_cwnd":	24368392,
					"snd_wnd":	51683328,
					"rtt":	125526,
					"rttvar":	1930,
					"pmtu":	1500,
					"omitted":	false,
					"sender":	true
				}],
			"sum":	{
				"start":	4.001045,
				"end":	5.001065,
				"seconds":	1.0000200271606445,
				"bytes":	0,
				"bits_per_second":	0,
				"retransmits":	0,
				"omitted":	false,
				"sender":	true
			}
		}, {
			"streams":	[{
					"socket":	8,
					"start":	5.001065,
					"end":	6.007024,
					"seconds":	1.0059590339660645,
					"bytes":	0,
					"bits_per_second":	0,
					"retransmits":	1389,
					"snd_cwnd":	3957384,
					"snd_wnd":	51081216,
					"rtt":	233426,
					"rttvar":	7644,
					"pmtu":	1500,
					"omitted":	false,
					"sender":	true
				}],
			"sum":	{
				"start":	5.001065,
				"end":	6.007024,
				"seconds":	1.0059590339660645,
				"bytes":	0,
				"bits_per_second":	0,
				"retransmits":	1389,
				"omitted":	false,
				"sender":	true
			}
		}, {
			"streams":	[{
					"socket":	8,
					"start":	6.007024,
					"end":	7.000505,
					"seconds":	0.99348098039627075,
					"bytes":	9437184,
					"bits_per_second":	75992871.0158963,
					"retransmits":	25,
					"snd_cwnd":	17061784,
					"snd_wnd":	51683328,
					"rtt":	89866,
					"rttvar":	2331,
					"pmtu":	1500,
					"omitted":	false,
					"sender":	true
				}],
			"sum":	{
				"start":	6.007024,
				"end":	7.000505,
				"seconds":	0.99348098039627075,
				"bytes":	9437184,
				"bits_per_second":	75992871.0158963,
				"retransmits":	25,
				"omitted":	false,
				"sender":	true
			}
		}, {
			"streams":	[{
					"socket":	8,
					"start":	7.000505,
					"end":	8.001026,
					"seconds":	1.0005209445953369,
					"bytes":	11403264,
					"bits_per_second":	91178612.9943503,
					"retransmits":	0,
					"snd_cwnd":	17061784,
					"snd_wnd":	51683328,
					"rtt":	76954,
					"rttvar":	2058,
					"pmtu":	1500,
					"omitted":	false,
					"sender":	true
				}],
			"sum":	{
				"start":	7.000505,
				"end":	8.001026,
				"seconds":	1.0005209445953369,
				"bytes":	11403264,
				"bits_per_second":	91178612.9943503,
				"retransmits":	0,
				"omitted":	false,
				"sender":	true
			}
		}],
	"end":	{
		"streams":	[{
				"sender":	{
					"socket":	8,
					"start":	0,
					"end":	8.001288,
					"seconds":	8.001288,
					"bytes":	107479040,
					"bits_per_second":	107461738.66007572,
					"retransmits":	4881,
					"max_snd_cwnd":	101387512,
					"max_snd_wnd":	51683328,
					"max_rtt":	262361,
					"min_rtt":	76954,
					"mean_rtt":	157429,
					"sender":	true
				},
				"receiver":	{
					"socket":	8,
					"start":	0,
					"end":	8.059815,
					"seconds":	8.001288,
					"bytes":	107479040,
					"bits_per_second":	106681396.53329511,
					"sender":	true
				}
			}],
		"sum_sent":	{
			"start":	0,
			"end":	8.001288,
			"seconds":	8.001288,
			"bytes":	107479040,
			"bits_per_second":	107461738.66007572,
			"retransmits":	4881,
			"sender":	true
		},
		"sum_received":	{
			"start":	0,
			"end":	8.059815,
			"seconds":	8.059815,
			"bytes":	107479040,
			"bits_per_second":	106681396.53329511,
			"sender":	true
		},
		"cpu_utilization_percent":	{
			"host_total":	3.3707592239365383,
			"host_user":	2.6402651086613944,
			"host_system":	0.73049411527514374,
			"remote_total":	1.627329810595237,
			"remote_user":	0,
			"remote_system":	1.627329810595237
		},
		"sender_tcp_congestion":	"cubic",
		"receiver_tcp_congestion":	"cubic"
	}
}
