{
	"start":	{
		"connected":	[{
				"socket":	8,
				"local_host":	"172.16.0.58",
				"local_port":	39186,
				"remote_host":	"172.17.0.58",
				"remote_port":	5201
			}],
		"version":	"iperf 3.16",
		"system_info":	"Linux h1 6.12.54-0b264c55b-l4steam-117 #1 SMP PREEMPT_DYNAMIC Fri Nov  7 18:07:57 UTC 2025 x86_64",
		"timestamp":	{
			"time":	"Sun, 22 Feb 2026 02:46:16 GMT",
			"timesecs":	1771728376
		},
		"connecting_to":	{
			"host":	"172.17.0.58",
			"port":	5201
		},
		"cookie":	"mzciv7uea3hfgmvi67yy376ih4dywpc7tkgt",
		"tcp_mss_default":	1448,
		"target_bitrate":	0,
		"fq_rate":	0,
		"sock_bufsize":	0,
		"sndbuf_actual":	1000000,
		"rcvbuf_actual":	1000000,
		"test_start":	{
			"protocol":	"TCP",
			"num_streams":	1,
			"blksize":	131072,
			"omit":	0,
			"duration":	0,
			"bytes":	107374182,
			"blocks":	0,
			"reverse":	0,
			"tos":	0,
			"target_bitrate":	0,
			"bidir":	0,
			"fqrate":	0
		}
	},
	"intervals":	[{
			"streams":	[{
					"socket":	8,
					"start":	0,
					"end":	1.000895,
					"seconds":	1.0008950233459473,
					"bytes":	15073280,
					"bits_per_second":	120478409.01125234,
					"retransmits":	422,
					"snd_cwnd":	4271600,
					"snd_wnd":	16818176,
					"rtt":	216064,
					"rttvar":	18580,
					"pmtu":	1500,
					"omitted":	false,
					"sender":	true
				}],
			"sum":	{
				"start":	0,
				"end":	1.000895,
				"seconds":	1.0008950233459473,
				"bytes":	15073280,
				"bits_per_second":	120478409.01125234,
				"retransmits":	422,
				"omitted":	false,
				"sender":	true
			}
		}, {
			"streams":	[{
					"socket":	8,
					"start":	1.000895,
					"end":	2.00104,
					"seconds":	1.0001449584960938,
					"bytes":	9043968,
					"bits_per_second":	72341257.520104349,
					"retransmits":	1589,
					"snd_cwnd":	3262344,
					"snd_wnd":	40603648,
					"rtt":	255544,
					"rttvar":	6763,
					"pmtu":	1500,
					"omitted":	false,
					"sender":	true
				}],
			"sum":	{
				"start":	1.000895,
				"end":	2.00104,
				"seconds":	1.0001449584960938,
				"bytes":	9043968,
				"bits_per_second":	72341257.520104349,
				"retransmits":	1589,
				"omitted":	false,
				"sender":	true
			}
		}, {
			"streams":	[{
					"socket":	8,
					"start":	2.00104,
					"end":	3.001043,
					"seconds":	1.0000029802322388,
					"bytes":	12582912,
					"bits_per_second":	100662996.00089407,
					"retransmits":	1078,
					"snd_cwnd":	34802680,
					"snd_wnd":	59686912,
					"rtt":	150329,
					"rttvar":	4217,
					"pmtu":	1500,
					"omitted":	false,
					"sender":	true
				}],
			"sum":	{
				"start":	2.00104,
				"end":	3.001043,
				"seconds":	1.0000029802322388,
				"bytes":	12582912,
				"bits_per_second":	100662996.00089407,
				"retransmits":	1078,
				"omitted":	false,
				"sender":	true
			}
		}, {
			"streams":	[{
					"socket":	8,
					"start":	3.001043,
					"end":	4.001046,
					"seconds":	1.0000029802322388,
					"bytes":	12845056,
					"bits_per_second":	102760141.7509127,
					"retransmits":	0,
					"snd_cwnd":	34802680,
					"snd_wnd":	82817024,
					"rtt":	215982,
					"rttvar":	4505,
					"pmtu":	1500,
					"omitted":	false,
					"sender":	true
				}],
			"sum":	{
				"start":	3.001043,
				"end":	4.001046,
				"seconds":	1.0000029802322388,
				"bytes":	12845056,
				"bits_per_second":	102760141.7509127,
				"retransmits":	0,
				"omitted":	false,
				"sender":	true
			}
		}, {
			"streams":	[{
					"socket":	8,
					"start":	4.001046,
					"end":	5.001061,
					"seconds":	1.0000150203704834,
					"bytes":	10354688,
					"bits_per_second":	82836259.7686888,
					"retransmits":	0,
					"snd_cwnd":	34802680,
					"snd_wnd":	82849792,
					"rtt":	254007,
					"rttvar":	2892,
					"pmtu":	1500,
					"omitted":	false,
					"sender":	true
				}],
			"sum":	{
				"start":	4.001046,
				"end":	5.001061,
				"seconds":	1.0000150203704834,
				"bytes":	10354688,
				"bits_per_second":	82836259.7686888,
				"retransmits":	0,
				"omitted":	false,
				"sender":	true
			}
		}, {
			"streams":	[{
					"socket":	8,
					"start":	5.001061,
					"end":	6.001032,
					"seconds":	0.99997097253799438,
					"bytes":	33685504,
					"bits_per_second":	269491854.66457212,
					"retransmits":	9,
					"snd_cwnd":	24368392,
					"snd_wnd":	82882560,
					"rtt":	106197,
					"rttvar":	11590,
					"pmtu":	1500,
					"omitted":	false,
					"sender":	true
				}],
			"sum":	{
				"start":	5.001061,
				"end":	6.001032,
				"seconds":	0.99997097253799438,
				"bytes":	33685504,
				"bits_per_second":	269491854.66457212,
				"retransmits":	9,
				"omitted":	false,
				"sender":	true
			}
		}, {
			"streams":	[{
					"socket":	8,
					"start":	6.001032,
					"end":	7.013618,
					"seconds":	1.0125859975814819,
					"bytes":	13893632,
					"bits_per_second":	109767522.23067941,
					"retransmits":	0,
					"snd_cwnd":	24368392,
					"snd_wnd":	82882560,
					"rtt":	182461,
					"rttvar":	1888,
					"pmtu":	1500,
					"omitted":	false,
					"sender":	true
				}],
			"sum":	{
				"start":	6.001032,
				"end":	7.013618,
				"seconds":	1.0125859975814819,
				"bytes":	13893632,
				"bits_per_second":	109767522.23067941,
				"retransmits":	0,
				"omitted":	false,
				"sender":	true
			}
		}],
	"end":	{
		"streams":	[{
				"sender":	{
					"socket":	8,
					"start":	0,
					"end":	7.030085,
					"seconds":	7.030085,
					"bytes":	107479040,
					"bits_per_second":	122307528.28735358,
					"retransmits":	3098,
					"max_snd_cwnd":	34802680,
					"max_snd_wnd":	82882560,
					"max_rtt":	255544,
					"min_rtt":	106197,
					"mean_rtt":	195538,
					"sender":	true
				},
				"receiver":	{
					"socket":	8,
					"start":	0,
					"end":	7.123497,
					"seconds":	7.030085,
					"bytes":	85590016,
					"bits_per_second":	96121347.141719848,
					"sender":	true
				}
			}],
		"sum_sent":	{
			"start":	0,
			"end":	7.030085,
			"seconds":	7.030085,
			"bytes":	107479040,
			"bits_per_second":	122307528.28735358,
			"retransmits":	3098,
			"sender":	true
		},
		"sum_received":	{
			"start":	0,
			"end":	7.123497,
			"seconds":	7.123497,
			"bytes":	85590016,
			"bits_per_second":	96121347.141719848,
			"sender":	true
		},
		"cpu_utilization_percent":	{
			"host_total":	9.09478863407796,
			"host_user":	8.1020867872797648,
			"host_system":	0.99270184679819662,
			"remote_total":	1.3546550289597363,
			"remote_user":	0.0371867187402392,
			"remote_system":	1.3174683102194971
		},
		"sender_tcp_congestion":	"cubic",
		"receiver_tcp_congestion":	"cubic"
	}
}
