{
	"start":	{
		"connected":	[{
				"socket":	8,
				"local_host":	"172.16.0.75",
				"local_port":	44800,
				"remote_host":	"172.17.0.75",
				"remote_port":	5201
			}],
		"version":	"iperf 3.16",
		"system_info":	"Linux h1 6.12.54-0b264c55b-l4steam-117 #1 SMP PREEMPT_DYNAMIC Fri Nov  7 18:07:57 UTC 2025 x86_64",
		"timestamp":	{
			"time":	"Sun, 22 Feb 2026 02:46:16 GMT",
			"timesecs":	1771728376
		},
		"connecting_to":	{
			"host":	"172.17.0.75",
			"port":	5201
		},
		"cookie":	"hppcxp32d33lkp775h7ifyhzy66estwrg7qz",
		"tcp_mss_default":	1448,
		"target_bitrate":	0,
		"fq_rate":	0,
		"sock_bufsize":	0,
		"sndbuf_actual":	1000000,
		"rcvbuf_actual":	1000000,
		"test_start":	{
			"protocol":	"TCP",
			"num_streams":	1,
			"blksize":	131072,
			"omit":	0,
			"duration":	0,
			"bytes":	107374182,
			"blocks":	0,
			"reverse":	0,
			"tos":	0,
			"target_bitrate":	0,
			"bidir":	0,
			"fqrate":	0
		}
	},
	"intervals":	[{
			"streams":	[{
					"socket":	8,
					"start":	0,
					"end":	1.001053,
					"seconds":	1.0010529756546021,
					"bytes":	2621440,
					"bits_per_second":	20949460.7278765,
					"retransmits":	0,
					"snd_cwnd":	144800000,
					"snd_wnd":	3907584,
					"rtt":	59440,
					"rttvar":	1450,
					"pmtu":	1500,
					"omitted":	false,
					"sender":	true
				}],
			"sum":	{
				"start":	0,
				"end":	1.001053,
				"seconds":	1.0010529756546021,
				"bytes":	2621440,
				"bits_per_second":	20949460.7278765,
				"retransmits":	0,
				"omitted":	false,
				"sender":	true
			}
		}, {
			"streams":	[{
					"socket":	8,
					"start":	1.001053,
					"end":	2.001047,
					"seconds":	0.99999397993087769,
					"bytes":	2097152,
					"bits_per_second":	16777317.000608031,
					"retransmits":	0,
					"snd_cwnd":	144800000,
					"snd_wnd":	3907584,
					"rtt":	60329,
					"rttvar":	728,
					"pmtu":	1500,
					"omitted":	false,
					"sender":	true
				}],
			"sum":	{
				"start":	1.001053,
				"end":	2.001047,
				"seconds":	0.99999397993087769,
				"bytes":	2097152,
				"bits_per_second":	16777317.000608031,
				"retransmits":	0,
				"omitted":	false,
				"sender":	true
			}
		}, {
			"streams":	[{
					"socket":	8,
					"start":	2.001047,
					"end":	3.001051,
					"seconds":	1.0000040531158447,
					"bytes":	2097152,
					"bits_per_second":	16777148.00027561,
					"retransmits":	0,
					"snd_cwnd":	144800000,
					"snd_wnd":	3911680,
					"rtt":	58594,
					"rttvar":	1437,
					"pmtu":	1500,
					"omitted":	false,
					"sender":	true
				}],
			"sum":	{
				"start":	2.001047,
				"end":	3.001051,
				"seconds":	1.0000040531158447,
				"bytes":	2097152,
				"bits_per_second":	16777148.00027561,
				"retransmits":	0,
				"omitted":	false,
				"sender":	true
			}
		}, {
			"streams":	[{
					"socket":	8,
					"start":	3.001051,
					"end":	4.001043,
					"seconds":	0.9999920129776,
					"bytes":	2097152,
					"bits_per_second":	16777350.001070268,
					"retransmits":	0,
					"snd_cwnd":	144800000,
					"snd_wnd":	3850240,
					"rtt":	61796,
					"rttvar":	2179,
					"pmtu":	1500,
					"omitted":	false,
					"sender":	true
				}],
			"sum":	{
				"start":	3.001051,
				"end":	4.001043,
				"seconds":	0.9999920129776,
				"bytes":	2097152,
				"bits_per_second":	16777350.001070268,
				"retransmits":	0,
				"omitted":	false,
				"sender":	true
			}
		}, {
			"streams":	[{
					"socket":	8,
					"start":	4.001043,
					"end":	5.003268,
					"seconds":	1.0022250413894653,
					"bytes":	2097152,
					"bits_per_second":	16739968.876391668,
					"retransmits":	0,
					"snd_cwnd":	144800000,
					"snd_wnd":	3911680,
					"rtt":	60611,
					"rttvar":	2562,
					"pmtu":	1500,
					"omitted":	false,
					"sender":	true
				}],
			"sum":	{
				"start":	4.001043,
				"end":	5.003268,
				"seconds":	1.0022250413894653,
				"bytes":	2097152,
				"bits_per_second":	16739968.876391668,
				"retransmits":	0,
				"omitted":	false,
				"sender":	true
			}
		}, {
			"streams":	[{
					"socket":	8,
					"start":	5.003268,
					"end":	6.001038,
					"seconds":	0.99777001142501831,
					"bytes":	1966080,
					"bits_per_second":	15763793.078463349,
					"retransmits":	0,
					"snd_cwnd":	144800000,
					"snd_wnd":	3911680,
					"rtt":	61426,
					"rttvar":	1383,
					"pmtu":	1500,
					"omitted":	false,
					"sender":	true
				}],
			"sum":	{
				"start":	5.003268,
				"end":	6.001038,
				"seconds":	0.99777001142501831,
				"bytes":	1966080,
				"bits_per_second":	15763793.078463349,
				"retransmits":	0,
				"omitted":	false,
				"sender":	true
			}
		}, {
			"streams":	[{
					"socket":	8,
					"start":	6.001038,
					"end":	7.003263,
					"seconds":	1.0022250413894653,
					"bytes":	94502912,
					"bits_per_second":	754344847.49239945,
					"retransmits":	0,
					"snd_cwnd":	144800000,
					"snd_wnd":	5902336,
					"rtt":	146608,
					"rttvar":	10614,
					"pmtu":	1500,
					"omitted":	false,
					"sender":	true
				}],
			"sum":	{
				"start":	6.001038,
				"end":	7.003263,
				"seconds":	1.0022250413894653,
				"bytes":	94502912,
				"bits_per_second":	754344847.49239945,
				"retransmits":	0,
				"omitted":	false,
				"sender":	true
			}
		}],
	"end":	{
		"streams":	[{
				"sender":	{
					"socket":	8,
					"start":	0,
					"end":	7.011388,
					"seconds":	7.011388,
					"bytes":	107479040,
					"bits_per_second":	122633681.09139018,
					"retransmits":	0,
					"max_snd_cwnd":	144800000,
					"max_snd_wnd":	6299648,
					"max_rtt":	155452,
					"min_rtt":	58594,
					"mean_rtt":	83032,
					"sender":	true
				},
				"receiver":	{
					"socket":	8,
					"start":	0,
					"end":	7.09796,
					"seconds":	7.011388,
					"bytes":	18219008,
					"bits_per_second":	20534359.7315285,
					"sender":	true
				}
			}],
		"sum_sent":	{
			"start":	0,
			"end":	7.011388,
			"seconds":	7.011388,
			"bytes":	107479040,
			"bits_per_second":	122633681.09139018,
			"retransmits":	0,
			"sender":	true
		},
		"sum_received":	{
			"start":	0,
			"end":	7.09796,
			"seconds":	7.09796,
			"bytes":	18219008,
			"bits_per_second":	20534359.7315285,
			"sender":	true
		},
		"cpu_utilization_percent":	{
			"host_total":	1.67680907777346,
			"host_user":	0.10959572191226903,
			"host_system":	1.5671996871505507,
			"remote_total":	0.34705668207387569,
			"remote_user":	0,
			"remote_system":	0.34704259355061218
		},
		"sender_tcp_congestion":	"cubic",
		"receiver_tcp_congestion":	"cubic"
	}
}
