{
	"start":	{
		"connected":	[{
				"socket":	8,
				"local_host":	"172.16.0.93",
				"local_port":	52244,
				"remote_host":	"172.17.0.93",
				"remote_port":	5201
			}],
		"version":	"iperf 3.16",
		"system_info":	"Linux h1 6.12.54-0b264c55b-l4steam-117 #1 SMP PREEMPT_DYNAMIC Fri Nov  7 18:07:57 UTC 2025 x86_64",
		"timestamp":	{
			"time":	"Sun, 22 Feb 2026 02:46:16 GMT",
			"timesecs":	1771728376
		},
		"connecting_to":	{
			"host":	"172.17.0.93",
			"port":	5201
		},
		"cookie":	"wiakzgvnnmuqedo2hf2pfcvx5py5b3eomtvi",
		"tcp_mss_default":	1448,
		"target_bitrate":	0,
		"fq_rate":	0,
		"sock_bufsize":	0,
		"sndbuf_actual":	1000000,
		"rcvbuf_actual":	1000000,
		"test_start":	{
			"protocol":	"TCP",
			"num_streams":	1,
			"blksize":	131072,
			"omit":	0,
			"duration":	0,
			"bytes":	107374182,
			"blocks":	0,
			"reverse":	0,
			"tos":	0,
			"target_bitrate":	0,
			"bidir":	0,
			"fqrate":	0
		}
	},
	"intervals":	[{
			"streams":	[{
					"socket":	8,
					"start":	0,
					"end":	1.001043,
					"seconds":	1.00104296207428,
					"bytes":	5767168,
					"bits_per_second":	46089274.634525128,
					"retransmits":	143,
					"snd_cwnd":	1448,
					"snd_wnd":	5607424,
					"rtt":	112630,
					"rttvar":	5549,
					"pmtu":	1500,
					"omitted":	false,
					"sender":	true
				}],
			"sum":	{
				"start":	0,
				"end":	1.001043,
				"seconds":	1.00104296207428,
				"bytes":	5767168,
				"bits_per_second":	46089274.634525128,
				"retransmits":	143,
				"omitted":	false,
				"sender":	true
			}
		}, {
			"streams":	[{
					"socket":	8,
					"start":	1.001043,
					"end":	2.001078,
					"seconds":	1.0000350475311279,
					"bytes":	0,
					"bits_per_second":	0,
					"retransmits":	255,
					"snd_cwnd":	185344,
					"snd_wnd":	5971968,
					"rtt":	101622,
					"rttvar":	2289,
					"pmtu":	1500,
					"omitted":	false,
					"sender":	true
				}],
			"sum":	{
				"start":	1.001043,
				"end":	2.001078,
				"seconds":	1.0000350475311279,
				"bytes":	0,
				"bits_per_second":	0,
				"retransmits":	255,
				"omitted":	false,
				"sender":	true
			}
		}, {
			"streams":	[{
					"socket":	8,
					"start":	2.001078,
					"end":	3.001072,
					"seconds":	0.99999397993087769,
					"bytes":	3014656,
					"bits_per_second":	24117393.188374043,
					"retransmits":	1733,
					"snd_cwnd":	1575424,
					"snd_wnd":	12169216,
					"rtt":	104151,
					"rttvar":	2282,
					"pmtu":	1500,
					"omitted":	false,
					"sender":	true
				}],
			"sum":	{
				"start":	2.001078,
				"end":	3.001072,
				"seconds":	0.99999397993087769,
				"bytes":	3014656,
				"bits_per_second":	24117393.188374043,
				"retransmits":	1733,
				"omitted":	false,
				"sender":	true
			}
		}, {
			"streams":	[{
					"socket":	8,
					"start":	3.001072,
					"end":	4.001089,
					"seconds":	1.0000170469284058,
					"bytes":	1966080,
					"bits_per_second":	15728371.879570629,
					"retransmits":	0,
					"snd_cwnd":	1575424,
					"snd_wnd":	15818752,
					"rtt":	93811,
					"rttvar":	781,
					"pmtu":	1500,
					"omitted":	false,
					"sender":	true
				}],
			"sum":	{
				"start":	3.001072,
				"end":	4.001089,
				"seconds":	1.0000170469284058,
				"bytes":	1966080,
				"bits_per_second":	15728371.879570629,
				"retransmits":	0,
				"omitted":	false,
				"sender":	true
			}
		}, {
			"streams":	[{
					"socket":	8,
					"start":	4.001089,
					"end":	5.001088,
					"seconds":	0.99999898672103882,
					"bytes":	2097152,
					"bits_per_second":	16777233.000017226,
					"retransmits":	0,
					"snd_cwnd":	1575424,
					"snd_wnd":	19931136,
					"rtt":	95450,
					"rttvar":	2911,
					"pmtu":	1500,
					"omitted":	false,
					"sender":	true
				}],
			"sum":	{
				"start":	4.001089,
				"end":	5.001088,
				"seconds":	0.99999898672103882,
				"bytes":	2097152,
				"bits_per_second":	16777233.000017226,
				"retransmits":	0,
				"omitted":	false,
				"sender":	true
			}
		}, {
			"streams":	[{
					"socket":	8,
					"start":	5.001088,
					"end":	6.000927,
					"seconds":	0.99983900785446167,
					"bytes":	1048576,
					"bits_per_second":	8389958.7174549,
					"retransmits":	6,
					"snd_cwnd":	1575424,
					"snd_wnd":	23412736,
					"rtt":	82779,
					"rttvar":	753,
					"pmtu":	1500,
					"omitted":	false,
					"sender":	true
				}],
			"sum":	{
				"start":	5.001088,
				"end":	6.000927,
				"seconds":	0.99983900785446167,
				"bytes":	1048576,
				"bits_per_second":	8389958.7174549,
				"retransmits":	6,
				"omitted":	false,
				"sender":	true
			}
		}, {
			"streams":	[{
					"socket":	8,
					"start":	6.000927,
					"end":	7.004889,
					"seconds":	1.00396203994751,
					"bytes":	10878976,
					"bits_per_second":	86688345.3128868,
					"retransmits":	0,
					"snd_cwnd":	1575424,
					"snd_wnd":	33714176,
					"rtt":	69741,
					"rttvar":	1782,
					"pmtu":	1500,
					"omitted":	false,
					"sender":	true
				}],
			"sum":	{
				"start":	6.000927,
				"end":	7.004889,
				"seconds":	1.00396203994751,
				"bytes":	10878976,
				"bits_per_second":	86688345.3128868,
				"retransmits":	0,
				"omitted":	false,
				"sender":	true
			}
		}, {
			"streams":	[{
					"socket":	8,
					"start":	7.004889,
					"end":	8.000947,
					"seconds":	0.99605798721313477,
					"bytes":	19136512,
					"bits_per_second":	153697975.38428015,
					"retransmits":	0,
					"snd_cwnd":	1582664,
					"snd_wnd":	57495552,
					"rtt":	60976,
					"rttvar":	68,
					"pmtu":	1500,
					"omitted":	false,
					"sender":	true
				}],
			"sum":	{
				"start":	7.004889,
				"end":	8.000947,
				"seconds":	0.99605798721313477,
				"bytes":	19136512,
				"bits_per_second":	153697975.38428015,
				"retransmits":	0,
				"omitted":	false,
				"sender":	true
			}
		}, {
			"streams":	[{
					"socket":	8,
					"start":	8.000947,
					"end":	9.00112,
					"seconds":	1.0001729726791382,
					"bytes":	25821184,
					"bits_per_second":	206533747.3043963,
					"retransmits":	0,
					"snd_cwnd":	1595696,
					"snd_wnd":	57495552,
					"rtt":	60932,
					"rttvar":	70,
					"pmtu":	1500,
					"omitted":	false,
					"sender":	true
				}],
			"sum":	{
				"start":	8.000947,
				"end":	9.00112,
				"seconds":	1.0001729726791382,
				"bytes":	25821184,
				"bits_per_second":	206533747.3043963,
				"retransmits":	0,
				"omitted":	false,
				"sender":	true
			}
		}, {
			"streams":	[{
					"socket":	8,
					"start":	9.00112,
					"end":	10.001086,
					"seconds":	0.999966025352478,
					"bytes":	25952256,
					"bits_per_second":	207625101.98965681,
					"retransmits":	0,
					"snd_cwnd":	1607280,
					"snd_wnd":	57495552,
					"rtt":	60888,
					"rttvar":	71,
					"pmtu":	1500,
					"omitted":	false,
					"sender":	true
				}],
			"sum":	{
				"start":	9.00112,
				"end":	10.001086,
				"seconds":	0.999966025352478,
				"bytes":	25952256,
				"bits_per_second":	207625101.98965681,
				"retransmits":	0,
				"omitted":	false,
				"sender":	true
			}
		}, {
			"streams":	[{
					"socket":	8,
					"start":	10.001086,
					"end":	11.000221,
					"seconds":	0.99913501739501953,
					"bytes":	11796480,
					"bits_per_second":	94453540.669658065,
					"retransmits":	0,
					"snd_cwnd":	1617416,
					"snd_wnd":	57495552,
					"rtt":	60874,
					"rttvar":	47,
					"pmtu":	1500,
					"omitted":	false,
					"sender":	true
				}],
			"sum":	{
				"start":	10.001086,
				"end":	11.000221,
				"seconds":	0.99913501739501953,
				"bytes":	11796480,
				"bits_per_second":	94453540.669658065,
				"retransmits":	0,
				"omitted":	false,
				"sender":	true
			}
		}],
	"end":	{
		"streams":	[{
				"sender":	{
					"socket":	8,
					"start":	0,
					"end":	11.000562,
					"seconds":	11.000562,
					"bytes":	107479040,
					"bits_per_second":	78162581.1481268,
					"retransmits":	2137,
					"max_snd_cwnd":	1617416,
					"max_snd_wnd":	57495552,
					"max_rtt":	112630,
					"min_rtt":	60874,
					"mean_rtt":	80394,
					"sender":	true
				},
				"receiver":	{
					"socket":	8,
					"start":	0,
					"end":	11.081819,
					"seconds":	11.000562,
					"bytes":	107479040,