{
	"start":	{
		"connected":	[{
				"socket":	8,
				"local_host":	"172.16.0.95",
				"local_port":	34326,
				"remote_host":	"172.17.0.95",
				"remote_port":	5201
			}],
		"version":	"iperf 3.16",
		"system_info":	"Linux h1 6.12.54-0b264c55b-l4steam-117 #1 SMP PREEMPT_DYNAMIC Fri Nov  7 18:07:57 UTC 2025 x86_64",
		"timestamp":	{
			"time":	"Sun, 22 Feb 2026 02:46:16 GMT",
			"timesecs":	1771728376
		},
		"connecting_to":	{
			"host":	"172.17.0.95",
			"port":	5201
		},
		"cookie":	"2avlx4nhaki4iyk7qu6faeox42ksbhhzrxie",
		"tcp_mss_default":	1448,
		"target_bitrate":	0,
		"fq_rate":	0,
		"sock_bufsize":	0,
		"sndbuf_actual":	1000000,
		"rcvbuf_actual":	1000000,
		"test_start":	{
			"protocol":	"TCP",
			"num_streams":	1,
			"blksize":	131072,
			"omit":	0,
			"duration":	0,
			"bytes":	107374182,
			"blocks":	0,
			"reverse":	0,
			"tos":	0,
			"target_bitrate":	0,
			"bidir":	0,
			"fqrate":	0
		}
	},
	"intervals":	[{
			"streams":	[{
					"socket":	8,
					"start":	0,
					"end":	1.001166,
					"seconds":	1.0011659860610962,
					"bytes":	11534336,
					"bits_per_second":	92167222.303504154,
					"retransmits":	80,
					"snd_cwnd":	101387512,
					"snd_wnd":	19472384,
					"rtt":	135845,
					"rttvar":	12642,
					"pmtu":	1500,
					"omitted":	false,
					"sender":	true
				}],
			"sum":	{
				"start":	0,
				"end":	1.001166,
				"seconds":	1.0011659860610962,
				"bytes":	11534336,
				"bits_per_second":	92167222.303504154,
				"retransmits":	80,
				"omitted":	false,
				"sender":	true
			}
		}, {
			"streams":	[{
					"socket":	8,
					"start":	1.001166,
					"end":	2.008968,
					"seconds":	1.0078020095825195,
					"bytes":	12451840,
					"bits_per_second":	98843541.740173,
					"retransmits":	0,
					"snd_cwnd":	101387512,
					"snd_wnd":	44236800,
					"rtt":	140927,
					"rttvar":	11189,
					"pmtu":	1500,
					"omitted":	false,
					"sender":	true
				}],
			"sum":	{
				"start":	1.001166,
				"end":	2.008968,
				"seconds":	1.0078020095825195,
				"bytes":	12451840,
				"bits_per_second":	98843541.740173,
				"retransmits":	0,
				"omitted":	false,
				"sender":	true
			}
		}, {
			"streams":	[{
					"socket":	8,
					"start":	2.008968,
					"end":	3.001033,
					"seconds":	0.99206501245498657,
					"bytes":	11534336,
					"bits_per_second":	93012742.956890464,
					"retransmits":	44,
					"snd_cwnd":	70989648,
					"snd_wnd":	66785280,
					"rtt":	126694,
					"rttvar":	4576,
					"pmtu":	1500,
					"omitted":	false,
					"sender":	true
				}],
			"sum":	{
				"start":	2.008968,
				"end":	3.001033,
				"seconds":	0.99206501245498657,
				"bytes":	11534336,
				"bits_per_second":	93012742.956890464,
				"retransmits":	44,
				"omitted":	false,
				"sender":	true
			}
		}, {
			"streams":	[{
					"socket":	8,
					"start":	3.001033,
					"end":	4.001045,
					"seconds":	1.0000120401382446,
					"bytes":	17301504,
					"bits_per_second":	138410365.52006465,
					"retransmits":	5258,
					"snd_cwnd":	4439568,
					"snd_wnd":	73523200,
					"rtt":	379078,
					"rttvar":	19457,
					"pmtu":	1500,
					"omitted":	false,
					"sender":	true
				}],
			"sum":	{
				"start":	3.001033,
				"end":	4.001045,
				"seconds":	1.0000120401382446,
				"bytes":	17301504,
				"bits_per_second":	138410365.52006465,
				"retransmits":	5258,
				"omitted":	false,
				"sender":	true
			}
		}, {
			"streams":	[{
					"socket":	8,
					"start":	4.001045,
					"end":	5.002323,
					"seconds":	1.0012780427932739,
					"bytes":	54657024,
					"bits_per_second":	436698073.1747424,
					"retransmits":	1896,
					"snd_cwnd":	34802680,
					"snd_wnd":	86720512,
					"rtt":	254380,
					"rttvar":	9058,
					"pmtu":	1500,
					"omitted":	false,
					"sender":	true
				}],
			"sum":	{
				"start":	4.001045,
				"end":	5.002323,
				"seconds":	1.0012780427932739,
				"bytes":	54657024,
				"bits_per_second":	436698073.1747424,
				"retransmits":	1896,
				"omitted":	false,
				"sender":	true
			}
		}],
	"end":	{
		"streams":	[{
				"sender":	{
					"socket":	8,
					"start":	0,
					"end":	5.002706,
					"seconds":	5.002706,
					"bytes":	107479040,
					"bits_per_second":	171873446.09097558,
					"retransmits":	7278,
					"max_snd_cwnd":	101387512,
					"max_snd_wnd":	86720512,
					"max_rtt":	379078,
					"min_rtt":	126694,
					"mean_rtt":	215217,
					"sender":	true
				},
				"receiver":	{
					"socket":	8,
					"start":	0,
					"end":	5.083381,
					"seconds":	5.002706,
					"bytes":	57671680,
					"bits_per_second":	90761137.1250748,
					"sender":	true
				}
			}],
		"sum_sent":	{
			"start":	0,
			"end":	5.002706,
			"seconds":	5.002706,
			"bytes":	107479040,
			"bits_per_second":	171873446.09097558,
			"retransmits":	7278,
			"sender":	true
		},
		"sum_received":	{
			"start":	0,
			"end":	5.083381,
			"seconds":	5.083381,
			"bytes":	57671680,
			"bits_per_second":	90761137.1250748,
			"sender":	true
		},
		"cpu_utilization_percent":	{
			"host_total":	6.9502044563522,
			"host_user":	1.9340212559662378,
			"host_system":	5.01618320038596,
			"remote_total":	1.3750254013212033,
			"remote_user":	0.12953936117914849,
			"remote_system":	1.24550571202682
		},
		"sender_tcp_congestion":	"cubic",
		"receiver_tcp_congestion":	"cubic"
	}
}
