{
	"start":	{
		"connected":	[{
				"socket":	8,
				"local_host":	"172.16.0.114",
				"local_port":	46676,
				"remote_host":	"172.17.0.114",
				"remote_port":	5201
			}],
		"version":	"iperf 3.16",
		"system_info":	"Linux h1 6.12.54-0b264c55b-l4steam-117 #1 SMP PREEMPT_DYNAMIC Fri Nov  7 18:07:57 UTC 2025 x86_64",
		"timestamp":	{
			"time":	"Sun, 22 Feb 2026 01:29:52 GMT",
			"timesecs":	1771723792
		},
		"connecting_to":	{
			"host":	"172.17.0.114",
			"port":	5201
		},
		"cookie":	"f674gvpxyod6nsj4p54woinvq5lstawhmc6a",
		"tcp_mss_default":	1448,
		"target_bitrate":	0,
		"fq_rate":	0,
		"sock_bufsize":	0,
		"sndbuf_actual":	1000000,
		"rcvbuf_actual":	1000000,
		"test_start":	{
			"protocol":	"TCP",
			"num_streams":	1,
			"blksize":	131072,
			"omit":	0,
			"duration":	0,
			"bytes":	107374182,
			"blocks":	0,
			"reverse":	0,
			"tos":	0,
			"target_bitrate":	0,
			"bidir":	0,
			"fqrate":	0
		}
	},
	"intervals":	[{
			"streams":	[{
					"socket":	8,
					"start":	0,
					"end":	1.001142,
					"seconds":	1.0011420249938965,
					"bytes":	17432576,
					"bits_per_second":	139301522.17998263,
					"retransmits":	0,
					"snd_cwnd":	144801448,
					"snd_wnd":	1413120,
					"rtt":	547437,
					"rttvar":	10621,
					"pmtu":	1500,
					"omitted":	false,
					"sender":	true
				}],
			"sum":	{
				"start":	0,
				"end":	1.001142,
				"seconds":	1.0011420249938965,
				"bytes":	17432576,
				"bits_per_second":	139301522.17998263,
				"retransmits":	0,
				"omitted":	false,
				"sender":	true
			}
		}, {
			"streams":	[{
					"socket":	8,
					"start":	1.001142,
					"end":	2.000697,
					"seconds":	0.999554991722107,
					"bytes":	0,
					"bits_per_second":	0,
					"retransmits":	0,
					"snd_cwnd":	144801448,
					"snd_wnd":	12718080,
					"rtt":	690403,
					"rttvar":	563,
					"pmtu":	1500,
					"omitted":	false,
					"sender":	true
				}],
			"sum":	{
				"start":	1.001142,
				"end":	2.000697,
				"seconds":	0.999554991722107,
				"bytes":	0,
				"bits_per_second":	0,
				"retransmits":	0,
				"omitted":	false,
				"sender":	true
			}
		}, {
			"streams":	[{
					"socket":	8,
					"start":	2.000697,
					"end":	3.004522,
					"seconds":	1.0038249492645264,
					"bytes":	8781824,
					"bits_per_second":	69986895.674861953,
					"retransmits":	0,
					"snd_cwnd":	144801448,
					"snd_wnd":	35446784,
					"rtt":	657249,
					"rttvar":	469,
					"pmtu":	1500,
					"omitted":	false,
					"sender":	true
				}],
			"sum":	{
				"start":	2.000697,
				"end":	3.004522,
				"seconds":	1.0038249492645264,
				"bytes":	8781824,
				"bits_per_second":	69986895.674861953,
				"retransmits":	0,
				"omitted":	false,
				"sender":	true
			}
		}, {
			"streams":	[{
					"socket":	8,
					"start":	3.004522,
					"end":	4.002021,
					"seconds":	0.99749898910522461,
					"bytes":	44564480,
					"bits_per_second":	357409725.61766845,
					"retransmits":	0,
					"snd_cwnd":	144801448,
					"snd_wnd":	70533120,
					"rtt":	619820,
					"rttvar":	99,
					"pmtu":	1500,
					"omitted":	false,
					"sender":	true
				}],
			"sum":	{
				"start":	3.004522,
				"end":	4.002021,
				"seconds":	0.99749898910522461,
				"bytes":	44564480,
				"bits_per_second":	357409725.61766845,
				"retransmits":	0,
				"omitted":	false,
				"sender":	true
			}
		}, {
			"streams":	[{
					"socket":	8,
					"start":	4.002021,
					"end":	5.003111,
					"seconds":	1.0010900497436523,
					"bytes":	34996224,
					"bits_per_second":	279664943.300247,
					"retransmits":	575,
					"snd_cwnd":	22203632,
					"snd_wnd":	99971072,
					"rtt":	577177,
					"rttvar":	17964,
					"pmtu":	1500,
					"omitted":	false,
					"sender":	true
				}],
			"sum":	{
				"start":	4.002021,
				"end":	5.003111,
				"seconds":	1.0010900497436523,
				"bytes":	34996224,
				"bits_per_second":	279664943.300247,
				"retransmits":	575,
				"omitted":	false,
				"sender":	true
			}
		}],
	"end":	{
		"streams":	[{
				"sender":	{
					"socket":	8,
					"start":	0,
					"end":	5.019632,
					"seconds":	5.019632,
					"bytes":	107479040,
					"bits_per_second":	171293895.6481272,
					"retransmits":	575,
					"max_snd_cwnd":	144801448,
					"max_snd_wnd":	99971072,
					"max_rtt":	690403,
					"min_rtt":	547437,
					"mean_rtt":	611543,
					"sender":	true
				},
				"receiver":	{
					"socket":	8,
					"start":	0,
					"end":	5.639836,
					"seconds":	5.019632,
					"bytes":	107347968,
					"bits_per_second":	152271049.01631892,
					"sender":	true
				}
			}],
		"sum_sent":	{
			"start":	0,
			"end":	5.019632,
			"seconds":	5.019632,
			"bytes":	107479040,
			"bits_per_second":	171293895.6481272,
			"retransmits":	575,
			"sender":	true
		},
		"sum_received":	{
			"start":	0,
			"end":	5.639836,
			"seconds":	5.639836,
			"bytes":	107347968,
			"bits_per_second":	152271049.01631892,
			"sender":	true
		},
		"cpu_utilization_percent":	{
			"host_total":	17.917426465752342,
			"host_user":	8.496168489152236,
			"host_system":	9.42127272282205,
			"remote_total":	1.56048338122168,
			"remote_user":	0,
			"remote_system":	1.56048338122168
		},
		"sender_tcp_congestion":	"bbr",
		"receiver_tcp_congestion":	"bbr"
	}
}
