{
	"start":	{
		"connected":	[{
				"socket":	8,
				"local_host":	"172.16.0.37",
				"local_port":	44306,
				"remote_host":	"172.17.0.37",
				"remote_port":	5201
			}],
		"version":	"iperf 3.16",
		"system_info":	"Linux h1 6.12.54-0b264c55b-l4steam-117 #1 SMP PREEMPT_DYNAMIC Fri Nov  7 18:07:57 UTC 2025 x86_64",
		"timestamp":	{
			"time":	"Sun, 22 Feb 2026 01:29:50 GMT",
			"timesecs":	1771723790
		},
		"connecting_to":	{
			"host":	"172.17.0.37",
			"port":	5201
		},
		"cookie":	"4vik4toxsgusmjgi7yoyooqaegoi5bwloy7h",
		"tcp_mss_default":	1448,
		"target_bitrate":	0,
		"fq_rate":	0,
		"sock_bufsize":	0,
		"sndbuf_actual":	1000000,
		"rcvbuf_actual":	1000000,
		"test_start":	{
			"protocol":	"TCP",
			"num_streams":	1,
			"blksize":	131072,
			"omit":	0,
			"duration":	0,
			"bytes":	107374182,
			"blocks":	0,
			"reverse":	0,
			"tos":	0,
			"target_bitrate":	0,
			"bidir":	0,
			"fqrate":	0
		}
	},
	"intervals":	[{
			"streams":	[{
					"socket":	8,
					"start":	0,
					"end":	1.001038,
					"seconds":	1.0010379552841187,
					"bytes":	64356352,
					"bits_per_second":	514316977.97499889,
					"retransmits":	2573,
					"snd_cwnd":	11767896,
					"snd_wnd":	70029312,
					"rtt":	249744,
					"rttvar":	326,
					"pmtu":	1500,
					"omitted":	false,
					"sender":	true
				}],
			"sum":	{
				"start":	0,
				"end":	1.001038,
				"seconds":	1.0010379552841187,
				"bytes":	64356352,
				"bits_per_second":	514316977.97499889,
				"retransmits":	2573,
				"omitted":	false,
				"sender":	true
			}
		}, {
			"streams":	[{
					"socket":	8,
					"start":	1.001038,
					"end":	2.001034,
					"seconds":	0.9999960064888,
					"bytes":	17170432,
					"bits_per_second":	137364004.56469071,
					"retransmits":	114,
					"snd_cwnd":	10322792,
					"snd_wnd":	122793984,
					"rtt":	376104,
					"rttvar":	8501,
					"pmtu":	1500,
					"omitted":	false,
					"sender":	true
				}],
			"sum":	{
				"start":	1.001038,
				"end":	2.001034,
				"seconds":	0.9999960064888,
				"bytes":	17170432,
				"bits_per_second":	137364004.56469071,
				"retransmits":	114,
				"omitted":	false,
				"sender":	true
			}
		}, {
			"streams":	[{
					"socket":	8,
					"start":	2.001034,
					"end":	3.001034,
					"seconds":	1,
					"bytes":	7995392,
					"bits_per_second":	63963136,
					"retransmits":	14,
					"snd_cwnd":	7434032,
					"snd_wnd":	137216000,
					"rtt":	467182,
					"rttvar":	3943,
					"pmtu":	1500,
					"omitted":	false,
					"sender":	true
				}],
			"sum":	{
				"start":	2.001034,
				"end":	3.001034,
				"seconds":	1,
				"bytes":	7995392,
				"bits_per_second":	63963136,
				"retransmits":	14,
				"omitted":	false,
				"sender":	true
			}
		}, {
			"streams":	[{
					"socket":	8,
					"start":	3.001034,
					"end":	4.001026,
					"seconds":	0.9999920129776,
					"bytes":	10747904,
					"bits_per_second":	85983918.755485132,
					"retransmits":	31,
					"snd_cwnd":	9687120,
					"snd_wnd":	137195520,
					"rtt":	549945,
					"rttvar":	1900,
					"pmtu":	1500,
					"omitted":	false,
					"sender":	true
				}],
			"sum":	{
				"start":	3.001034,
				"end":	4.001026,
				"seconds":	0.9999920129776,
				"bytes":	10747904,
				"bits_per_second":	85983918.755485132,
				"retransmits":	31,
				"omitted":	false,
				"sender":	true
			}
		}, {
			"streams":	[{
					"socket":	8,
					"start":	4.001026,
					"end":	5.002941,
					"seconds":	1.0019149780273438,
					"bytes":	0,
					"bits_per_second":	0,
					"retransmits":	1,
					"snd_cwnd":	1448,
					"snd_wnd":	137195520,
					"rtt":	570479,
					"rttvar":	3796,
					"pmtu":	1500,
					"omitted":	false,
					"sender":	true
				}],
			"sum":	{
				"start":	4.001026,
				"end":	5.002941,
				"seconds":	1.0019149780273438,
				"bytes":	0,
				"bits_per_second":	0,
				"retransmits":	1,
				"omitted":	false,
				"sender":	true
			}
		}, {
			"streams":	[{
					"socket":	8,
					"start":	5.002941,
					"end":	6.000766,
					"seconds":	0.997825026512146,
					"bytes":	0,
					"bits_per_second":	0,
					"retransmits":	4,
					"snd_cwnd":	5792,
					"snd_wnd":	137195520,
					"rtt":	589169,
					"rttvar":	40227,
					"pmtu":	1500,
					"omitted":	false,
					"sender":	true
				}],
			"sum":	{
				"start":	5.002941,
				"end":	6.000766,
				"seconds":	0.997825026512146,
				"bytes":	0,
				"bits_per_second":	0,
				"retransmits":	4,
				"omitted":	false,
				"sender":	true
			}
		}, {
			"streams":	[{
					"socket":	8,
					"start":	6.000766,
					"end":	7.000655,
					"seconds":	0.99988901615142822,
					"bytes":	0,
					"bits_per_second":	0,
					"retransmits":	24,
					"snd_cwnd":	23168,
					"snd_wnd":	137183232,
					"rtt":	599048,
					"rttvar":	32359,
					"pmtu":	1500,
					"omitted":	false,
					"sender":	true
				}],
			"sum":	{
				"start":	6.000766,
				"end":	7.000655,
				"seconds":	0.99988901615142822,
				"bytes":	0,
				"bits_per_second":	0,
				"retransmits":	24,
				"omitted":	false,
				"sender":	true
			}
		}, {
			"streams":	[{
					"socket":	8,
					"start":	7.000655,
					"end":	8.001039,
					"seconds":	1.0003839731216431,
					"bytes":	0,
					"bits_per_second":	0,
					"retransmits":	2,
					"snd_cwnd":	46336,
					"snd_wnd":	137125888,
					"rtt":	600353,
					"rttvar":	15612,
					"pmtu":	1500,
					"omitted":	false,
					"sender":	true
				}],
			"sum":	{
				"start":	7.000655,
				"end":	8.001039,
				"seconds":	1.0003839731216431,
				"bytes":	0,
				"bits_per_second":	0,
				"retransmits":	2,
				"omitted":	false,
				"sender":	true
			}
		}, {
			"streams":	[{
					"socket":	8,
					"start":	8.001039,
					"end":	9.005379,
					"seconds":	1.0043400526046753,
					"bytes":	7208960,
					"bits_per_second":	57422463.487773016,
					"retransmits":	0,
					"snd_cwnd":	3585248,
					"snd_wnd":	137232384,
					"rtt":	634181,
					"rttvar":	1221,
					"pmtu":	1500,
					"omitted":	false,
					"sender":	true
				}],
			"sum":	{
				"start":	8.001039,
				"end":	9.005379,
				"seconds":	1.0043400526046753,
				"bytes":	7208960,
				"bits_per_second":	57422463.487773016,
				"retransmits":	0,
				"omitted":	false,
				"sender":	true
			}
		}],
	"end":	{
		"streams":	[{
				"sender":	{
					"socket":	8,
					"start":	0,
					"end":	9.005664,
					"seconds":	9.005664,
					"bytes":	107479040,
					"bits_per_second":	95476837.6879262,
					"retransmits":	2763,
					"max_snd_cwnd":	11767896,
					"max_snd_wnd":	137232384,
					"max_rtt":	634181,
					"min_rtt":	249744,
					"mean_rtt":	527038,
					"sender":	true
				},
				"receiver":	{
					"socket":	8,
					"start":	0,
					"end":	9.386241,
					"seconds":	9.005664,
					"bytes":	107479040,
					"bits_per_second":	91605608.67763783,
					"sender":	true
				}
			}],
		"sum_sent":	{
			"start":	0,
			"end":	9.005664,
			"seconds":	9.005664,
			"bytes":	107479040,
			"bits_per_second":	95476837.6879262,
			"retransmits":	2763,
			"sender":	true
		},
		"sum_received":	{
			"start":	0,
			"end":	9.386241,
			"seconds":	9.386241,
			"bytes":	107479040,
			"bits_per_second":	91605608.67763783,
			"sender":	true
		},
		"cpu_utilization_percent":	{
			"host_total":	5.580136615874693,
			"host_user":	4.56892196859553,
			"host_system":	1.0112038416258617,
			"remote_total":	0.84541722879193648,
			"remote_user":	0.043830056573160768,
			"remote_system":	0.80159782609737873
		},
		"sender_tcp_congestion":	"bbr",
		"receiver_tcp_congestion":	"bbr"
	}
}
