{
	"start":	{
		"connected":	[{
				"socket":	8,
				"local_host":	"172.16.0.38",
				"local_port":	52380,
				"remote_host":	"172.17.0.38",
				"remote_port":	5201
			}],
		"version":	"iperf 3.16",
		"system_info":	"Linux h1 6.12.54-0b264c55b-l4steam-117 #1 SMP PREEMPT_DYNAMIC Fri Nov  7 18:07:57 UTC 2025 x86_64",
		"timestamp":	{
			"time":	"Sun, 22 Feb 2026 01:29:50 GMT",
			"timesecs":	1771723790
		},
		"connecting_to":	{
			"host":	"172.17.0.38",
			"port":	5201
		},
		"cookie":	"nvmh7e7u3xiso2ibbb5e57tup7zvypc3ncqj",
		"tcp_mss_default":	1448,
		"target_bitrate":	0,
		"fq_rate":	0,
		"sock_bufsize":	0,
		"sndbuf_actual":	1000000,
		"rcvbuf_actual":	1000000,
		"test_start":	{
			"protocol":	"TCP",
			"num_streams":	1,
			"blksize":	131072,
			"omit":	0,
			"duration":	0,
			"bytes":	107374182,
			"blocks":	0,
			"reverse":	0,
			"tos":	0,
			"target_bitrate":	0,
			"bidir":	0,
			"fqrate":	0
		}
	},
	"intervals":	[{
			"streams":	[{
					"socket":	8,
					"start":	0,
					"end":	1.00104,
					"seconds":	1.001039981842041,
					"bytes":	64356352,
					"bits_per_second":	514315936.76469243,
					"retransmits":	1437,
					"snd_cwnd":	2474632,
					"snd_wnd":	10403840,
					"rtt":	215223,
					"rttvar":	431,
					"pmtu":	1500,
					"omitted":	false,
					"sender":	true
				}],
			"sum":	{
				"start":	0,
				"end":	1.00104,
				"seconds":	1.001039981842041,
				"bytes":	64356352,
				"bits_per_second":	514315936.76469243,
				"retransmits":	1437,
				"omitted":	false,
				"sender":	true
			}
		}, {
			"streams":	[{
					"socket":	8,
					"start":	1.00104,
					"end":	2.0042,
					"seconds":	1.0031599998474121,
					"bytes":	0,
					"bits_per_second":	0,
					"retransmits":	817,
					"snd_cwnd":	26447720,
					"snd_wnd":	57475072,
					"rtt":	398070,
					"rttvar":	429,
					"pmtu":	1500,
					"omitted":	false,
					"sender":	true
				}],
			"sum":	{
				"start":	1.00104,
				"end":	2.0042,
				"seconds":	1.0031599998474121,
				"bytes":	0,
				"bits_per_second":	0,
				"retransmits":	817,
				"omitted":	false,
				"sender":	true
			}
		}, {
			"streams":	[{
					"socket":	8,
					"start":	2.0042,
					"end":	3.001067,
					"seconds":	0.996867001056671,
					"bytes":	17432576,
					"bits_per_second":	139898911.1407769,
					"retransmits":	55,
					"snd_cwnd":	144804344,
					"snd_wnd":	53829632,
					"rtt":	460001,
					"rttvar":	1995,
					"pmtu":	1500,
					"omitted":	false,
					"sender":	true
				}],
			"sum":	{
				"start":	2.0042,
				"end":	3.001067,
				"seconds":	0.996867001056671,
				"bytes":	17432576,
				"bits_per_second":	139898911.1407769,
				"retransmits":	55,
				"omitted":	false,
				"sender":	true
			}
		}, {
			"streams":	[{
					"socket":	8,
					"start":	3.001067,
					"end":	4.000525,
					"seconds":	0.99945801496505737,
					"bytes":	8781824,
					"bits_per_second":	70292689.585821375,
					"retransmits":	286,
					"snd_cwnd":	144804344,
					"snd_wnd":	95227904,
					"rtt":	524046,
					"rttvar":	3610,
					"pmtu":	1500,
					"omitted":	false,
					"sender":	true
				}],
			"sum":	{
				"start":	3.001067,
				"end":	4.000525,
				"seconds":	0.99945801496505737,
				"bytes":	8781824,
				"bits_per_second":	70292689.585821375,
				"retransmits":	286,
				"omitted":	false,
				"sender":	true
			}
		}, {
			"streams":	[{
					"socket":	8,
					"start":	4.000525,
					"end":	5.00127,
					"seconds":	1.0007450580596924,
					"bytes":	15335424,
					"bits_per_second":	122592053.80226038,
					"retransmits":	0,
					"snd_cwnd":	144804344,
					"snd_wnd":	108814336,
					"rtt":	613442,
					"rttvar":	582,
					"pmtu":	1500,
					"omitted":	false,
					"sender":	true
				}],
			"sum":	{
				"start":	4.000525,
				"end":	5.00127,
				"seconds":	1.0007450580596924,
				"bytes":	15335424,
				"bits_per_second":	122592053.80226038,
				"retransmits":	0,
				"omitted":	false,
				"sender":	true
			}
		}, {
			"streams":	[{
					"socket":	8,
					"start":	5.00127,
					"end":	6.000609,
					"seconds":	0.999338984489441,
					"bytes":	1572864,
					"bits_per_second":	12591235.001633175,
					"retransmits":	0,
					"snd_cwnd":	144804344,
					"snd_wnd":	108875776,
					"rtt":	725165,
					"rttvar":	245,
					"pmtu":	1500,
					"omitted":	false,
					"sender":	true
				}],
			"sum":	{
				"start":	5.00127,
				"end":	6.000609,
				"seconds":	0.999338984489441,
				"bytes":	1572864,
				"bits_per_second":	12591235.001633175,
				"retransmits":	0,
				"omitted":	false,
				"sender":	true
			}
		}],
	"end":	{
		"streams":	[{
				"sender":	{
					"socket":	8,
					"start":	0,
					"end":	6.000955,
					"seconds":	6.000955,
					"bytes":	107479040,
					"bits_per_second":	143282580.85588044,
					"retransmits":	2595,
					"max_snd_cwnd":	144804344,
					"max_snd_wnd":	108875776,
					"max_rtt":	725165,
					"min_rtt":	215223,
					"mean_rtt":	523016,
					"sender":	true
				},
				"receiver":	{
					"socket":	8,
					"start":	0,
					"end":	6.621395,
					"seconds":	6.000955,
					"bytes":	107347968,
					"bits_per_second":	129698310.40135802,
					"sender":	true
				}
			}],
		"sum_sent":	{
			"start":	0,
			"end":	6.000955,
			"seconds":	6.000955,
			"bytes":	107479040,
			"bits_per_second":	143282580.85588044,
			"retransmits":	2595,
			"sender":	true
		},
		"sum_received":	{
			"start":	0,
			"end":	6.621395,
			"seconds":	6.621395,
			"bytes":	107347968,
			"bits_per_second":	129698310.40135802,
			"sender":	true
		},
		"cpu_utilization_percent":	{
			"host_total":	9.17946110373303,
			"host_user":	5.514010634355305,
			"host_system":	3.6654504693777241,
			"remote_total":	0.95204783391334558,
			"remote_user":	0,
			"remote_system":	0.95206293643454543
		},
		"sender_tcp_congestion":	"bbr",
		"receiver_tcp_congestion":	"bbr"
	}
}
