{
	"start":	{
		"connected":	[{
				"socket":	8,
				"local_host":	"172.16.0.40",
				"local_port":	52294,
				"remote_host":	"172.17.0.40",
				"remote_port":	5201
			}],
		"version":	"iperf 3.16",
		"system_info":	"Linux h1 6.12.54-0b264c55b-l4steam-117 #1 SMP PREEMPT_DYNAMIC Fri Nov  7 18:07:57 UTC 2025 x86_64",
		"timestamp":	{
			"time":	"Sun, 22 Feb 2026 01:29:50 GMT",
			"timesecs":	1771723790
		},
		"connecting_to":	{
			"host":	"172.17.0.40",
			"port":	5201
		},
		"cookie":	"nmlmfcuvy6unceax5m6uztw63ndkn6vfp562",
		"tcp_mss_default":	1448,
		"target_bitrate":	0,
		"fq_rate":	0,
		"sock_bufsize":	0,
		"sndbuf_actual":	1000000,
		"rcvbuf_actual":	1000000,
		"test_start":	{
			"protocol":	"TCP",
			"num_streams":	1,
			"blksize":	131072,
			"omit":	0,
			"duration":	0,
			"bytes":	107374182,
			"blocks":	0,
			"reverse":	0,
			"tos":	0,
			"target_bitrate":	0,
			"bidir":	0,
			"fqrate":	0
		}
	},
	"intervals":	[{
			"streams":	[{
					"socket":	8,
					"start":	0,
					"end":	1.000963,
					"seconds":	1.0009629726409912,
					"bytes":	64356352,
					"bits_per_second":	514355505.72024822,
					"retransmits":	1097,
					"snd_cwnd":	8563472,
					"snd_wnd":	39510016,
					"rtt":	291955,
					"rttvar":	1471,
					"pmtu":	1500,
					"omitted":	false,
					"sender":	true
				}],
			"sum":	{
				"start":	0,
				"end":	1.000963,
				"seconds":	1.0009629726409912,
				"bytes":	64356352,
				"bits_per_second":	514355505.72024822,
				"retransmits":	1097,
				"omitted":	false,
				"sender":	true
			}
		}, {
			"streams":	[{
					"socket":	8,
					"start":	1.000963,
					"end":	2.000107,
					"seconds":	0.99914401769638062,
					"bytes":	0,
					"bits_per_second":	0,
					"retransmits":	869,
					"snd_cwnd":	10602256,
					"snd_wnd":	58728448,
					"rtt":	363735,
					"rttvar":	1341,
					"pmtu":	1500,
					"omitted":	false,
					"sender":	true
				}],
			"sum":	{
				"start":	1.000963,
				"end":	2.000107,
				"seconds":	0.99914401769638062,
				"bytes":	0,
				"bits_per_second":	0,
				"retransmits":	869,
				"omitted":	false,
				"sender":	true
			}
		}, {
			"streams":	[{
					"socket":	8,
					"start":	2.000107,
					"end":	3.000255,
					"seconds":	1.0001480579376221,
					"bytes":	11796480,
					"bits_per_second":	94357869.5684333,
					"retransmits":	627,
					"snd_cwnd":	12029984,
					"snd_wnd":	92696576,
					"rtt":	470339,
					"rttvar":	858,
					"pmtu":	1500,
					"omitted":	false,
					"sender":	true
				}],
			"sum":	{
				"start":	2.000107,
				"end":	3.000255,
				"seconds":	1.0001480579376221,
				"bytes":	11796480,
				"bits_per_second":	94357869.5684333,
				"retransmits":	627,
				"omitted":	false,
				"sender":	true
			}
		}, {
			"streams":	[{
					"socket":	8,
					"start":	3.000255,
					"end":	4.000087,
					"seconds":	0.99983197450637817,
					"bytes":	31326208,
					"bits_per_second":	250651779.889043,
					"retransmits":	10,
					"snd_cwnd":	7804720,
					"snd_wnd":	105472000,
					"rtt":	563777,
					"rttvar":	2118,
					"pmtu":	1500,
					"omitted":	false,
					"sender":	true
				}],
			"sum":	{
				"start":	3.000255,
				"end":	4.000087,
				"seconds":	0.99983197450637817,
				"bytes":	31326208,
				"bits_per_second":	250651779.889043,
				"retransmits":	10,
				"omitted":	false,
				"sender":	true
			}
		}],
	"end":	{
		"streams":	[{
				"sender":	{
					"socket":	8,
					"start":	0,
					"end":	4.000465,
					"seconds":	4.000465,
					"bytes":	107479040,
					"bits_per_second":	214933094.02781925,
					"retransmits":	2603,
					"max_snd_cwnd":	12029984,
					"max_snd_wnd":	105472000,
					"max_rtt":	563777,
					"min_rtt":	291955,
					"mean_rtt":	450716,
					"sender":	true
				},
				"receiver":	{
					"socket":	8,
					"start":	0,
					"end":	4.613704,
					"seconds":	4.000465,
					"bytes":	77070336,
					"bits_per_second":	133637244.17517897,
					"sender":	true
				}
			}],
		"sum_sent":	{
			"start":	0,
			"end":	4.000465,
			"seconds":	4.000465,
			"bytes":	107479040,
			"bits_per_second":	214933094.02781925,
			"retransmits":	2603,
			"sender":	true
		},
		"sum_received":	{
			"start":	0,
			"end":	4.613704,
			"seconds":	4.613704,
			"bytes":	77070336,
			"bits_per_second":	133637244.17517897,
			"sender":	true
		},
		"cpu_utilization_percent":	{
			"host_total":	8.58935862911603,
			"host_user":	7.0455323149743645,
			"host_system":	1.543826314141665,
			"remote_total":	1.0920055061942517,
			"remote_user":	0,
			"remote_system":	1.0920271807110673
		},
		"sender_tcp_congestion":	"bbr",
		"receiver_tcp_congestion":	"bbr"
	}
}
