{
	"start":	{
		"connected":	[{
				"socket":	8,
				"local_host":	"172.16.0.54",
				"local_port":	45360,
				"remote_host":	"172.17.0.54",
				"remote_port":	5201
			}],
		"version":	"iperf 3.16",
		"system_info":	"Linux h1 6.12.54-0b264c55b-l4steam-117 #1 SMP PREEMPT_DYNAMIC Fri Nov  7 18:07:57 UTC 2025 x86_64",
		"timestamp":	{
			"time":	"Sun, 22 Feb 2026 01:29:50 GMT",
			"timesecs":	1771723790
		},
		"connecting_to":	{
			"host":	"172.17.0.54",
			"port":	5201
		},
		"cookie":	"t64hbecclfz4kwmusdjl6rpynhaspvgpzzg6",
		"tcp_mss_default":	1448,
		"target_bitrate":	0,
		"fq_rate":	0,
		"sock_bufsize":	0,
		"sndbuf_actual":	1000000,
		"rcvbuf_actual":	1000000,
		"test_start":	{
			"protocol":	"TCP",
			"num_streams":	1,
			"blksize":	131072,
			"omit":	0,
			"duration":	0,
			"bytes":	107374182,
			"blocks":	0,
			"reverse":	0,
			"tos":	0,
			"target_bitrate":	0,
			"bidir":	0,
			"fqrate":	0
		}
	},
	"intervals":	[{
			"streams":	[{
					"socket":	8,
					"start":	0,
					"end":	1.001049,
					"seconds":	1.0010490417480469,
					"bytes":	63438848,
					"bits_per_second":	506978941.92454052,
					"retransmits":	616,
					"snd_cwnd":	144800000,
					"snd_wnd":	19320832,
					"rtt":	250562,
					"rttvar":	16458,
					"pmtu":	1500,
					"omitted":	false,
					"sender":	true
				}],
			"sum":	{
				"start":	0,
				"end":	1.001049,
				"seconds":	1.0010490417480469,
				"bytes":	63438848,
				"bits_per_second":	506978941.92454052,
				"retransmits":	616,
				"omitted":	false,
				"sender":	true
			}
		}, {
			"streams":	[{
					"socket":	8,
					"start":	1.001049,
					"end":	2.00105,
					"seconds":	1.0000009536743164,
					"bytes":	9961472,
					"bits_per_second":	79691700.0000725,
					"retransmits":	1650,
					"snd_cwnd":	144800000,
					"snd_wnd":	113139712,
					"rtt":	392939,
					"rttvar":	752,
					"pmtu":	1500,
					"omitted":	false,
					"sender":	true
				}],
			"sum":	{
				"start":	1.001049,
				"end":	2.00105,
				"seconds":	1.0000009536743164,
				"bytes":	9961472,
				"bits_per_second":	79691700.0000725,
				"retransmits":	1650,
				"omitted":	false,
				"sender":	true
			}
		}, {
			"streams":	[{
					"socket":	8,
					"start":	2.00105,
					"end":	3.004174,
					"seconds":	1.0031239986419678,
					"bytes":	8650752,
					"bits_per_second":	68990489.803545028,
					"retransmits":	446,
					"snd_cwnd":	144800000,
					"snd_wnd":	130699264,
					"rtt":	454196,
					"rttvar":	3514,
					"pmtu":	1500,
					"omitted":	false,
					"sender":	true
				}],
			"sum":	{
				"start":	2.00105,
				"end":	3.004174,
				"seconds":	1.0031239986419678,
				"bytes":	8650752,
				"bits_per_second":	68990489.803545028,
				"retransmits":	446,
				"omitted":	false,
				"sender":	true
			}
		}, {
			"streams":	[{
					"socket":	8,
					"start":	3.004174,
					"end":	4.001053,
					"seconds":	0.996878981590271,
					"bytes":	18087936,
					"bits_per_second":	145156524.1842714,
					"retransmits":	0,
					"snd_cwnd":	144800000,
					"snd_wnd":	147591168,
					"rtt":	531830,
					"rttvar":	279,
					"pmtu":	1500,
					"omitted":	false,
					"sender":	true
				}],
			"sum":	{
				"start":	3.004174,
				"end":	4.001053,
				"seconds":	0.996878981590271,
				"bytes":	18087936,
				"bits_per_second":	145156524.1842714,
				"retransmits":	0,
				"omitted":	false,
				"sender":	true
			}
		}, {
			"streams":	[{
					"socket":	8,
					"start":	4.001053,
					"end":	5.001643,
					"seconds":	1.0005899667739868,
					"bytes":	7340032,
					"bits_per_second":	58685633.426168188,
					"retransmits":	0,
					"snd_cwnd":	144800000,
					"snd_wnd":	147644416,
					"rtt":	616450,
					"rttvar":	77,
					"pmtu":	1500,
					"omitted":	false,
					"sender":	true
				}],
			"sum":	{
				"start":	4.001053,
				"end":	5.001643,
				"seconds":	1.0005899667739868,
				"bytes":	7340032,
				"bits_per_second":	58685633.426168188,
				"retransmits":	0,
				"omitted":	false,
				"sender":	true
			}
		}],
	"end":	{
		"streams":	[{
				"sender":	{
					"socket":	8,
					"start":	0,
					"end":	5.002075,
					"seconds":	5.002075,
					"bytes":	107479040,
					"bits_per_second":	171895127.52207837,
					"retransmits":	2712,
					"max_snd_cwnd":	144800000,
					"max_snd_wnd":	147644416,
					"max_rtt":	616450,
					"min_rtt":	250562,
					"mean_rtt":	477071,
					"sender":	true
				},
				"receiver":	{
					"socket":	8,
					"start":	0,
					"end":	5.672698,
					"seconds":	5.002075,
					"bytes":	107479040,
					"bits_per_second":	151573787.28781262,
					"sender":	true
				}
			}],
		"sum_sent":	{
			"start":	0,
			"end":	5.002075,
			"seconds":	5.002075,
			"bytes":	107479040,
			"bits_per_second":	171895127.52207837,
			"retransmits":	2712,
			"sender":	true
		},
		"sum_received":	{
			"start":	0,
			"end":	5.672698,
			"seconds":	5.672698,
			"bytes":	107479040,
			"bits_per_second":	151573787.28781262,
			"sender":	true
		},
		"cpu_utilization_percent":	{
			"host_total":	15.211204027232963,
			"host_user":	11.045673019691424,
			"host_system":	4.1655119608476161,
			"remote_total":	1.5253390533547835,
			"remote_user":	0,
			"remote_system":	1.5253743098972519
		},
		"sender_tcp_congestion":	"bbr",
		"receiver_tcp_congestion":	"bbr"
	}
}
