{
	"start":	{
		"connected":	[{
				"socket":	8,
				"local_host":	"172.16.0.82",
				"local_port":	55004,
				"remote_host":	"172.17.0.82",
				"remote_port":	5201
			}],
		"version":	"iperf 3.16",
		"system_info":	"Linux h1 6.12.54-0b264c55b-l4steam-117 #1 SMP PREEMPT_DYNAMIC Fri Nov  7 18:07:57 UTC 2025 x86_64",
		"timestamp":	{
			"time":	"Sun, 22 Feb 2026 01:29:50 GMT",
			"timesecs":	1771723790
		},
		"connecting_to":	{
			"host":	"172.17.0.82",
			"port":	5201
		},
		"cookie":	"cneeba2ysdq3yeinrlunz7l37iqw5ff2x2ol",
		"tcp_mss_default":	1448,
		"target_bitrate":	0,
		"fq_rate":	0,
		"sock_bufsize":	0,
		"sndbuf_actual":	1000000,
		"rcvbuf_actual":	1000000,
		"test_start":	{
			"protocol":	"TCP",
			"num_streams":	1,
			"blksize":	131072,
			"omit":	0,
			"duration":	0,
			"bytes":	107374182,
			"blocks":	0,
			"reverse":	0,
			"tos":	0,
			"target_bitrate":	0,
			"bidir":	0,
			"fqrate":	0
		}
	},
	"intervals":	[{
			"streams":	[{
					"socket":	8,
					"start":	0,
					"end":	1.001088,
					"seconds":	1.00108802318573,
					"bytes":	19267584,
					"bits_per_second":	153973145.64755568,
					"retransmits":	0,
					"snd_cwnd":	144801448,
					"snd_wnd":	3526656,
					"rtt":	374731,
					"rttvar":	1307,
					"pmtu":	1500,
					"omitted":	false,
					"sender":	true
				}],
			"sum":	{
				"start":	0,
				"end":	1.001088,
				"seconds":	1.00108802318573,
				"bytes":	19267584,
				"bits_per_second":	153973145.64755568,
				"retransmits":	0,
				"omitted":	false,
				"sender":	true
			}
		}, {
			"streams":	[{
					"socket":	8,
					"start":	1.001088,
					"end":	2.002101,
					"seconds":	1.0010130405426025,
					"bytes":	8650752,
					"bits_per_second":	69135978.450876772,
					"retransmits":	295,
					"snd_cwnd":	144801448,
					"snd_wnd":	33325056,
					"rtt":	463872,
					"rttvar":	664,
					"pmtu":	1500,
					"omitted":	false,
					"sender":	true
				}],
			"sum":	{
				"start":	1.001088,
				"end":	2.002101,
				"seconds":	1.0010130405426025,
				"bytes":	8650752,
				"bits_per_second":	69135978.450876772,
				"retransmits":	295,
				"omitted":	false,
				"sender":	true
			}
		}, {
			"streams":	[{
					"socket":	8,
					"start":	2.002101,
					"end":	3.001278,
					"seconds":	0.99917697906494141,
					"bytes":	9699328,
					"bits_per_second":	77658538.603056371,
					"retransmits":	0,
					"snd_cwnd":	144801448,
					"snd_wnd":	50679808,
					"rtt":	510604,
					"rttvar":	347,
					"pmtu":	1500,
					"omitted":	false,
					"sender":	true
				}],
			"sum":	{
				"start":	2.002101,
				"end":	3.001278,
				"seconds":	0.99917697906494141,
				"bytes":	9699328,
				"bits_per_second":	77658538.603056371,
				"retransmits":	0,
				"omitted":	false,
				"sender":	true
			}
		}, {
			"streams":	[{
					"socket":	8,
					"start":	3.001278,
					"end":	4.001048,
					"seconds":	0.99976998567581177,
					"bytes":	19267584,
					"bits_per_second":	154176134.71943346,
					"retransmits":	0,
					"snd_cwnd":	144801448,
					"snd_wnd":	85966848,
					"rtt":	617734,
					"rttvar":	99,
					"pmtu":	1500,
					"omitted":	false,
					"sender":	true
				}],
			"sum":	{
				"start":	3.001278,
				"end":	4.001048,
				"seconds":	0.99976998567581177,
				"bytes":	19267584,
				"bits_per_second":	154176134.71943346,
				"retransmits":	0,
				"omitted":	false,
				"sender":	true
			}
		}, {
			"streams":	[{
					"socket":	8,
					"start":	4.001048,
					"end":	5.00387,
					"seconds":	1.0028220415115356,
					"bytes":	9568256,
					"bits_per_second":	76330639.765978336,
					"retransmits":	0,
					"snd_cwnd":	144801448,
					"snd_wnd":	102363136,
					"rtt":	679502,
					"rttvar":	486,
					"pmtu":	1500,
					"omitted":	false,
					"sender":	true
				}],
			"sum":	{
				"start":	4.001048,
				"end":	5.00387,
				"seconds":	1.0028220415115356,
				"bytes":	9568256,
				"bits_per_second":	76330639.765978336,
				"retransmits":	0,
				"omitted":	false,
				"sender":	true
			}
		}, {
			"streams":	[{
					"socket":	8,
					"start":	5.00387,
					"end":	6.00107,
					"seconds":	0.99720001220703125,
					"bytes":	19267584,
					"bits_per_second":	154573475.84548411,
					"retransmits":	0,
					"snd_cwnd":	144801448,
					"snd_wnd":	131653632,
					"rtt":	609791,
					"rttvar":	568,
					"pmtu":	1500,
					"omitted":	false,
					"sender":	true
				}],
			"sum":	{
				"start":	5.00387,
				"end":	6.00107,
				"seconds":	0.99720001220703125,
				"bytes":	19267584,
				"bits_per_second":	154573475.84548411,
				"retransmits":	0,
				"omitted":	false,
				"sender":	true
			}
		}, {
			"streams":	[{
					"socket":	8,
					"start":	6.00107,
					"end":	7.003863,
					"seconds":	1.0027929544448853,
					"bytes":	21757952,
					"bits_per_second":	173578818.26798052,
					"retransmits":	43,
					"snd_cwnd":	12557056,
					"snd_wnd":	131698688,
					"rtt":	590031,
					"rttvar":	1282,
					"pmtu":	1500,
					"omitted":	false,
					"sender":	true
				}],
			"sum":	{
				"start":	6.00107,
				"end":	7.003863,
				"seconds":	1.0027929544448853,
				"bytes":	21757952,
				"bits_per_second":	173578818.26798052,
				"retransmits":	43,
				"omitted":	false,
				"sender":	true
			}
		}],
	"end":	{
		"streams":	[{
				"sender":	{
					"socket":	8,
					"start":	0,
					"end":	7.004575,
					"seconds":	7.004575,
					"bytes":	107479040,
					"bits_per_second":	122752960.74351406,
					"retransmits":	338,
					"max_snd_cwnd":	144801448,
					"max_snd_wnd":	131698688,
					"max_rtt":	679502,
					"min_rtt":	374731,
					"mean_rtt":	554537,
					"sender":	true
				},
				"receiver":	{
					"socket":	8,
					"start":	0,
					"end":	7.531788,
					"seconds":	7.004575,
					"bytes":	95158272,
					"bits_per_second":	101073765.75123996,
					"sender":	true
				}
			}],
		"sum_sent":	{
			"start":	0,
			"end":	7.004575,
			"seconds":	7.004575,
			"bytes":	107479040,
			"bits_per_second":	122752960.74351406,
			"retransmits":	338,
			"sender":	true
		},
		"sum_received":	{
			"start":	0,
			"end":	7.531788,
			"seconds":	7.531788,
			"bytes":	95158272,
			"bits_per_second":	101073765.75123996,
			"sender":	true
		},
		"cpu_utilization_percent":	{
			"host_total":	6.239973021537164,
			"host_user":	1.2573818324071944,
			"host_system":	4.9826418624260551,
			"remote_total":	1.1737939429216009,
			"remote_user":	0.051235983460031422,
			"remote_system":	1.1225712364720541
		},
		"sender_tcp_congestion":	"bbr",
		"receiver_tcp_congestion":	"bbr"
	}
}
