{
	"start":	{
		"connected":	[{
				"socket":	8,
				"local_host":	"172.16.0.8",
				"local_port":	56746,
				"remote_host":	"172.17.0.8",
				"remote_port":	5201
			}],
		"version":	"iperf 3.16",
		"system_info":	"Linux h1 6.12.54-0b264c55b-l4steam-117 #1 SMP PREEMPT_DYNAMIC Fri Nov  7 18:07:57 UTC 2025 x86_64",
		"timestamp":	{
			"time":	"Sun, 22 Feb 2026 01:29:50 GMT",
			"timesecs":	1771723790
		},
		"connecting_to":	{
			"host":	"172.17.0.8",
			"port":	5201
		},
		"cookie":	"bh2ij52wc46q2737i5kt7apq4lqe2eyttuv6",
		"tcp_mss_default":	1448,
		"target_bitrate":	0,
		"fq_rate":	0,
		"sock_bufsize":	0,
		"sndbuf_actual":	1000000,
		"rcvbuf_actual":	1000000,
		"test_start":	{
			"protocol":	"TCP",
			"num_streams":	1,
			"blksize":	131072,
			"omit":	0,
			"duration":	0,
			"bytes":	107374182,
			"blocks":	0,
			"reverse":	0,
			"tos":	0,
			"target_bitrate":	0,
			"bidir":	0,
			"fqrate":	0
		}
	},
	"intervals":	[{
			"streams":	[{
					"socket":	8,
					"start":	0,
					"end":	1.00104,
					"seconds":	1.001039981842041,
					"bytes":	107479040,
					"bits_per_second":	858939038.996024,
					"retransmits":	18553,
					"snd_cwnd":	51971616,
					"snd_wnd":	81649664,
					"rtt":	249993,
					"rttvar":	232,
					"pmtu":	1500,
					"omitted":	false,
					"sender":	true
				}],
			"sum":	{
				"start":	0,
				"end":	1.00104,
				"seconds":	1.001039981842041,
				"bytes":	107479040,
				"bits_per_second":	858939038.996024,
				"retransmits":	18553,
				"omitted":	false,
				"sender":	true
			}
		}],
	"end":	{
		"streams":	[{
				"sender":	{
					"socket":	8,
					"start":	0,
					"end":	1.001274,
					"seconds":	1.001274,
					"bytes":	107479040,
					"bits_per_second":	858738287.42182457,
					"retransmits":	18553,
					"max_snd_cwnd":	51971616,
					"max_snd_wnd":	81649664,
					"max_rtt":	249993,
					"min_rtt":	249993,
					"mean_rtt":	249993,
					"sender":	true
				},
				"receiver":	{
					"socket":	8,
					"start":	0,
					"end":	1.27402,
					"seconds":	1.001274,
					"bytes":	57016320,
					"bits_per_second":	358024646.394876,
					"sender":	true
				}
			}],
		"sum_sent":	{
			"start":	0,
			"end":	1.001274,
			"seconds":	1.001274,
			"bytes":	107479040,
			"bits_per_second":	858738287.42182457,
			"retransmits":	18553,
			"sender":	true
		},
		"sum_received":	{
			"start":	0,
			"end":	1.27402,
			"seconds":	1.27402,
			"bytes":	57016320,
			"bits_per_second":	358024646.394876,
			"sender":	true
		},
		"cpu_utilization_percent":	{
			"host_total":	59.789708702203882,
			"host_user":	56.044371127009626,
			"host_system":	3.745417771707793,
			"remote_total":	3.1980308217834064,
			"remote_user":	0,
			"remote_system":	3.1981878034652134
		},
		"sender_tcp_congestion":	"bbr",
		"receiver_tcp_congestion":	"bbr"
	}
}
