{
	"start":	{
		"connected":	[{
				"socket":	8,
				"local_host":	"172.16.0.110",
				"local_port":	42956,
				"remote_host":	"172.17.0.110",
				"remote_port":	5201
			}],
		"version":	"iperf 3.16",
		"system_info":	"Linux h1 6.12.54-0b264c55b-l4steam-117 #1 SMP PREEMPT_DYNAMIC Fri Nov  7 18:07:57 UTC 2025 x86_64",
		"timestamp":	{
			"time":	"Sun, 22 Feb 2026 02:26:33 GMT",
			"timesecs":	1771727193
		},
		"connecting_to":	{
			"host":	"172.17.0.110",
			"port":	5201
		},
		"cookie":	"zgispwd6talthkzsu7hjf2fhrhnwpgpoa4ha",
		"tcp_mss_default":	1448,
		"target_bitrate":	0,
		"fq_rate":	0,
		"sock_bufsize":	0,
		"sndbuf_actual":	1000000,
		"rcvbuf_actual":	1000000,
		"test_start":	{
			"protocol":	"TCP",
			"num_streams":	1,
			"blksize":	131072,
			"omit":	0,
			"duration":	0,
			"bytes":	107374182,
			"blocks":	0,
			"reverse":	0,
			"tos":	0,
			"target_bitrate":	0,
			"bidir":	0,
			"fqrate":	0
		}
	},
	"intervals":	[{
			"streams":	[{
					"socket":	8,
					"start":	0,
					"end":	1.001048,
					"seconds":	1.0010479688644409,
					"bytes":	27525120,
					"bits_per_second":	219970437.83005667,
					"retransmits":	6871,
					"snd_cwnd":	144307680,
					"snd_wnd":	27320320,
					"rtt":	113342,
					"rttvar":	2117,
					"pmtu":	1500,
					"omitted":	false,
					"sender":	true
				}],
			"sum":	{
				"start":	0,
				"end":	1.001048,
				"seconds":	1.0010479688644409,
				"bytes":	27525120,
				"bits_per_second":	219970437.83005667,
				"retransmits":	6871,
				"omitted":	false,
				"sender":	true
			}
		}, {
			"streams":	[{
					"socket":	8,
					"start":	1.001048,
					"end":	2.001049,
					"seconds":	1.0000009536743164,
					"bytes":	18087936,
					"bits_per_second":	144703350.00013161,
					"retransmits":	19643,
					"snd_cwnd":	143010272,
					"snd_wnd":	84049920,
					"rtt":	126352,
					"rttvar":	6716,
					"pmtu":	1500,
					"omitted":	false,
					"sender":	true
				}],
			"sum":	{
				"start":	1.001048,
				"end":	2.001049,
				"seconds":	1.0000009536743164,
				"bytes":	18087936,
				"bits_per_second":	144703350.00013161,
				"retransmits":	19643,
				"omitted":	false,
				"sender":	true
			}
		}, {
			"streams":	[{
					"socket":	8,
					"start":	2.001049,
					"end":	3.001028,
					"seconds":	0.999979019165039,
					"bytes":	25821184,
					"bits_per_second":	206573806.09093285,
					"retransmits":	18427,
					"snd_cwnd":	142027080,
					"snd_wnd":	124170240,
					"rtt":	115924,
					"rttvar":	3437,
					"pmtu":	1500,
					"omitted":	false,
					"sender":	true
				}],
			"sum":	{
				"start":	2.001049,
				"end":	3.001028,
				"seconds":	0.999979019165039,
				"bytes":	25821184,
				"bits_per_second":	206573806.09093285,
				"retransmits":	18427,
				"omitted":	false,
				"sender":	true
			}
		}, {
			"streams":	[{
					"socket":	8,
					"start":	3.001028,
					"end":	4.014742,
					"seconds":	1.0137139558792114,
					"bytes":	36044800,
					"bits_per_second":	284457364.2570619,
					"retransmits":	29469,
					"snd_cwnd":	141261088,
					"snd_wnd":	122400768,
					"rtt":	92873,
					"rttvar":	4751,
					"pmtu":	1500,
					"omitted":	false,
					"sender":	true
				}],
			"sum":	{
				"start":	3.001028,
				"end":	4.014742,
				"seconds":	1.0137139558792114,
				"bytes":	36044800,
				"bits_per_second":	284457364.2570619,
				"retransmits":	29469,
				"omitted":	false,
				"sender":	true
			}
		}],
	"end":	{
		"streams":	[{
				"sender":	{
					"socket":	8,
					"start":	0,
					"end":	4.021836,
					"seconds":	4.021836,
					"bytes":	107479040,
					"bits_per_second":	213790994.9585214,
					"retransmits":	74470,
					"max_snd_cwnd":	144307680,
					"max_snd_wnd":	124170240,
					"max_rtt":	126352,
					"min_rtt":	92873,
					"mean_rtt":	108272,
					"sender":	true
				},
				"receiver":	{
					"socket":	8,
					"start":	0,
					"end":	4.09835,
					"seconds":	4.021836,
					"bytes":	77201408,
					"bits_per_second":	150697540.2296046,
					"sender":	true
				}
			}],
		"sum_sent":	{
			"start":	0,
			"end":	4.021836,
			"seconds":	4.021836,
			"bytes":	107479040,
			"bits_per_second":	213790994.9585214,
			"retransmits":	74470,
			"sender":	true
		},
		"sum_received":	{
			"start":	0,
			"end":	4.09835,
			"seconds":	4.09835,
			"bytes":	77201408,
			"bits_per_second":	150697540.2296046,
			"sender":	true
		},
		"cpu_utilization_percent":	{
			"host_total":	6.3232197189091117,
			"host_user":	0.15569039760169948,
			"host_system":	6.1675293213074118,
			"remote_total":	0.96477615436418462,
			"remote_user":	0,
			"remote_system":	0.96477615436418462
		},
		"sender_tcp_congestion":	"prague",
		"receiver_tcp_congestion":	"prague"
	}
}
