{
	"start":	{
		"connected":	[{
				"socket":	8,
				"local_host":	"172.16.0.101",
				"local_port":	38296,
				"remote_host":	"172.17.0.101",
				"remote_port":	5201
			}],
		"version":	"iperf 3.16",
		"system_info":	"Linux h1 6.12.54-0b264c55b-l4steam-117 #1 SMP PREEMPT_DYNAMIC Fri Nov  7 18:07:57 UTC 2025 x86_64",
		"timestamp":	{
			"time":	"Sun, 22 Feb 2026 01:54:54 GMT",
			"timesecs":	1771725294
		},
		"connecting_to":	{
			"host":	"172.17.0.101",
			"port":	5201
		},
		"cookie":	"rnwxbwm6iljmzppa5zmotzjnrsixtmqcymca",
		"tcp_mss_default":	1448,
		"target_bitrate":	0,
		"fq_rate":	0,
		"sock_bufsize":	0,
		"sndbuf_actual":	1000000,
		"rcvbuf_actual":	1000000,
		"test_start":	{
			"protocol":	"TCP",
			"num_streams":	1,
			"blksize":	131072,
			"omit":	0,
			"duration":	0,
			"bytes":	107374182,
			"blocks":	0,
			"reverse":	0,
			"tos":	0,
			"target_bitrate":	0,
			"bidir":	0,
			"fqrate":	0
		}
	},
	"intervals":	[{
			"streams":	[{
					"socket":	8,
					"start":	0,
					"end":	1.00112,
					"seconds":	1.0011199712753296,
					"bytes":	17563648,
					"bits_per_second":	140351993.79851043,
					"retransmits":	315,
					"snd_cwnd":	101390408,
					"snd_wnd":	6107136,
					"rtt":	250648,
					"rttvar":	386,
					"pmtu":	1500,
					"omitted":	false,
					"sender":	true
				}],
			"sum":	{
				"start":	0,
				"end":	1.00112,
				"seconds":	1.0011199712753296,
				"bytes":	17563648,
				"bits_per_second":	140351993.79851043,
				"retransmits":	315,
				"omitted":	false,
				"sender":	true
			}
		}, {
			"streams":	[{
					"socket":	8,
					"start":	1.00112,
					"end":	2.001072,
					"seconds":	0.99995201826095581,
					"bytes":	6160384,
					"bits_per_second":	49285436.800967261,
					"retransmits":	1838,
					"snd_cwnd":	7251584,
					"snd_wnd":	35749888,
					"rtt":	237820,
					"rttvar":	5593,
					"pmtu":	1500,
					"omitted":	false,
					"sender":	true
				}],
			"sum":	{
				"start":	1.00112,
				"end":	2.001072,
				"seconds":	0.99995201826095581,
				"bytes":	6160384,
				"bits_per_second":	49285436.800967261,
				"retransmits":	1838,
				"omitted":	false,
				"sender":	true
			}
		}, {
			"streams":	[{
					"socket":	8,
					"start":	2.001072,
					"end":	3.008909,
					"seconds":	1.0078370571136475,
					"bytes":	9043968,
					"bits_per_second":	71789128.499808028,
					"retransmits":	497,
					"snd_cwnd":	4054400,
					"snd_wnd":	50315264,
					"rtt":	225895,
					"rttvar":	2545,
					"pmtu":	1500,
					"omitted":	false,
					"sender":	true
				}],
			"sum":	{
				"start":	2.001072,
				"end":	3.008909,
				"seconds":	1.0078370571136475,
				"bytes":	9043968,
				"bits_per_second":	71789128.499808028,
				"retransmits":	497,
				"omitted":	false,
				"sender":	true
			}
		}, {
			"streams":	[{
					"socket":	8,
					"start":	3.008909,
					"end":	4.001244,
					"seconds":	0.992335021495819,
					"bytes":	30277632,
					"bits_per_second":	244092016.05611229,
					"retransmits":	287,
					"snd_cwnd":	3615656,
					"snd_wnd":	53899264,
					"rtt":	185255,
					"rttvar":	1657,
					"pmtu":	1500,
					"omitted":	false,
					"sender":	true
				}],
			"sum":	{
				"start":	3.008909,
				"end":	4.001244,
				"seconds":	0.992335021495819,
				"bytes":	30277632,
				"bits_per_second":	244092016.05611229,
				"retransmits":	287,
				"omitted":	false,
				"sender":	true
			}
		}, {
			"streams":	[{
					"socket":	8,
					"start":	4.001244,
					"end":	5.001077,
					"seconds":	0.99983298778533936,
					"bytes":	8650752,
					"bits_per_second":	69217576.180691376,
					"retransmits":	53,
					"snd_cwnd":	2600608,
					"snd_wnd":	53899264,
					"rtt":	206960,
					"rttvar":	822,
					"pmtu":	1500,
					"omitted":	false,
					"sender":	true
				}],
			"sum":	{
				"start":	4.001244,
				"end":	5.001077,
				"seconds":	0.99983298778533936,
				"bytes":	8650752,
				"bits_per_second":	69217576.180691376,
				"retransmits":	53,
				"omitted":	false,
				"sender":	true
			}
		}, {
			"streams":	[{
					"socket":	8,
					"start":	5.001077,
					"end":	6.000955,
					"seconds":	0.99987798929214478,
					"bytes":	35782656,
					"bits_per_second":	286296179.19948035,
					"retransmits":	0,
					"snd_cwnd":	2742512,
					"snd_wnd":	53899264,
					"rtt":	57520,
					"rttvar":	51,
					"pmtu":	1500,
					"omitted":	false,
					"sender":	true
				}],
			"sum":	{
				"start":	5.001077,
				"end":	6.000955,
				"seconds":	0.99987798929214478,
				"bytes":	35782656,
				"bits_per_second":	286296179.19948035,
				"retransmits":	0,
				"omitted":	false,
				"sender":	true
			}
		}],
	"end":	{
		"streams":	[{
				"sender":	{
					"socket":	8,
					"start":	0,
					"end":	6.001287,
					"seconds":	6.001287,
					"bytes":	107479040,
					"bits_per_second":	143274654.25332934,
					"retransmits":	2990,
					"max_snd_cwnd":	101390408,
					"max_snd_wnd":	53899264,
					"max_rtt":	250648,
					"min_rtt":	57513,
					"mean_rtt":	174515,
					"sender":	true
				},
				"receiver":	{
					"socket":	8,
					"start":	0,
					"end":	6.06821,
					"seconds":	6.001287,
					"bytes":	95420416,
					"bits_per_second":	125797117.76619466,
					"sender":	true
				}
			}],
		"sum_sent":	{
			"start":	0,
			"end":	6.001287,
			"seconds":	6.001287,
			"bytes":	107479040,
			"bits_per_second":	143274654.25332934,
			"retransmits":	2990,
			"sender":	true
		},
		"sum_received":	{
			"start":	0,
			"end":	6.06821,
			"seconds":	6.06821,
			"bytes":	95420416,
			"bits_per_second":	125797117.76619466,
			"sender":	true
		},
		"cpu_utilization_percent":	{
			"host_total":	2.4864887492978793,
			"host_user":	1.5183437324111457,
			"host_system":	0.968159353191792,
			"remote_total":	1.5728654710175496,
			"remote_user":	0,
			"remote_system":	1.5728654710175496
		},
		"sender_tcp_congestion":	"cubic",
		"receiver_tcp_congestion":	"cubic"
	}
}
