{
	"start":	{
		"connected":	[{
				"socket":	8,
				"local_host":	"172.16.0.108",
				"local_port":	49526,
				"remote_host":	"172.17.0.108",
				"remote_port":	5201
			}],
		"version":	"iperf 3.16",
		"system_info":	"Linux h1 6.12.54-0b264c55b-l4steam-117 #1 SMP PREEMPT_DYNAMIC Fri Nov  7 18:07:57 UTC 2025 x86_64",
		"timestamp":	{
			"time":	"Sun, 22 Feb 2026 01:54:55 GMT",
			"timesecs":	1771725295
		},
		"connecting_to":	{
			"host":	"172.17.0.108",
			"port":	5201
		},
		"cookie":	"slyiomtoeb55ruayanjx6bpj2x6xz65szzsy",
		"tcp_mss_default":	1448,
		"target_bitrate":	0,
		"fq_rate":	0,
		"sock_bufsize":	0,
		"sndbuf_actual":	1000000,
		"rcvbuf_actual":	1000000,
		"test_start":	{
			"protocol":	"TCP",
			"num_streams":	1,
			"blksize":	131072,
			"omit":	0,
			"duration":	0,
			"bytes":	107374182,
			"blocks":	0,
			"reverse":	0,
			"tos":	0,
			"target_bitrate":	0,
			"bidir":	0,
			"fqrate":	0
		}
	},
	"intervals":	[{
			"streams":	[{
					"socket":	8,
					"start":	0,
					"end":	1.001089,
					"seconds":	1.0010889768600464,
					"bytes":	17563648,
					"bits_per_second":	140356339.19445643,
					"retransmits":	123,
					"snd_cwnd":	101390408,
					"snd_wnd":	1355776,
					"rtt":	260052,
					"rttvar":	7003,
					"pmtu":	1500,
					"omitted":	false,
					"sender":	true
				}],
			"sum":	{
				"start":	0,
				"end":	1.001089,
				"seconds":	1.0010889768600464,
				"bytes":	17563648,
				"bits_per_second":	140356339.19445643,
				"retransmits":	123,
				"omitted":	false,
				"sender":	true
			}
		}, {
			"streams":	[{
					"socket":	8,
					"start":	1.001089,
					"end":	2.000491,
					"seconds":	0.99940198659896851,
					"bytes":	0,
					"bits_per_second":	0,
					"retransmits":	320,
					"snd_cwnd":	1151160,
					"snd_wnd":	11378688,
					"rtt":	236469,
					"rttvar":	2999,
					"pmtu":	1500,
					"omitted":	false,
					"sender":	true
				}],
			"sum":	{
				"start":	1.001089,
				"end":	2.000491,
				"seconds":	0.99940198659896851,
				"bytes":	0,
				"bits_per_second":	0,
				"retransmits":	320,
				"omitted":	false,
				"sender":	true
			}
		}, {
			"streams":	[{
					"socket":	8,
					"start":	2.000491,
					"end":	3.00268,
					"seconds":	1.002189040184021,
					"bytes":	0,
					"bits_per_second":	0,
					"retransmits":	80,
					"snd_cwnd":	569064,
					"snd_wnd":	18067456,
					"rtt":	229928,
					"rttvar":	1395,
					"pmtu":	1500,
					"omitted":	false,
					"sender":	true
				}],
			"sum":	{
				"start":	2.000491,
				"end":	3.00268,
				"seconds":	1.002189040184021,
				"bytes":	0,
				"bits_per_second":	0,
				"retransmits":	80,
				"omitted":	false,
				"sender":	true
			}
		}, {
			"streams":	[{
					"socket":	8,
					"start":	3.00268,
					"end":	4.000428,
					"seconds":	0.99774801731109619,
					"bytes":	0,
					"bits_per_second":	0,
					"retransmits":	11,
					"snd_cwnd":	347520,
					"snd_wnd":	22179840,
					"rtt":	206992,
					"rttvar":	2122,
					"pmtu":	1500,
					"omitted":	false,
					"sender":	true
				}],
			"sum":	{
				"start":	3.00268,
				"end":	4.000428,
				"seconds":	0.99774801731109619,
				"bytes":	0,
				"bits_per_second":	0,
				"retransmits":	11,
				"omitted":	false,
				"sender":	true
			}
		}, {
			"streams":	[{
					"socket":	8,
					"start":	4.000428,
					"end":	5.000432,
					"seconds":	1.0000040531158447,
					"bytes":	3014656,
					"bits_per_second":	24117150.250396192,
					"retransmits":	1,
					"snd_cwnd":	220096,
					"snd_wnd":	24891392,
					"rtt":	73563,
					"rttvar":	2409,
					"pmtu":	1500,
					"omitted":	false,
					"sender":	true
				}],
			"sum":	{
				"start":	4.000428,
				"end":	5.000432,
				"seconds":	1.0000040531158447,
				"bytes":	3014656,
				"bits_per_second":	24117150.250396192,
				"retransmits":	1,
				"omitted":	false,
				"sender":	true
			}
		}, {
			"streams":	[{
					"socket":	8,
					"start":	5.000432,
					"end":	6.001059,
					"seconds":	1.0006270408630371,
					"bytes":	2883584,
					"bits_per_second":	23054216.0644623,
					"retransmits":	0,
					"snd_cwnd":	236024,
					"snd_wnd":	32018432,
					"rtt":	60930,
					"rttvar":	70,
					"pmtu":	1500,
					"omitted":	false,
					"sender":	true
				}],
			"sum":	{
				"start":	5.000432,
				"end":	6.001059,
				"seconds":	1.0006270408630371,
				"bytes":	2883584,
				"bits_per_second":	23054216.0644623,
				"retransmits":	0,
				"omitted":	false,
				"sender":	true
			}
		}, {
			"streams":	[{
					"socket":	8,
					"start":	6.001059,
					"end":	7.001067,
					"seconds":	1.0000079870224,
					"bytes":	3014656,
					"bits_per_second":	24117055.376538489,
					"retransmits":	0,
					"snd_cwnd":	244712,
					"snd_wnd":	39825408,
					"rtt":	60785,
					"rttvar":	24,
					"pmtu":	1500,
					"omitted":	false,
					"sender":	true
				}],
			"sum":	{
				"start":	6.001059,
				"end":	7.001067,
				"seconds":	1.0000079870224,
				"bytes":	3014656,
				"bits_per_second":	24117055.376538489,
				"retransmits":	0,
				"omitted":	false,
				"sender":	true
			}
		}, {
			"streams":	[{
					"socket":	8,
					"start":	7.001067,
					"end":	8.003469,
					"seconds":	1.0024019479751587,
					"bytes":	5898240,
					"bits_per_second":	47072853.454958923,
					"retransmits":	0,
					"snd_cwnd":	246160,
					"snd_wnd":	47812608,
					"rtt":	60848,
					"rttvar":	34,
					"pmtu":	1500,
					"omitted":	false,
					"sender":	true
				}],
			"sum":	{
				"start":	7.001067,
				"end":	8.003469,
				"seconds":	1.0024019479751587,
				"bytes":	5898240,
				"bits_per_second":	47072853.454958923,
				"retransmits":	0,
				"omitted":	false,
				"sender":	true
			}
		}, {
			"streams":	[{
					"socket":	8,
					"start":	8.003469,
					"end":	9.000284,
					"seconds":	0.996815025806427,
					"bytes":	3014656,
					"bits_per_second":	24194306.241009016,
					"retransmits":	0,
					"snd_cwnd":	253400,
					"snd_wnd":	55857152,
					"rtt":	60822,
					"rttvar":	87,
					"pmtu":	1500,
					"omitted":	false,
					"sender":	true
				}],
			"sum":	{
				"start":	8.003469,
				"end":	9.000284,
				"seconds":	0.996815025806427,
				"bytes":	3014656,
				"bits_per_second":	24194306.241009016,
				"retransmits":	0,
				"omitted":	false,
				"sender":	true
			}
		}, {
			"streams":	[{
					"socket":	8,
					"start":	9.000284,
					"end":	10.001092,
					"seconds":	1.0008080005645752,
					"bytes":	3014656,
					"bits_per_second":	24097776.982593056,
					"retransmits":	0,
					"snd_cwnd":	266432,
					"snd_wnd":	64294912,
					"rtt":	60785,
					"rttvar":	31,
					"pmtu":	1500,
					"omitted":	false,
					"sender":	true
				}],
			"sum":	{
				"start":	9.000284,
				"end":	10.001092,
				"seconds":	1.0008080005645752,
				"bytes":	3014656,
				"bits_per_second":	24097776.982593056,
				"retransmits":	0,
				"omitted":	false,
				"sender":	true
			}
		}, {
			"streams":	[{
					"socket":	8,
					"start":	10.001092,
					"end":	11.001215,
					"seconds":	1.0001230239868164,
					"bytes":	5898240,
					"bits_per_second":	47180115.7140664,
					"retransmits":	0,
					"snd_cwnd":	279464,
					"snd_wnd":	73170944,
					"rtt":	60804,
					"rttvar":	41,
					"pmtu":	1500,
					"omitted":	false,
					"sender":	true
				}],
			"sum":	{
				"start":	10.001092,
				"end":	11.001215,
				"seconds":	1.0001230239868164,
				"bytes":	5898240,
				"bits_per_second":	47180115.7140664,
				"retransmits":	0,
				"omitted":	false,
				"sender":	true
			}
		}, {
			"streams":	[{
					"socket":	8,
					"start":	11.001215,
					"end":	12.001064,
					"seconds":	0.999849021434784,
					"bytes":	3014656,
					"bits_per_second":	24120889.737324275,
					"retransmits":	0,
					"snd_cwnd":	292496,
					"snd_wnd":	73830400,
					"rtt":	60783,
					"rttvar":	36,
					"pmtu":	1500,
					"omitted":	false,
					"sender":	true
				}],
			"sum":	{
				"start":	11.001215,
				"end":	12.001064,
				"seconds":	0.999849021434784,
				"bytes":	3014656,
				"bits_per_second":	24120889.737324275,
				"retransmits":	0,
				"omitted":	false,