{
	"start":	{
		"connected":	[{
				"socket":	8,
				"local_host":	"172.16.0.43",
				"local_port":	40574,
				"remote_host":	"172.17.0.43",
				"remote_port":	5201
			}],
		"version":	"iperf 3.16",
		"system_info":	"Linux h1 6.12.54-0b264c55b-l4steam-117 #1 SMP PREEMPT_DYNAMIC Fri Nov  7 18:07:57 UTC 2025 x86_64",
		"timestamp":	{
			"time":	"Sun, 22 Feb 2026 01:54:54 GMT",
			"timesecs":	1771725294
		},
		"connecting_to":	{
			"host":	"172.17.0.43",
			"port":	5201
		},
		"cookie":	"z5wv4r2tgcc6lftdjzwpjrb7kkwtl5gqx76z",
		"tcp_mss_default":	1448,
		"target_bitrate":	0,
		"fq_rate":	0,
		"sock_bufsize":	0,
		"sndbuf_actual":	1000000,
		"rcvbuf_actual":	1000000,
		"test_start":	{
			"protocol":	"TCP",
			"num_streams":	1,
			"blksize":	131072,
			"omit":	0,
			"duration":	0,
			"bytes":	107374182,
			"blocks":	0,
			"reverse":	0,
			"tos":	0,
			"target_bitrate":	0,
			"bidir":	0,
			"fqrate":	0
		}
	},
	"intervals":	[{
			"streams":	[{
					"socket":	8,
					"start":	0,
					"end":	1.001042,
					"seconds":	1.0010420083999634,
					"bytes":	17563648,
					"bits_per_second":	140362924.65346766,
					"retransmits":	230,
					"snd_cwnd":	473496,
					"snd_wnd":	2211840,
					"rtt":	265738,
					"rttvar":	1843,
					"pmtu":	1500,
					"omitted":	false,
					"sender":	true
				}],
			"sum":	{
				"start":	0,
				"end":	1.001042,
				"seconds":	1.0010420083999634,
				"bytes":	17563648,
				"bits_per_second":	140362924.65346766,
				"retransmits":	230,
				"omitted":	false,
				"sender":	true
			}
		}, {
			"streams":	[{
					"socket":	8,
					"start":	1.001042,
					"end":	2.001038,
					"seconds":	0.9999960064888,
					"bytes":	0,
					"bits_per_second":	0,
					"retransmits":	2774,
					"snd_cwnd":	5726840,
					"snd_wnd":	32759808,
					"rtt":	256353,
					"rttvar":	447,
					"pmtu":	1500,
					"omitted":	false,
					"sender":	true
				}],
			"sum":	{
				"start":	1.001042,
				"end":	2.001038,
				"seconds":	0.9999960064888,
				"bytes":	0,
				"bits_per_second":	0,
				"retransmits":	2774,
				"omitted":	false,
				"sender":	true
			}
		}, {
			"streams":	[{
					"socket":	8,
					"start":	2.001038,
					"end":	3.001042,
					"seconds":	1.0000040531158447,
					"bytes":	9699328,
					"bits_per_second":	77594309.5012747,
					"retransmits":	485,
					"snd_cwnd":	2924960,
					"snd_wnd":	48267264,
					"rtt":	260316,
					"rttvar":	149,
					"pmtu":	1500,
					"omitted":	false,
					"sender":	true
				}],
			"sum":	{
				"start":	2.001038,
				"end":	3.001042,
				"seconds":	1.0000040531158447,
				"bytes":	9699328,
				"bits_per_second":	77594309.5012747,
				"retransmits":	485,
				"omitted":	false,
				"sender":	true
			}
		}, {
			"streams":	[{
					"socket":	8,
					"start":	3.001042,
					"end":	4.00104,
					"seconds":	0.99999797344207764,
					"bytes":	11010048,
					"bits_per_second":	88080562.500361741,
					"retransmits":	150,
					"snd_cwnd":	2376168,
					"snd_wnd":	69275648,
					"rtt":	260503,
					"rttvar":	264,
					"pmtu":	1500,
					"omitted":	false,
					"sender":	true
				}],
			"sum":	{
				"start":	3.001042,
				"end":	4.00104,
				"seconds":	0.99999797344207764,
				"bytes":	11010048,
				"bits_per_second":	88080562.500361741,
				"retransmits":	150,
				"omitted":	false,
				"sender":	true
			}
		}, {
			"streams":	[{
					"socket":	8,
					"start":	4.00104,
					"end":	5.00103,
					"seconds":	0.99998998641967773,
					"bytes":	17694720,
					"bits_per_second":	141559177.5141944,
					"retransmits":	0,
					"snd_cwnd":	2490560,
					"snd_wnd":	88727552,
					"rtt":	228579,
					"rttvar":	169,
					"pmtu":	1500,
					"omitted":	false,
					"sender":	true
				}],
			"sum":	{
				"start":	4.00104,
				"end":	5.00103,
				"seconds":	0.99998998641967773,
				"bytes":	17694720,
				"bits_per_second":	141559177.5141944,
				"retransmits":	0,
				"omitted":	false,
				"sender":	true
			}
		}, {
			"streams":	[{
					"socket":	8,
					"start":	5.00103,
					"end":	6.002611,
					"seconds":	1.0015809535980225,
					"bytes":	30932992,
					"bits_per_second":	247073324.53859535,
					"retransmits":	0,
					"snd_cwnd":	2617984,
					"snd_wnd":	144527360,
					"rtt":	57405,
					"rttvar":	76,
					"pmtu":	1500,
					"omitted":	false,
					"sender":	true
				}],
			"sum":	{
				"start":	5.00103,
				"end":	6.002611,
				"seconds":	1.0015809535980225,
				"bytes":	30932992,
				"bits_per_second":	247073324.53859535,
				"retransmits":	0,
				"omitted":	false,
				"sender":	true
			}
		}, {
			"streams":	[{
					"socket":	8,
					"start":	6.002611,
					"end":	7.000547,
					"seconds":	0.99793601036071777,
					"bytes":	20578304,
					"bits_per_second":	164966922.01786917,
					"retransmits":	0,
					"snd_cwnd":	2684592,
					"snd_wnd":	144527360,
					"rtt":	57476,
					"rttvar":	103,
					"pmtu":	1500,
					"omitted":	false,
					"sender":	true
				}],
			"sum":	{
				"start":	6.002611,
				"end":	7.000547,
				"seconds":	0.99793601036071777,
				"bytes":	20578304,
				"bits_per_second":	164966922.01786917,
				"retransmits":	0,
				"omitted":	false,
				"sender":	true
			}
		}],
	"end":	{
		"streams":	[{
				"sender":	{
					"socket":	8,
					"start":	0,
					"end":	7.007665,
					"seconds":	7.007665,
					"bytes":	107479040,
					"bits_per_second":	122698833.34891151,
					"retransmits":	3639,
					"max_snd_cwnd":	5726840,
					"max_snd_wnd":	144527360,
					"max_rtt":	265738,
					"min_rtt":	57405,
					"mean_rtt":	180480,
					"sender":	true
				},
				"receiver":	{
					"socket":	8,
					"start":	0,
					"end":	7.069788,
					"seconds":	7.007665,
					"bytes":	107479040,
					"bits_per_second":	121620665.28727594,
					"sender":	true
				}
			}],
		"sum_sent":	{
			"start":	0,
			"end":	7.007665,
			"seconds":	7.007665,
			"bytes":	107479040,
			"bits_per_second":	122698833.34891151,
			"retransmits":	3639,
			"sender":	true
		},
		"sum_received":	{
			"start":	0,
			"end":	7.069788,
			"seconds":	7.069788,
			"bytes":	107479040,
			"bits_per_second":	121620665.28727594,
			"sender":	true
		},
		"cpu_utilization_percent":	{
			"host_total":	8.2774276778196558,
			"host_user":	5.549797081606533,
			"host_system":	2.72761788123139,
			"remote_total":	1.8414374488228313,
			"remote_user":	0.0054739856259078219,
			"remote_system":	1.8359634631969237
		},
		"sender_tcp_congestion":	"cubic",
		"receiver_tcp_congestion":	"cubic"
	}
}
