{
	"start":	{
		"connected":	[{
				"socket":	8,
				"local_host":	"172.16.0.81",
				"local_port":	35838,
				"remote_host":	"172.17.0.81",
				"remote_port":	5201
			}],
		"version":	"iperf 3.16",
		"system_info":	"Linux h1 6.12.54-0b264c55b-l4steam-117 #1 SMP PREEMPT_DYNAMIC Fri Nov  7 18:07:57 UTC 2025 x86_64",
		"timestamp":	{
			"time":	"Sun, 22 Feb 2026 01:54:54 GMT",
			"timesecs":	1771725294
		},
		"connecting_to":	{
			"host":	"172.17.0.81",
			"port":	5201
		},
		"cookie":	"vfnetisdbu4blgt2n2i46za57hysktumevpg",
		"tcp_mss_default":	1448,
		"target_bitrate":	0,
		"fq_rate":	0,
		"sock_bufsize":	0,
		"sndbuf_actual":	1000000,
		"rcvbuf_actual":	1000000,
		"test_start":	{
			"protocol":	"TCP",
			"num_streams":	1,
			"blksize":	131072,
			"omit":	0,
			"duration":	0,
			"bytes":	107374182,
			"blocks":	0,
			"reverse":	0,
			"tos":	0,
			"target_bitrate":	0,
			"bidir":	0,
			"fqrate":	0
		}
	},
	"intervals":	[{
			"streams":	[{
					"socket":	8,
					"start":	0,
					"end":	1.001079,
					"seconds":	1.0010789632797241,
					"bytes":	17301504,
					"bits_per_second":	138262851.46032435,
					"retransmits":	55,
					"snd_cwnd":	441640,
					"snd_wnd":	1617920,
					"rtt":	235243,
					"rttvar":	1577,
					"pmtu":	1500,
					"omitted":	false,
					"sender":	true
				}],
			"sum":	{
				"start":	0,
				"end":	1.001079,
				"seconds":	1.0010789632797241,
				"bytes":	17301504,
				"bits_per_second":	138262851.46032435,
				"retransmits":	55,
				"omitted":	false,
				"sender":	true
			}
		}, {
			"streams":	[{
					"socket":	8,
					"start":	1.001079,
					"end":	2.001037,
					"seconds":	0.99995797872543335,
					"bytes":	0,
					"bits_per_second":	0,
					"retransmits":	531,
					"snd_cwnd":	1375600,
					"snd_wnd":	11354112,
					"rtt":	198460,
					"rttvar":	3195,
					"pmtu":	1500,
					"omitted":	false,
					"sender":	true
				}],
			"sum":	{
				"start":	1.001079,
				"end":	2.001037,
				"seconds":	0.99995797872543335,
				"bytes":	0,
				"bits_per_second":	0,
				"retransmits":	531,
				"omitted":	false,
				"sender":	true
			}
		}, {
			"streams":	[{
					"socket":	8,
					"start":	2.001037,
					"end":	3.001028,
					"seconds":	0.999990999698639,
					"bytes":	0,
					"bits_per_second":	0,
					"retransmits":	44,
					"snd_cwnd":	907896,
					"snd_wnd":	17522688,
					"rtt":	218892,
					"rttvar":	1200,
					"pmtu":	1500,
					"omitted":	false,
					"sender":	true
				}],
			"sum":	{
				"start":	2.001037,
				"end":	3.001028,
				"seconds":	0.999990999698639,
				"bytes":	0,
				"bits_per_second":	0,
				"retransmits":	44,
				"omitted":	false,
				"sender":	true
			}
		}, {
			"streams":	[{
					"socket":	8,
					"start":	3.001028,
					"end":	4.001028,
					"seconds":	1,
					"bytes":	3014656,
					"bits_per_second":	24117248,
					"retransmits":	11,
					"snd_cwnd":	532864,
					"snd_wnd":	23490560,
					"rtt":	186271,
					"rttvar":	246,
					"pmtu":	1500,
					"omitted":	false,
					"sender":	true
				}],
			"sum":	{
				"start":	3.001028,
				"end":	4.001028,
				"seconds":	1,
				"bytes":	3014656,
				"bits_per_second":	24117248,
				"retransmits":	11,
				"omitted":	false,
				"sender":	true
			}
		}, {
			"streams":	[{
					"socket":	8,
					"start":	4.001028,
					"end":	5.001104,
					"seconds":	1.0000760555267334,
					"bytes":	0,
					"bits_per_second":	0,
					"retransmits":	0,
					"snd_cwnd":	579200,
					"snd_wnd":	28127232,
					"rtt":	200806,
					"rttvar":	1490,
					"pmtu":	1500,
					"omitted":	false,
					"sender":	true
				}],
			"sum":	{
				"start":	4.001028,
				"end":	5.001104,
				"seconds":	1.0000760555267334,
				"bytes":	0,
				"bits_per_second":	0,
				"retransmits":	0,
				"omitted":	false,
				"sender":	true
			}
		}, {
			"streams":	[{
					"socket":	8,
					"start":	5.001104,
					"end":	6.001062,
					"seconds":	0.99995797872543335,
					"bytes":	8912896,
					"bits_per_second":	71306164.375911534,
					"retransmits":	0,
					"snd_cwnd":	611056,
					"snd_wnd":	44634112,
					"rtt":	61175,
					"rttvar":	249,
					"pmtu":	1500,
					"omitted":	false,
					"sender":	true
				}],
			"sum":	{
				"start":	5.001104,
				"end":	6.001062,
				"seconds":	0.99995797872543335,
				"bytes":	8912896,
				"bits_per_second":	71306164.375911534,
				"retransmits":	0,
				"omitted":	false,
				"sender":	true
			}
		}, {
			"streams":	[{
					"socket":	8,
					"start":	6.001062,
					"end":	7.001037,
					"seconds":	0.999975025653839,
					"bytes":	11927552,
					"bits_per_second":	95422799.1220169,
					"retransmits":	0,
					"snd_cwnd":	628432,
					"snd_wnd":	64700416,
					"rtt":	60900,
					"rttvar":	52,
					"pmtu":	1500,
					"omitted":	false,
					"sender":	true
				}],
			"sum":	{
				"start":	6.001062,
				"end":	7.001037,
				"seconds":	0.999975025653839,
				"bytes":	11927552,
				"bits_per_second":	95422799.1220169,
				"retransmits":	0,
				"omitted":	false,
				"sender":	true
			}
		}, {
			"streams":	[{
					"socket":	8,
					"start":	7.001037,
					"end":	8.001052,
					"seconds":	1.0000150203704834,
					"bytes":	8912896,
					"bits_per_second":	71302097.0160866,
					"retransmits":	0,
					"snd_cwnd":	637120,
					"snd_wnd":	67977216,
					"rtt":	60933,
					"rttvar":	84,
					"pmtu":	1500,
					"omitted":	false,
					"sender":	true
				}],
			"sum":	{
				"start":	7.001037,
				"end":	8.001052,
				"seconds":	1.0000150203704834,
				"bytes":	8912896,
				"bits_per_second":	71302097.0160866,
				"retransmits":	0,
				"omitted":	false,
				"sender":	true
			}
		}, {
			"streams":	[{
					"socket":	8,
					"start":	8.001052,
					"end":	9.001045,
					"seconds":	0.99999302625656128,
					"bytes":	11796480,
					"bits_per_second":	94372498.129589632,
					"retransmits":	0,
					"snd_cwnd":	638568,
					"snd_wnd":	67981312,
					"rtt":	60879,
					"rttvar":	58,
					"pmtu":	1500,
					"omitted":	false,
					"sender":	true
				}],
			"sum":	{
				"start":	8.001052,
				"end":	9.001045,
				"seconds":	0.99999302625656128,
				"bytes":	11796480,
				"bits_per_second":	94372498.129589632,
				"retransmits":	0,
				"omitted":	false,
				"sender":	true
			}
		}, {
			"streams":	[{
					"socket":	8,
					"start":	9.001045,
					"end":	10.001044,
					"seconds":	0.99999898672103882,
					"bytes":	9043968,
					"bits_per_second":	72351817.3125743,
					"retransmits":	0,
					"snd_cwnd":	638568,
					"snd_wnd":	67981312,
					"rtt":	60816,
					"rttvar":	29,
					"pmtu":	1500,
					"omitted":	false,
					"sender":	true
				}],
			"sum":	{
				"start":	9.001045,
				"end":	10.001044,
				"seconds":	0.99999898672103882,
				"bytes":	9043968,
				"bits_per_second":	72351817.3125743,
				"retransmits":	0,
				"omitted":	false,
				"sender":	true
			}
		}, {
			"streams":	[{
					"socket":	8,
					"start":	10.001044,
					"end":	11.00106,
					"seconds":	1.0000159740448,
					"bytes":	8912896,
					"bits_per_second":	71302029.018194139,
					"retransmits":	0,
					"snd_cwnd":	640016,
					"snd_wnd":	67981312,
					"rtt":	60887,
					"rttvar":	77,
					"pmtu":	1500,
					"omitted":	false,
					"sender":	true
				}],
			"sum":	{
				"start":	10.001044,
				"end":	11.00106,
				"seconds":	1.0000159740448,
				"bytes":	8912896,
				"bits_per_second":	71302029.018194139,
				"retransmits":	0,
				"omitted":	false,
				"sender":	true
			}
		}, {
			"streams":	[{
					"socket":	8,
					"start":	11.00106,
					"end":	12.001058,
					"seconds":	0.99999797344207764,
					"bytes":	11796480,
					"bits_per_second":	94372031.2503876,
					"retransmits":	0,
					"snd_cwnd":	645808,
					"snd_wnd":	67977216,
					"rtt":	60902,
					"rttvar":	51,
					"pmtu":	1500,
					"omitted":	false,
					"sender":	true
				}],
			"sum":	{
				"start":	11.00106,
				"end":	12.001058,
				"seconds":	0.99999797344207764,
				"bytes":	11796480,
				"bits_per_second":	94372031.2503876,
				"retransmits":	0,
				"omitted":	false,
				"sender":	true
			}
		}, {
			"streams":	[{
					"socket":	8,
					"start":	12.001058,
					"end":	13.001056,