{
	"start":	{
		"connected":	[{
				"socket":	8,
				"local_host":	"172.16.0.99",
				"local_port":	46906,
				"remote_host":	"172.17.0.99",
				"remote_port":	5201
			}],
		"version":	"iperf 3.16",
		"system_info":	"Linux h1 6.12.54-0b264c55b-l4steam-117 #1 SMP PREEMPT_DYNAMIC Fri Nov  7 18:07:57 UTC 2025 x86_64",
		"timestamp":	{
			"time":	"Sun, 22 Feb 2026 01:54:54 GMT",
			"timesecs":	1771725294
		},
		"connecting_to":	{
			"host":	"172.17.0.99",
			"port":	5201
		},
		"cookie":	"t5t36gymzp5b5eepbp3ps2xccx33tiwbhgjc",
		"tcp_mss_default":	1448,
		"target_bitrate":	0,
		"fq_rate":	0,
		"sock_bufsize":	0,
		"sndbuf_actual":	1000000,
		"rcvbuf_actual":	1000000,
		"test_start":	{
			"protocol":	"TCP",
			"num_streams":	1,
			"blksize":	131072,
			"omit":	0,
			"duration":	0,
			"bytes":	107374182,
			"blocks":	0,
			"reverse":	0,
			"tos":	0,
			"target_bitrate":	0,
			"bidir":	0,
			"fqrate":	0
		}
	},
	"intervals":	[{
			"streams":	[{
					"socket":	8,
					"start":	0,
					"end":	1.00471,
					"seconds":	1.0047099590301514,
					"bytes":	17432576,
					"bits_per_second":	138806833.50110474,
					"retransmits":	267,
					"snd_cwnd":	101388960,
					"snd_wnd":	5070848,
					"rtt":	260814,
					"rttvar":	239,
					"pmtu":	1500,
					"omitted":	false,
					"sender":	true
				}],
			"sum":	{
				"start":	0,
				"end":	1.00471,
				"seconds":	1.0047099590301514,
				"bytes":	17432576,
				"bits_per_second":	138806833.50110474,
				"retransmits":	267,
				"omitted":	false,
				"sender":	true
			}
		}, {
			"streams":	[{
					"socket":	8,
					"start":	1.00471,
					"end":	2.001043,
					"seconds":	0.99633300304412842,
					"bytes":	6029312,
					"bits_per_second":	48412022.740015224,
					"retransmits":	2043,
					"snd_cwnd":	6691208,
					"snd_wnd":	23920640,
					"rtt":	243461,
					"rttvar":	621,
					"pmtu":	1500,
					"omitted":	false,
					"sender":	true
				}],
			"sum":	{
				"start":	1.00471,
				"end":	2.001043,
				"seconds":	0.99633300304412842,
				"bytes":	6029312,
				"bits_per_second":	48412022.740015224,
				"retransmits":	2043,
				"omitted":	false,
				"sender":	true
			}
		}, {
			"streams":	[{
					"socket":	8,
					"start":	2.001043,
					"end":	3.004269,
					"seconds":	1.0032260417938232,
					"bytes":	12058624,
					"bits_per_second":	96158779.75765875,
					"retransmits":	806,
					"snd_cwnd":	4474320,
					"snd_wnd":	47775744,
					"rtt":	236553,
					"rttvar":	3400,
					"pmtu":	1500,
					"omitted":	false,
					"sender":	true
				}],
			"sum":	{
				"start":	2.001043,
				"end":	3.004269,
				"seconds":	1.0032260417938232,
				"bytes":	12058624,
				"bits_per_second":	96158779.75765875,
				"retransmits":	806,
				"omitted":	false,
				"sender":	true
			}
		}, {
			"streams":	[{
					"socket":	8,
					"start":	3.004269,
					"end":	4.001043,
					"seconds":	0.99677401781082153,
					"bytes":	33030144,
					"bits_per_second":	265096348.0973784,
					"retransmits":	423,
					"snd_cwnd":	2862696,
					"snd_wnd":	64233472,
					"rtt":	203967,
					"rttvar":	6018,
					"pmtu":	1500,
					"omitted":	false,
					"sender":	true
				}],
			"sum":	{
				"start":	3.004269,
				"end":	4.001043,
				"seconds":	0.99677401781082153,
				"bytes":	33030144,
				"bits_per_second":	265096348.0973784,
				"retransmits":	423,
				"omitted":	false,
				"sender":	true
			}
		}, {
			"streams":	[{
					"socket":	8,
					"start":	4.001043,
					"end":	5.001044,
					"seconds":	1.0000009536743164,
					"bytes":	9437184,
					"bits_per_second":	75497400.000068665,
					"retransmits":	22,
					"snd_cwnd":	1682576,
					"snd_wnd":	68886528,
					"rtt":	219491,
					"rttvar":	393,
					"pmtu":	1500,
					"omitted":	false,
					"sender":	true
				}],
			"sum":	{
				"start":	4.001043,
				"end":	5.001044,
				"seconds":	1.0000009536743164,
				"bytes":	9437184,
				"bits_per_second":	75497400.000068665,
				"retransmits":	22,
				"omitted":	false,
				"sender":	true
			}
		}, {
			"streams":	[{
					"socket":	8,
					"start":	5.001044,
					"end":	6.001042,
					"seconds":	0.99999797344207764,
					"bytes":	18743296,
					"bits_per_second":	149946671.87561584,
					"retransmits":	0,
					"snd_cwnd":	1783936,
					"snd_wnd":	68886528,
					"rtt":	61131,
					"rttvar":	168,
					"pmtu":	1500,
					"omitted":	false,
					"sender":	true
				}],
			"sum":	{
				"start":	5.001044,
				"end":	6.001042,
				"seconds":	0.99999797344207764,
				"bytes":	18743296,
				"bits_per_second":	149946671.87561584,
				"retransmits":	0,
				"omitted":	false,
				"sender":	true
			}
		}, {
			"streams":	[{
					"socket":	8,
					"start":	6.001042,
					"end":	7.002455,
					"seconds":	1.0014129877090454,
					"bytes":	10747904,
					"bits_per_second":	85861910.1762458,
					"retransmits":	0,
					"snd_cwnd":	1857784,
					"snd_wnd":	68886528,
					"rtt":	61019,
					"rttvar":	65,
					"pmtu":	1500,
					"omitted":	false,
					"sender":	true
				}],
			"sum":	{
				"start":	6.001042,
				"end":	7.002455,
				"seconds":	1.0014129877090454,
				"bytes":	10747904,
				"bits_per_second":	85861910.1762458,
				"retransmits":	0,
				"omitted":	false,
				"sender":	true
			}
		}],
	"end":	{
		"streams":	[{
				"sender":	{
					"socket":	8,
					"start":	0,
					"end":	7.003087,
					"seconds":	7.003087,
					"bytes":	107479040,
					"bits_per_second":	122779043.01345964,
					"retransmits":	3561,
					"max_snd_cwnd":	101388960,
					"max_snd_wnd":	68886528,
					"max_rtt":	260814,
					"min_rtt":	61019,
					"mean_rtt":	168431,
					"sender":	true
				},
				"receiver":	{
					"socket":	8,
					"start":	0,
					"end":	7.061402,
					"seconds":	7.003087,
					"bytes":	107085824,
					"bits_per_second":	121319617.83226617,
					"sender":	true
				}
			}],
		"sum_sent":	{
			"start":	0,
			"end":	7.003087,
			"seconds":	7.003087,
			"bytes":	107479040,
			"bits_per_second":	122779043.01345964,
			"retransmits":	3561,
			"sender":	true
		},
		"sum_received":	{
			"start":	0,
			"end":	7.061402,
			"seconds":	7.061402,
			"bytes":	107085824,
			"bits_per_second":	121319617.83226617,
			"sender":	true
		},
		"cpu_utilization_percent":	{
			"host_total":	7.9273570983912967,
			"host_user":	7.4121752790998139,
			"host_system":	0.515194403117064,
			"remote_total":	2.349768176938916,
			"remote_user":	0.0922335734172447,
			"remote_system":	2.257534603521671
		},
		"sender_tcp_congestion":	"cubic",
		"receiver_tcp_congestion":	"cubic"
	}
}
