{
	"start":	{
		"connected":	[{
				"socket":	8,
				"local_host":	"172.16.0.113",
				"local_port":	38406,
				"remote_host":	"172.17.0.113",
				"remote_port":	5201
			}],
		"version":	"iperf 3.16",
		"system_info":	"Linux h1 6.12.54-0b264c55b-l4steam-117 #1 SMP PREEMPT_DYNAMIC Fri Nov  7 18:07:57 UTC 2025 x86_64",
		"timestamp":	{
			"time":	"Sun, 22 Feb 2026 02:51:06 GMT",
			"timesecs":	1771728666
		},
		"connecting_to":	{
			"host":	"172.17.0.113",
			"port":	5201
		},
		"cookie":	"scstmw5r3ptq277x5txr6oilr6f6n3zb4ml7",
		"tcp_mss_default":	1448,
		"target_bitrate":	0,
		"fq_rate":	0,
		"sock_bufsize":	0,
		"sndbuf_actual":	1000000,
		"rcvbuf_actual":	1000000,
		"test_start":	{
			"protocol":	"TCP",
			"num_streams":	1,
			"blksize":	131072,
			"omit":	0,
			"duration":	0,
			"bytes":	107374182,
			"blocks":	0,
			"reverse":	0,
			"tos":	0,
			"target_bitrate":	0,
			"bidir":	0,
			"fqrate":	0
		}
	},
	"intervals":	[{
			"streams":	[{
					"socket":	8,
					"start":	0,
					"end":	1.001066,
					"seconds":	1.0010659694671631,
					"bytes":	19267584,
					"bits_per_second":	153976537.71213937,
					"retransmits":	1312,
					"snd_cwnd":	1448,
					"snd_wnd":	4464640,
					"rtt":	116145,
					"rttvar":	4506,
					"pmtu":	1500,
					"omitted":	false,
					"sender":	true
				}],
			"sum":	{
				"start":	0,
				"end":	1.001066,
				"seconds":	1.0010659694671631,
				"bytes":	19267584,
				"bits_per_second":	153976537.71213937,
				"retransmits":	1312,
				"omitted":	false,
				"sender":	true
			}
		}, {
			"streams":	[{
					"socket":	8,
					"start":	1.001066,
					"end":	2.001062,
					"seconds":	0.9999960064888,
					"bytes":	0,
					"bits_per_second":	0,
					"retransmits":	935,
					"snd_cwnd":	144439448,
					"snd_wnd":	19955712,
					"rtt":	293951,
					"rttvar":	10462,
					"pmtu":	1500,
					"omitted":	false,
					"sender":	true
				}],
			"sum":	{
				"start":	1.001066,
				"end":	2.001062,
				"seconds":	0.9999960064888,
				"bytes":	0,
				"bits_per_second":	0,
				"retransmits":	935,
				"omitted":	false,
				"sender":	true
			}
		}, {
			"streams":	[{
					"socket":	8,
					"start":	2.001062,
					"end":	3.004534,
					"seconds":	1.0034719705581665,
					"bytes":	14811136,
					"bits_per_second":	118079120.76915531,
					"retransmits":	7913,
					"snd_cwnd":	143508384,
					"snd_wnd":	48594944,
					"rtt":	154728,
					"rttvar":	12659,
					"pmtu":	1500,
					"omitted":	false,
					"sender":	true
				}],
			"sum":	{
				"start":	2.001062,
				"end":	3.004534,
				"seconds":	1.0034719705581665,
				"bytes":	14811136,
				"bits_per_second":	118079120.76915531,
				"retransmits":	7913,
				"omitted":	false,
				"sender":	true
			}
		}, {
			"streams":	[{
					"socket":	8,
					"start":	3.004534,
					"end":	4.000597,
					"seconds":	0.996062994003296,
					"bytes":	10223616,
					"bits_per_second":	82112204.240497425,
					"retransmits":	3844,
					"snd_cwnd":	142839408,
					"snd_wnd":	57692160,
					"rtt":	270516,
					"rttvar":	17764,
					"pmtu":	1500,
					"omitted":	false,
					"sender":	true
				}],
			"sum":	{
				"start":	3.004534,
				"end":	4.000597,
				"seconds":	0.996062994003296,
				"bytes":	10223616,
				"bits_per_second":	82112204.240497425,
				"retransmits":	3844,
				"omitted":	false,
				"sender":	true
			}
		}, {
			"streams":	[{
					"socket":	8,
					"start":	4.000597,
					"end":	5.000394,
					"seconds":	0.999796986579895,
					"bytes":	36306944,
					"bits_per_second":	290514530.34839624,
					"retransmits":	7141,
					"snd_cwnd":	142348536,
					"snd_wnd":	58306560,
					"rtt":	332498,
					"rttvar":	2729,
					"pmtu":	1500,
					"omitted":	false,
					"sender":	true
				}],
			"sum":	{
				"start":	4.000597,
				"end":	5.000394,
				"seconds":	0.999796986579895,
				"bytes":	36306944,
				"bits_per_second":	290514530.34839624,
				"retransmits":	7141,
				"omitted":	false,
				"sender":	true
			}
		}, {
			"streams":	[{
					"socket":	8,
					"start":	5.000394,
					"end":	6.001228,
					"seconds":	1.0008339881896973,
					"bytes":	9306112,
					"bits_per_second":	74386858.2387602,
					"retransmits":	11102,
					"snd_cwnd":	141815672,
					"snd_wnd":	51519488,
					"rtt":	354550,
					"rttvar":	6295,
					"pmtu":	1500,
					"omitted":	false,
					"sender":	true
				}],
			"sum":	{
				"start":	5.000394,
				"end":	6.001228,
				"seconds":	1.0008339881896973,
				"bytes":	9306112,
				"bits_per_second":	74386858.2387602,
				"retransmits":	11102,
				"omitted":	false,
				"sender":	true
			}
		}, {
			"streams":	[{
					"socket":	8,
					"start":	6.001228,
					"end":	7.024168,
					"seconds":	1.0229400396347046,
					"bytes":	17563648,
					"bits_per_second":	137358181.86389136,
					"retransmits":	17813,
					"snd_cwnd":	141162624,
					"snd_wnd":	43737088,
					"rtt":	248681,
					"rttvar":	6493,
					"pmtu":	1500,
					"omitted":	false,
					"sender":	true
				}],
			"sum":	{
				"start":	6.001228,
				"end":	7.024168,
				"seconds":	1.0229400396347046,
				"bytes":	17563648,
				"bits_per_second":	137358181.86389136,
				"retransmits":	17813,
				"omitted":	false,
				"sender":	true
			}
		}],
	"end":	{
		"streams":	[{
				"sender":	{
					"socket":	8,
					"start":	0,
					"end":	7.040523,
					"seconds":	7.040523,
					"bytes":	107479040,
					"bits_per_second":	122126199.9996307,
					"retransmits":	50601,
					"max_snd_cwnd":	144439448,
					"max_snd_wnd":	58306560,
					"max_rtt":	354550,
					"min_rtt":	116145,
					"mean_rtt":	251588,
					"sender":	true
				},
				"receiver":	{
					"socket":	8,
					"start":	0,
					"end":	7.139218,
					"seconds":	7.040523,
					"bytes":	72744960,
					"bits_per_second":	81515885.91355525,
					"sender":	true
				}
			}],
		"sum_sent":	{
			"start":	0,
			"end":	7.040523,
			"seconds":	7.040523,
			"bytes":	107479040,
			"bits_per_second":	122126199.9996307,
			"retransmits":	50601,
			"sender":	true
		},
		"sum_received":	{
			"start":	0,
			"end":	7.139218,
			"seconds":	7.139218,
			"bytes":	72744960,
			"bits_per_second":	81515885.91355525,
			"sender":	true
		},
		"cpu_utilization_percent":	{
			"host_total":	4.8727728111283568,
			"host_user":	2.0390066151034456,
			"host_system":	2.8337527419420807,
			"remote_total":	0.749170428743716,
			"remote_user":	0,
			"remote_system":	0.749184435856528
		},
		"sender_tcp_congestion":	"prague",
		"receiver_tcp_congestion":	"prague"
	}
}
