{
	"start":	{
		"connected":	[{
				"socket":	8,
				"local_host":	"172.16.0.17",
				"local_port":	41366,
				"remote_host":	"172.17.0.17",
				"remote_port":	5201
			}],
		"version":	"iperf 3.16",
		"system_info":	"Linux h1 6.12.54-0b264c55b-l4steam-117 #1 SMP PREEMPT_DYNAMIC Fri Nov  7 18:07:57 UTC 2025 x86_64",
		"timestamp":	{
			"time":	"Sun, 22 Feb 2026 02:51:05 GMT",
			"timesecs":	1771728665
		},
		"connecting_to":	{
			"host":	"172.17.0.17",
			"port":	5201
		},
		"cookie":	"476vcwupdlmx7pjnu5ntkhltydfx6bt6npr3",
		"tcp_mss_default":	1448,
		"target_bitrate":	0,
		"fq_rate":	0,
		"sock_bufsize":	0,
		"sndbuf_actual":	1000000,
		"rcvbuf_actual":	1000000,
		"test_start":	{
			"protocol":	"TCP",
			"num_streams":	1,
			"blksize":	131072,
			"omit":	0,
			"duration":	0,
			"bytes":	107374182,
			"blocks":	0,
			"reverse":	0,
			"tos":	0,
			"target_bitrate":	0,
			"bidir":	0,
			"fqrate":	0
		}
	},
	"intervals":	[{
			"streams":	[{
					"socket":	8,
					"start":	0,
					"end":	1.001054,
					"seconds":	1.001054048538208,
					"bytes":	40632320,
					"bits_per_second":	324716293.26575089,
					"retransmits":	13719,
					"snd_cwnd":	144562528,
					"snd_wnd":	42852352,
					"rtt":	218199,
					"rttvar":	4447,
					"pmtu":	1500,
					"omitted":	false,
					"sender":	true
				}],
			"sum":	{
				"start":	0,
				"end":	1.001054,
				"seconds":	1.001054048538208,
				"bytes":	40632320,
				"bits_per_second":	324716293.26575089,
				"retransmits":	13719,
				"omitted":	false,
				"sender":	true
			}
		}, {
			"streams":	[{
					"socket":	8,
					"start":	1.001054,
					"end":	2.001066,
					"seconds":	1.0000120401382446,
					"bytes":	13893632,
					"bits_per_second":	111147717.76611252,
					"retransmits":	33089,
					"snd_cwnd":	143808120,
					"snd_wnd":	84115456,
					"rtt":	114849,
					"rttvar":	7817,
					"pmtu":	1500,
					"omitted":	false,
					"sender":	true
				}],
			"sum":	{
				"start":	1.001054,
				"end":	2.001066,
				"seconds":	1.0000120401382446,
				"bytes":	13893632,
				"bits_per_second":	111147717.76611252,
				"retransmits":	33089,
				"omitted":	false,
				"sender":	true
			}
		}, {
			"streams":	[{
					"socket":	8,
					"start":	2.001066,
					"end":	3.001043,
					"seconds":	0.9999769926071167,
					"bytes":	14024704,
					"bits_per_second":	112200213.43439208,
					"retransmits":	10179,
					"snd_cwnd":	142804656,
					"snd_wnd":	86609920,
					"rtt":	268016,
					"rttvar":	15298,
					"pmtu":	1500,
					"omitted":	false,
					"sender":	true
				}],
			"sum":	{
				"start":	2.001066,
				"end":	3.001043,
				"seconds":	0.9999769926071167,
				"bytes":	14024704,
				"bits_per_second":	112200213.43439208,
				"retransmits":	10179,
				"omitted":	false,
				"sender":	true
			}
		}, {
			"streams":	[{
					"socket":	8,
					"start":	3.001043,
					"end":	4.001045,
					"seconds":	1.0000020265579224,
					"bytes":	7733248,
					"bits_per_second":	61865858.62525408,
					"retransmits":	1974,
					"snd_cwnd":	142257312,
					"snd_wnd":	86614016,
					"rtt":	399932,
					"rttvar":	31333,
					"pmtu":	1500,
					"omitted":	false,
					"sender":	true
				}],
			"sum":	{
				"start":	3.001043,
				"end":	4.001045,
				"seconds":	1.0000020265579224,
				"bytes":	7733248,
				"bits_per_second":	61865858.62525408,
				"retransmits":	1974,
				"omitted":	false,
				"sender":	true
			}
		}, {
			"streams":	[{
					"socket":	8,
					"start":	4.001045,
					"end":	5.020552,
					"seconds":	1.0195070505142212,
					"bytes":	14811136,
					"bits_per_second":	116221940.73129383,
					"retransmits":	3392,
					"snd_cwnd":	141663632,
					"snd_wnd":	86614016,
					"rtt":	326679,
					"rttvar":	9969,
					"pmtu":	1500,
					"omitted":	false,
					"sender":	true
				}],
			"sum":	{
				"start":	4.001045,
				"end":	5.020552,
				"seconds":	1.0195070505142212,
				"bytes":	14811136,
				"bits_per_second":	116221940.73129383,
				"retransmits":	3392,
				"omitted":	false,
				"sender":	true
			}
		}, {
			"streams":	[{
					"socket":	8,
					"start":	5.020552,
					"end":	6.000685,
					"seconds":	0.98013299703598022,
					"bytes":	7208960,
					"bits_per_second":	58840667.7199981,
					"retransmits":	3989,
					"snd_cwnd":	141109048,
					"snd_wnd":	85528576,
					"rtt":	280571,
					"rttvar":	3233,
					"pmtu":	1500,
					"omitted":	false,
					"sender":	true
				}],
			"sum":	{
				"start":	5.020552,
				"end":	6.000685,
				"seconds":	0.98013299703598022,
				"bytes":	7208960,
				"bits_per_second":	58840667.7199981,
				"retransmits":	3989,
				"omitted":	false,
				"sender":	true
			}
		}],
	"end":	{
		"streams":	[{
				"sender":	{
					"socket":	8,
					"start":	0,
					"end":	6.001114,
					"seconds":	6.001114,
					"bytes":	107479040,
					"bits_per_second":	143278784.57233107,
					"retransmits":	66342,
					"max_snd_cwnd":	144562528,
					"max_snd_wnd":	86614016,
					"max_rtt":	399932,
					"min_rtt":	114849,
					"mean_rtt":	269831,
					"sender":	true
				},
				"receiver":	{
					"socket":	8,
					"start":	0,
					"end":	6.070036,
					"seconds":	6.001114,
					"bytes":	93978624,
					"bits_per_second":	123859066.404219,
					"sender":	true
				}
			}],
		"sum_sent":	{
			"start":	0,
			"end":	6.001114,
			"seconds":	6.001114,
			"bytes":	107479040,
			"bits_per_second":	143278784.57233107,
			"retransmits":	66342,
			"sender":	true
		},
		"sum_received":	{
			"start":	0,
			"end":	6.070036,
			"seconds":	6.070036,
			"bytes":	93978624,
			"bits_per_second":	123859066.404219,
			"sender":	true
		},
		"cpu_utilization_percent":	{
			"host_total":	14.318370109037906,
			"host_user":	9.3699687746519054,
			"host_system":	4.9484173096996678,
			"remote_total":	1.5593274062022193,
			"remote_user":	0,
			"remote_system":	1.5593603548436892
		},
		"sender_tcp_congestion":	"prague",
		"receiver_tcp_congestion":	"prague"
	}
}
