{
	"start":	{
		"connected":	[{
				"socket":	8,
				"local_host":	"172.16.0.41",
				"local_port":	36770,
				"remote_host":	"172.17.0.41",
				"remote_port":	5201
			}],
		"version":	"iperf 3.16",
		"system_info":	"Linux h1 6.12.54-0b264c55b-l4steam-117 #1 SMP PREEMPT_DYNAMIC Fri Nov  7 18:07:57 UTC 2025 x86_64",
		"timestamp":	{
			"time":	"Sun, 22 Feb 2026 02:51:06 GMT",
			"timesecs":	1771728666
		},
		"connecting_to":	{
			"host":	"172.17.0.41",
			"port":	5201
		},
		"cookie":	"hxw2s4h5c7bm76sv4eikongqkqg4jkddwohq",
		"tcp_mss_default":	1448,
		"target_bitrate":	0,
		"fq_rate":	0,
		"sock_bufsize":	0,
		"sndbuf_actual":	1000000,
		"rcvbuf_actual":	1000000,
		"test_start":	{
			"protocol":	"TCP",
			"num_streams":	1,
			"blksize":	131072,
			"omit":	0,
			"duration":	0,
			"bytes":	107374182,
			"blocks":	0,
			"reverse":	0,
			"tos":	0,
			"target_bitrate":	0,
			"bidir":	0,
			"fqrate":	0
		}
	},
	"intervals":	[{
			"streams":	[{
					"socket":	8,
					"start":	0,
					"end":	1.001121,
					"seconds":	1.0011210441589355,
					"bytes":	50069504,
					"bits_per_second":	400107493.83109432,
					"retransmits":	11757,
					"snd_cwnd":	144215008,
					"snd_wnd":	35553280,
					"rtt":	135111,
					"rttvar":	4240,
					"pmtu":	1500,
					"omitted":	false,
					"sender":	true
				}],
			"sum":	{
				"start":	0,
				"end":	1.001121,
				"seconds":	1.0011210441589355,
				"bytes":	50069504,
				"bits_per_second":	400107493.83109432,
				"retransmits":	11757,
				"omitted":	false,
				"sender":	true
			}
		}, {
			"streams":	[{
					"socket":	8,
					"start":	1.001121,
					"end":	2.00105,
					"seconds":	0.99992901086807251,
					"bytes":	2752512,
					"bits_per_second":	22021659.2984772,
					"retransmits":	44994,
					"snd_cwnd":	143270912,
					"snd_wnd":	94298112,
					"rtt":	119529,
					"rttvar":	9837,
					"pmtu":	1500,
					"omitted":	false,
					"sender":	true
				}],
			"sum":	{
				"start":	1.001121,
				"end":	2.00105,
				"seconds":	0.99992901086807251,
				"bytes":	2752512,
				"bits_per_second":	22021659.2984772,
				"retransmits":	44994,
				"omitted":	false,
				"sender":	true
			}
		}, {
			"streams":	[{
					"socket":	8,
					"start":	2.00105,
					"end":	3.001042,
					"seconds":	0.9999920129776,
					"bytes":	20185088,
					"bits_per_second":	161481993.76030135,
					"retransmits":	3241,
					"snd_cwnd":	142423832,
					"snd_wnd":	123658240,
					"rtt":	212103,
					"rttvar":	15594,
					"pmtu":	1500,
					"omitted":	false,
					"sender":	true
				}],
			"sum":	{
				"start":	2.00105,
				"end":	3.001042,
				"seconds":	0.9999920129776,
				"bytes":	20185088,
				"bits_per_second":	161481993.76030135,
				"retransmits":	3241,
				"omitted":	false,
				"sender":	true
			}
		}, {
			"streams":	[{
					"socket":	8,
					"start":	3.001042,
					"end":	4.004946,
					"seconds":	1.0039039850234985,
					"bytes":	13500416,
					"bits_per_second":	107583324.31310345,
					"retransmits":	1396,
					"snd_cwnd":	141750512,
					"snd_wnd":	144138240,
					"rtt":	421498,
					"rttvar":	22026,
					"pmtu":	1500,
					"omitted":	false,
					"sender":	true
				}],
			"sum":	{
				"start":	3.001042,
				"end":	4.004946,
				"seconds":	1.0039039850234985,
				"bytes":	13500416,
				"bits_per_second":	107583324.31310345,
				"retransmits":	1396,
				"omitted":	false,
				"sender":	true
			}
		}, {
			"streams":	[{
					"socket":	8,
					"start":	4.004946,
					"end":	5.001225,
					"seconds":	0.996279001235962,
					"bytes":	14155776,
					"bits_per_second":	113669170.84422058,
					"retransmits":	4361,
					"snd_cwnd":	141243712,
					"snd_wnd":	147644416,
					"rtt":	308983,
					"rttvar":	10068,
					"pmtu":	1500,
					"omitted":	false,
					"sender":	true
				}],
			"sum":	{
				"start":	4.004946,
				"end":	5.001225,
				"seconds":	0.996279001235962,
				"bytes":	14155776,
				"bits_per_second":	113669170.84422058,
				"retransmits":	4361,
				"omitted":	false,
				"sender":	true
			}
		}, {
			"streams":	[{
					"socket":	8,
					"start":	5.001225,
					"end":	6.000768,
					"seconds":	0.999543011188507,
					"bytes":	5373952,
					"bits_per_second":	43011271.669921234,
					"retransmits":	1688,
					"snd_cwnd":	140668856,
					"snd_wnd":	144621568,
					"rtt":	275511,
					"rttvar":	2857,
					"pmtu":	1500,
					"omitted":	false,
					"sender":	true
				}],
			"sum":	{
				"start":	5.001225,
				"end":	6.000768,
				"seconds":	0.999543011188507,
				"bytes":	5373952,
				"bits_per_second":	43011271.669921234,
				"retransmits":	1688,
				"omitted":	false,
				"sender":	true
			}
		}],
	"end":	{
		"streams":	[{
				"sender":	{
					"socket":	8,
					"start":	0,
					"end":	6.001075,
					"seconds":	6.001075,
					"bytes":	107479040,
					"bits_per_second":	143279715.71760058,
					"retransmits":	67437,
					"max_snd_cwnd":	144215008,
					"max_snd_wnd":	147644416,
					"max_rtt":	421498,
					"min_rtt":	119529,
					"mean_rtt":	249749,
					"sender":	true
				},
				"receiver":	{
					"socket":	8,
					"start":	0,
					"end":	6.069227,
					"seconds":	6.001075,
					"bytes":	107347968,
					"bits_per_second":	141498043.16101539,
					"sender":	true
				}
			}],
		"sum_sent":	{
			"start":	0,
			"end":	6.001075,
			"seconds":	6.001075,
			"bytes":	107479040,
			"bits_per_second":	143279715.71760058,
			"retransmits":	67437,
			"sender":	true
		},
		"sum_received":	{
			"start":	0,
			"end":	6.069227,
			"seconds":	6.069227,
			"bytes":	107347968,
			"bits_per_second":	141498043.16101539,
			"sender":	true
		},
		"cpu_utilization_percent":	{
			"host_total":	14.557797732089703,
			"host_user":	10.906811220012976,
			"host_system":	3.6509865120767269,
			"remote_total":	1.1767039733633908,
			"remote_user":	0,
			"remote_system":	1.1767369264130392
		},
		"sender_tcp_congestion":	"prague",
		"receiver_tcp_congestion":	"prague"
	}
}
