{
	"start":	{
		"connected":	[{
				"socket":	8,
				"local_host":	"172.16.0.49",
				"local_port":	55024,
				"remote_host":	"172.17.0.49",
				"remote_port":	5201
			}],
		"version":	"iperf 3.16",
		"system_info":	"Linux h1 6.12.54-0b264c55b-l4steam-117 #1 SMP PREEMPT_DYNAMIC Fri Nov  7 18:07:57 UTC 2025 x86_64",
		"timestamp":	{
			"time":	"Sun, 22 Feb 2026 02:51:06 GMT",
			"timesecs":	1771728666
		},
		"connecting_to":	{
			"host":	"172.17.0.49",
			"port":	5201
		},
		"cookie":	"ztku74bkhuljidzs7krutchwqccmxxkbczhw",
		"tcp_mss_default":	1448,
		"target_bitrate":	0,
		"fq_rate":	0,
		"sock_bufsize":	0,
		"sndbuf_actual":	1000000,
		"rcvbuf_actual":	1000000,
		"test_start":	{
			"protocol":	"TCP",
			"num_streams":	1,
			"blksize":	131072,
			"omit":	0,
			"duration":	0,
			"bytes":	107374182,
			"blocks":	0,
			"reverse":	0,
			"tos":	0,
			"target_bitrate":	0,
			"bidir":	0,
			"fqrate":	0
		}
	},
	"intervals":	[{
			"streams":	[{
					"socket":	8,
					"start":	0,
					"end":	1.001062,
					"seconds":	1.0010620355606079,
					"bytes":	48758784,
					"bits_per_second":	389656443.00111282,
					"retransmits":	12500,
					"snd_cwnd":	144582800,
					"snd_wnd":	31981568,
					"rtt":	157190,
					"rttvar":	9986,
					"pmtu":	1500,
					"omitted":	false,
					"sender":	true
				}],
			"sum":	{
				"start":	0,
				"end":	1.001062,
				"seconds":	1.0010620355606079,
				"bytes":	48758784,
				"bits_per_second":	389656443.00111282,
				"retransmits":	12500,
				"omitted":	false,
				"sender":	true
			}
		}, {
			"streams":	[{
					"socket":	8,
					"start":	1.001062,
					"end":	2.001063,
					"seconds":	1.0000009536743164,
					"bytes":	0,
					"bits_per_second":	0,
					"retransmits":	26568,
					"snd_cwnd":	1448,
					"snd_wnd":	49303552,
					"rtt":	111007,
					"rttvar":	4011,
					"pmtu":	1500,
					"omitted":	false,
					"sender":	true
				}],
			"sum":	{
				"start":	1.001062,
				"end":	2.001063,
				"seconds":	1.0000009536743164,
				"bytes":	0,
				"bits_per_second":	0,
				"retransmits":	26568,
				"omitted":	false,
				"sender":	true
			}
		}, {
			"streams":	[{
					"socket":	8,
					"start":	2.001063,
					"end":	3.001058,
					"seconds":	0.999994993209839,
					"bytes":	0,
					"bits_per_second":	0,
					"retransmits":	254,
					"snd_cwnd":	183896,
					"snd_wnd":	49672192,
					"rtt":	76160,
					"rttvar":	1315,
					"pmtu":	1500,
					"omitted":	false,
					"sender":	true
				}],
			"sum":	{
				"start":	2.001063,
				"end":	3.001058,
				"seconds":	0.999994993209839,
				"bytes":	0,
				"bits_per_second":	0,
				"retransmits":	254,
				"omitted":	false,
				"sender":	true
			}
		}, {
			"streams":	[{
					"socket":	8,
					"start":	3.001058,
					"end":	4.00121,
					"seconds":	1.0001519918441772,
					"bytes":	0,
					"bits_per_second":	0,
					"retransmits":	10350,
					"snd_cwnd":	3340536,
					"snd_wnd":	67596288,
					"rtt":	117561,
					"rttvar":	3441,
					"pmtu":	1500,
					"omitted":	false,
					"sender":	true
				}],
			"sum":	{
				"start":	3.001058,
				"end":	4.00121,
				"seconds":	1.0001519918441772,
				"bytes":	0,
				"bits_per_second":	0,
				"retransmits":	10350,
				"omitted":	false,
				"sender":	true
			}
		}, {
			"streams":	[{
					"socket":	8,
					"start":	4.00121,
					"end":	5.03366,
					"seconds":	1.0324499607086182,
					"bytes":	20316160,
					"bits_per_second":	157420975.52935994,
					"retransmits":	6507,
					"snd_cwnd":	5379320,
					"snd_wnd":	92573696,
					"rtt":	198559,
					"rttvar":	7880,
					"pmtu":	1500,
					"omitted":	false,
					"sender":	true
				}],
			"sum":	{
				"start":	4.00121,
				"end":	5.03366,
				"seconds":	1.0324499607086182,
				"bytes":	20316160,
				"bits_per_second":	157420975.52935994,
				"retransmits":	6507,
				"omitted":	false,
				"sender":	true
			}
		}, {
			"streams":	[{
					"socket":	8,
					"start":	5.03366,
					"end":	6.001642,
					"seconds":	0.967981994152069,
					"bytes":	11010048,
					"bits_per_second":	90993824.815054,
					"retransmits":	61,
					"snd_cwnd":	4959400,
					"snd_wnd":	109281280,
					"rtt":	86297,
					"rttvar":	2103,
					"pmtu":	1500,
					"omitted":	false,
					"sender":	true
				}],
			"sum":	{
				"start":	5.03366,
				"end":	6.001642,
				"seconds":	0.967981994152069,
				"bytes":	11010048,
				"bits_per_second":	90993824.815054,
				"retransmits":	61,
				"omitted":	false,
				"sender":	true
			}
		}, {
			"streams":	[{
					"socket":	8,
					"start":	6.001642,
					"end":	7.001243,
					"seconds":	0.99960100650787354,
					"bytes":	9961472,
					"bits_per_second":	79723585.191660464,
					"retransmits":	212,
					"snd_cwnd":	3282616,
					"snd_wnd":	126836736,
					"rtt":	63158,
					"rttvar":	507,
					"pmtu":	1500,
					"omitted":	false,
					"sender":	true
				}],
			"sum":	{
				"start":	6.001642,
				"end":	7.001243,
				"seconds":	0.99960100650787354,
				"bytes":	9961472,
				"bits_per_second":	79723585.191660464,
				"retransmits":	212,
				"omitted":	false,
				"sender":	true
			}
		}, {
			"streams":	[{
					"socket":	8,
					"start":	7.001243,
					"end":	8.001059,
					"seconds":	0.99981600046157837,
					"bytes":	16646144,
					"bits_per_second":	133193659.57188192,
					"retransmits":	535,
					"snd_cwnd":	1245280,
					"snd_wnd":	131248128,
					"rtt":	68155,
					"rttvar":	3835,
					"pmtu":	1500,
					"omitted":	false,
					"sender":	true
				}],
			"sum":	{
				"start":	7.001243,
				"end":	8.001059,
				"seconds":	0.99981600046157837,
				"bytes":	16646144,
				"bits_per_second":	133193659.57188192,
				"retransmits":	535,
				"omitted":	false,
				"sender":	true
			}
		}],
	"end":	{
		"streams":	[{
				"sender":	{
					"socket":	8,
					"start":	0,
					"end":	8.007112,
					"seconds":	8.007112,
					"bytes":	107479040,
					"bits_per_second":	107383576.00093518,
					"retransmits":	56987,
					"max_snd_cwnd":	144582800,
					"max_snd_wnd":	131248128,
					"max_rtt":	198559,
					"min_rtt":	63158,
					"mean_rtt":	105138,
					"sender":	true
				},
				"receiver":	{
					"socket":	8,
					"start":	0,
					"end":	8.080274,
					"seconds":	8.007112,
					"bytes":	82837504,
					"bits_per_second":	82014549.506613269,
					"sender":	true
				}
			}],
		"sum_sent":	{
			"start":	0,
			"end":	8.007112,
			"seconds":	8.007112,
			"bytes":	107479040,
			"bits_per_second":	107383576.00093518,
			"retransmits":	56987,
			"sender":	true
		},
		"sum_received":	{
			"start":	0,
			"end":	8.080274,
			"seconds":	8.080274,
			"bytes":	82837504,
			"bits_per_second":	82014549.506613269,
			"sender":	true
		},
		"cpu_utilization_percent":	{
			"host_total":	1.2739539952657484,
			"host_user":	0.59195080442363446,
			"host_system":	0.6820031908421138,
			"remote_total":	1.2738040799303492,
			"remote_user":	0,
			"remote_system":	1.27381645573145
		},
		"sender_tcp_congestion":	"prague",
		"receiver_tcp_congestion":	"prague"
	}
}
