{
	"start":	{
		"connected":	[{
				"socket":	8,
				"local_host":	"172.16.0.92",
				"local_port":	42212,
				"remote_host":	"172.17.0.92",
				"remote_port":	5201
			}],
		"version":	"iperf 3.16",
		"system_info":	"Linux h1 6.12.54-0b264c55b-l4steam-117 #1 SMP PREEMPT_DYNAMIC Fri Nov  7 18:07:57 UTC 2025 x86_64",
		"timestamp":	{
			"time":	"Sun, 22 Feb 2026 02:51:06 GMT",
			"timesecs":	1771728666
		},
		"connecting_to":	{
			"host":	"172.17.0.92",
			"port":	5201
		},
		"cookie":	"aifjok6khvqe4unugt4a36v72d5macywe3xq",
		"tcp_mss_default":	1448,
		"target_bitrate":	0,
		"fq_rate":	0,
		"sock_bufsize":	0,
		"sndbuf_actual":	1000000,
		"rcvbuf_actual":	1000000,
		"test_start":	{
			"protocol":	"TCP",
			"num_streams":	1,
			"blksize":	131072,
			"omit":	0,
			"duration":	0,
			"bytes":	107374182,
			"blocks":	0,
			"reverse":	0,
			"tos":	0,
			"target_bitrate":	0,
			"bidir":	0,
			"fqrate":	0
		}
	},
	"intervals":	[{
			"streams":	[{
					"socket":	8,
					"start":	0,
					"end":	1.00104,
					"seconds":	1.001039981842041,
					"bytes":	13238272,
					"bits_per_second":	105796149.92512003,
					"retransmits":	90,
					"snd_cwnd":	4344,
					"snd_wnd":	741376,
					"rtt":	171127,
					"rttvar":	125344,
					"pmtu":	1500,
					"omitted":	false,
					"sender":	true
				}],
			"sum":	{
				"start":	0,
				"end":	1.00104,
				"seconds":	1.001039981842041,
				"bytes":	13238272,
				"bits_per_second":	105796149.92512003,
				"retransmits":	90,
				"omitted":	false,
				"sender":	true
			}
		}, {
			"streams":	[{
					"socket":	8,
					"start":	1.00104,
					"end":	2.001538,
					"seconds":	1.0004980564117432,
					"bytes":	0,
					"bits_per_second":	0,
					"retransmits":	27,
					"snd_cwnd":	20272,
					"snd_wnd":	774144,
					"rtt":	121714,
					"rttvar":	39495,
					"pmtu":	1500,
					"omitted":	false,
					"sender":	true
				}],
			"sum":	{
				"start":	1.00104,
				"end":	2.001538,
				"seconds":	1.0004980564117432,
				"bytes":	0,
				"bits_per_second":	0,
				"retransmits":	27,
				"omitted":	false,
				"sender":	true
			}
		}, {
			"streams":	[{
					"socket":	8,
					"start":	2.001538,
					"end":	3.001048,
					"seconds":	0.99950999021530151,
					"bytes":	0,
					"bits_per_second":	0,
					"retransmits":	170,
					"snd_cwnd":	399648,
					"snd_wnd":	3022848,
					"rtt":	71524,
					"rttvar":	1180,
					"pmtu":	1500,
					"omitted":	false,
					"sender":	true
				}],
			"sum":	{
				"start":	2.001538,
				"end":	3.001048,
				"seconds":	0.99950999021530151,
				"bytes":	0,
				"bits_per_second":	0,
				"retransmits":	170,
				"omitted":	false,
				"sender":	true
			}
		}, {
			"streams":	[{
					"socket":	8,
					"start":	3.001048,
					"end":	4.001501,
					"seconds":	1.000452995300293,
					"bytes":	14942208,
					"bits_per_second":	119483538.51858871,
					"retransmits":	1327,
					"snd_cwnd":	3071208,
					"snd_wnd":	18305024,
					"rtt":	72605,
					"rttvar":	1036,
					"pmtu":	1500,
					"omitted":	false,
					"sender":	true
				}],
			"sum":	{
				"start":	3.001048,
				"end":	4.001501,
				"seconds":	1.000452995300293,
				"bytes":	14942208,
				"bits_per_second":	119483538.51858871,
				"retransmits":	1327,
				"omitted":	false,
				"sender":	true
			}
		}, {
			"streams":	[{
					"socket":	8,
					"start":	4.001501,
					"end":	5.000294,
					"seconds":	0.99879300594329834,
					"bytes":	1179648,
					"bits_per_second":	9448588.39003099,
					"retransmits":	6,
					"snd_cwnd":	2057608,
					"snd_wnd":	26796032,
					"rtt":	78406,
					"rttvar":	1091,
					"pmtu":	1500,
					"omitted":	false,
					"sender":	true
				}],
			"sum":	{
				"start":	4.001501,
				"end":	5.000294,
				"seconds":	0.99879300594329834,
				"bytes":	1179648,
				"bits_per_second":	9448588.39003099,
				"retransmits":	6,
				"omitted":	false,
				"sender":	true
			}
		}, {
			"streams":	[{
					"socket":	8,
					"start":	5.000294,
					"end":	6.016474,
					"seconds":	1.0161800384521484,
					"bytes":	0,
					"bits_per_second":	0,
					"retransmits":	0,
					"snd_cwnd":	838392,
					"snd_wnd":	33329152,
					"rtt":	67865,
					"rttvar":	869,
					"pmtu":	1500,
					"omitted":	false,
					"sender":	true
				}],
			"sum":	{
				"start":	5.000294,
				"end":	6.016474,
				"seconds":	1.0161800384521484,
				"bytes":	0,
				"bits_per_second":	0,
				"retransmits":	0,
				"omitted":	false,
				"sender":	true
			}
		}, {
			"streams":	[{
					"socket":	8,
					"start":	6.016474,
					"end":	7.004404,
					"seconds":	0.98792999982833862,
					"bytes":	0,
					"bits_per_second":	0,
					"retransmits":	3,
					"snd_cwnd":	257744,
					"snd_wnd":	35823616,
					"rtt":	62680,
					"rttvar":	332,
					"pmtu":	1500,
					"omitted":	false,
					"sender":	true
				}],
			"sum":	{
				"start":	6.016474,
				"end":	7.004404,
				"seconds":	0.98792999982833862,
				"bytes":	0,
				"bits_per_second":	0,
				"retransmits":	3,
				"omitted":	false,
				"sender":	true
			}
		}, {
			"streams":	[{
					"socket":	8,
					"start":	7.004404,
					"end":	8.000208,
					"seconds":	0.99580401182174683,
					"bytes":	0,
					"bits_per_second":	0,
					"retransmits":	3,
					"snd_cwnd":	65160,
					"snd_wnd":	38055936,
					"rtt":	67785,
					"rttvar":	2243,
					"pmtu":	1500,
					"omitted":	false,
					"sender":	true
				}],
			"sum":	{
				"start":	7.004404,
				"end":	8.000208,
				"seconds":	0.99580401182174683,
				"bytes":	0,
				"bits_per_second":	0,
				"retransmits":	3,
				"omitted":	false,
				"sender":	true
			}
		}, {
			"streams":	[{
					"socket":	8,
					"start":	8.000208,
					"end":	9.001062,
					"seconds":	1.0008540153503418,
					"bytes":	0,
					"bits_per_second":	0,
					"retransmits":	0,
					"snd_cwnd":	85432,
					"snd_wnd":	39727104,
					"rtt":	61698,
					"rttvar":	141,
					"pmtu":	1500,
					"omitted":	false,
					"sender":	true
				}],
			"sum":	{
				"start":	8.000208,
				"end":	9.001062,
				"seconds":	1.0008540153503418,
				"bytes":	0,
				"bits_per_second":	0,
				"retransmits":	0,
				"omitted":	false,
				"sender":	true
			}
		}, {
			"streams":	[{
					"socket":	8,
					"start":	9.001062,
					"end":	10.001046,
					"seconds":	0.9999840259552002,
					"bytes":	0,
					"bits_per_second":	0,
					"retransmits":	0,
					"snd_cwnd":	108600,
					"snd_wnd":	39727104,
					"rtt":	61385,
					"rttvar":	114,
					"pmtu":	1500,
					"omitted":	false,
					"sender":	true
				}],
			"sum":	{
				"start":	9.001062,
				"end":	10.001046,
				"seconds":	0.9999840259552002,
				"bytes":	0,
				"bits_per_second":	0,
				"retransmits":	0,
				"omitted":	false,
				"sender":	true
			}
		}, {
			"streams":	[{
					"socket":	8,
					"start":	10.001046,
					"end":	11.00105,
					"seconds":	1.0000040531158447,
					"bytes":	3014656,
					"bits_per_second":	24117150.250396192,
					"retransmits":	0,
					"snd_cwnd":	131768,
					"snd_wnd":	39727104,
					"rtt":	61195,
					"rttvar":	81,
					"pmtu":	1500,
					"omitted":	false,
					"sender":	true
				}],
			"sum":	{
				"start":	10.001046,
				"end":	11.00105,
				"seconds":	1.0000040531158447,
				"bytes":	3014656,
				"bits_per_second":	24117150.250396192,
				"retransmits":	0,
				"omitted":	false,
				"sender":	true
			}
		}, {
			"streams":	[{
					"socket":	8,
					"start":	11.00105,
					"end":	12.001041,
					"seconds":	0.999990999698639,
					"bytes":	0,
					"bits_per_second":	0,
					"retransmits":	0,
					"snd_cwnd":	154936,
					"snd_wnd":	39727104,
					"rtt":	61074,
					"rttvar":	39,
					"pmtu":	1500,
					"omitted":	false,
					"sender":	true
				}],
			"sum":	{
				"start":	11.00105,
				"end":	12.001041,
				"seconds":	0.999990999698639,
				"bytes":	0,
				"bits_per_second":	0,
				"retransmits":	0,
				"omitted":	false,
				"sender":	true
			}
		}, {
			"streams":	[{
					"socket":	8,
					"start":	12.001041,
					"end":	13.001054,
					"seconds":	1.000012993812561,
					"bytes":	3014656,
					"bits_per_second":	24116934.629071884,
					"retransmits":	0,
					"snd_cwnd":	179552,