{
	"start":	{
		"connected":	[{
				"socket":	8,
				"local_host":	"172.16.0.52",
				"local_port":	52680,
				"remote_host":	"172.17.0.52",
				"remote_port":	5201
			}],
		"version":	"iperf 3.16",
		"system_info":	"Linux h1 6.12.54-0b264c55b-l4steam-117 #1 SMP PREEMPT_DYNAMIC Fri Nov  7 18:07:57 UTC 2025 x86_64",
		"timestamp":	{
			"time":	"Sun, 22 Feb 2026 02:47:38 GMT",
			"timesecs":	1771728458
		},
		"connecting_to":	{
			"host":	"172.17.0.52",
			"port":	5201
		},
		"cookie":	"coximuuqfpgahzpd4ijfp4hmgm3irpfotot7",
		"tcp_mss_default":	1448,
		"target_bitrate":	0,
		"fq_rate":	0,
		"sock_bufsize":	0,
		"sndbuf_actual":	1000000,
		"rcvbuf_actual":	1000000,
		"test_start":	{
			"protocol":	"TCP",
			"num_streams":	1,
			"blksize":	131072,
			"omit":	0,
			"duration":	0,
			"bytes":	107374182,
			"blocks":	0,
			"reverse":	0,
			"tos":	0,
			"target_bitrate":	0,
			"bidir":	0,
			"fqrate":	0
		}
	},
	"intervals":	[{
			"streams":	[{
					"socket":	8,
					"start":	0,
					"end":	1.001072,
					"seconds":	1.00107204914093,
					"bytes":	39190528,
					"bits_per_second":	313188470.56917709,
					"retransmits":	1604,
					"snd_cwnd":	8272424,
					"snd_wnd":	22597632,
					"rtt":	409943,
					"rttvar":	7613,
					"pmtu":	1500,
					"omitted":	false,
					"sender":	true
				}],
			"sum":	{
				"start":	0,
				"end":	1.001072,
				"seconds":	1.00107204914093,
				"bytes":	39190528,
				"bits_per_second":	313188470.56917709,
				"retransmits":	1604,
				"omitted":	false,
				"sender":	true
			}
		}, {
			"streams":	[{
					"socket":	8,
					"start":	1.001072,
					"end":	2.001099,
					"seconds":	1.0000269412994385,
					"bytes":	0,
					"bits_per_second":	0,
					"retransmits":	4821,
					"snd_cwnd":	101387512,
					"snd_wnd":	24924160,
					"rtt":	264185,
					"rttvar":	1819,
					"pmtu":	1500,
					"omitted":	false,
					"sender":	true
				}],
			"sum":	{
				"start":	1.001072,
				"end":	2.001099,
				"seconds":	1.0000269412994385,
				"bytes":	0,
				"bits_per_second":	0,
				"retransmits":	4821,
				"omitted":	false,
				"sender":	true
			}
		}, {
			"streams":	[{
					"socket":	8,
					"start":	2.001099,
					"end":	3.000245,
					"seconds":	0.9991459846496582,
					"bytes":	6422528,
					"bits_per_second":	51424141.005797088,
					"retransmits":	1542,
					"snd_cwnd":	7548424,
					"snd_wnd":	44945408,
					"rtt":	518277,
					"rttvar":	5450,
					"pmtu":	1500,
					"omitted":	false,
					"sender":	true
				}],
			"sum":	{
				"start":	2.001099,
				"end":	3.000245,
				"seconds":	0.9991459846496582,
				"bytes":	6422528,
				"bits_per_second":	51424141.005797088,
				"retransmits":	1542,
				"omitted":	false,
				"sender":	true
			}
		}, {
			"streams":	[{
					"socket":	8,
					"start":	3.000245,
					"end":	4.000183,
					"seconds":	0.99993801116943359,
					"bytes":	8519680,
					"bits_per_second":	68161665.261919051,
					"retransmits":	6048,
					"snd_cwnd":	70989648,
					"snd_wnd":	66330624,
					"rtt":	85092,
					"rttvar":	4663,
					"pmtu":	1500,
					"omitted":	false,
					"sender":	true
				}],
			"sum":	{
				"start":	3.000245,
				"end":	4.000183,
				"seconds":	0.99993801116943359,
				"bytes":	8519680,
				"bits_per_second":	68161665.261919051,
				"retransmits":	6048,
				"omitted":	false,
				"sender":	true
			}
		}, {
			"streams":	[{
					"socket":	8,
					"start":	4.000183,
					"end":	5.004458,
					"seconds":	1.0042749643325806,
					"bytes":	6553600,
					"bits_per_second":	52205622.82446526,
					"retransmits":	2166,
					"snd_cwnd":	4189064,
					"snd_wnd":	85893120,
					"rtt":	291158,
					"rttvar":	6500,
					"pmtu":	1500,
					"omitted":	false,
					"sender":	true
				}],
			"sum":	{
				"start":	4.000183,
				"end":	5.004458,
				"seconds":	1.0042749643325806,
				"bytes":	6553600,
				"bits_per_second":	52205622.82446526,
				"retransmits":	2166,
				"omitted":	false,
				"sender":	true
			}
		}, {
			"streams":	[{
					"socket":	8,
					"start":	5.004458,
					"end":	6.000697,
					"seconds":	0.99623900651931763,
					"bytes":	26083328,
					"bits_per_second":	209454380.55978572,
					"retransmits":	437,
					"snd_cwnd":	6371200,
					"snd_wnd":	105361408,
					"rtt":	457665,
					"rttvar":	6245,
					"pmtu":	1500,
					"omitted":	false,
					"sender":	true
				}],
			"sum":	{
				"start":	5.004458,
				"end":	6.000697,
				"seconds":	0.99623900651931763,
				"bytes":	26083328,
				"bits_per_second":	209454380.55978572,
				"retransmits":	437,
				"omitted":	false,
				"sender":	true
			}
		}, {
			"streams":	[{
					"socket":	8,
					"start":	6.000697,
					"end":	7.004236,
					"seconds":	1.003538966178894,
					"bytes":	8912896,
					"bits_per_second":	71051718.371730149,
					"retransmits":	3262,
					"snd_cwnd":	34809920,
					"snd_wnd":	121032704,
					"rtt":	200107,
					"rttvar":	12334,
					"pmtu":	1500,
					"omitted":	false,
					"sender":	true
				}],
			"sum":	{
				"start":	6.000697,
				"end":	7.004236,
				"seconds":	1.003538966178894,
				"bytes":	8912896,
				"bits_per_second":	71051718.371730149,
				"retransmits":	3262,
				"omitted":	false,
				"sender":	true
			}
		}],
	"end":	{
		"streams":	[{
				"sender":	{
					"socket":	8,
					"start":	0,
					"end":	7.012283,
					"seconds":	7.012283,
					"bytes":	107479040,
					"bits_per_second":	122618028.96431875,
					"retransmits":	19880,
					"max_snd_cwnd":	101387512,
					"max_snd_wnd":	121208832,
					"max_rtt":	518277,
					"min_rtt":	85092,
					"mean_rtt":	304006,
					"sender":	true
				},
				"receiver":	{
					"socket":	8,
					"start":	0,
					"end":	7.077512,
					"seconds":	7.012283,
					"bytes":	82182144,
					"bits_per_second":	92893823.7052795,
					"sender":	true
				}
			}],
		"sum_sent":	{
			"start":	0,
			"end":	7.012283,
			"seconds":	7.012283,
			"bytes":	107479040,
			"bits_per_second":	122618028.96431875,
			"retransmits":	19880,
			"sender":	true
		},
		"sum_received":	{
			"start":	0,
			"end":	7.077512,
			"seconds":	7.077512,
			"bytes":	82182144,
			"bits_per_second":	92893823.7052795,
			"sender":	true
		},
		"cpu_utilization_percent":	{
			"host_total":	3.4355620240959084,
			"host_user":	1.7699724546309752,
			"host_system":	1.6656033167170297,
			"remote_total":	1.0568795652383394,
			"remote_user":	0,
			"remote_system":	1.0568795652383394
		},
		"sender_tcp_congestion":	"cubic",
		"receiver_tcp_congestion":	"cubic"
	}
}
