{
	"start":	{
		"connected":	[{
				"socket":	8,
				"local_host":	"172.16.0.57",
				"local_port":	59618,
				"remote_host":	"172.17.0.57",
				"remote_port":	5201
			}],
		"version":	"iperf 3.16",
		"system_info":	"Linux h1 6.12.54-0b264c55b-l4steam-117 #1 SMP PREEMPT_DYNAMIC Fri Nov  7 18:07:57 UTC 2025 x86_64",
		"timestamp":	{
			"time":	"Sun, 22 Feb 2026 02:47:38 GMT",
			"timesecs":	1771728458
		},
		"connecting_to":	{
			"host":	"172.17.0.57",
			"port":	5201
		},
		"cookie":	"zxxes7u2bpqjr72ddezwoz6m6jvqwacem5dr",
		"tcp_mss_default":	1448,
		"target_bitrate":	0,
		"fq_rate":	0,
		"sock_bufsize":	0,
		"sndbuf_actual":	1000000,
		"rcvbuf_actual":	1000000,
		"test_start":	{
			"protocol":	"TCP",
			"num_streams":	1,
			"blksize":	131072,
			"omit":	0,
			"duration":	0,
			"bytes":	107374182,
			"blocks":	0,
			"reverse":	0,
			"tos":	0,
			"target_bitrate":	0,
			"bidir":	0,
			"fqrate":	0
		}
	},
	"intervals":	[{
			"streams":	[{
					"socket":	8,
					"start":	0,
					"end":	1.000226,
					"seconds":	1.0002260208129883,
					"bytes":	38535168,
					"bits_per_second":	308211681.74511951,
					"retransmits":	825,
					"snd_cwnd":	7949520,
					"snd_wnd":	23400448,
					"rtt":	284610,
					"rttvar":	13383,
					"pmtu":	1500,
					"omitted":	false,
					"sender":	true
				}],
			"sum":	{
				"start":	0,
				"end":	1.000226,
				"seconds":	1.0002260208129883,
				"bytes":	38535168,
				"bits_per_second":	308211681.74511951,
				"retransmits":	825,
				"omitted":	false,
				"sender":	true
			}
		}, {
			"streams":	[{
					"socket":	8,
					"start":	1.000226,
					"end":	2.001182,
					"seconds":	1.0009560585021973,
					"bytes":	0,
					"bits_per_second":	0,
					"retransmits":	958,
					"snd_cwnd":	4897136,
					"snd_wnd":	46641152,
					"rtt":	284332,
					"rttvar":	756,
					"pmtu":	1500,
					"omitted":	false,
					"sender":	true
				}],
			"sum":	{
				"start":	1.000226,
				"end":	2.001182,
				"seconds":	1.0009560585021973,
				"bytes":	0,
				"bits_per_second":	0,
				"retransmits":	958,
				"omitted":	false,
				"sender":	true
			}
		}, {
			"streams":	[{
					"socket":	8,
					"start":	2.001182,
					"end":	3.031402,
					"seconds":	1.0302200317382812,
					"bytes":	6553600,
					"bits_per_second":	50890876.108803034,
					"retransmits":	2206,
					"snd_cwnd":	34802680,
					"snd_wnd":	68882432,
					"rtt":	123752,
					"rttvar":	5524,
					"pmtu":	1500,
					"omitted":	false,
					"sender":	true
				}],
			"sum":	{
				"start":	2.001182,
				"end":	3.031402,
				"seconds":	1.0302200317382812,
				"bytes":	6553600,
				"bits_per_second":	50890876.108803034,
				"retransmits":	2206,
				"omitted":	false,
				"sender":	true
			}
		}, {
			"streams":	[{
					"socket":	8,
					"start":	3.031402,
					"end":	4.00101,
					"seconds":	0.96960800886154175,
					"bytes":	9830400,
					"bits_per_second":	81108240.939901426,
					"retransmits":	97,
					"snd_cwnd":	24368392,
					"snd_wnd":	88207360,
					"rtt":	349010,
					"rttvar":	5435,
					"pmtu":	1500,
					"omitted":	false,
					"sender":	true
				}],
			"sum":	{
				"start":	3.031402,
				"end":	4.00101,
				"seconds":	0.96960800886154175,
				"bytes":	9830400,
				"bits_per_second":	81108240.939901426,
				"retransmits":	97,
				"omitted":	false,
				"sender":	true
			}
		}, {
			"streams":	[{
					"socket":	8,
					"start":	4.00101,
					"end":	5.006702,
					"seconds":	1.0056920051574707,
					"bytes":	9961472,
					"bits_per_second":	79240737.31452395,
					"retransmits":	0,
					"snd_cwnd":	24368392,
					"snd_wnd":	109772800,
					"rtt":	430043,
					"rttvar":	4517,
					"pmtu":	1500,
					"omitted":	false,
					"sender":	true
				}],
			"sum":	{
				"start":	4.00101,
				"end":	5.006702,
				"seconds":	1.0056920051574707,
				"bytes":	9961472,
				"bits_per_second":	79240737.31452395,
				"retransmits":	0,
				"omitted":	false,
				"sender":	true
			}
		}, {
			"streams":	[{
					"socket":	8,
					"start":	5.006702,
					"end":	6.000652,
					"seconds":	0.9939500093460083,
					"bytes":	10092544,
					"bits_per_second":	81231803.652906969,
					"retransmits":	2537,
					"snd_cwnd":	17082056,
					"snd_wnd":	117739520,
					"rtt":	341626,
					"rttvar":	8100,
					"pmtu":	1500,
					"omitted":	false,
					"sender":	true
				}],
			"sum":	{
				"start":	5.006702,
				"end":	6.000652,
				"seconds":	0.9939500093460083,
				"bytes":	10092544,
				"bits_per_second":	81231803.652906969,
				"retransmits":	2537,
				"omitted":	false,
				"sender":	true
			}
		}, {
			"streams":	[{
					"socket":	8,
					"start":	6.000652,
					"end":	7.000735,
					"seconds":	1.0000829696655273,
					"bytes":	18743296,
					"bits_per_second":	149933928.03214,
					"retransmits":	3232,
					"snd_cwnd":	11970616,
					"snd_wnd":	117739520,
					"rtt":	233175,
					"rttvar":	4476,
					"pmtu":	1500,
					"omitted":	false,
					"sender":	true
				}],
			"sum":	{
				"start":	6.000652,
				"end":	7.000735,
				"seconds":	1.0000829696655273,
				"bytes":	18743296,
				"bits_per_second":	149933928.03214,
				"retransmits":	3232,
				"omitted":	false,
				"sender":	true
			}
		}],
	"end":	{
		"streams":	[{
				"sender":	{
					"socket":	8,
					"start":	0,
					"end":	7.001126,
					"seconds":	7.001126,
					"bytes":	107479040,
					"bits_per_second":	122813433.15346703,
					"retransmits":	9855,
					"max_snd_cwnd":	34802680,
					"max_snd_wnd":	117739520,
					"max_rtt":	430043,
					"min_rtt":	123752,
					"mean_rtt":	284965,
					"sender":	true
				},
				"receiver":	{
					"socket":	8,
					"start":	0,
					"end":	7.070278,
					"seconds":	7.001126,
					"bytes":	82706432,
					"bits_per_second":	93582099.034861147,
					"sender":	true
				}
			}],
		"sum_sent":	{
			"start":	0,
			"end":	7.001126,
			"seconds":	7.001126,
			"bytes":	107479040,
			"bits_per_second":	122813433.15346703,
			"retransmits":	9855,
			"sender":	true
		},
		"sum_received":	{
			"start":	0,
			"end":	7.070278,
			"seconds":	7.070278,
			"bytes":	82706432,
			"bits_per_second":	93582099.034861147,
			"sender":	true
		},
		"cpu_utilization_percent":	{
			"host_total":	0.96357667777140243,
			"host_user":	0.010358672829778943,
			"host_system":	0.953204248404001,
			"remote_total":	1.044059456143718,
			"remote_user":	0.041525895624887649,
			"remote_system":	1.0025335605188304
		},
		"sender_tcp_congestion":	"cubic",
		"receiver_tcp_congestion":	"cubic"
	}
}
