{
	"start":	{
		"connected":	[{
				"socket":	8,
				"local_host":	"172.16.0.118",
				"local_port":	39514,
				"remote_host":	"172.17.0.118",
				"remote_port":	5201
			}],
		"version":	"iperf 3.16",
		"system_info":	"Linux h1 6.12.54-0b264c55b-l4steam-117 #1 SMP PREEMPT_DYNAMIC Fri Nov  7 18:07:57 UTC 2025 x86_64",
		"timestamp":	{
			"time":	"Sun, 22 Feb 2026 01:55:58 GMT",
			"timesecs":	1771725358
		},
		"connecting_to":	{
			"host":	"172.17.0.118",
			"port":	5201
		},
		"cookie":	"wormz7mtrcqrigb7esxi6scxim3r2hsasobo",
		"tcp_mss_default":	1448,
		"target_bitrate":	0,
		"fq_rate":	0,
		"sock_bufsize":	0,
		"sndbuf_actual":	1000000,
		"rcvbuf_actual":	1000000,
		"test_start":	{
			"protocol":	"TCP",
			"num_streams":	1,
			"blksize":	131072,
			"omit":	0,
			"duration":	0,
			"bytes":	107374182,
			"blocks":	0,
			"reverse":	0,
			"tos":	0,
			"target_bitrate":	0,
			"bidir":	0,
			"fqrate":	0
		}
	},
	"intervals":	[{
			"streams":	[{
					"socket":	8,
					"start":	0,
					"end":	1.000506,
					"seconds":	1.0005060434341431,
					"bytes":	17563648,
					"bits_per_second":	140438116.2133868,
					"retransmits":	110,
					"snd_cwnd":	144801448,
					"snd_wnd":	1036288,
					"rtt":	271834,
					"rttvar":	664,
					"pmtu":	1500,
					"omitted":	false,
					"sender":	true
				}],
			"sum":	{
				"start":	0,
				"end":	1.000506,
				"seconds":	1.0005060434341431,
				"bytes":	17563648,
				"bits_per_second":	140438116.2133868,
				"retransmits":	110,
				"omitted":	false,
				"sender":	true
			}
		}, {
			"streams":	[{
					"socket":	8,
					"start":	1.000506,
					"end":	2.001056,
					"seconds":	1.0005500316619873,
					"bytes":	0,
					"bits_per_second":	0,
					"retransmits":	485,
					"snd_cwnd":	1210528,
					"snd_wnd":	4100096,
					"rtt":	282877,
					"rttvar":	2408,
					"pmtu":	1500,
					"omitted":	false,
					"sender":	true
				}],
			"sum":	{
				"start":	1.000506,
				"end":	2.001056,
				"seconds":	1.0005500316619873,
				"bytes":	0,
				"bits_per_second":	0,
				"retransmits":	485,
				"omitted":	false,
				"sender":	true
			}
		}, {
			"streams":	[{
					"socket":	8,
					"start":	2.001056,
					"end":	3.001081,
					"seconds":	1.0000250339508057,
					"bytes":	0,
					"bits_per_second":	0,
					"retransmits":	6,
					"snd_cwnd":	385168,
					"snd_wnd":	5943296,
					"rtt":	268231,
					"rttvar":	1314,
					"pmtu":	1500,
					"omitted":	false,
					"sender":	true
				}],
			"sum":	{
				"start":	2.001056,
				"end":	3.001081,
				"seconds":	1.0000250339508057,
				"bytes":	0,
				"bits_per_second":	0,
				"retransmits":	6,
				"omitted":	false,
				"sender":	true
			}
		}, {
			"streams":	[{
					"socket":	8,
					"start":	3.001081,
					"end":	4.001075,
					"seconds":	0.99999397993087769,
					"bytes":	0,
					"bits_per_second":	0,
					"retransmits":	10,
					"snd_cwnd":	1201840,
					"snd_wnd":	9023488,
					"rtt":	267665,
					"rttvar":	2536,
					"pmtu":	1500,
					"omitted":	false,
					"sender":	true
				}],
			"sum":	{
				"start":	3.001081,
				"end":	4.001075,
				"seconds":	0.99999397993087769,
				"bytes":	0,
				"bits_per_second":	0,
				"retransmits":	10,
				"omitted":	false,
				"sender":	true
			}
		}, {
			"streams":	[{
					"socket":	8,
					"start":	4.001075,
					"end":	5.001039,
					"seconds":	0.99996399879455566,
					"bytes":	0,
					"bits_per_second":	0,
					"retransmits":	18,
					"snd_cwnd":	935408,
					"snd_wnd":	12738560,
					"rtt":	238452,
					"rttvar":	1341,
					"pmtu":	1500,
					"omitted":	false,
					"sender":	true
				}],
			"sum":	{
				"start":	4.001075,
				"end":	5.001039,
				"seconds":	0.99996399879455566,
				"bytes":	0,
				"bits_per_second":	0,
				"retransmits":	18,
				"omitted":	false,
				"sender":	true
			}
		}, {
			"streams":	[{
					"socket":	8,
					"start":	5.001039,
					"end":	6.000894,
					"seconds":	0.99985498189926147,
					"bytes":	0,
					"bits_per_second":	0,
					"retransmits":	0,
					"snd_cwnd":	958576,
					"snd_wnd":	16384000,
					"rtt":	264036,
					"rttvar":	146,
					"pmtu":	1500,
					"omitted":	false,
					"sender":	true
				}],
			"sum":	{
				"start":	5.001039,
				"end":	6.000894,
				"seconds":	0.99985498189926147,
				"bytes":	0,
				"bits_per_second":	0,
				"retransmits":	0,
				"omitted":	false,
				"sender":	true
			}
		}, {
			"streams":	[{
					"socket":	8,
					"start":	6.000894,
					"end":	7.000254,
					"seconds":	0.99936002492904663,
					"bytes":	0,
					"bits_per_second":	0,
					"retransmits":	0,
					"snd_cwnd":	863008,
					"snd_wnd":	21766144,
					"rtt":	57277,
					"rttvar":	57,
					"pmtu":	1500,
					"omitted":	false,
					"sender":	true
				}],
			"sum":	{
				"start":	6.000894,
				"end":	7.000254,
				"seconds":	0.99936002492904663,
				"bytes":	0,
				"bits_per_second":	0,
				"retransmits":	0,
				"omitted":	false,
				"sender":	true
			}
		}, {
			"streams":	[{
					"socket":	8,
					"start":	7.000254,
					"end":	8.000184,
					"seconds":	0.99993002414703369,
					"bytes":	53346304,
					"bits_per_second":	426800297.71487886,
					"retransmits":	0,
					"snd_cwnd":	5244656,
					"snd_wnd":	57741312,
					"rtt":	58389,
					"rttvar":	965,
					"pmtu":	1500,
					"omitted":	false,
					"sender":	true
				}],
			"sum":	{
				"start":	7.000254,
				"end":	8.000184,
				"seconds":	0.99993002414703369,
				"bytes":	53346304,
				"bits_per_second":	426800297.71487886,
				"retransmits":	0,
				"omitted":	false,
				"sender":	true
			}
		}, {
			"streams":	[{
					"socket":	8,
					"start":	8.000184,
					"end":	9.000254,
					"seconds":	1.0000699758529663,
					"bytes":	36569088,
					"bits_per_second":	292532233.80741918,
					"retransmits":	0,
					"snd_cwnd":	26003184,
					"snd_wnd":	67584000,
					"rtt":	57410,
					"rttvar":	71,
					"pmtu":	1500,
					"omitted":	false,
					"sender":	true
				}],
			"sum":	{
				"start":	8.000184,
				"end":	9.000254,
				"seconds":	1.0000699758529663,
				"bytes":	36569088,
				"bits_per_second":	292532233.80741918,
				"retransmits":	0,
				"omitted":	false,
				"sender":	true
			}
		}],
	"end":	{
		"streams":	[{
				"sender":	{
					"socket":	8,
					"start":	0,
					"end":	9.001477,
					"seconds":	9.001477,
					"bytes":	107479040,
					"bits_per_second":	95521248.3462436,
					"retransmits":	629,
					"max_snd_cwnd":	144801448,
					"max_snd_wnd":	67584000,
					"max_rtt":	282877,
					"min_rtt":	57277,
					"mean_rtt":	182358,
					"sender":	true
				},
				"receiver":	{
					"socket":	8,
					"start":	0,
					"end":	9.062473,
					"seconds":	9.001477,
					"bytes":	107479040,
					"bits_per_second":	94878331.775443628,
					"sender":	true
				}
			}],
		"sum_sent":	{
			"start":	0,
			"end":	9.001477,
			"seconds":	9.001477,
			"bytes":	107479040,
			"bits_per_second":	95521248.3462436,
			"retransmits":	629,
			"sender":	true
		},
		"sum_received":	{
			"start":	0,
			"end":	9.062473,
			"seconds":	9.062473,
			"bytes":	107479040,
			"bits_per_second":	94878331.775443628,
			"sender":	true
		},
		"cpu_utilization_percent":	{
			"host_total":	9.10472982756634,
			"host_user":	5.593024442532,
			"host_system":	3.5117153711157387,
			"remote_total":	2.094844846639746,
			"remote_user":	0.021329690476729064,
			"remote_system":	2.07352619066404
		},
		"sender_tcp_congestion":	"bbr",
		"receiver_tcp_congestion":	"bbr"
	}
}
