{
	"start":	{
		"connected":	[{
				"socket":	8,
				"local_host":	"172.16.0.16",
				"local_port":	37288,
				"remote_host":	"172.17.0.16",
				"remote_port":	5201
			}],
		"version":	"iperf 3.16",
		"system_info":	"Linux h1 6.12.54-0b264c55b-l4steam-117 #1 SMP PREEMPT_DYNAMIC Fri Nov  7 18:07:57 UTC 2025 x86_64",
		"timestamp":	{
			"time":	"Sun, 22 Feb 2026 01:55:57 GMT",
			"timesecs":	1771725357
		},
		"connecting_to":	{
			"host":	"172.17.0.16",
			"port":	5201
		},
		"cookie":	"5eiycfjsymx7gykz45tucvqtpyqakzzoyzth",
		"tcp_mss_default":	1448,
		"target_bitrate":	0,
		"fq_rate":	0,
		"sock_bufsize":	0,
		"sndbuf_actual":	1000000,
		"rcvbuf_actual":	1000000,
		"test_start":	{
			"protocol":	"TCP",
			"num_streams":	1,
			"blksize":	131072,
			"omit":	0,
			"duration":	0,
			"bytes":	107374182,
			"blocks":	0,
			"reverse":	0,
			"tos":	0,
			"target_bitrate":	0,
			"bidir":	0,
			"fqrate":	0
		}
	},
	"intervals":	[{
			"streams":	[{
					"socket":	8,
					"start":	0,
					"end":	1.001052,
					"seconds":	1.0010520219802856,
					"bytes":	96206848,
					"bits_per_second":	768845941.17043531,
					"retransmits":	3849,
					"snd_cwnd":	3932768,
					"snd_wnd":	28622848,
					"rtt":	271552,
					"rttvar":	2327,
					"pmtu":	1500,
					"omitted":	false,
					"sender":	true
				}],
			"sum":	{
				"start":	0,
				"end":	1.001052,
				"seconds":	1.0010520219802856,
				"bytes":	96206848,
				"bits_per_second":	768845941.17043531,
				"retransmits":	3849,
				"omitted":	false,
				"sender":	true
			}
		}, {
			"streams":	[{
					"socket":	8,
					"start":	1.001052,
					"end":	2.00087,
					"seconds":	0.99981802701950073,
					"bytes":	0,
					"bits_per_second":	0,
					"retransmits":	1821,
					"snd_cwnd":	6912752,
					"snd_wnd":	62554112,
					"rtt":	243647,
					"rttvar":	1538,
					"pmtu":	1500,
					"omitted":	false,
					"sender":	true
				}],
			"sum":	{
				"start":	1.001052,
				"end":	2.00087,
				"seconds":	0.99981802701950073,
				"bytes":	0,
				"bits_per_second":	0,
				"retransmits":	1821,
				"omitted":	false,
				"sender":	true
			}
		}, {
			"streams":	[{
					"socket":	8,
					"start":	2.00087,
					"end":	3.000832,
					"seconds":	0.9999619722366333,
					"bytes":	0,
					"bits_per_second":	0,
					"retransmits":	420,
					"snd_cwnd":	6931576,
					"snd_wnd":	68476928,
					"rtt":	287524,
					"rttvar":	2506,
					"pmtu":	1500,
					"omitted":	false,
					"sender":	true
				}],
			"sum":	{
				"start":	2.00087,
				"end":	3.000832,
				"seconds":	0.9999619722366333,
				"bytes":	0,
				"bits_per_second":	0,
				"retransmits":	420,
				"omitted":	false,
				"sender":	true
			}
		}, {
			"streams":	[{
					"socket":	8,
					"start":	3.000832,
					"end":	4.000803,
					"seconds":	0.99997097253799438,
					"bytes":	0,
					"bits_per_second":	0,
					"retransmits":	857,
					"snd_cwnd":	4729168,
					"snd_wnd":	67956736,
					"rtt":	275759,
					"rttvar":	545,
					"pmtu":	1500,
					"omitted":	false,
					"sender":	true
				}],
			"sum":	{
				"start":	3.000832,
				"end":	4.000803,
				"seconds":	0.99997097253799438,
				"bytes":	0,
				"bits_per_second":	0,
				"retransmits":	857,
				"omitted":	false,
				"sender":	true
			}
		}, {
			"streams":	[{
					"socket":	8,
					"start":	4.000803,
					"end":	5.0038,
					"seconds":	1.0029970407485962,
					"bytes":	0,
					"bits_per_second":	0,
					"retransmits":	1104,
					"snd_cwnd":	4103632,
					"snd_wnd":	65830912,
					"rtt":	272242,
					"rttvar":	1200,
					"pmtu":	1500,
					"omitted":	false,
					"sender":	true
				}],
			"sum":	{
				"start":	4.000803,
				"end":	5.0038,
				"seconds":	1.0029970407485962,
				"bytes":	0,
				"bits_per_second":	0,
				"retransmits":	1104,
				"omitted":	false,
				"sender":	true
			}
		}, {
			"streams":	[{
					"socket":	8,
					"start":	5.0038,
					"end":	6.001039,
					"seconds":	0.99723899364471436,
					"bytes":	11272192,
					"bits_per_second":	90427206.090707168,
					"retransmits":	463,
					"snd_cwnd":	3036456,
					"snd_wnd":	68276224,
					"rtt":	270388,
					"rttvar":	791,
					"pmtu":	1500,
					"omitted":	false,
					"sender":	true
				}],
			"sum":	{
				"start":	5.0038,
				"end":	6.001039,
				"seconds":	0.99723899364471436,
				"bytes":	11272192,
				"bits_per_second":	90427206.090707168,
				"retransmits":	463,
				"omitted":	false,
				"sender":	true
			}
		}],
	"end":	{
		"streams":	[{
				"sender":	{
					"socket":	8,
					"start":	0,
					"end":	6.001429,
					"seconds":	6.001429,
					"bytes":	107479040,
					"bits_per_second":	143271264.22723654,
					"retransmits":	8514,
					"max_snd_cwnd":	6931576,
					"max_snd_wnd":	68476928,
					"max_rtt":	287524,
					"min_rtt":	243647,
					"mean_rtt":	270214,
					"sender":	true
				},
				"receiver":	{
					"socket":	8,
					"start":	0,
					"end":	6.249343,
					"seconds":	6.001429,
					"bytes":	78774272,
					"bits_per_second":	100841668.63620704,
					"sender":	true
				}
			}],
		"sum_sent":	{
			"start":	0,
			"end":	6.001429,
			"seconds":	6.001429,
			"bytes":	107479040,
			"bits_per_second":	143271264.22723654,
			"retransmits":	8514,
			"sender":	true
		},
		"sum_received":	{
			"start":	0,
			"end":	6.249343,
			"seconds":	6.249343,
			"bytes":	78774272,
			"bits_per_second":	100841668.63620704,
			"sender":	true
		},
		"cpu_utilization_percent":	{
			"host_total":	10.58541321733891,
			"host_user":	9.5086313014161057,
			"host_system":	1.07676592522044,
			"remote_total":	0.79763367768859539,
			"remote_user":	0.0774479306681004,
			"remote_system":	0.72021775029763047
		},
		"sender_tcp_congestion":	"bbr",
		"receiver_tcp_congestion":	"bbr"
	}
}
