{
	"start":	{
		"connected":	[{
				"socket":	8,
				"local_host":	"172.16.0.85",
				"local_port":	49788,
				"remote_host":	"172.17.0.85",
				"remote_port":	5201
			}],
		"version":	"iperf 3.16",
		"system_info":	"Linux h1 6.12.54-0b264c55b-l4steam-117 #1 SMP PREEMPT_DYNAMIC Fri Nov  7 18:07:57 UTC 2025 x86_64",
		"timestamp":	{
			"time":	"Sun, 22 Feb 2026 01:55:58 GMT",
			"timesecs":	1771725358
		},
		"connecting_to":	{
			"host":	"172.17.0.85",
			"port":	5201
		},
		"cookie":	"xksmuz22cdvktqe2xfccug6wh3vmdjqevpdf",
		"tcp_mss_default":	1448,
		"target_bitrate":	0,
		"fq_rate":	0,
		"sock_bufsize":	0,
		"sndbuf_actual":	1000000,
		"rcvbuf_actual":	1000000,
		"test_start":	{
			"protocol":	"TCP",
			"num_streams":	1,
			"blksize":	131072,
			"omit":	0,
			"duration":	0,
			"bytes":	107374182,
			"blocks":	0,
			"reverse":	0,
			"tos":	0,
			"target_bitrate":	0,
			"bidir":	0,
			"fqrate":	0
		}
	},
	"intervals":	[{
			"streams":	[{
					"socket":	8,
					"start":	0,
					"end":	1.001036,
					"seconds":	1.0010360479354858,
					"bytes":	19005440,
					"bits_per_second":	151886158.65889257,
					"retransmits":	0,
					"snd_cwnd":	144808688,
					"snd_wnd":	12976128,
					"rtt":	241491,
					"rttvar":	210,
					"pmtu":	1500,
					"omitted":	false,
					"sender":	true
				}],
			"sum":	{
				"start":	0,
				"end":	1.001036,
				"seconds":	1.0010360479354858,
				"bytes":	19005440,
				"bits_per_second":	151886158.65889257,
				"retransmits":	0,
				"omitted":	false,
				"sender":	true
			}
		}, {
			"streams":	[{
					"socket":	8,
					"start":	1.001036,
					"end":	2.001041,
					"seconds":	1.0000050067901611,
					"bytes":	13500416,
					"bits_per_second":	108002787.25270741,
					"retransmits":	4381,
					"snd_cwnd":	6688312,
					"snd_wnd":	36761600,
					"rtt":	287959,
					"rttvar":	6035,
					"pmtu":	1500,
					"omitted":	false,
					"sender":	true
				}],
			"sum":	{
				"start":	1.001036,
				"end":	2.001041,
				"seconds":	1.0000050067901611,
				"bytes":	13500416,
				"bits_per_second":	108002787.25270741,
				"retransmits":	4381,
				"omitted":	false,
				"sender":	true
			}
		}, {
			"streams":	[{
					"socket":	8,
					"start":	2.001041,
					"end":	3.001041,
					"seconds":	1,
					"bytes":	3538944,
					"bits_per_second":	28311552,
					"retransmits":	1321,
					"snd_cwnd":	14800008,
					"snd_wnd":	56700928,
					"rtt":	266733,
					"rttvar":	314,
					"pmtu":	1500,
					"omitted":	false,
					"sender":	true
				}],
			"sum":	{
				"start":	2.001041,
				"end":	3.001041,
				"seconds":	1,
				"bytes":	3538944,
				"bits_per_second":	28311552,
				"retransmits":	1321,
				"omitted":	false,
				"sender":	true
			}
		}, {
			"streams":	[{
					"socket":	8,
					"start":	3.001041,
					"end":	4.001041,
					"seconds":	1,
					"bytes":	11403264,
					"bits_per_second":	91226112,
					"retransmits":	1294,
					"snd_cwnd":	15261920,
					"snd_wnd":	74268672,
					"rtt":	262958,
					"rttvar":	189,
					"pmtu":	1500,
					"omitted":	false,
					"sender":	true
				}],
			"sum":	{
				"start":	3.001041,
				"end":	4.001041,
				"seconds":	1,
				"bytes":	11403264,
				"bits_per_second":	91226112,
				"retransmits":	1294,
				"omitted":	false,
				"sender":	true
			}
		}, {
			"streams":	[{
					"socket":	8,
					"start":	4.001041,
					"end":	5.001047,
					"seconds":	1.0000059604644775,
					"bytes":	14286848,
					"bits_per_second":	114294102.75406054,
					"retransmits":	729,
					"snd_cwnd":	10141792,
					"snd_wnd":	100327424,
					"rtt":	254752,
					"rttvar":	403,
					"pmtu":	1500,
					"omitted":	false,
					"sender":	true
				}],
			"sum":	{
				"start":	4.001041,
				"end":	5.001047,
				"seconds":	1.0000059604644775,
				"bytes":	14286848,
				"bits_per_second":	114294102.75406054,
				"retransmits":	729,
				"omitted":	false,
				"sender":	true
			}
		}, {
			"streams":	[{
					"socket":	8,
					"start":	5.001047,
					"end":	6.00348,
					"seconds":	1.0024329423904419,
					"bytes":	17563648,
					"bits_per_second":	140168162.93460605,
					"retransmits":	0,
					"snd_cwnd":	9383040,
					"snd_wnd":	129540096,
					"rtt":	251402,
					"rttvar":	98,
					"pmtu":	1500,
					"omitted":	false,
					"sender":	true
				}],
			"sum":	{
				"start":	5.001047,
				"end":	6.00348,
				"seconds":	1.0024329423904419,
				"bytes":	17563648,
				"bits_per_second":	140168162.93460605,
				"retransmits":	0,
				"omitted":	false,
				"sender":	true
			}
		}, {
			"streams":	[{
					"socket":	8,
					"start":	6.00348,
					"end":	7.001025,
					"seconds":	0.99754500389099121,
					"bytes":	28180480,
					"bits_per_second":	225998665.84529138,
					"retransmits":	0,
					"snd_cwnd":	8158032,
					"snd_wnd":	131252224,
					"rtt":	196279,
					"rttvar":	1849,
					"pmtu":	1500,
					"omitted":	false,
					"sender":	true
				}],
			"sum":	{
				"start":	6.00348,
				"end":	7.001025,
				"seconds":	0.99754500389099121,
				"bytes":	28180480,
				"bits_per_second":	225998665.84529138,
				"retransmits":	0,
				"omitted":	false,
				"sender":	true
			}
		}],
	"end":	{
		"streams":	[{
				"sender":	{
					"socket":	8,
					"start":	0,
					"end":	7.001414,
					"seconds":	7.001414,
					"bytes":	107479040,
					"bits_per_second":	122808381.27841035,
					"retransmits":	7725,
					"max_snd_cwnd":	144808688,
					"max_snd_wnd":	131252224,
					"max_rtt":	287959,
					"min_rtt":	196044,
					"mean_rtt":	244702,
					"sender":	true
				},
				"receiver":	{
					"socket":	8,
					"start":	0,
					"end":	7.124277,
					"seconds":	7.001414,
					"bytes":	93061120,
					"bits_per_second":	104500282.62517025,
					"sender":	true
				}
			}],
		"sum_sent":	{
			"start":	0,
			"end":	7.001414,
			"seconds":	7.001414,
			"bytes":	107479040,
			"bits_per_second":	122808381.27841035,
			"retransmits":	7725,
			"sender":	true
		},
		"sum_received":	{
			"start":	0,
			"end":	7.124277,
			"seconds":	7.124277,
			"bytes":	93061120,
			"bits_per_second":	104500282.62517025,
			"sender":	true
		},
		"cpu_utilization_percent":	{
			"host_total":	2.8472229874208934,
			"host_user":	1.2061853045632143,
			"host_system":	1.64122766321751,
			"remote_total":	1.4870938863029031,
			"remote_user":	0.082618666428608128,
			"remote_system":	1.4044331104622518
		},
		"sender_tcp_congestion":	"bbr",
		"receiver_tcp_congestion":	"bbr"
	}
}
