{
	"start":	{
		"connected":	[{
				"socket":	8,
				"local_host":	"172.16.0.88",
				"local_port":	41976,
				"remote_host":	"172.17.0.88",
				"remote_port":	5201
			}],
		"version":	"iperf 3.16",
		"system_info":	"Linux h1 6.12.54-0b264c55b-l4steam-117 #1 SMP PREEMPT_DYNAMIC Fri Nov  7 18:07:57 UTC 2025 x86_64",
		"timestamp":	{
			"time":	"Sun, 22 Feb 2026 01:55:58 GMT",
			"timesecs":	1771725358
		},
		"connecting_to":	{
			"host":	"172.17.0.88",
			"port":	5201
		},
		"cookie":	"xwoupmxspxbmrlwqdz5ww6fi2wgcs3yn5l7u",
		"tcp_mss_default":	1448,
		"target_bitrate":	0,
		"fq_rate":	0,
		"sock_bufsize":	0,
		"sndbuf_actual":	1000000,
		"rcvbuf_actual":	1000000,
		"test_start":	{
			"protocol":	"TCP",
			"num_streams":	1,
			"blksize":	131072,
			"omit":	0,
			"duration":	0,
			"bytes":	107374182,
			"blocks":	0,
			"reverse":	0,
			"tos":	0,
			"target_bitrate":	0,
			"bidir":	0,
			"fqrate":	0
		}
	},
	"intervals":	[{
			"streams":	[{
					"socket":	8,
					"start":	0,
					"end":	1.000677,
					"seconds":	1.0006769895553589,
					"bytes":	17432576,
					"bits_per_second":	139366258.498627,
					"retransmits":	122,
					"snd_cwnd":	144801448,
					"snd_wnd":	921600,
					"rtt":	262779,
					"rttvar":	11677,
					"pmtu":	1500,
					"omitted":	false,
					"sender":	true
				}],
			"sum":	{
				"start":	0,
				"end":	1.000677,
				"seconds":	1.0006769895553589,
				"bytes":	17432576,
				"bits_per_second":	139366258.498627,
				"retransmits":	122,
				"omitted":	false,
				"sender":	true
			}
		}, {
			"streams":	[{
					"socket":	8,
					"start":	1.000677,
					"end":	2.001076,
					"seconds":	1.0003989934921265,
					"bytes":	0,
					"bits_per_second":	0,
					"retransmits":	3260,
					"snd_cwnd":	5140400,
					"snd_wnd":	19271680,
					"rtt":	265799,
					"rttvar":	105,
					"pmtu":	1500,
					"omitted":	false,
					"sender":	true
				}],
			"sum":	{
				"start":	1.000677,
				"end":	2.001076,
				"seconds":	1.0003989934921265,
				"bytes":	0,
				"bits_per_second":	0,
				"retransmits":	3260,
				"omitted":	false,
				"sender":	true
			}
		}, {
			"streams":	[{
					"socket":	8,
					"start":	2.001076,
					"end":	3.001266,
					"seconds":	1.0001900196075439,
					"bytes":	81788928,
					"bits_per_second":	654187115.62102938,
					"retransmits":	3644,
					"snd_cwnd":	13304224,
					"snd_wnd":	36966400,
					"rtt":	268408,
					"rttvar":	168,
					"pmtu":	1500,
					"omitted":	false,
					"sender":	true
				}],
			"sum":	{
				"start":	2.001076,
				"end":	3.001266,
				"seconds":	1.0001900196075439,
				"bytes":	81788928,
				"bits_per_second":	654187115.62102938,
				"retransmits":	3644,
				"omitted":	false,
				"sender":	true
			}
		}, {
			"streams":	[{
					"socket":	8,
					"start":	3.001266,
					"end":	4.001376,
					"seconds":	1.0001100301742554,
					"bytes":	8257536,
					"bits_per_second":	66053020.174680084,
					"retransmits":	11845,
					"snd_cwnd":	58206704,
					"snd_wnd":	63463424,
					"rtt":	266522,
					"rttvar":	586,
					"pmtu":	1500,
					"omitted":	false,
					"sender":	true
				}],
			"sum":	{
				"start":	3.001266,
				"end":	4.001376,
				"seconds":	1.0001100301742554,
				"bytes":	8257536,
				"bits_per_second":	66053020.174680084,
				"retransmits":	11845,
				"omitted":	false,
				"sender":	true
			}
		}],
	"end":	{
		"streams":	[{
				"sender":	{
					"socket":	8,
					"start":	0,
					"end":	4.003356,
					"seconds":	4.003356,
					"bytes":	107479040,
					"bits_per_second":	214777881.357541,
					"retransmits":	18871,
					"max_snd_cwnd":	144801448,
					"max_snd_wnd":	63463424,
					"max_rtt":	268408,
					"min_rtt":	262779,
					"mean_rtt":	266006,
					"sender":	true
				},
				"receiver":	{
					"socket":	8,
					"start":	0,
					"end":	4.253632,
					"seconds":	4.003356,
					"bytes":	91095040,
					"bits_per_second":	171326602.77146685,
					"sender":	true
				}
			}],
		"sum_sent":	{
			"start":	0,
			"end":	4.003356,
			"seconds":	4.003356,
			"bytes":	107479040,
			"bits_per_second":	214777881.357541,
			"retransmits":	18871,
			"sender":	true
		},
		"sum_received":	{
			"start":	0,
			"end":	4.253632,
			"seconds":	4.253632,
			"bytes":	91095040,
			"bits_per_second":	171326602.77146685,
			"sender":	true
		},
		"cpu_utilization_percent":	{
			"host_total":	10.496914127484237,
			"host_user":	8.66859372986893,
			"host_system":	1.8283002034361606,
			"remote_total":	0.97845310842233724,
			"remote_user":	0.037144543760386659,
			"remote_system":	0.94130856466195056
		},
		"sender_tcp_congestion":	"bbr",
		"receiver_tcp_congestion":	"bbr"
	}
}
