{
	"start":	{
		"connected":	[{
				"socket":	8,
				"local_host":	"172.16.0.51",
				"local_port":	42582,
				"remote_host":	"172.17.0.51",
				"remote_port":	5201
			}],
		"version":	"iperf 3.16",
		"system_info":	"Linux h1 6.12.54-0b264c55b-l4steam-117 #1 SMP PREEMPT_DYNAMIC Fri Nov  7 18:07:57 UTC 2025 x86_64",
		"timestamp":	{
			"time":	"Sun, 22 Feb 2026 21:15:44 GMT",
			"timesecs":	1771794944
		},
		"connecting_to":	{
			"host":	"172.17.0.51",
			"port":	5201
		},
		"cookie":	"swhbr7du7ikme5wak5rdv4i7jlslutjed3g7",
		"tcp_mss_default":	1448,
		"target_bitrate":	0,
		"fq_rate":	0,
		"sock_bufsize":	0,
		"sndbuf_actual":	1000000,
		"rcvbuf_actual":	1000000,
		"test_start":	{
			"protocol":	"TCP",
			"num_streams":	1,
			"blksize":	131072,
			"omit":	0,
			"duration":	0,
			"bytes":	1073741824,
			"blocks":	0,
			"reverse":	0,
			"tos":	0,
			"target_bitrate":	0,
			"bidir":	0,
			"fqrate":	0
		}
	},
	"intervals":	[{
			"streams":	[{
					"socket":	8,
					"start":	0,
					"end":	1.001033,
					"seconds":	1.0010329484939575,
					"bytes":	32112640,
					"bits_per_second":	256636028.20117435,
					"retransmits":	2686,
					"snd_cwnd":	144393112,
					"snd_wnd":	26677248,
					"rtt":	325337,
					"rttvar":	1988,
					"pmtu":	1500,
					"omitted":	false,
					"sender":	true
				}],
			"sum":	{
				"start":	0,
				"end":	1.001033,
				"seconds":	1.0010329484939575,
				"bytes":	32112640,
				"bits_per_second":	256636028.20117435,
				"retransmits":	2686,
				"omitted":	false,
				"sender":	true
			}
		}, {
			"streams":	[{
					"socket":	8,
					"start":	1.001033,
					"end":	2.001032,
					"seconds":	0.99999898672103882,
					"bytes":	44695552,
					"bits_per_second":	357564778.31286711,
					"retransmits":	13350,
					"snd_cwnd":	142352880,
					"snd_wnd":	101908480,
					"rtt":	77401,
					"rttvar":	644,
					"pmtu":	1500,
					"omitted":	false,
					"sender":	true
				}],
			"sum":	{
				"start":	1.001033,
				"end":	2.001032,
				"seconds":	0.99999898672103882,
				"bytes":	44695552,
				"bits_per_second":	357564778.31286711,
				"retransmits":	13350,
				"omitted":	false,
				"sender":	true
			}
		}, {
			"streams":	[{
					"socket":	8,
					"start":	2.001032,
					"end":	3.001026,
					"seconds":	0.99999397993087769,
					"bytes":	34996224,
					"bits_per_second":	279971477.4476465,
					"retransmits":	10574,
					"snd_cwnd":	141104704,
					"snd_wnd":	144097280,
					"rtt":	81235,
					"rttvar":	3090,
					"pmtu":	1500,
					"omitted":	false,
					"sender":	true
				}],
			"sum":	{
				"start":	2.001032,
				"end":	3.001026,
				"seconds":	0.99999397993087769,
				"bytes":	34996224,
				"bits_per_second":	279971477.4476465,
				"retransmits":	10574,
				"omitted":	false,
				"sender":	true
			}
		}, {
			"streams":	[{
					"socket":	8,
					"start":	3.001026,
					"end":	4.001039,
					"seconds":	1.000012993812561,
					"bytes":	103677952,
					"bits_per_second":	829412838.76503742,
					"retransmits":	14350,
					"snd_cwnd":	140257624,
					"snd_wnd":	140083200,
					"rtt":	169384,
					"rttvar":	2032,
					"pmtu":	1500,
					"omitted":	false,
					"sender":	true
				}],
			"sum":	{
				"start":	3.001026,
				"end":	4.001039,
				"seconds":	1.000012993812561,
				"bytes":	103677952,
				"bits_per_second":	829412838.76503742,
				"retransmits":	14350,
				"omitted":	false,
				"sender":	true
			}
		}, {
			"streams":	[{
					"socket":	8,
					"start":	4.001039,
					"end":	5.003819,
					"seconds":	1.0027799606323242,
					"bytes":	7995392,
					"bits_per_second":	63785813.9483229,
					"retransmits":	26772,
					"snd_cwnd":	138534504,
					"snd_wnd":	124403712,
					"rtt":	116700,
					"rttvar":	26192,
					"pmtu":	1500,
					"omitted":	false,
					"sender":	true
				}],
			"sum":	{
				"start":	4.001039,
				"end":	5.003819,
				"seconds":	1.0027799606323242,
				"bytes":	7995392,
				"bits_per_second":	63785813.9483229,
				"retransmits":	26772,
				"omitted":	false,
				"sender":	true
			}
		}, {
			"streams":	[{
					"socket":	8,
					"start":	5.003819,
					"end":	6.001039,
					"seconds":	0.997219979763031,
					"bytes":	61997056,
					"bits_per_second":	497359116.408657,
					"retransmits":	15121,
					"snd_cwnd":	137671496,
					"snd_wnd":	136704000,
					"rtt":	116780,
					"rttvar":	1933,
					"pmtu":	1500,
					"omitted":	false,
					"sender":	true
				}],
			"sum":	{
				"start":	5.003819,
				"end":	6.001039,
				"seconds":	0.997219979763031,
				"bytes":	61997056,
				"bits_per_second":	497359116.408657,
				"retransmits":	15121,
				"omitted":	false,
				"sender":	true
			}
		}, {
			"streams":	[{
					"socket":	8,
					"start":	6.001039,
					"end":	7.003685,
					"seconds":	1.0026459693908691,
					"bytes":	25690112,
					"bits_per_second":	204978529.08625239,
					"retransmits":	14324,
					"snd_cwnd":	136744776,
					"snd_wnd":	144691200,
					"rtt":	58871,
					"rttvar":	276,
					"pmtu":	1500,
					"omitted":	false,
					"sender":	true
				}],
			"sum":	{
				"start":	6.001039,
				"end":	7.003685,
				"seconds":	1.0026459693908691,
				"bytes":	25690112,
				"bits_per_second":	204978529.08625239,
				"retransmits":	14324,
				"omitted":	false,
				"sender":	true
			}
		}, {
			"streams":	[{
					"socket":	8,
					"start":	7.003685,
					"end":	8.012902,
					"seconds":	1.0092170238494873,
					"bytes":	46268416,
					"bits_per_second":	366766829.38634521,
					"retransmits":	5260,
					"snd_cwnd":	136129376,
					"snd_wnd":	145051648,
					"rtt":	71370,
					"rttvar":	4270,
					"pmtu":	1500,
					"omitted":	false,
					"sender":	true
				}],
			"sum":	{
				"start":	7.003685,
				"end":	8.012902,
				"seconds":	1.0092170238494873,
				"bytes":	46268416,
				"bits_per_second":	366766829.38634521,
				"retransmits":	5260,
				"omitted":	false,
				"sender":	true
			}
		}, {
			"streams":	[{
					"socket":	8,
					"start":	8.012902,
					"end":	9.000988,
					"seconds":	0.98808598518371582,
					"bytes":	82313216,
					"bits_per_second":	666445772.81152654,
					"retransmits":	29633,
					"snd_cwnd":	134084800,
					"snd_wnd":	145965056,
					"rtt":	58749,
					"rttvar":	1438,
					"pmtu":	1500,
					"omitted":	false,
					"sender":	true
				}],
			"sum":	{
				"start":	8.012902,
				"end":	9.000988,
				"seconds":	0.98808598518371582,
				"bytes":	82313216,
				"bits_per_second":	666445772.81152654,
				"retransmits":	29633,
				"omitted":	false,
				"sender":	true
			}
		}, {
			"streams":	[{
					"socket":	8,
					"start":	9.000988,
					"end":	10.00353,
					"seconds":	1.0025420188903809,
					"bytes":	62259200,
					"bits_per_second":	496810697.82119524,
					"retransmits":	6826,
					"snd_cwnd":	133392656,
					"snd_wnd":	147611648,
					"rtt":	112403,
					"rttvar":	3217,
					"pmtu":	1500,
					"omitted":	false,
					"sender":	true
				}],
			"sum":	{
				"start":	9.000988,
				"end":	10.00353,
				"seconds":	1.0025420188903809,
				"bytes":	62259200,
				"bits_per_second":	496810697.82119524,
				"retransmits":	6826,
				"omitted":	false,
				"sender":	true
			}
		}, {
			"streams":	[{
					"socket":	8,
					"start":	10.00353,
					"end":	11.000951,
					"seconds":	0.9974210262298584,
					"bytes":	70516736,
					"bits_per_second":	565592536.31574619,
					"retransmits":	32829,
					"snd_cwnd":	131708632,
					"snd_wnd":	140722176,
					"rtt":	72172,
					"rttvar":	655,
					"pmtu":	1500,
					"omitted":	false,
					"sender":	true
				}],
			"sum":	{
				"start":	10.00353,
				"end":	11.000951,
				"seconds":	0.9974210262298584,
				"bytes":	70516736,
				"bits_per_second":	565592536.31574619,
				"retransmits":	32829,
				"omitted":	false,
				"sender":	true
			}
		}, {
			"streams":	[{
					"socket":	8,
					"start":	11.000951,
					"end":	12.001246,
					"seconds":	1.0002950429916382,
					"bytes":	65536000,
					"bits_per_second":	524133358.12600112,
					"retransmits":	18275,
					"snd_cwnd":	130286696,
					"snd_wnd":	132616192,
					"rtt":	97658,
					"rttvar":	502,
					"pmtu":	1500,