{
	"start":	{
		"connected":	[{
				"socket":	8,
				"local_host":	"172.16.0.111",
				"local_port":	43654,
				"remote_host":	"172.17.0.111",
				"remote_port":	5201
			}],
		"version":	"iperf 3.16",
		"system_info":	"Linux h1 6.12.54-0b264c55b-l4steam-117 #1 SMP PREEMPT_DYNAMIC Fri Nov  7 18:07:57 UTC 2025 x86_64",
		"timestamp":	{
			"time":	"Sun, 22 Feb 2026 02:14:28 GMT",
			"timesecs":	1771726468
		},
		"connecting_to":	{
			"host":	"172.17.0.111",
			"port":	5201
		},
		"cookie":	"k3z4r2xffwmxbfmhe7yquwx5agjqemqo4hav",
		"tcp_mss_default":	1448,
		"target_bitrate":	0,
		"fq_rate":	0,
		"sock_bufsize":	0,
		"sndbuf_actual":	1000000,
		"rcvbuf_actual":	1000000,
		"test_start":	{
			"protocol":	"TCP",
			"num_streams":	1,
			"blksize":	131072,
			"omit":	0,
			"duration":	0,
			"bytes":	107374182,
			"blocks":	0,
			"reverse":	0,
			"tos":	0,
			"target_bitrate":	0,
			"bidir":	0,
			"fqrate":	0
		}
	},
	"intervals":	[{
			"streams":	[{
					"socket":	8,
					"start":	0,
					"end":	1.001968,
					"seconds":	1.0019680261611938,
					"bytes":	21495808,
					"bits_per_second":	171628694.2397247,
					"retransmits":	2429,
					"snd_cwnd":	5068000,
					"snd_wnd":	23138304,
					"rtt":	141702,
					"rttvar":	2907,
					"pmtu":	1500,
					"omitted":	false,
					"sender":	true
				}],
			"sum":	{
				"start":	0,
				"end":	1.001968,
				"seconds":	1.0019680261611938,
				"bytes":	21495808,
				"bits_per_second":	171628694.2397247,
				"retransmits":	2429,
				"omitted":	false,
				"sender":	true
			}
		}, {
			"streams":	[{
					"socket":	8,
					"start":	1.001968,
					"end":	2.001038,
					"seconds":	0.99906998872756958,
					"bytes":	17039360,
					"bits_per_second":	136441772.38634968,
					"retransmits":	2877,
					"snd_cwnd":	3683712,
					"snd_wnd":	54910976,
					"rtt":	70210,
					"rttvar":	382,
					"pmtu":	1500,
					"omitted":	false,
					"sender":	true
				}],
			"sum":	{
				"start":	1.001968,
				"end":	2.001038,
				"seconds":	0.99906998872756958,
				"bytes":	17039360,
				"bits_per_second":	136441772.38634968,
				"retransmits":	2877,
				"omitted":	false,
				"sender":	true
			}
		}, {
			"streams":	[{
					"socket":	8,
					"start":	2.001038,
					"end":	3.00104,
					"seconds":	1.0000020265579224,
					"bytes":	10878976,
					"bits_per_second":	87031631.625357434,
					"retransmits":	0,
					"snd_cwnd":	1734704,
					"snd_wnd":	72781824,
					"rtt":	62225,
					"rttvar":	308,
					"pmtu":	1500,
					"omitted":	false,
					"sender":	true
				}],
			"sum":	{
				"start":	2.001038,
				"end":	3.00104,
				"seconds":	1.0000020265579224,
				"bytes":	10878976,
				"bits_per_second":	87031631.625357434,
				"retransmits":	0,
				"omitted":	false,
				"sender":	true
			}
		}, {
			"streams":	[{
					"socket":	8,
					"start":	3.00104,
					"end":	4.001037,
					"seconds":	0.99999701976776123,
					"bytes":	17432576,
					"bits_per_second":	139461023.62623867,
					"retransmits":	0,
					"snd_cwnd":	1783936,
					"snd_wnd":	72781824,
					"rtt":	64234,
					"rttvar":	195,
					"pmtu":	1500,
					"omitted":	false,
					"sender":	true
				}],
			"sum":	{
				"start":	3.00104,
				"end":	4.001037,
				"seconds":	0.99999701976776123,
				"bytes":	17432576,
				"bits_per_second":	139461023.62623867,
				"retransmits":	0,
				"omitted":	false,
				"sender":	true
			}
		}, {
			"streams":	[{
					"socket":	8,
					"start":	4.001037,
					"end":	5.001038,
					"seconds":	1.0000009536743164,
					"bytes":	15204352,
					"bits_per_second":	121634700.00011063,
					"retransmits":	0,
					"snd_cwnd":	1734704,
					"snd_wnd":	72781824,
					"rtt":	62348,
					"rttvar":	340,
					"pmtu":	1500,
					"omitted":	false,
					"sender":	true
				}],
			"sum":	{
				"start":	4.001037,
				"end":	5.001038,
				"seconds":	1.0000009536743164,
				"bytes":	15204352,
				"bits_per_second":	121634700.00011063,
				"retransmits":	0,
				"omitted":	false,
				"sender":	true
			}
		}, {
			"streams":	[{
					"socket":	8,
					"start":	5.001038,
					"end":	6.001366,
					"seconds":	1.0003279447555542,
					"bytes":	17170432,
					"bits_per_second":	137318423.14328918,
					"retransmits":	0,
					"snd_cwnd":	2073536,
					"snd_wnd":	72777728,
					"rtt":	62495,
					"rttvar":	253,
					"pmtu":	1500,
					"omitted":	false,
					"sender":	true
				}],
			"sum":	{
				"start":	5.001038,
				"end":	6.001366,
				"seconds":	1.0003279447555542,
				"bytes":	17170432,
				"bits_per_second":	137318423.14328918,
				"retransmits":	0,
				"omitted":	false,
				"sender":	true
			}
		}, {
			"streams":	[{
					"socket":	8,
					"start":	6.001366,
					"end":	7.002074,
					"seconds":	1.0007079839706421,
					"bytes":	8257536,
					"bits_per_second":	66013551.463718534,
					"retransmits":	0,
					"snd_cwnd":	2061952,
					"snd_wnd":	72781824,
					"rtt":	60586,
					"rttvar":	92,
					"pmtu":	1500,
					"omitted":	false,
					"sender":	true
				}],
			"sum":	{
				"start":	6.001366,
				"end":	7.002074,
				"seconds":	1.0007079839706421,
				"bytes":	8257536,
				"bits_per_second":	66013551.463718534,
				"retransmits":	0,
				"omitted":	false,
				"sender":	true
			}
		}],
	"end":	{
		"streams":	[{
				"sender":	{
					"socket":	8,
					"start":	0,
					"end":	7.002349,
					"seconds":	7.002349,
					"bytes":	107479040,
					"bits_per_second":	122791983.09024586,
					"retransmits":	5306,
					"max_snd_cwnd":	5068000,
					"max_snd_wnd":	72781824,
					"max_rtt":	141702,
					"min_rtt":	60586,
					"mean_rtt":	73048,
					"sender":	true
				},
				"receiver":	{
					"socket":	8,
					"start":	0,
					"end":	7.075203,
					"seconds":	7.002349,
					"bytes":	97910784,
					"bits_per_second":	110708664.04822589,
					"sender":	true
				}
			}],
		"sum_sent":	{
			"start":	0,
			"end":	7.002349,
			"seconds":	7.002349,
			"bytes":	107479040,
			"bits_per_second":	122791983.09024586,
			"retransmits":	5306,
			"sender":	true
		},
		"sum_received":	{
			"start":	0,
			"end":	7.075203,
			"seconds":	7.075203,
			"bytes":	97910784,
			"bits_per_second":	110708664.04822589,
			"sender":	true
		},
		"cpu_utilization_percent":	{
			"host_total":	2.8529216522908127,
			"host_user":	2.2607265720894114,
			"host_system":	0.59216898656490846,
			"remote_total":	2.0709341188738772,
			"remote_user":	0,
			"remote_system":	2.0709341188738772
		},
		"sender_tcp_congestion":	"bbr",
		"receiver_tcp_congestion":	"bbr"
	}
}
