{
	"start":	{
		"connected":	[{
				"socket":	8,
				"local_host":	"172.16.0.122",
				"local_port":	33548,
				"remote_host":	"172.17.0.122",
				"remote_port":	5201
			}],
		"version":	"iperf 3.16",
		"system_info":	"Linux h1 6.12.54-0b264c55b-l4steam-117 #1 SMP PREEMPT_DYNAMIC Fri Nov  7 18:07:57 UTC 2025 x86_64",
		"timestamp":	{
			"time":	"Sun, 22 Feb 2026 02:14:29 GMT",
			"timesecs":	1771726469
		},
		"connecting_to":	{
			"host":	"172.17.0.122",
			"port":	5201
		},
		"cookie":	"fkh7rh7v7fbjgbndxvoqlcpfwwtqdcj3nqyw",
		"tcp_mss_default":	1448,
		"target_bitrate":	0,
		"fq_rate":	0,
		"sock_bufsize":	0,
		"sndbuf_actual":	1000000,
		"rcvbuf_actual":	1000000,
		"test_start":	{
			"protocol":	"TCP",
			"num_streams":	1,
			"blksize":	131072,
			"omit":	0,
			"duration":	0,
			"bytes":	107374182,
			"blocks":	0,
			"reverse":	0,
			"tos":	0,
			"target_bitrate":	0,
			"bidir":	0,
			"fqrate":	0
		}
	},
	"intervals":	[{
			"streams":	[{
					"socket":	8,
					"start":	0,
					"end":	1.001058,
					"seconds":	1.0010579824447632,
					"bytes":	21495808,
					"bits_per_second":	171784718.78324875,
					"retransmits":	3216,
					"snd_cwnd":	1274240,
					"snd_wnd":	21581824,
					"rtt":	86394,
					"rttvar":	1315,
					"pmtu":	1500,
					"omitted":	false,
					"sender":	true
				}],
			"sum":	{
				"start":	0,
				"end":	1.001058,
				"seconds":	1.0010579824447632,
				"bytes":	21495808,
				"bits_per_second":	171784718.78324875,
				"retransmits":	3216,
				"omitted":	false,
				"sender":	true
			}
		}, {
			"streams":	[{
					"socket":	8,
					"start":	1.001058,
					"end":	2.002462,
					"seconds":	1.0014040470123291,
					"bytes":	14417920,
					"bits_per_second":	115181639.56309627,
					"retransmits":	760,
					"snd_cwnd":	1647824,
					"snd_wnd":	24121344,
					"rtt":	86345,
					"rttvar":	109,
					"pmtu":	1500,
					"omitted":	false,
					"sender":	true
				}],
			"sum":	{
				"start":	1.001058,
				"end":	2.002462,
				"seconds":	1.0014040470123291,
				"bytes":	14417920,
				"bits_per_second":	115181639.56309627,
				"retransmits":	760,
				"omitted":	false,
				"sender":	true
			}
		}, {
			"streams":	[{
					"socket":	8,
					"start":	2.002462,
					"end":	3.006801,
					"seconds":	1.0043389797210693,
					"bytes":	10878976,
					"bits_per_second":	86655810.196843058,
					"retransmits":	0,
					"snd_cwnd":	1694160,
					"snd_wnd":	24121344,
					"rtt":	96834,
					"rttvar":	151,
					"pmtu":	1500,
					"omitted":	false,
					"sender":	true
				}],
			"sum":	{
				"start":	2.002462,
				"end":	3.006801,
				"seconds":	1.0043389797210693,
				"bytes":	10878976,
				"bits_per_second":	86655810.196843058,
				"retransmits":	0,
				"omitted":	false,
				"sender":	true
			}
		}, {
			"streams":	[{
					"socket":	8,
					"start":	3.006801,
					"end":	4.002866,
					"seconds":	0.99606502056121826,
					"bytes":	17563648,
					"bits_per_second":	141064268.99805412,
					"retransmits":	0,
					"snd_cwnd":	1972176,
					"snd_wnd":	24117248,
					"rtt":	76000,
					"rttvar":	452,
					"pmtu":	1500,
					"omitted":	false,
					"sender":	true
				}],
			"sum":	{
				"start":	3.006801,
				"end":	4.002866,
				"seconds":	0.99606502056121826,
				"bytes":	17563648,
				"bits_per_second":	141064268.99805412,
				"retransmits":	0,
				"omitted":	false,
				"sender":	true
			}
		}, {
			"streams":	[{
					"socket":	8,
					"start":	4.002866,
					"end":	5.00173,
					"seconds":	0.99886399507522583,
					"bytes":	26869760,
					"bits_per_second":	215202551.15793937,
					"retransmits":	0,
					"snd_cwnd":	2875728,
					"snd_wnd":	24133632,
					"rtt":	57597,
					"rttvar":	148,
					"pmtu":	1500,
					"omitted":	false,
					"sender":	true
				}],
			"sum":	{
				"start":	4.002866,
				"end":	5.00173,
				"seconds":	0.99886399507522583,
				"bytes":	26869760,
				"bits_per_second":	215202551.15793937,
				"retransmits":	0,
				"omitted":	false,
				"sender":	true
			}
		}, {
			"streams":	[{
					"socket":	8,
					"start":	5.00173,
					"end":	6.001011,
					"seconds":	0.99928098917007446,
					"bytes":	16252928,
					"bits_per_second":	130116979.51743023,
					"retransmits":	0,
					"snd_cwnd":	10266320,
					"snd_wnd":	24137728,
					"rtt":	57461,
					"rttvar":	72,
					"pmtu":	1500,
					"omitted":	false,
					"sender":	true
				}],
			"sum":	{
				"start":	5.00173,
				"end":	6.001011,
				"seconds":	0.99928098917007446,
				"bytes":	16252928,
				"bits_per_second":	130116979.51743023,
				"retransmits":	0,
				"omitted":	false,
				"sender":	true
			}
		}],
	"end":	{
		"streams":	[{
				"sender":	{
					"socket":	8,
					"start":	0,
					"end":	6.00254,
					"seconds":	6.00254,
					"bytes":	107479040,
					"bits_per_second":	143244746.39069462,
					"retransmits":	3976,
					"max_snd_cwnd":	10266320,
					"max_snd_wnd":	24137728,
					"max_rtt":	96834,
					"min_rtt":	57461,
					"mean_rtt":	74013,
					"sender":	true
				},
				"receiver":	{
					"socket":	8,
					"start":	0,
					"end":	6.061329,
					"seconds":	6.00254,
					"bytes":	107479040,
					"bits_per_second":	141855411.57723,
					"sender":	true
				}
			}],
		"sum_sent":	{
			"start":	0,
			"end":	6.00254,
			"seconds":	6.00254,
			"bytes":	107479040,
			"bits_per_second":	143244746.39069462,
			"retransmits":	3976,
			"sender":	true
		},
		"sum_received":	{
			"start":	0,
			"end":	6.061329,
			"seconds":	6.061329,
			"bytes":	107479040,
			"bits_per_second":	141855411.57723,
			"sender":	true
		},
		"cpu_utilization_percent":	{
			"host_total":	9.5808659562287,
			"host_user":	5.9246212789453638,
			"host_system":	3.6562126308236631,
			"remote_total":	3.0541576257674863,
			"remote_user":	0.32976184819736348,
			"remote_system":	2.7244122755613276
		},
		"sender_tcp_congestion":	"bbr",
		"receiver_tcp_congestion":	"bbr"
	}
}
