{
	"start":	{
		"connected":	[{
				"socket":	8,
				"local_host":	"172.16.0.15",
				"local_port":	40636,
				"remote_host":	"172.17.0.15",
				"remote_port":	5201
			}],
		"version":	"iperf 3.16",
		"system_info":	"Linux h1 6.12.54-0b264c55b-l4steam-117 #1 SMP PREEMPT_DYNAMIC Fri Nov  7 18:07:57 UTC 2025 x86_64",
		"timestamp":	{
			"time":	"Sun, 22 Feb 2026 02:14:27 GMT",
			"timesecs":	1771726467
		},
		"connecting_to":	{
			"host":	"172.17.0.15",
			"port":	5201
		},
		"cookie":	"qcrcrmxpaqc3bp2h6ddv6oskwxxw24d7kxhf",
		"tcp_mss_default":	1448,
		"target_bitrate":	0,
		"fq_rate":	0,
		"sock_bufsize":	0,
		"sndbuf_actual":	1000000,
		"rcvbuf_actual":	1000000,
		"test_start":	{
			"protocol":	"TCP",
			"num_streams":	1,
			"blksize":	131072,
			"omit":	0,
			"duration":	0,
			"bytes":	107374182,
			"blocks":	0,
			"reverse":	0,
			"tos":	0,
			"target_bitrate":	0,
			"bidir":	0,
			"fqrate":	0
		}
	},
	"intervals":	[{
			"streams":	[{
					"socket":	8,
					"start":	0,
					"end":	1.000203,
					"seconds":	1.000203013420105,
					"bytes":	40632320,
					"bits_per_second":	324992582.14439011,
					"retransmits":	6485,
					"snd_cwnd":	8624288,
					"snd_wnd":	53342208,
					"rtt":	129564,
					"rttvar":	4729,
					"pmtu":	1500,
					"omitted":	false,
					"sender":	true
				}],
			"sum":	{
				"start":	0,
				"end":	1.000203,
				"seconds":	1.000203013420105,
				"bytes":	40632320,
				"bits_per_second":	324992582.14439011,
				"retransmits":	6485,
				"omitted":	false,
				"sender":	true
			}
		}, {
			"streams":	[{
					"socket":	8,
					"start":	1.000203,
					"end":	2.001045,
					"seconds":	1.0008419752120972,
					"bytes":	13762560,
					"bits_per_second":	110007856.11201774,
					"retransmits":	7367,
					"snd_cwnd":	4549616,
					"snd_wnd":	64958464,
					"rtt":	86850,
					"rttvar":	9730,
					"pmtu":	1500,
					"omitted":	false,
					"sender":	true
				}],
			"sum":	{
				"start":	1.000203,
				"end":	2.001045,
				"seconds":	1.0008419752120972,
				"bytes":	13762560,
				"bits_per_second":	110007856.11201774,
				"retransmits":	7367,
				"omitted":	false,
				"sender":	true
			}
		}, {
			"streams":	[{
					"socket":	8,
					"start":	2.001045,
					"end":	3.001051,
					"seconds":	1.0000059604644775,
					"bytes":	14680064,
					"bits_per_second":	117439812.0041723,
					"retransmits":	4914,
					"snd_cwnd":	1520400,
					"snd_wnd":	82636800,
					"rtt":	67795,
					"rttvar":	1159,
					"pmtu":	1500,
					"omitted":	false,
					"sender":	true
				}],
			"sum":	{
				"start":	2.001045,
				"end":	3.001051,
				"seconds":	1.0000059604644775,
				"bytes":	14680064,
				"bits_per_second":	117439812.0041723,
				"retransmits":	4914,
				"omitted":	false,
				"sender":	true
			}
		}, {
			"streams":	[{
					"socket":	8,
					"start":	3.001051,
					"end":	4.001051,
					"seconds":	1,
					"bytes":	9306112,
					"bits_per_second":	74448896,
					"retransmits":	0,
					"snd_cwnd":	1479856,
					"snd_wnd":	95936512,
					"rtt":	65830,
					"rttvar":	503,
					"pmtu":	1500,
					"omitted":	false,
					"sender":	true
				}],
			"sum":	{
				"start":	3.001051,
				"end":	4.001051,
				"seconds":	1,
				"bytes":	9306112,
				"bits_per_second":	74448896,
				"retransmits":	0,
				"omitted":	false,
				"sender":	true
			}
		}, {
			"streams":	[{
					"socket":	8,
					"start":	4.001051,
					"end":	5.001048,
					"seconds":	0.99999701976776123,
					"bytes":	9306112,
					"bits_per_second":	74449117.875661239,
					"retransmits":	0,
					"snd_cwnd":	1421936,
					"snd_wnd":	111198208,
					"rtt":	64927,
					"rttvar":	252,
					"pmtu":	1500,
					"omitted":	false,
					"sender":	true
				}],
			"sum":	{
				"start":	4.001051,
				"end":	5.001048,
				"seconds":	0.99999701976776123,
				"bytes":	9306112,
				"bits_per_second":	74449117.875661239,
				"retransmits":	0,
				"omitted":	false,
				"sender":	true
			}
		}, {
			"streams":	[{
					"socket":	8,
					"start":	5.001048,
					"end":	6.001067,
					"seconds":	1.0000189542770386,
					"bytes":	9306112,
					"bits_per_second":	74447484.901746348,
					"retransmits":	0,
					"snd_cwnd":	1468272,
					"snd_wnd":	127037440,
					"rtt":	65061,
					"rttvar":	240,
					"pmtu":	1500,
					"omitted":	false,
					"sender":	true
				}],
			"sum":	{
				"start":	5.001048,
				"end":	6.001067,
				"seconds":	1.0000189542770386,
				"bytes":	9306112,
				"bits_per_second":	74447484.901746348,
				"retransmits":	0,
				"omitted":	false,
				"sender":	true
			}
		}, {
			"streams":	[{
					"socket":	8,
					"start":	6.001067,
					"end":	7.001237,
					"seconds":	1.0001699924468994,
					"bytes":	9306112,
					"bits_per_second":	74436242.40101625,
					"retransmits":	0,
					"snd_cwnd":	1474064,
					"snd_wnd":	142962688,
					"rtt":	64742,
					"rttvar":	331,
					"pmtu":	1500,
					"omitted":	false,
					"sender":	true
				}],
			"sum":	{
				"start":	6.001067,
				"end":	7.001237,
				"seconds":	1.0001699924468994,
				"bytes":	9306112,
				"bits_per_second":	74436242.40101625,
				"retransmits":	0,
				"omitted":	false,
				"sender":	true
			}
		}, {
			"streams":	[{
					"socket":	8,
					"start":	7.001237,
					"end":	8.004135,
					"seconds":	1.0028979778289795,
					"bytes":	1179648,
					"bits_per_second":	9409914.2770525049,
					"retransmits":	0,
					"snd_cwnd":	1448000,
					"snd_wnd":	146866176,
					"rtt":	65156,
					"rttvar":	154,
					"pmtu":	1500,
					"omitted":	false,
					"sender":	true
				}],
			"sum":	{
				"start":	7.001237,
				"end":	8.004135,
				"seconds":	1.0028979778289795,
				"bytes":	1179648,
				"bits_per_second":	9409914.2770525049,
				"retransmits":	0,
				"omitted":	false,
				"sender":	true
			}
		}],
	"end":	{
		"streams":	[{
				"sender":	{
					"socket":	8,
					"start":	0,
					"end":	8.012269,
					"seconds":	8.012269,
					"bytes":	107479040,
					"bits_per_second":	107314459.86149491,
					"retransmits":	18766,
					"max_snd_cwnd":	8624288,
					"max_snd_wnd":	146866176,
					"max_rtt":	129564,
					"min_rtt":	64742,
					"mean_rtt":	75027,
					"sender":	true
				},
				"receiver":	{
					"socket":	8,
					"start":	0,
					"end":	8.076404,
					"seconds":	8.012269,
					"bytes":	106692608,
					"bits_per_second":	105683279.835927,
					"sender":	true
				}
			}],
		"sum_sent":	{
			"start":	0,
			"end":	8.012269,
			"seconds":	8.012269,
			"bytes":	107479040,
			"bits_per_second":	107314459.86149491,
			"retransmits":	18766,
			"sender":	true
		},
		"sum_received":	{
			"start":	0,
			"end":	8.076404,
			"seconds":	8.076404,
			"bytes":	106692608,
			"bits_per_second":	105683279.835927,
			"sender":	true
		},
		"cpu_utilization_percent":	{
			"host_total":	9.7412056591814657,
			"host_user":	6.995575592639125,
			"host_system":	2.7456300665423408,
			"remote_total":	1.81372484683185,
			"remote_user":	0.38436594044538058,
			"remote_system":	1.42935890638647
		},
		"sender_tcp_congestion":	"bbr",
		"receiver_tcp_congestion":	"bbr"
	}
}
