{
	"start":	{
		"connected":	[{
				"socket":	8,
				"local_host":	"172.16.0.25",
				"local_port":	54908,
				"remote_host":	"172.17.0.25",
				"remote_port":	5201
			}],
		"version":	"iperf 3.16",
		"system_info":	"Linux h1 6.12.54-0b264c55b-l4steam-117 #1 SMP PREEMPT_DYNAMIC Fri Nov  7 18:07:57 UTC 2025 x86_64",
		"timestamp":	{
			"time":	"Sun, 22 Feb 2026 02:14:27 GMT",
			"timesecs":	1771726467
		},
		"connecting_to":	{
			"host":	"172.17.0.25",
			"port":	5201
		},
		"cookie":	"v5su6ykz3rri2sbqvrfe5u6xuk6vskqhfunb",
		"tcp_mss_default":	1448,
		"target_bitrate":	0,
		"fq_rate":	0,
		"sock_bufsize":	0,
		"sndbuf_actual":	1000000,
		"rcvbuf_actual":	1000000,
		"test_start":	{
			"protocol":	"TCP",
			"num_streams":	1,
			"blksize":	131072,
			"omit":	0,
			"duration":	0,
			"bytes":	107374182,
			"blocks":	0,
			"reverse":	0,
			"tos":	0,
			"target_bitrate":	0,
			"bidir":	0,
			"fqrate":	0
		}
	},
	"intervals":	[{
			"streams":	[{
					"socket":	8,
					"start":	0,
					"end":	1.000808,
					"seconds":	1.0008080005645752,
					"bytes":	107479040,
					"bits_per_second":	859138135.90114379,
					"retransmits":	15811,
					"snd_cwnd":	12313792,
					"snd_wnd":	56922112,
					"rtt":	162153,
					"rttvar":	3825,
					"pmtu":	1500,
					"omitted":	false,
					"sender":	true
				}],
			"sum":	{
				"start":	0,
				"end":	1.000808,
				"seconds":	1.0008080005645752,
				"bytes":	107479040,
				"bits_per_second":	859138135.90114379,
				"retransmits":	15811,
				"omitted":	false,
				"sender":	true
			}
		}],
	"end":	{
		"streams":	[{
				"sender":	{
					"socket":	8,
					"start":	0,
					"end":	1.001074,
					"seconds":	1.001074,
					"bytes":	107479040,
					"bits_per_second":	858909850.820219,
					"retransmits":	15922,
					"max_snd_cwnd":	12313792,
					"max_snd_wnd":	56922112,
					"max_rtt":	162153,
					"min_rtt":	162153,
					"mean_rtt":	162153,
					"sender":	true
				},
				"receiver":	{
					"socket":	8,
					"start":	0,
					"end":	1.066083,
					"seconds":	1.001074,
					"bytes":	18087936,
					"bits_per_second":	135733791.83421931,
					"sender":	true
				}
			}],
		"sum_sent":	{
			"start":	0,
			"end":	1.001074,
			"seconds":	1.001074,
			"bytes":	107479040,
			"bits_per_second":	858909850.820219,
			"retransmits":	15922,
			"sender":	true
		},
		"sum_received":	{
			"start":	0,
			"end":	1.066083,
			"seconds":	1.066083,
			"bytes":	18087936,
			"bits_per_second":	135733791.83421931,
			"sender":	true
		},
		"cpu_utilization_percent":	{
			"host_total":	53.677034789377586,
			"host_user":	47.127335168432069,
			"host_system":	6.5496202710433948,
			"remote_total":	1.47613763527197,
			"remote_user":	0,
			"remote_system":	1.4762314357190225
		},
		"sender_tcp_congestion":	"bbr",
		"receiver_tcp_congestion":	"bbr"
	}
}
