{
	"start":	{
		"connected":	[{
				"socket":	8,
				"local_host":	"172.16.0.2",
				"local_port":	41574,
				"remote_host":	"172.17.0.2",
				"remote_port":	5201
			}],
		"version":	"iperf 3.16",
		"system_info":	"Linux h1 6.12.54-0b264c55b-l4steam-117 #1 SMP PREEMPT_DYNAMIC Fri Nov  7 18:07:57 UTC 2025 x86_64",
		"timestamp":	{
			"time":	"Sun, 22 Feb 2026 02:14:27 GMT",
			"timesecs":	1771726467
		},
		"connecting_to":	{
			"host":	"172.17.0.2",
			"port":	5201
		},
		"cookie":	"ricdmc7nkukqydfx46b3hkcbqd2mlar652jh",
		"tcp_mss_default":	1448,
		"target_bitrate":	0,
		"fq_rate":	0,
		"sock_bufsize":	0,
		"sndbuf_actual":	1000000,
		"rcvbuf_actual":	1000000,
		"test_start":	{
			"protocol":	"TCP",
			"num_streams":	1,
			"blksize":	131072,
			"omit":	0,
			"duration":	0,
			"bytes":	107374182,
			"blocks":	0,
			"reverse":	0,
			"tos":	0,
			"target_bitrate":	0,
			"bidir":	0,
			"fqrate":	0
		}
	},
	"intervals":	[{
			"streams":	[{
					"socket":	8,
					"start":	0,
					"end":	1.001033,
					"seconds":	1.0010329484939575,
					"bytes":	49414144,
					"bits_per_second":	394905235.23201114,
					"retransmits":	2612,
					"snd_cwnd":	26334776,
					"snd_wnd":	59813888,
					"rtt":	119195,
					"rttvar":	4766,
					"pmtu":	1500,
					"omitted":	false,
					"sender":	true
				}],
			"sum":	{
				"start":	0,
				"end":	1.001033,
				"seconds":	1.0010329484939575,
				"bytes":	49414144,
				"bits_per_second":	394905235.23201114,
				"retransmits":	2612,
				"omitted":	false,
				"sender":	true
			}
		}, {
			"streams":	[{
					"socket":	8,
					"start":	1.001033,
					"end":	2.001052,
					"seconds":	1.0000189542770386,
					"bytes":	14811136,
					"bits_per_second":	118486842.16756813,
					"retransmits":	18342,
					"snd_cwnd":	4425088,
					"snd_wnd":	71876608,
					"rtt":	113760,
					"rttvar":	11074,
					"pmtu":	1500,
					"omitted":	false,
					"sender":	true
				}],
			"sum":	{
				"start":	1.001033,
				"end":	2.001052,
				"seconds":	1.0000189542770386,
				"bytes":	14811136,
				"bits_per_second":	118486842.16756813,
				"retransmits":	18342,
				"omitted":	false,
				"sender":	true
			}
		}, {
			"streams":	[{
					"socket":	8,
					"start":	2.001052,
					"end":	3.001053,
					"seconds":	1.0000009536743164,
					"bytes":	15073280,
					"bits_per_second":	120586125.00010967,
					"retransmits":	6597,
					"snd_cwnd":	2600608,
					"snd_wnd":	74416128,
					"rtt":	86314,
					"rttvar":	1615,
					"pmtu":	1500,
					"omitted":	false,
					"sender":	true
				}],
			"sum":	{
				"start":	2.001052,
				"end":	3.001053,
				"seconds":	1.0000009536743164,
				"bytes":	15073280,
				"bits_per_second":	120586125.00010967,
				"retransmits":	6597,
				"omitted":	false,
				"sender":	true
			}
		}, {
			"streams":	[{
					"socket":	8,
					"start":	3.001053,
					"end":	4.001051,
					"seconds":	0.99999797344207764,
					"bytes":	10092544,
					"bits_per_second":	80740515.6253316,
					"retransmits":	270,
					"snd_cwnd":	1836064,
					"snd_wnd":	74407936,
					"rtt":	105332,
					"rttvar":	88,
					"pmtu":	1500,
					"omitted":	false,
					"sender":	true
				}],
			"sum":	{
				"start":	3.001053,
				"end":	4.001051,
				"seconds":	0.99999797344207764,
				"bytes":	10092544,
				"bits_per_second":	80740515.6253316,
				"retransmits":	270,
				"omitted":	false,
				"sender":	true
			}
		}, {
			"streams":	[{
					"socket":	8,
					"start":	4.001051,
					"end":	5.000205,
					"seconds":	0.999153971672058,
					"bytes":	15204352,
					"bits_per_second":	121737809.63553326,
					"retransmits":	234,
					"snd_cwnd":	1723120,
					"snd_wnd":	74420224,
					"rtt":	80247,
					"rttvar":	305,
					"pmtu":	1500,
					"omitted":	false,
					"sender":	true
				}],
			"sum":	{
				"start":	4.001051,
				"end":	5.000205,
				"seconds":	0.999153971672058,
				"bytes":	15204352,
				"bits_per_second":	121737809.63553326,
				"retransmits":	234,
				"omitted":	false,
				"sender":	true
			}
		}, {
			"streams":	[{
					"socket":	8,
					"start":	5.000205,
					"end":	6.001042,
					"seconds":	1.000836968421936,
					"bytes":	2883584,
					"bits_per_second":	23049380.396462969,
					"retransmits":	0,
					"snd_cwnd":	1734704,
					"snd_wnd":	74420224,
					"rtt":	64517,
					"rttvar":	125,
					"pmtu":	1500,
					"omitted":	false,
					"sender":	true
				}],
			"sum":	{
				"start":	5.000205,
				"end":	6.001042,
				"seconds":	1.000836968421936,
				"bytes":	2883584,
				"bits_per_second":	23049380.396462969,
				"retransmits":	0,
				"omitted":	false,
				"sender":	true
			}
		}],
	"end":	{
		"streams":	[{
				"sender":	{
					"socket":	8,
					"start":	0,
					"end":	6.001939,
					"seconds":	6.001939,
					"bytes":	107479040,
					"bits_per_second":	143259090.104048,
					"retransmits":	28055,
					"max_snd_cwnd":	26334776,
					"max_snd_wnd":	74420224,
					"max_rtt":	119195,
					"min_rtt":	64513,
					"mean_rtt":	90554,
					"sender":	true
				},
				"receiver":	{
					"socket":	8,
					"start":	0,
					"end":	6.06682,
					"seconds":	6.001939,
					"bytes":	106430464,
					"bits_per_second":	140344317.45131716,
					"sender":	true
				}
			}],
		"sum_sent":	{
			"start":	0,
			"end":	6.001939,
			"seconds":	6.001939,
			"bytes":	107479040,
			"bits_per_second":	143259090.104048,
			"retransmits":	28055,
			"sender":	true
		},
		"sum_received":	{
			"start":	0,
			"end":	6.06682,
			"seconds":	6.06682,
			"bytes":	106430464,
			"bits_per_second":	140344317.45131716,
			"sender":	true
		},
		"cpu_utilization_percent":	{
			"host_total":	17.505319628614131,
			"host_user":	12.905191970318807,
			"host_system":	4.60011166902988,
			"remote_total":	2.50107387147893,
			"remote_user":	0.24688330025182822,
			"remote_system":	2.2541905712271015
		},
		"sender_tcp_congestion":	"bbr",
		"receiver_tcp_congestion":	"bbr"
	}
}
