{
	"start":	{
		"connected":	[{
				"socket":	8,
				"local_host":	"172.16.0.38",
				"local_port":	35394,
				"remote_host":	"172.17.0.38",
				"remote_port":	5201
			}],
		"version":	"iperf 3.16",
		"system_info":	"Linux h1 6.12.54-0b264c55b-l4steam-117 #1 SMP PREEMPT_DYNAMIC Fri Nov  7 18:07:57 UTC 2025 x86_64",
		"timestamp":	{
			"time":	"Sun, 22 Feb 2026 02:14:27 GMT",
			"timesecs":	1771726467
		},
		"connecting_to":	{
			"host":	"172.17.0.38",
			"port":	5201
		},
		"cookie":	"qnz45npy75wvzb4n6edigmjvj5vjqf4qnuh6",
		"tcp_mss_default":	1448,
		"target_bitrate":	0,
		"fq_rate":	0,
		"sock_bufsize":	0,
		"sndbuf_actual":	1000000,
		"rcvbuf_actual":	1000000,
		"test_start":	{
			"protocol":	"TCP",
			"num_streams":	1,
			"blksize":	131072,
			"omit":	0,
			"duration":	0,
			"bytes":	107374182,
			"blocks":	0,
			"reverse":	0,
			"tos":	0,
			"target_bitrate":	0,
			"bidir":	0,
			"fqrate":	0
		}
	},
	"intervals":	[{
			"streams":	[{
					"socket":	8,
					"start":	0,
					"end":	1.001914,
					"seconds":	1.0019140243530273,
					"bytes":	48758784,
					"bits_per_second":	389325094.28828758,
					"retransmits":	10626,
					"snd_cwnd":	8227536,
					"snd_wnd":	31207424,
					"rtt":	119215,
					"rttvar":	2051,
					"pmtu":	1500,
					"omitted":	false,
					"sender":	true
				}],
			"sum":	{
				"start":	0,
				"end":	1.001914,
				"seconds":	1.0019140243530273,
				"bytes":	48758784,
				"bits_per_second":	389325094.28828758,
				"retransmits":	10626,
				"omitted":	false,
				"sender":	true
			}
		}, {
			"streams":	[{
					"socket":	8,
					"start":	1.001914,
					"end":	2.00106,
					"seconds":	0.9991459846496582,
					"bytes":	6029312,
					"bits_per_second":	48275724.2095238,
					"retransmits":	2151,
					"snd_cwnd":	6434912,
					"snd_wnd":	48001024,
					"rtt":	117367,
					"rttvar":	21279,
					"pmtu":	1500,
					"omitted":	false,
					"sender":	true
				}],
			"sum":	{
				"start":	1.001914,
				"end":	2.00106,
				"seconds":	0.9991459846496582,
				"bytes":	6029312,
				"bits_per_second":	48275724.2095238,
				"retransmits":	2151,
				"omitted":	false,
				"sender":	true
			}
		}, {
			"streams":	[{
					"socket":	8,
					"start":	2.00106,
					"end":	3.001048,
					"seconds":	0.9999880194664,
					"bytes":	0,
					"bits_per_second":	0,
					"retransmits":	233,
					"snd_cwnd":	1378496,
					"snd_wnd":	52830208,
					"rtt":	70438,
					"rttvar":	162,
					"pmtu":	1500,
					"omitted":	false,
					"sender":	true
				}],
			"sum":	{
				"start":	2.00106,
				"end":	3.001048,
				"seconds":	0.9999880194664,
				"bytes":	0,
				"bits_per_second":	0,
				"retransmits":	233,
				"omitted":	false,
				"sender":	true
			}
		}, {
			"streams":	[{
					"socket":	8,
					"start":	3.001048,
					"end":	4.002431,
					"seconds":	1.0013829469680786,
					"bytes":	3670016,
					"bits_per_second":	29319580.574938551,
					"retransmits":	0,
					"snd_cwnd":	1030976,
					"snd_wnd":	52830208,
					"rtt":	68942,
					"rttvar":	279,
					"pmtu":	1500,
					"omitted":	false,
					"sender":	true
				}],
			"sum":	{
				"start":	3.001048,
				"end":	4.002431,
				"seconds":	1.0013829469680786,
				"bytes":	3670016,
				"bits_per_second":	29319580.574938551,
				"retransmits":	0,
				"omitted":	false,
				"sender":	true
			}
		}, {
			"streams":	[{
					"socket":	8,
					"start":	4.002431,
					"end":	5.001137,
					"seconds":	0.99870598316192627,
					"bytes":	7208960,
					"bits_per_second":	57746404.820175529,
					"retransmits":	0,
					"snd_cwnd":	842736,
					"snd_wnd":	52830208,
					"rtt":	68269,
					"rttvar":	305,
					"pmtu":	1500,
					"omitted":	false,
					"sender":	true
				}],
			"sum":	{
				"start":	4.002431,
				"end":	5.001137,
				"seconds":	0.99870598316192627,
				"bytes":	7208960,
				"bits_per_second":	57746404.820175529,
				"retransmits":	0,
				"omitted":	false,
				"sender":	true
			}
		}, {
			"streams":	[{
					"socket":	8,
					"start":	5.001137,
					"end":	6.001049,
					"seconds":	0.99991202354431152,
					"bytes":	3670016,
					"bits_per_second":	29362711.227263179,
					"retransmits":	0,
					"snd_cwnd":	834048,
					"snd_wnd":	52830208,
					"rtt":	68315,
					"rttvar":	266,
					"pmtu":	1500,
					"omitted":	false,
					"sender":	true
				}],
			"sum":	{
				"start":	5.001137,
				"end":	6.001049,
				"seconds":	0.99991202354431152,
				"bytes":	3670016,
				"bits_per_second":	29362711.227263179,
				"retransmits":	0,
				"omitted":	false,
				"sender":	true
			}
		}, {
			"streams":	[{
					"socket":	8,
					"start":	6.001049,
					"end":	7.001031,
					"seconds":	0.99998199939727783,
					"bytes":	7340032,
					"bits_per_second":	58721313.01902698,
					"retransmits":	0,
					"snd_cwnd":	935408,
					"snd_wnd":	52830208,
					"rtt":	68385,
					"rttvar":	197,
					"pmtu":	1500,
					"omitted":	false,
					"sender":	true
				}],
			"sum":	{
				"start":	6.001049,
				"end":	7.001031,
				"seconds":	0.99998199939727783,
				"bytes":	7340032,
				"bits_per_second":	58721313.01902698,
				"retransmits":	0,
				"omitted":	false,
				"sender":	true
			}
		}, {
			"streams":	[{
					"socket":	8,
					"start":	7.001031,
					"end":	8.001036,
					"seconds":	1.0000050067901611,
					"bytes":	7208960,
					"bits_per_second":	57671391.2514457,
					"retransmits":	0,
					"snd_cwnd":	1169984,
					"snd_wnd":	52826112,
					"rtt":	68252,
					"rttvar":	189,
					"pmtu":	1500,
					"omitted":	false,
					"sender":	true
				}],
			"sum":	{
				"start":	7.001031,
				"end":	8.001036,
				"seconds":	1.0000050067901611,
				"bytes":	7208960,
				"bits_per_second":	57671391.2514457,
				"retransmits":	0,
				"omitted":	false,
				"sender":	true
			}
		}, {
			"streams":	[{
					"socket":	8,
					"start":	8.001036,
					"end":	9.001838,
					"seconds":	1.0008020401000977,
					"bytes":	13762560,
					"bits_per_second":	110012245.76739275,
					"retransmits":	0,
					"snd_cwnd":	2151728,
					"snd_wnd":	52830208,
					"rtt":	67355,
					"rttvar":	138,
					"pmtu":	1500,
					"omitted":	false,
					"sender":	true
				}],
			"sum":	{
				"start":	8.001036,
				"end":	9.001838,
				"seconds":	1.0008020401000977,
				"bytes":	13762560,
				"bits_per_second":	110012245.76739275,
				"retransmits":	0,
				"omitted":	false,
				"sender":	true
			}
		}, {
			"streams":	[{
					"socket":	8,
					"start":	9.001838,
					"end":	10.001026,
					"seconds":	0.999188005924225,
					"bytes":	9830400,
					"bits_per_second":	78707109.7068033,
					"retransmits":	0,
					"snd_cwnd":	8734336,
					"snd_wnd":	52830208,
					"rtt":	64977,
					"rttvar":	134,
					"pmtu":	1500,
					"omitted":	false,
					"sender":	true
				}],
			"sum":	{
				"start":	9.001838,
				"end":	10.001026,
				"seconds":	0.999188005924225,
				"bytes":	9830400,
				"bits_per_second":	78707109.7068033,
				"retransmits":	0,
				"omitted":	false,
				"sender":	true
			}
		}],
	"end":	{
		"streams":	[{
				"sender":	{
					"socket":	8,
					"start":	0,
					"end":	10.001294,
					"seconds":	10.001294,
					"bytes":	107479040,
					"bits_per_second":	85972107.2093271,
					"retransmits":	13010,
					"max_snd_cwnd":	8734336,
					"max_snd_wnd":	52830208,
					"max_rtt":	119215,
					"min_rtt":	64977,
					"mean_rtt":	76953,
					"sender":	true
				},
				"receiver":	{
					"socket":	8,
					"start":	0,
					"end":	10.067142,
					"seconds":	10.001294,
					"bytes":	107479040,
					"bits_per_second":	85409773.697440639,
					"sender":	true
				}
			}],
		"sum_sent":	{
			"start":	0,
			"end":	10.001294,
			"seconds":	10.001294,
			"bytes":	107479040,
			"bits_per_second":	85972107.2093271,
			"retransmits":	13010,
			"sender":	true
		},
		"sum_received":	{
			"start":	0,
			"end":	10.067142,
			"seconds":	10.067142,
			"bytes":	107479040,
			"bits_per_second":	85409773.697440639,
			"sender":	true
		},
		"cpu_utilization_percent":	{
			"host_total":	8.62852677946902,
			"host_user":	7.9509815247278528,
			"host_system":	0.67753550602884738,
			"remote_total":	2.08984605677494,