{
	"start":	{
		"connected":	[{
				"socket":	8,
				"local_host":	"172.16.0.58",
				"local_port":	44636,
				"remote_host":	"172.17.0.58",
				"remote_port":	5201
			}],
		"version":	"iperf 3.16",
		"system_info":	"Linux h1 6.12.54-0b264c55b-l4steam-117 #1 SMP PREEMPT_DYNAMIC Fri Nov  7 18:07:57 UTC 2025 x86_64",
		"timestamp":	{
			"time":	"Sun, 22 Feb 2026 02:14:27 GMT",
			"timesecs":	1771726467
		},
		"connecting_to":	{
			"host":	"172.17.0.58",
			"port":	5201
		},
		"cookie":	"bj2ehtdqbm3hropaczzpu2zznev5swydq2lk",
		"tcp_mss_default":	1448,
		"target_bitrate":	0,
		"fq_rate":	0,
		"sock_bufsize":	0,
		"sndbuf_actual":	1000000,
		"rcvbuf_actual":	1000000,
		"test_start":	{
			"protocol":	"TCP",
			"num_streams":	1,
			"blksize":	131072,
			"omit":	0,
			"duration":	0,
			"bytes":	107374182,
			"blocks":	0,
			"reverse":	0,
			"tos":	0,
			"target_bitrate":	0,
			"bidir":	0,
			"fqrate":	0
		}
	},
	"intervals":	[{
			"streams":	[{
					"socket":	8,
					"start":	0,
					"end":	1.001051,
					"seconds":	1.00105094909668,
					"bytes":	27525120,
					"bits_per_second":	219969782.95530629,
					"retransmits":	4132,
					"snd_cwnd":	7218280,
					"snd_wnd":	10924032,
					"rtt":	112037,
					"rttvar":	2979,
					"pmtu":	1500,
					"omitted":	false,
					"sender":	true
				}],
			"sum":	{
				"start":	0,
				"end":	1.001051,
				"seconds":	1.00105094909668,
				"bytes":	27525120,
				"bits_per_second":	219969782.95530629,
				"retransmits":	4132,
				"omitted":	false,
				"sender":	true
			}
		}, {
			"streams":	[{
					"socket":	8,
					"start":	1.001051,
					"end":	2.001042,
					"seconds":	0.999990999698639,
					"bytes":	20316160,
					"bits_per_second":	162530742.82566586,
					"retransmits":	4077,
					"snd_cwnd":	2070640,
					"snd_wnd":	41918464,
					"rtt":	91072,
					"rttvar":	4019,
					"pmtu":	1500,
					"omitted":	false,
					"sender":	true
				}],
			"sum":	{
				"start":	1.001051,
				"end":	2.001042,
				"seconds":	0.999990999698639,
				"bytes":	20316160,
				"bits_per_second":	162530742.82566586,
				"retransmits":	4077,
				"omitted":	false,
				"sender":	true
			}
		}, {
			"streams":	[{
					"socket":	8,
					"start":	2.001042,
					"end":	3.001045,
					"seconds":	1.0000029802322388,
					"bytes":	11010048,
					"bits_per_second":	88080121.5007823,
					"retransmits":	4515,
					"snd_cwnd":	2163312,
					"snd_wnd":	71413760,
					"rtt":	82365,
					"rttvar":	4577,
					"pmtu":	1500,
					"omitted":	false,
					"sender":	true
				}],
			"sum":	{
				"start":	2.001042,
				"end":	3.001045,
				"seconds":	1.0000029802322388,
				"bytes":	11010048,
				"bits_per_second":	88080121.5007823,
				"retransmits":	4515,
				"omitted":	false,
				"sender":	true
			}
		}, {
			"streams":	[{
					"socket":	8,
					"start":	3.001045,
					"end":	4.001044,
					"seconds":	0.99999898672103882,
					"bytes":	14548992,
					"bits_per_second":	116392053.93761951,
					"retransmits":	718,
					"snd_cwnd":	1737600,
					"snd_wnd":	74235904,
					"rtt":	91414,
					"rttvar":	522,
					"pmtu":	1500,
					"omitted":	false,
					"sender":	true
				}],
			"sum":	{
				"start":	3.001045,
				"end":	4.001044,
				"seconds":	0.99999898672103882,
				"bytes":	14548992,
				"bits_per_second":	116392053.93761951,
				"retransmits":	718,
				"omitted":	false,
				"sender":	true
			}
		}, {
			"streams":	[{
					"socket":	8,
					"start":	4.001044,
					"end":	5.001045,
					"seconds":	1.0000009536743164,
					"bytes":	14942208,
					"bits_per_second":	119537550.00010872,
					"retransmits":	0,
					"snd_cwnd":	1757872,
					"snd_wnd":	74235904,
					"rtt":	109557,
					"rttvar":	646,
					"pmtu":	1500,
					"omitted":	false,
					"sender":	true
				}],
			"sum":	{
				"start":	4.001044,
				"end":	5.001045,
				"seconds":	1.0000009536743164,
				"bytes":	14942208,
				"bits_per_second":	119537550.00010872,
				"retransmits":	0,
				"omitted":	false,
				"sender":	true
			}
		}, {
			"streams":	[{
					"socket":	8,
					"start":	5.001045,
					"end":	6.002481,
					"seconds":	1.0014359951019287,
					"bytes":	15073280,
					"bits_per_second":	120413327.05214618,
					"retransmits":	0,
					"snd_cwnd":	1893984,
					"snd_wnd":	74235904,
					"rtt":	85993,
					"rttvar":	309,
					"pmtu":	1500,
					"omitted":	false,
					"sender":	true
				}],
			"sum":	{
				"start":	5.001045,
				"end":	6.002481,
				"seconds":	1.0014359951019287,
				"bytes":	15073280,
				"bits_per_second":	120413327.05214618,
				"retransmits":	0,
				"omitted":	false,
				"sender":	true
			}
		}, {
			"streams":	[{
					"socket":	8,
					"start":	6.002481,
					"end":	7.000596,
					"seconds":	0.99811500310897827,
					"bytes":	4063232,
					"bits_per_second":	32567245.155867953,
					"retransmits":	0,
					"snd_cwnd":	3397008,
					"snd_wnd":	74805248,
					"rtt":	57586,
					"rttvar":	115,
					"pmtu":	1500,
					"omitted":	false,
					"sender":	true
				}],
			"sum":	{
				"start":	6.002481,
				"end":	7.000596,
				"seconds":	0.99811500310897827,
				"bytes":	4063232,
				"bits_per_second":	32567245.155867953,
				"retransmits":	0,
				"omitted":	false,
				"sender":	true
			}
		}],
	"end":	{
		"streams":	[{
				"sender":	{
					"socket":	8,
					"start":	0,
					"end":	7.001017,
					"seconds":	7.001017,
					"bytes":	107479040,
					"bits_per_second":	122815345.25626777,
					"retransmits":	13442,
					"max_snd_cwnd":	7218280,
					"max_snd_wnd":	74805248,
					"max_rtt":	112037,
					"min_rtt":	57586,
					"mean_rtt":	85953,
					"sender":	true
				},
				"receiver":	{
					"socket":	8,
					"start":	0,
					"end":	7.094415,
					"seconds":	7.001017,
					"bytes":	107479040,
					"bits_per_second":	121198480.77678005,
					"sender":	true
				}
			}],
		"sum_sent":	{
			"start":	0,
			"end":	7.001017,
			"seconds":	7.001017,
			"bytes":	107479040,
			"bits_per_second":	122815345.25626777,
			"retransmits":	13442,
			"sender":	true
		},
		"sum_received":	{
			"start":	0,
			"end":	7.094415,
			"seconds":	7.094415,
			"bytes":	107479040,
			"bits_per_second":	121198480.77678005,
			"sender":	true
		},
		"cpu_utilization_percent":	{
			"host_total":	10.59275254448168,
			"host_user":	9.99240160404223,
			"host_system":	0.60033731591737927,
			"remote_total":	1.811506667347013,
			"remote_user":	0.0061174787079321148,
			"remote_system":	1.8054032842121406
		},
		"sender_tcp_congestion":	"bbr",
		"receiver_tcp_congestion":	"bbr"
	}
}
