{
	"start":	{
		"connected":	[{
				"socket":	8,
				"local_host":	"172.16.0.116",
				"local_port":	44814,
				"remote_host":	"172.17.0.116",
				"remote_port":	5201
			}],
		"version":	"iperf 3.16",
		"system_info":	"Linux h1 6.12.54-0b264c55b-l4steam-117 #1 SMP PREEMPT_DYNAMIC Fri Nov  7 18:07:57 UTC 2025 x86_64",
		"timestamp":	{
			"time":	"Sun, 22 Feb 2026 02:46:39 GMT",
			"timesecs":	1771728399
		},
		"connecting_to":	{
			"host":	"172.17.0.116",
			"port":	5201
		},
		"cookie":	"vfoksvdyiqi4zlp5v4l7zvid4i7h3zrldrwi",
		"tcp_mss_default":	1448,
		"target_bitrate":	0,
		"fq_rate":	0,
		"sock_bufsize":	0,
		"sndbuf_actual":	1000000,
		"rcvbuf_actual":	1000000,
		"test_start":	{
			"protocol":	"TCP",
			"num_streams":	1,
			"blksize":	131072,
			"omit":	0,
			"duration":	0,
			"bytes":	107374182,
			"blocks":	0,
			"reverse":	0,
			"tos":	0,
			"target_bitrate":	0,
			"bidir":	0,
			"fqrate":	0
		}
	},
	"intervals":	[{
			"streams":	[{
					"socket":	8,
					"start":	0,
					"end":	1.002213,
					"seconds":	1.0022130012512207,
					"bytes":	19529728,
					"bits_per_second":	155892832.9655908,
					"retransmits":	2752,
					"snd_cwnd":	8240568,
					"snd_wnd":	16941056,
					"rtt":	454933,
					"rttvar":	19787,
					"pmtu":	1500,
					"omitted":	false,
					"sender":	true
				}],
			"sum":	{
				"start":	0,
				"end":	1.002213,
				"seconds":	1.0022130012512207,
				"bytes":	19529728,
				"bits_per_second":	155892832.9655908,
				"retransmits":	2752,
				"omitted":	false,
				"sender":	true
			}
		}, {
			"streams":	[{
					"socket":	8,
					"start":	1.002213,
					"end":	2.001054,
					"seconds":	0.99884098768234253,
					"bytes":	17563648,
					"bits_per_second":	140672224.8413434,
					"retransmits":	4546,
					"snd_cwnd":	101387512,
					"snd_wnd":	25698304,
					"rtt":	280250,
					"rttvar":	18219,
					"pmtu":	1500,
					"omitted":	false,
					"sender":	true
				}],
			"sum":	{
				"start":	1.002213,
				"end":	2.001054,
				"seconds":	0.99884098768234253,
				"bytes":	17563648,
				"bits_per_second":	140672224.8413434,
				"retransmits":	4546,
				"omitted":	false,
				"sender":	true
			}
		}, {
			"streams":	[{
					"socket":	8,
					"start":	2.001054,
					"end":	3.001062,
					"seconds":	1.0000079870224,
					"bytes":	5373952,
					"bits_per_second":	42991272.627742521,
					"retransmits":	7789,
					"snd_cwnd":	1896880,
					"snd_wnd":	57266176,
					"rtt":	211425,
					"rttvar":	23634,
					"pmtu":	1500,
					"omitted":	false,
					"sender":	true
				}],
			"sum":	{
				"start":	2.001054,
				"end":	3.001062,
				"seconds":	1.0000079870224,
				"bytes":	5373952,
				"bits_per_second":	42991272.627742521,
				"retransmits":	7789,
				"omitted":	false,
				"sender":	true
			}
		}, {
			"streams":	[{
					"socket":	8,
					"start":	3.001062,
					"end":	4.001052,
					"seconds":	0.99998998641967773,
					"bytes":	65011712,
					"bits_per_second":	520098904.05215126,
					"retransmits":	10761,
					"snd_cwnd":	5385112,
					"snd_wnd":	108834816,
					"rtt":	74997,
					"rttvar":	781,
					"pmtu":	1500,
					"omitted":	false,
					"sender":	true
				}],
			"sum":	{
				"start":	3.001062,
				"end":	4.001052,
				"seconds":	0.99998998641967773,
				"bytes":	65011712,
				"bits_per_second":	520098904.05215126,
				"retransmits":	10761,
				"omitted":	false,
				"sender":	true
			}
		}],
	"end":	{
		"streams":	[{
				"sender":	{
					"socket":	8,
					"start":	0,
					"end":	4.001286,
					"seconds":	4.001286,
					"bytes":	107479040,
					"bits_per_second":	214888993.18868983,
					"retransmits":	25848,
					"max_snd_cwnd":	101387512,
					"max_snd_wnd":	108834816,
					"max_rtt":	454933,
					"min_rtt":	74997,
					"mean_rtt":	219320,
					"sender":	true
				},
				"receiver":	{
					"socket":	8,
					"start":	0,
					"end":	4.066775,
					"seconds":	4.001286,
					"bytes":	71303168,
					"bits_per_second":	140264790.65106872,
					"sender":	true
				}
			}],
		"sum_sent":	{
			"start":	0,
			"end":	4.001286,
			"seconds":	4.001286,
			"bytes":	107479040,
			"bits_per_second":	214888993.18868983,
			"retransmits":	25848,
			"sender":	true
		},
		"sum_received":	{
			"start":	0,
			"end":	4.066775,
			"seconds":	4.066775,
			"bytes":	71303168,
			"bits_per_second":	140264790.65106872,
			"sender":	true
		},
		"cpu_utilization_percent":	{
			"host_total":	6.4001343226137468,
			"host_user":	3.8409684273911227,
			"host_system":	2.5591507960079487,
			"remote_total":	1.352441259626133,
			"remote_user":	0,
			"remote_system":	1.352441259626133
		},
		"sender_tcp_congestion":	"cubic",
		"receiver_tcp_congestion":	"cubic"
	}
}
