{
	"start":	{
		"connected":	[{
				"socket":	8,
				"local_host":	"172.16.0.29",
				"local_port":	34852,
				"remote_host":	"172.17.0.29",
				"remote_port":	5201
			}],
		"version":	"iperf 3.16",
		"system_info":	"Linux h1 6.12.54-0b264c55b-l4steam-117 #1 SMP PREEMPT_DYNAMIC Fri Nov  7 18:07:57 UTC 2025 x86_64",
		"timestamp":	{
			"time":	"Sun, 22 Feb 2026 02:46:38 GMT",
			"timesecs":	1771728398
		},
		"connecting_to":	{
			"host":	"172.17.0.29",
			"port":	5201
		},
		"cookie":	"lremcvyb2cjxghbw5l2zhjdsgw6oip4frdia",
		"tcp_mss_default":	1448,
		"target_bitrate":	0,
		"fq_rate":	0,
		"sock_bufsize":	0,
		"sndbuf_actual":	1000000,
		"rcvbuf_actual":	1000000,
		"test_start":	{
			"protocol":	"TCP",
			"num_streams":	1,
			"blksize":	131072,
			"omit":	0,
			"duration":	0,
			"bytes":	107374182,
			"blocks":	0,
			"reverse":	0,
			"tos":	0,
			"target_bitrate":	0,
			"bidir":	0,
			"fqrate":	0
		}
	},
	"intervals":	[{
			"streams":	[{
					"socket":	8,
					"start":	0,
					"end":	1.001049,
					"seconds":	1.0010490417480469,
					"bytes":	48234496,
					"bits_per_second":	385471592.20708865,
					"retransmits":	2659,
					"snd_cwnd":	9581416,
					"snd_wnd":	31027200,
					"rtt":	439473,
					"rttvar":	5787,
					"pmtu":	1500,
					"omitted":	false,
					"sender":	true
				}],
			"sum":	{
				"start":	0,
				"end":	1.001049,
				"seconds":	1.0010490417480469,
				"bytes":	48234496,
				"bits_per_second":	385471592.20708865,
				"retransmits":	2659,
				"omitted":	false,
				"sender":	true
			}
		}, {
			"streams":	[{
					"socket":	8,
					"start":	1.001049,
					"end":	2.00105,
					"seconds":	1.0000009536743164,
					"bytes":	0,
					"bits_per_second":	0,
					"retransmits":	7938,
					"snd_cwnd":	1242384,
					"snd_wnd":	54661120,
					"rtt":	135530,
					"rttvar":	29904,
					"pmtu":	1500,
					"omitted":	false,
					"sender":	true
				}],
			"sum":	{
				"start":	1.001049,
				"end":	2.00105,
				"seconds":	1.0000009536743164,
				"bytes":	0,
				"bits_per_second":	0,
				"retransmits":	7938,
				"omitted":	false,
				"sender":	true
			}
		}, {
			"streams":	[{
					"socket":	8,
					"start":	2.00105,
					"end":	3.001061,
					"seconds":	1.0000109672546387,
					"bytes":	3276800,
					"bits_per_second":	26214112.503153052,
					"retransmits":	171,
					"snd_cwnd":	13055168,
					"snd_wnd":	68362240,
					"rtt":	558605,
					"rttvar":	22218,
					"pmtu":	1500,
					"omitted":	false,
					"sender":	true
				}],
			"sum":	{
				"start":	2.00105,
				"end":	3.001061,
				"seconds":	1.0000109672546387,
				"bytes":	3276800,
				"bits_per_second":	26214112.503153052,
				"retransmits":	171,
				"omitted":	false,
				"sender":	true
			}
		}, {
			"streams":	[{
					"socket":	8,
					"start":	3.001061,
					"end":	4.001056,
					"seconds":	0.999994993209839,
					"bytes":	4063232,
					"bits_per_second":	32506018.750814859,
					"retransmits":	7916,
					"snd_cwnd":	1592800,
					"snd_wnd":	64528384,
					"rtt":	162194,
					"rttvar":	5916,
					"pmtu":	1500,
					"omitted":	false,
					"sender":	true
				}],
			"sum":	{
				"start":	3.001061,
				"end":	4.001056,
				"seconds":	0.999994993209839,
				"bytes":	4063232,
				"bits_per_second":	32506018.750814859,
				"retransmits":	7916,
				"omitted":	false,
				"sender":	true
			}
		}, {
			"streams":	[{
					"socket":	8,
					"start":	4.001056,
					"end":	5.009565,
					"seconds":	1.0085090398788452,
					"bytes":	22675456,
					"bits_per_second":	179873100.61374611,
					"retransmits":	4177,
					"snd_cwnd":	3982000,
					"snd_wnd":	66297856,
					"rtt":	299502,
					"rttvar":	2355,
					"pmtu":	1500,
					"omitted":	false,
					"sender":	true
				}],
			"sum":	{
				"start":	4.001056,
				"end":	5.009565,
				"seconds":	1.0085090398788452,
				"bytes":	22675456,
				"bits_per_second":	179873100.61374611,
				"retransmits":	4177,
				"omitted":	false,
				"sender":	true
			}
		}, {
			"streams":	[{
					"socket":	8,
					"start":	5.009565,
					"end":	6.000606,
					"seconds":	0.99104100465774536,
					"bytes":	10878976,
					"bits_per_second":	87818574.197196126,
					"retransmits":	8485,
					"snd_cwnd":	24374184,
					"snd_wnd":	68370432,
					"rtt":	159753,
					"rttvar":	431,
					"pmtu":	1500,
					"omitted":	false,
					"sender":	true
				}],
			"sum":	{
				"start":	5.009565,
				"end":	6.000606,
				"seconds":	0.99104100465774536,
				"bytes":	10878976,
				"bits_per_second":	87818574.197196126,
				"retransmits":	8485,
				"omitted":	false,
				"sender":	true
			}
		}, {
			"streams":	[{
					"socket":	8,
					"start":	6.000606,
					"end":	7.000611,
					"seconds":	1.0000050067901611,
					"bytes":	18350080,
					"bits_per_second":	146799905.00368,
					"retransmits":	3613,
					"snd_cwnd":	4747992,
					"snd_wnd":	65867776,
					"rtt":	211444,
					"rttvar":	872,
					"pmtu":	1500,
					"omitted":	false,
					"sender":	true
				}],
			"sum":	{
				"start":	6.000606,
				"end":	7.000611,
				"seconds":	1.0000050067901611,
				"bytes":	18350080,
				"bits_per_second":	146799905.00368,
				"retransmits":	3613,
				"omitted":	false,
				"sender":	true
			}
		}],
	"end":	{
		"streams":	[{
				"sender":	{
					"socket":	8,
					"start":	0,
					"end":	7.001031,
					"seconds":	7.001031,
					"bytes":	107479040,
					"bits_per_second":	122815099.66174981,
					"retransmits":	34959,
					"max_snd_cwnd":	24374184,
					"max_snd_wnd":	68370432,
					"max_rtt":	558605,
					"min_rtt":	135530,
					"mean_rtt":	272243,
					"sender":	true
				},
				"receiver":	{
					"socket":	8,
					"start":	0,
					"end":	7.065507,
					"seconds":	7.001031,
					"bytes":	88080384,
					"bits_per_second":	99730008.334858343,
					"sender":	true
				}
			}],
		"sum_sent":	{
			"start":	0,
			"end":	7.001031,
			"seconds":	7.001031,
			"bytes":	107479040,
			"bits_per_second":	122815099.66174981,
			"retransmits":	34959,
			"sender":	true
		},
		"sum_received":	{
			"start":	0,
			"end":	7.065507,
			"seconds":	7.065507,
			"bytes":	88080384,
			"bits_per_second":	99730008.334858343,
			"sender":	true
		},
		"cpu_utilization_percent":	{
			"host_total":	7.1366588952977779,
			"host_user":	3.5929670144433432,
			"host_system":	3.5436918808544347,
			"remote_total":	1.1684491967256758,
			"remote_user":	0,
			"remote_system":	1.1684633499676387
		},
		"sender_tcp_congestion":	"cubic",
		"receiver_tcp_congestion":	"cubic"
	}
}
