{
	"start":	{
		"connected":	[{
				"socket":	8,
				"local_host":	"172.16.0.31",
				"local_port":	42086,
				"remote_host":	"172.17.0.31",
				"remote_port":	5201
			}],
		"version":	"iperf 3.16",
		"system_info":	"Linux h1 6.12.54-0b264c55b-l4steam-117 #1 SMP PREEMPT_DYNAMIC Fri Nov  7 18:07:57 UTC 2025 x86_64",
		"timestamp":	{
			"time":	"Sun, 22 Feb 2026 02:46:38 GMT",
			"timesecs":	1771728398
		},
		"connecting_to":	{
			"host":	"172.17.0.31",
			"port":	5201
		},
		"cookie":	"e4canunijc5ud7otkq5dacbvvj5blbeemrcl",
		"tcp_mss_default":	1448,
		"target_bitrate":	0,
		"fq_rate":	0,
		"sock_bufsize":	0,
		"sndbuf_actual":	1000000,
		"rcvbuf_actual":	1000000,
		"test_start":	{
			"protocol":	"TCP",
			"num_streams":	1,
			"blksize":	131072,
			"omit":	0,
			"duration":	0,
			"bytes":	107374182,
			"blocks":	0,
			"reverse":	0,
			"tos":	0,
			"target_bitrate":	0,
			"bidir":	0,
			"fqrate":	0
		}
	},
	"intervals":	[{
			"streams":	[{
					"socket":	8,
					"start":	0,
					"end":	1.001137,
					"seconds":	1.0011370182037354,
					"bytes":	655360,
					"bits_per_second":	5236925.5203517536,
					"retransmits":	1,
					"snd_cwnd":	144800000,
					"snd_wnd":	733184,
					"rtt":	75007,
					"rttvar":	2385,
					"pmtu":	1500,
					"omitted":	false,
					"sender":	true
				}],
			"sum":	{
				"start":	0,
				"end":	1.001137,
				"seconds":	1.0011370182037354,
				"bytes":	655360,
				"bits_per_second":	5236925.5203517536,
				"retransmits":	1,
				"omitted":	false,
				"sender":	true
			}
		}, {
			"streams":	[{
					"socket":	8,
					"start":	1.001137,
					"end":	2.001108,
					"seconds":	0.99997097253799438,
					"bytes":	917504,
					"bits_per_second":	7340245.0686848434,
					"retransmits":	0,
					"snd_cwnd":	144800000,
					"snd_wnd":	737280,
					"rtt":	66923,
					"rttvar":	2439,
					"pmtu":	1500,
					"omitted":	false,
					"sender":	true
				}],
			"sum":	{
				"start":	1.001137,
				"end":	2.001108,
				"seconds":	0.99997097253799438,
				"bytes":	917504,
				"bits_per_second":	7340245.0686848434,
				"retransmits":	0,
				"omitted":	false,
				"sender":	true
			}
		}, {
			"streams":	[{
					"socket":	8,
					"start":	2.001108,
					"end":	3.019078,
					"seconds":	1.0179699659347534,
					"bytes":	917504,
					"bits_per_second":	7210460.27449346,
					"retransmits":	0,
					"snd_cwnd":	144800000,
					"snd_wnd":	737280,
					"rtt":	73777,
					"rttvar":	4732,
					"pmtu":	1500,
					"omitted":	false,
					"sender":	true
				}],
			"sum":	{
				"start":	2.001108,
				"end":	3.019078,
				"seconds":	1.0179699659347534,
				"bytes":	917504,
				"bits_per_second":	7210460.27449346,
				"retransmits":	0,
				"omitted":	false,
				"sender":	true
			}
		}, {
			"streams":	[{
					"socket":	8,
					"start":	3.019078,
					"end":	4.005178,
					"seconds":	0.98610001802444458,
					"bytes":	917504,
					"bits_per_second":	7443496.4667225536,
					"retransmits":	0,
					"snd_cwnd":	144800000,
					"snd_wnd":	737280,
					"rtt":	68191,
					"rttvar":	1113,
					"pmtu":	1500,
					"omitted":	false,
					"sender":	true
				}],
			"sum":	{
				"start":	3.019078,
				"end":	4.005178,
				"seconds":	0.98610001802444458,
				"bytes":	917504,
				"bits_per_second":	7443496.4667225536,
				"retransmits":	0,
				"omitted":	false,
				"sender":	true
			}
		}, {
			"streams":	[{
					"socket":	8,
					"start":	4.005178,
					"end":	5.002274,
					"seconds":	0.99709600210189819,
					"bytes":	262144,
					"bits_per_second":	2103259.8622190459,
					"retransmits":	45,
					"snd_cwnd":	101387512,
					"snd_wnd":	737280,
					"rtt":	70337,
					"rttvar":	5330,
					"pmtu":	1500,
					"omitted":	false,
					"sender":	true
				}],
			"sum":	{
				"start":	4.005178,
				"end":	5.002274,
				"seconds":	0.99709600210189819,
				"bytes":	262144,
				"bits_per_second":	2103259.8622190459,
				"retransmits":	45,
				"omitted":	false,
				"sender":	true
			}
		}, {
			"streams":	[{
					"socket":	8,
					"start":	5.002274,
					"end":	6.00114,
					"seconds":	0.99886602163314819,
					"bytes":	524288,
					"bits_per_second":	4199065.6496076453,
					"retransmits":	47,
					"snd_cwnd":	21720,
					"snd_wnd":	737280,
					"rtt":	69480,
					"rttvar":	5744,
					"pmtu":	1500,
					"omitted":	false,
					"sender":	true
				}],
			"sum":	{
				"start":	5.002274,
				"end":	6.00114,
				"seconds":	0.99886602163314819,
				"bytes":	524288,
				"bits_per_second":	4199065.6496076453,
				"retransmits":	47,
				"omitted":	false,
				"sender":	true
			}
		}, {
			"streams":	[{
					"socket":	8,
					"start":	6.00114,
					"end":	7.001044,
					"seconds":	0.999903976917267,
					"bytes":	103284736,
					"bits_per_second":	826357237.369371,
					"retransmits":	131,
					"snd_cwnd":	418472,
					"snd_wnd":	9289728,
					"rtt":	78494,
					"rttvar":	1050,
					"pmtu":	1500,
					"omitted":	false,
					"sender":	true
				}],
			"sum":	{
				"start":	6.00114,
				"end":	7.001044,
				"seconds":	0.999903976917267,
				"bytes":	103284736,
				"bits_per_second":	826357237.369371,
				"retransmits":	131,
				"omitted":	false,
				"sender":	true
			}
		}],
	"end":	{
		"streams":	[{
				"sender":	{
					"socket":	8,
					"start":	0,
					"end":	7.001392,
					"seconds":	7.001392,
					"bytes":	107479040,
					"bits_per_second":	122808767.17087117,
					"retransmits":	224,
					"max_snd_cwnd":	144800000,
					"max_snd_wnd":	9289728,
					"max_rtt":	78494,
					"min_rtt":	66923,
					"mean_rtt":	72587,
					"sender":	true
				},
				"receiver":	{
					"socket":	8,
					"start":	0,
					"end":	7.063234,
					"seconds":	7.001392,
					"bytes":	9306112,
					"bits_per_second":	10540341.152508894,
					"sender":	true
				}
			}],
		"sum_sent":	{
			"start":	0,
			"end":	7.001392,
			"seconds":	7.001392,
			"bytes":	107479040,
			"bits_per_second":	122808767.17087117,
			"retransmits":	224,
			"sender":	true
		},
		"sum_received":	{
			"start":	0,
			"end":	7.063234,
			"seconds":	7.063234,
			"bytes":	9306112,
			"bits_per_second":	10540341.152508894,
			"sender":	true
		},
		"cpu_utilization_percent":	{
			"host_total":	6.3670271710328743,
			"host_user":	5.6287042414816542,
			"host_system":	0.738309260448218,
			"remote_total":	0.2251656285460861,
			"remote_user":	0,
			"remote_system":	0.2251656285460861
		},
		"sender_tcp_congestion":	"cubic",
		"receiver_tcp_congestion":	"cubic"
	}
}
