{
	"start":	{
		"connected":	[{
				"socket":	8,
				"local_host":	"172.16.0.88",
				"local_port":	54870,
				"remote_host":	"172.17.0.88",
				"remote_port":	5201
			}],
		"version":	"iperf 3.16",
		"system_info":	"Linux h1 6.12.54-0b264c55b-l4steam-117 #1 SMP PREEMPT_DYNAMIC Fri Nov  7 18:07:57 UTC 2025 x86_64",
		"timestamp":	{
			"time":	"Sun, 22 Feb 2026 02:46:38 GMT",
			"timesecs":	1771728398
		},
		"connecting_to":	{
			"host":	"172.17.0.88",
			"port":	5201
		},
		"cookie":	"ntknwdyc4r5qzrlpalzdjwkij3alursi6bll",
		"tcp_mss_default":	1448,
		"target_bitrate":	0,
		"fq_rate":	0,
		"sock_bufsize":	0,
		"sndbuf_actual":	1000000,
		"rcvbuf_actual":	1000000,
		"test_start":	{
			"protocol":	"TCP",
			"num_streams":	1,
			"blksize":	131072,
			"omit":	0,
			"duration":	0,
			"bytes":	107374182,
			"blocks":	0,
			"reverse":	0,
			"tos":	0,
			"target_bitrate":	0,
			"bidir":	0,
			"fqrate":	0
		}
	},
	"intervals":	[{
			"streams":	[{
					"socket":	8,
					"start":	0,
					"end":	1.001035,
					"seconds":	1.00103497505188,
					"bytes":	12320768,
					"bits_per_second":	98464235.9722663,
					"retransmits":	0,
					"snd_cwnd":	144800000,
					"snd_wnd":	20930560,
					"rtt":	170820,
					"rttvar":	18102,
					"pmtu":	1500,
					"omitted":	false,
					"sender":	true
				}],
			"sum":	{
				"start":	0,
				"end":	1.001035,
				"seconds":	1.00103497505188,
				"bytes":	12320768,
				"bits_per_second":	98464235.9722663,
				"retransmits":	0,
				"omitted":	false,
				"sender":	true
			}
		}, {
			"streams":	[{
					"socket":	8,
					"start":	1.001035,
					"end":	2.002458,
					"seconds":	1.0014230012893677,
					"bytes":	12058624,
					"bits_per_second":	96331911.565634847,
					"retransmits":	0,
					"snd_cwnd":	144800000,
					"snd_wnd":	38465536,
					"rtt":	158616,
					"rttvar":	7796,
					"pmtu":	1500,
					"omitted":	false,
					"sender":	true
				}],
			"sum":	{
				"start":	1.001035,
				"end":	2.002458,
				"seconds":	1.0014230012893677,
				"bytes":	12058624,
				"bits_per_second":	96331911.565634847,
				"retransmits":	0,
				"omitted":	false,
				"sender":	true
			}
		}, {
			"streams":	[{
					"socket":	8,
					"start":	2.002458,
					"end":	3.001031,
					"seconds":	0.99857300519943237,
					"bytes":	26476544,
					"bits_per_second":	212115039.05785775,
					"retransmits":	0,
					"snd_cwnd":	144800000,
					"snd_wnd":	38465536,
					"rtt":	301030,
					"rttvar":	6689,
					"pmtu":	1500,
					"omitted":	false,
					"sender":	true
				}],
			"sum":	{
				"start":	2.002458,
				"end":	3.001031,
				"seconds":	0.99857300519943237,
				"bytes":	26476544,
				"bits_per_second":	212115039.05785775,
				"retransmits":	0,
				"omitted":	false,
				"sender":	true
			}
		}, {
			"streams":	[{
					"socket":	8,
					"start":	3.001031,
					"end":	4.000765,
					"seconds":	0.99973398447036743,
					"bytes":	3276800,
					"bits_per_second":	26221375.293036271,
					"retransmits":	9413,
					"snd_cwnd":	1772352,
					"snd_wnd":	38318080,
					"rtt":	130003,
					"rttvar":	719,
					"pmtu":	1500,
					"omitted":	false,
					"sender":	true
				}],
			"sum":	{
				"start":	3.001031,
				"end":	4.000765,
				"seconds":	0.99973398447036743,
				"bytes":	3276800,
				"bits_per_second":	26221375.293036271,
				"retransmits":	9413,
				"omitted":	false,
				"sender":	true
			}
		}, {
			"streams":	[{
					"socket":	8,
					"start":	4.000765,
					"end":	5.004537,
					"seconds":	1.0037720203399658,
					"bytes":	11927552,
					"bits_per_second":	95061840.802936733,
					"retransmits":	3610,
					"snd_cwnd":	2363136,
					"snd_wnd":	38309888,
					"rtt":	174337,
					"rttvar":	26364,
					"pmtu":	1500,
					"omitted":	false,
					"sender":	true
				}],
			"sum":	{
				"start":	4.000765,
				"end":	5.004537,
				"seconds":	1.0037720203399658,
				"bytes":	11927552,
				"bits_per_second":	95061840.802936733,
				"retransmits":	3610,
				"omitted":	false,
				"sender":	true
			}
		}, {
			"streams":	[{
					"socket":	8,
					"start":	5.004537,
					"end":	6.002708,
					"seconds":	0.99817097187042236,
					"bytes":	41418752,
					"bits_per_second":	331957175.01091009,
					"retransmits":	4398,
					"snd_cwnd":	4097840,
					"snd_wnd":	38449152,
					"rtt":	211454,
					"rttvar":	6785,
					"pmtu":	1500,
					"omitted":	false,
					"sender":	true
				}],
			"sum":	{
				"start":	5.004537,
				"end":	6.002708,
				"seconds":	0.99817097187042236,
				"bytes":	41418752,
				"bits_per_second":	331957175.01091009,
				"retransmits":	4398,
				"omitted":	false,
				"sender":	true
			}
		}],
	"end":	{
		"streams":	[{
				"sender":	{
					"socket":	8,
					"start":	0,
					"end":	6.012615,
					"seconds":	6.012615,
					"bytes":	107479040,
					"bits_per_second":	143004719.24445519,
					"retransmits":	17427,
					"max_snd_cwnd":	144800000,
					"max_snd_wnd":	38465536,
					"max_rtt":	301030,
					"min_rtt":	130003,
					"mean_rtt":	192866,
					"sender":	true
				},
				"receiver":	{
					"socket":	8,
					"start":	0,
					"end":	6.08177,
					"seconds":	6.012615,
					"bytes":	69861376,
					"bits_per_second":	91896110.507303,
					"sender":	true
				}
			}],
		"sum_sent":	{
			"start":	0,
			"end":	6.012615,
			"seconds":	6.012615,
			"bytes":	107479040,
			"bits_per_second":	143004719.24445519,
			"retransmits":	17427,
			"sender":	true
		},
		"sum_received":	{
			"start":	0,
			"end":	6.08177,
			"seconds":	6.08177,
			"bytes":	69861376,
			"bits_per_second":	91896110.507303,
			"sender":	true
		},
		"cpu_utilization_percent":	{
			"host_total":	5.5135542273574343,
			"host_user":	1.2862601147760739,
			"host_system":	4.2273099428905763,
			"remote_total":	1.6138202960317538,
			"remote_user":	0,
			"remote_system":	1.6138531811410475
		},
		"sender_tcp_congestion":	"cubic",
		"receiver_tcp_congestion":	"cubic"
	}
}
