{
	"start":	{
		"connected":	[{
				"socket":	8,
				"local_host":	"172.16.0.61",
				"local_port":	59168,
				"remote_host":	"172.17.0.61",
				"remote_port":	5201
			}],
		"version":	"iperf 3.16",
		"system_info":	"Linux h1 6.12.54-0b264c55b-l4steam-117 #1 SMP PREEMPT_DYNAMIC Fri Nov  7 18:07:57 UTC 2025 x86_64",
		"timestamp":	{
			"time":	"Sun, 22 Feb 2026 02:14:45 GMT",
			"timesecs":	1771726485
		},
		"connecting_to":	{
			"host":	"172.17.0.61",
			"port":	5201
		},
		"cookie":	"6mlkino4oxftowzsuykssxzjx7oe34e5kpvr",
		"tcp_mss_default":	1448,
		"target_bitrate":	0,
		"fq_rate":	0,
		"sock_bufsize":	0,
		"sndbuf_actual":	1000000,
		"rcvbuf_actual":	1000000,
		"test_start":	{
			"protocol":	"TCP",
			"num_streams":	1,
			"blksize":	131072,
			"omit":	0,
			"duration":	0,
			"bytes":	107374182,
			"blocks":	0,
			"reverse":	0,
			"tos":	0,
			"target_bitrate":	0,
			"bidir":	0,
			"fqrate":	0
		}
	},
	"intervals":	[{
			"streams":	[{
					"socket":	8,
					"start":	0,
					"end":	1.001077,
					"seconds":	1.0010770559310913,
					"bytes":	21495808,
					"bits_per_second":	171781445.77497661,
					"retransmits":	8779,
					"snd_cwnd":	5483576,
					"snd_wnd":	33722368,
					"rtt":	123041,
					"rttvar":	8325,
					"pmtu":	1500,
					"omitted":	false,
					"sender":	true
				}],
			"sum":	{
				"start":	0,
				"end":	1.001077,
				"seconds":	1.0010770559310913,
				"bytes":	21495808,
				"bits_per_second":	171781445.77497661,
				"retransmits":	8779,
				"omitted":	false,
				"sender":	true
			}
		}, {
			"streams":	[{
					"socket":	8,
					"start":	1.001077,
					"end":	2.001089,
					"seconds":	1.0000120401382446,
					"bytes":	20447232,
					"bits_per_second":	163575886.52371275,
					"retransmits":	4634,
					"snd_cwnd":	2250192,
					"snd_wnd":	62590976,
					"rtt":	101409,
					"rttvar":	349,
					"pmtu":	1500,
					"omitted":	false,
					"sender":	true
				}],
			"sum":	{
				"start":	1.001077,
				"end":	2.001089,
				"seconds":	1.0000120401382446,
				"bytes":	20447232,
				"bits_per_second":	163575886.52371275,
				"retransmits":	4634,
				"omitted":	false,
				"sender":	true
			}
		}, {
			"streams":	[{
					"socket":	8,
					"start":	2.001089,
					"end":	3.001062,
					"seconds":	0.99997299909591675,
					"bytes":	8388608,
					"bits_per_second":	67110676.048926964,
					"retransmits":	891,
					"snd_cwnd":	1154056,
					"snd_wnd":	82599936,
					"rtt":	92388,
					"rttvar":	2257,
					"pmtu":	1500,
					"omitted":	false,
					"sender":	true
				}],
			"sum":	{
				"start":	2.001089,
				"end":	3.001062,
				"seconds":	0.99997299909591675,
				"bytes":	8388608,
				"bits_per_second":	67110676.048926964,
				"retransmits":	891,
				"omitted":	false,
				"sender":	true
			}
		}, {
			"streams":	[{
					"socket":	8,
					"start":	3.001062,
					"end":	4.001055,
					"seconds":	0.99999302625656128,
					"bytes":	12976128,
					"bits_per_second":	103809747.94254859,
					"retransmits":	86,
					"snd_cwnd":	1572528,
					"snd_wnd":	82608128,
					"rtt":	73031,
					"rttvar":	225,
					"pmtu":	1500,
					"omitted":	false,
					"sender":	true
				}],
			"sum":	{
				"start":	3.001062,
				"end":	4.001055,
				"seconds":	0.99999302625656128,
				"bytes":	12976128,
				"bits_per_second":	103809747.94254859,
				"retransmits":	86,
				"omitted":	false,
				"sender":	true
			}
		}, {
			"streams":	[{
					"socket":	8,
					"start":	4.001055,
					"end":	5.001151,
					"seconds":	1.0000959634780884,
					"bytes":	10878976,
					"bits_per_second":	87023456.926398069,
					"retransmits":	0,
					"snd_cwnd":	1511712,
					"snd_wnd":	82608128,
					"rtt":	61825,
					"rttvar":	304,
					"pmtu":	1500,
					"omitted":	false,
					"sender":	true
				}],
			"sum":	{
				"start":	4.001055,
				"end":	5.001151,
				"seconds":	1.0000959634780884,
				"bytes":	10878976,
				"bits_per_second":	87023456.926398069,
				"retransmits":	0,
				"omitted":	false,
				"sender":	true
			}
		}, {
			"streams":	[{
					"socket":	8,
					"start":	5.001151,
					"end":	6.001049,
					"seconds":	0.99989801645278931,
					"bytes":	17170432,
					"bits_per_second":	137377466.24131411,
					"retransmits":	0,
					"snd_cwnd":	1517504,
					"snd_wnd":	82608128,
					"rtt":	64183,
					"rttvar":	330,
					"pmtu":	1500,
					"omitted":	false,
					"sender":	true
				}],
			"sum":	{
				"start":	5.001151,
				"end":	6.001049,
				"seconds":	0.99989801645278931,
				"bytes":	17170432,
				"bits_per_second":	137377466.24131411,
				"retransmits":	0,
				"omitted":	false,
				"sender":	true
			}
		}, {
			"streams":	[{
					"socket":	8,
					"start":	6.001049,
					"end":	7.002414,
					"seconds":	1.0013649463653564,
					"bytes":	9306112,
					"bits_per_second":	74347415.7650778,
					"retransmits":	0,
					"snd_cwnd":	1633344,
					"snd_wnd":	83480576,
					"rtt":	64818,
					"rttvar":	128,
					"pmtu":	1500,
					"omitted":	false,
					"sender":	true
				}],
			"sum":	{
				"start":	6.001049,
				"end":	7.002414,
				"seconds":	1.0013649463653564,
				"bytes":	9306112,
				"bits_per_second":	74347415.7650778,
				"retransmits":	0,
				"omitted":	false,
				"sender":	true
			}
		}, {
			"streams":	[{
					"socket":	8,
					"start":	7.002414,
					"end":	8.010433,
					"seconds":	1.008018970489502,
					"bytes":	6815744,
					"bits_per_second":	54092188.338004954,
					"retransmits":	0,
					"snd_cwnd":	2646944,
					"snd_wnd":	83480576,
					"rtt":	60354,
					"rttvar":	411,
					"pmtu":	1500,
					"omitted":	false,
					"sender":	true
				}],
			"sum":	{
				"start":	7.002414,
				"end":	8.010433,
				"seconds":	1.008018970489502,
				"bytes":	6815744,
				"bits_per_second":	54092188.338004954,
				"retransmits":	0,
				"omitted":	false,
				"sender":	true
			}
		}],
	"end":	{
		"streams":	[{
				"sender":	{
					"socket":	8,
					"start":	0,
					"end":	8.010805,
					"seconds":	8.010805,
					"bytes":	107479040,
					"bits_per_second":	107334071.91911425,
					"retransmits":	14390,
					"max_snd_cwnd":	5483576,
					"max_snd_wnd":	83480576,
					"max_rtt":	123041,
					"min_rtt":	60354,
					"mean_rtt":	77933,
					"sender":	true
				},
				"receiver":	{
					"socket":	8,
					"start":	0,
					"end":	8.523862,
					"seconds":	8.010805,
					"bytes":	107479040,
					"bits_per_second":	100873561.77282083,
					"sender":	true
				}
			}],
		"sum_sent":	{
			"start":	0,
			"end":	8.010805,
			"seconds":	8.010805,
			"bytes":	107479040,
			"bits_per_second":	107334071.91911425,
			"retransmits":	14390,
			"sender":	true
		},
		"sum_received":	{
			"start":	0,
			"end":	8.523862,
			"seconds":	8.523862,
			"bytes":	107479040,
			"bits_per_second":	100873561.77282083,
			"sender":	true
		},
		"cpu_utilization_percent":	{
			"host_total":	5.0098358643684868,
			"host_user":	4.27477688895758,
			"host_system":	0.73507033978337233,
			"remote_total":	1.6809604361958768,
			"remote_user":	0.11355161506905835,
			"remote_system":	1.5674088211268182
		},
		"sender_tcp_congestion":	"bbr",
		"receiver_tcp_congestion":	"bbr"
	}
}
