{
	"start":	{
		"connected":	[{
				"socket":	8,
				"local_host":	"172.16.0.90",
				"local_port":	44320,
				"remote_host":	"172.17.0.90",
				"remote_port":	5201
			}],
		"version":	"iperf 3.16",
		"system_info":	"Linux h1 6.12.54-0b264c55b-l4steam-117 #1 SMP PREEMPT_DYNAMIC Fri Nov  7 18:07:57 UTC 2025 x86_64",
		"timestamp":	{
			"time":	"Sun, 22 Feb 2026 02:14:45 GMT",
			"timesecs":	1771726485
		},
		"connecting_to":	{
			"host":	"172.17.0.90",
			"port":	5201
		},
		"cookie":	"aikywkp2d3erakhj5aamozpdow7cm5mie7c2",
		"tcp_mss_default":	1448,
		"target_bitrate":	0,
		"fq_rate":	0,
		"sock_bufsize":	0,
		"sndbuf_actual":	1000000,
		"rcvbuf_actual":	1000000,
		"test_start":	{
			"protocol":	"TCP",
			"num_streams":	1,
			"blksize":	131072,
			"omit":	0,
			"duration":	0,
			"bytes":	107374182,
			"blocks":	0,
			"reverse":	0,
			"tos":	0,
			"target_bitrate":	0,
			"bidir":	0,
			"fqrate":	0
		}
	},
	"intervals":	[{
			"streams":	[{
					"socket":	8,
					"start":	0,
					"end":	1.001044,
					"seconds":	1.0010440349578857,
					"bytes":	17301504,
					"bits_per_second":	138267675.71301,
					"retransmits":	5052,
					"snd_cwnd":	3715568,
					"snd_wnd":	28409856,
					"rtt":	113390,
					"rttvar":	3203,
					"pmtu":	1500,
					"omitted":	false,
					"sender":	true
				}],
			"sum":	{
				"start":	0,
				"end":	1.001044,
				"seconds":	1.0010440349578857,
				"bytes":	17301504,
				"bits_per_second":	138267675.71301,
				"retransmits":	5052,
				"omitted":	false,
				"sender":	true
			}
		}, {
			"streams":	[{
					"socket":	8,
					"start":	1.001044,
					"end":	2.001035,
					"seconds":	0.999990999698639,
					"bytes":	15728640,
					"bits_per_second":	125830252.51019293,
					"retransmits":	47,
					"snd_cwnd":	2392096,
					"snd_wnd":	53444608,
					"rtt":	103772,
					"rttvar":	1043,
					"pmtu":	1500,
					"omitted":	false,
					"sender":	true
				}],
			"sum":	{
				"start":	1.001044,
				"end":	2.001035,
				"seconds":	0.999990999698639,
				"bytes":	15728640,
				"bits_per_second":	125830252.51019293,
				"retransmits":	47,
				"omitted":	false,
				"sender":	true
			}
		}, {
			"streams":	[{
					"socket":	8,
					"start":	2.001035,
					"end":	3.001045,
					"seconds":	1.0000100135803223,
					"bytes":	12845056,
					"bits_per_second":	102759419.01030387,
					"retransmits":	918,
					"snd_cwnd":	2403680,
					"snd_wnd":	67870720,
					"rtt":	122038,
					"rttvar":	1553,
					"pmtu":	1500,
					"omitted":	false,
					"sender":	true
				}],
			"sum":	{
				"start":	2.001035,
				"end":	3.001045,
				"seconds":	1.0000100135803223,
				"bytes":	12845056,
				"bits_per_second":	102759419.01030387,
				"retransmits":	918,
				"omitted":	false,
				"sender":	true
			}
		}, {
			"streams":	[{
					"socket":	8,
					"start":	3.001045,
					"end":	4.001044,
					"seconds":	0.99999898672103882,
					"bytes":	12189696,
					"bits_per_second":	97517666.8126001,
					"retransmits":	847,
					"snd_cwnd":	2397888,
					"snd_wnd":	67883008,
					"rtt":	144175,
					"rttvar":	1445,
					"pmtu":	1500,
					"omitted":	false,
					"sender":	true
				}],
			"sum":	{
				"start":	3.001045,
				"end":	4.001044,
				"seconds":	0.99999898672103882,
				"bytes":	12189696,
				"bits_per_second":	97517666.8126001,
				"retransmits":	847,
				"omitted":	false,
				"sender":	true
			}
		}, {
			"streams":	[{
					"socket":	8,
					"start":	4.001044,
					"end":	5.003652,
					"seconds":	1.0026079416275024,
					"bytes":	9175040,
					"bits_per_second":	73209394.1734109,
					"retransmits":	1283,
					"snd_cwnd":	1592800,
					"snd_wnd":	67870720,
					"rtt":	131036,
					"rttvar":	2750,
					"pmtu":	1500,
					"omitted":	false,
					"sender":	true
				}],
			"sum":	{
				"start":	4.001044,
				"end":	5.003652,
				"seconds":	1.0026079416275024,
				"bytes":	9175040,
				"bits_per_second":	73209394.1734109,
				"retransmits":	1283,
				"omitted":	false,
				"sender":	true
			}
		}, {
			"streams":	[{
					"socket":	8,
					"start":	5.003652,
					"end":	6.003845,
					"seconds":	1.0001929998397827,
					"bytes":	25559040,
					"bits_per_second":	204432864.48990712,
					"retransmits":	418,
					"snd_cwnd":	2467392,
					"snd_wnd":	67870720,
					"rtt":	164012,
					"rttvar":	1669,
					"pmtu":	1500,
					"omitted":	false,
					"sender":	true
				}],
			"sum":	{
				"start":	5.003652,
				"end":	6.003845,
				"seconds":	1.0001929998397827,
				"bytes":	25559040,
				"bits_per_second":	204432864.48990712,
				"retransmits":	418,
				"omitted":	false,
				"sender":	true
			}
		}, {
			"streams":	[{
					"socket":	8,
					"start":	6.003845,
					"end":	7.003843,
					"seconds":	0.99999797344207764,
					"bytes":	14680064,
					"bits_per_second":	117440750.00048232,
					"retransmits":	0,
					"snd_cwnd":	3394112,
					"snd_wnd":	67870720,
					"rtt":	68476,
					"rttvar":	259,
					"pmtu":	1500,
					"omitted":	false,
					"sender":	true
				}],
			"sum":	{
				"start":	6.003845,
				"end":	7.003843,
				"seconds":	0.99999797344207764,
				"bytes":	14680064,
				"bits_per_second":	117440750.00048232,
				"retransmits":	0,
				"omitted":	false,
				"sender":	true
			}
		}],
	"end":	{
		"streams":	[{
				"sender":	{
					"socket":	8,
					"start":	0,
					"end":	7.011843,
					"seconds":	7.011843,
					"bytes":	107479040,
					"bits_per_second":	122625723.3654547,
					"retransmits":	8565,
					"max_snd_cwnd":	3715568,
					"max_snd_wnd":	67883008,
					"max_rtt":	164012,
					"min_rtt":	68470,
					"mean_rtt":	114421,
					"sender":	true
				},
				"receiver":	{
					"socket":	8,
					"start":	0,
					"end":	7.078356,
					"seconds":	7.011843,
					"bytes":	89784320,
					"bits_per_second":	101474771.82554819,
					"sender":	true
				}
			}],
		"sum_sent":	{
			"start":	0,
			"end":	7.011843,
			"seconds":	7.011843,
			"bytes":	107479040,
			"bits_per_second":	122625723.3654547,
			"retransmits":	8565,
			"sender":	true
		},
		"sum_received":	{
			"start":	0,
			"end":	7.078356,
			"seconds":	7.078356,
			"bytes":	89784320,
			"bits_per_second":	101474771.82554819,
			"sender":	true
		},
		"cpu_utilization_percent":	{
			"host_total":	2.0038193700739217,
			"host_user":	1.3447950433383911,
			"host_system":	0.659036326013174,
			"remote_total":	1.3926760432850027,
			"remote_user":	0.070058333911384052,
			"remote_system":	1.3226177093736187
		},
		"sender_tcp_congestion":	"bbr",
		"receiver_tcp_congestion":	"bbr"
	}
}
