{
	"start":	{
		"connected":	[{
				"socket":	8,
				"local_host":	"172.16.0.107",
				"local_port":	60452,
				"remote_host":	"172.17.0.107",
				"remote_port":	5201
			}],
		"version":	"iperf 3.16",
		"system_info":	"Linux h1 6.12.54-0b264c55b-l4steam-117 #1 SMP PREEMPT_DYNAMIC Fri Nov  7 18:07:57 UTC 2025 x86_64",
		"timestamp":	{
			"time":	"Sun, 22 Feb 2026 01:54:25 GMT",
			"timesecs":	1771725265
		},
		"connecting_to":	{
			"host":	"172.17.0.107",
			"port":	5201
		},
		"cookie":	"nemcsxxrcl7synqdbha7ehq734272wvp3k6k",
		"tcp_mss_default":	1448,
		"target_bitrate":	0,
		"fq_rate":	0,
		"sock_bufsize":	0,
		"sndbuf_actual":	1000000,
		"rcvbuf_actual":	1000000,
		"test_start":	{
			"protocol":	"TCP",
			"num_streams":	1,
			"blksize":	131072,
			"omit":	0,
			"duration":	0,
			"bytes":	107374182,
			"blocks":	0,
			"reverse":	0,
			"tos":	0,
			"target_bitrate":	0,
			"bidir":	0,
			"fqrate":	0
		}
	},
	"intervals":	[{
			"streams":	[{
					"socket":	8,
					"start":	0,
					"end":	1.001024,
					"seconds":	1.0010240077972412,
					"bytes":	17563648,
					"bits_per_second":	140365448.68608218,
					"retransmits":	317,
					"snd_cwnd":	457568,
					"snd_wnd":	2400256,
					"rtt":	266943,
					"rttvar":	793,
					"pmtu":	1500,
					"omitted":	false,
					"sender":	true
				}],
			"sum":	{
				"start":	0,
				"end":	1.001024,
				"seconds":	1.0010240077972412,
				"bytes":	17563648,
				"bits_per_second":	140365448.68608218,
				"retransmits":	317,
				"omitted":	false,
				"sender":	true
			}
		}, {
			"streams":	[{
					"socket":	8,
					"start":	1.001024,
					"end":	2.000858,
					"seconds":	0.99983400106430054,
					"bytes":	0,
					"bits_per_second":	0,
					"retransmits":	1523,
					"snd_cwnd":	3040800,
					"snd_wnd":	15355904,
					"rtt":	267498,
					"rttvar":	518,
					"pmtu":	1500,
					"omitted":	false,
					"sender":	true
				}],
			"sum":	{
				"start":	1.001024,
				"end":	2.000858,
				"seconds":	0.99983400106430054,
				"bytes":	0,
				"bits_per_second":	0,
				"retransmits":	1523,
				"omitted":	false,
				"sender":	true
			}
		}, {
			"streams":	[{
					"socket":	8,
					"start":	2.000858,
					"end":	3.001125,
					"seconds":	1.0002670288085938,
					"bytes":	3145728,
					"bits_per_second":	25159105.793954555,
					"retransmits":	1607,
					"snd_cwnd":	4442464,
					"snd_wnd":	39628800,
					"rtt":	266336,
					"rttvar":	1481,
					"pmtu":	1500,
					"omitted":	false,
					"sender":	true
				}],
			"sum":	{
				"start":	2.000858,
				"end":	3.001125,
				"seconds":	1.0002670288085938,
				"bytes":	3145728,
				"bits_per_second":	25159105.793954555,
				"retransmits":	1607,
				"omitted":	false,
				"sender":	true
			}
		}, {
			"streams":	[{
					"socket":	8,
					"start":	3.001125,
					"end":	4.001215,
					"seconds":	1.0000900030136108,
					"bytes":	25165824,
					"bits_per_second":	201308473.63070783,
					"retransmits":	1420,
					"snd_cwnd":	4488800,
					"snd_wnd":	64851968,
					"rtt":	251820,
					"rttvar":	536,
					"pmtu":	1500,
					"omitted":	false,
					"sender":	true
				}],
			"sum":	{
				"start":	3.001125,
				"end":	4.001215,
				"seconds":	1.0000900030136108,
				"bytes":	25165824,
				"bits_per_second":	201308473.63070783,
				"retransmits":	1420,
				"omitted":	false,
				"sender":	true
			}
		}, {
			"streams":	[{
					"socket":	8,
					"start":	4.001215,
					"end":	5.001135,
					"seconds":	0.99992001056671143,
					"bytes":	6553600,
					"bits_per_second":	52432994.085482523,
					"retransmits":	1144,
					"snd_cwnd":	4798672,
					"snd_wnd":	92778496,
					"rtt":	263061,
					"rttvar":	605,
					"pmtu":	1500,
					"omitted":	false,
					"sender":	true
				}],
			"sum":	{
				"start":	4.001215,
				"end":	5.001135,
				"seconds":	0.99992001056671143,
				"bytes":	6553600,
				"bits_per_second":	52432994.085482523,
				"retransmits":	1144,
				"omitted":	false,
				"sender":	true
			}
		}, {
			"streams":	[{
					"socket":	8,
					"start":	5.001135,
					"end":	6.001281,
					"seconds":	1.0001460313797,
					"bytes":	55050240,
					"bits_per_second":	440337616.89027184,
					"retransmits":	43,
					"snd_cwnd":	8502656,
					"snd_wnd":	146264064,
					"rtt":	195105,
					"rttvar":	844,
					"pmtu":	1500,
					"omitted":	false,
					"sender":	true
				}],
			"sum":	{
				"start":	5.001135,
				"end":	6.001281,
				"seconds":	1.0001460313797,
				"bytes":	55050240,
				"bits_per_second":	440337616.89027184,
				"retransmits":	43,
				"omitted":	false,
				"sender":	true
			}
		}],
	"end":	{
		"streams":	[{
				"sender":	{
					"socket":	8,
					"start":	0,
					"end":	6.001597,
					"seconds":	6.001597,
					"bytes":	107479040,
					"bits_per_second":	143267253.699307,
					"retransmits":	6054,
					"max_snd_cwnd":	8502656,
					"max_snd_wnd":	146264064,
					"max_rtt":	267498,
					"min_rtt":	195105,
					"mean_rtt":	243695,
					"sender":	true
				},
				"receiver":	{
					"socket":	8,
					"start":	0,
					"end":	6.137044,
					"seconds":	6.001597,
					"bytes":	88604672,
					"bits_per_second":	115501432.93742068,
					"sender":	true
				}
			}],
		"sum_sent":	{
			"start":	0,
			"end":	6.001597,
			"seconds":	6.001597,
			"bytes":	107479040,
			"bits_per_second":	143267253.699307,
			"retransmits":	6054,
			"sender":	true
		},
		"sum_received":	{
			"start":	0,
			"end":	6.137044,
			"seconds":	6.137044,
			"bytes":	88604672,
			"bits_per_second":	115501432.93742068,
			"sender":	true
		},
		"cpu_utilization_percent":	{
			"host_total":	11.00740983132104,
			"host_user":	3.98732423737104,
			"host_system":	7.02008559395,
			"remote_total":	1.1213604343029173,
			"remote_user":	0,
			"remote_system":	1.1213767286465477
		},
		"sender_tcp_congestion":	"cubic",
		"receiver_tcp_congestion":	"cubic"
	}
}
