{
	"start":	{
		"connected":	[{
				"socket":	8,
				"local_host":	"172.16.0.126",
				"local_port":	54046,
				"remote_host":	"172.17.0.126",
				"remote_port":	5201
			}],
		"version":	"iperf 3.16",
		"system_info":	"Linux h1 6.12.54-0b264c55b-l4steam-117 #1 SMP PREEMPT_DYNAMIC Fri Nov  7 18:07:57 UTC 2025 x86_64",
		"timestamp":	{
			"time":	"Sun, 22 Feb 2026 01:54:24 GMT",
			"timesecs":	1771725264
		},
		"connecting_to":	{
			"host":	"172.17.0.126",
			"port":	5201
		},
		"cookie":	"cjmcyn2lpq63yiqasiopmgbcgnrdf7svpm5q",
		"tcp_mss_default":	1448,
		"target_bitrate":	0,
		"fq_rate":	0,
		"sock_bufsize":	0,
		"sndbuf_actual":	1000000,
		"rcvbuf_actual":	1000000,
		"test_start":	{
			"protocol":	"TCP",
			"num_streams":	1,
			"blksize":	131072,
			"omit":	0,
			"duration":	0,
			"bytes":	107374182,
			"blocks":	0,
			"reverse":	0,
			"tos":	0,
			"target_bitrate":	0,
			"bidir":	0,
			"fqrate":	0
		}
	},
	"intervals":	[{
			"streams":	[{
					"socket":	8,
					"start":	0,
					"end":	1.000941,
					"seconds":	1.0009410381317139,
					"bytes":	17301504,
					"bits_per_second":	138281903.455922,
					"retransmits":	665,
					"snd_cwnd":	2596264,
					"snd_wnd":	8712192,
					"rtt":	292331,
					"rttvar":	1602,
					"pmtu":	1500,
					"omitted":	false,
					"sender":	true
				}],
			"sum":	{
				"start":	0,
				"end":	1.000941,
				"seconds":	1.0009410381317139,
				"bytes":	17301504,
				"bits_per_second":	138281903.455922,
				"retransmits":	665,
				"omitted":	false,
				"sender":	true
			}
		}, {
			"streams":	[{
					"socket":	8,
					"start":	1.000941,
					"end":	2.000353,
					"seconds":	0.99941200017929077,
					"bytes":	0,
					"bits_per_second":	0,
					"retransmits":	273,
					"snd_cwnd":	1972176,
					"snd_wnd":	22753280,
					"rtt":	279161,
					"rttvar":	1232,
					"pmtu":	1500,
					"omitted":	false,
					"sender":	true
				}],
			"sum":	{
				"start":	1.000941,
				"end":	2.000353,
				"seconds":	0.99941200017929077,
				"bytes":	0,
				"bits_per_second":	0,
				"retransmits":	273,
				"omitted":	false,
				"sender":	true
			}
		}, {
			"streams":	[{
					"socket":	8,
					"start":	2.000353,
					"end":	3.000237,
					"seconds":	0.999884009361267,
					"bytes":	7602176,
					"bits_per_second":	60824463.068321884,
					"retransmits":	477,
					"snd_cwnd":	4653872,
					"snd_wnd":	28876800,
					"rtt":	271858,
					"rttvar":	1369,
					"pmtu":	1500,
					"omitted":	false,
					"sender":	true
				}],
			"sum":	{
				"start":	2.000353,
				"end":	3.000237,
				"seconds":	0.999884009361267,
				"bytes":	7602176,
				"bits_per_second":	60824463.068321884,
				"retransmits":	477,
				"omitted":	false,
				"sender":	true
			}
		}, {
			"streams":	[{
					"socket":	8,
					"start":	3.000237,
					"end":	4.004273,
					"seconds":	1.0040359497070312,
					"bytes":	23461888,
					"bits_per_second":	186940621.05521995,
					"retransmits":	949,
					"snd_cwnd":	2426848,
					"snd_wnd":	39395328,
					"rtt":	270305,
					"rttvar":	574,
					"pmtu":	1500,
					"omitted":	false,
					"sender":	true
				}],
			"sum":	{
				"start":	3.000237,
				"end":	4.004273,
				"seconds":	1.0040359497070312,
				"bytes":	23461888,
				"bits_per_second":	186940621.05521995,
				"retransmits":	949,
				"omitted":	false,
				"sender":	true
			}
		}, {
			"streams":	[{
					"socket":	8,
					"start":	4.004273,
					"end":	5.002161,
					"seconds":	0.99788802862167358,
					"bytes":	8912896,
					"bits_per_second":	71454076.9654157,
					"retransmits":	246,
					"snd_cwnd":	2625224,
					"snd_wnd":	41312256,
					"rtt":	270804,
					"rttvar":	479,
					"pmtu":	1500,
					"omitted":	false,
					"sender":	true
				}],
			"sum":	{
				"start":	4.004273,
				"end":	5.002161,
				"seconds":	0.99788802862167358,
				"bytes":	8912896,
				"bits_per_second":	71454076.9654157,
				"retransmits":	246,
				"omitted":	false,
				"sender":	true
			}
		}, {
			"streams":	[{
					"socket":	8,
					"start":	5.002161,
					"end":	6.000975,
					"seconds":	0.99881398677825928,
					"bytes":	7471104,
					"bits_per_second":	59839802.79730396,
					"retransmits":	131,
					"snd_cwnd":	4154312,
					"snd_wnd":	41312256,
					"rtt":	237241,
					"rttvar":	224,
					"pmtu":	1500,
					"omitted":	false,
					"sender":	true
				}],
			"sum":	{
				"start":	5.002161,
				"end":	6.000975,
				"seconds":	0.99881398677825928,
				"bytes":	7471104,
				"bits_per_second":	59839802.79730396,
				"retransmits":	131,
				"omitted":	false,
				"sender":	true
			}
		}, {
			"streams":	[{
					"socket":	8,
					"start":	6.000975,
					"end":	7.000601,
					"seconds":	0.99962598085403442,
					"bytes":	42729472,
					"bits_per_second":	341963676.96240872,
					"retransmits":	0,
					"snd_cwnd":	4368616,
					"snd_wnd":	41295872,
					"rtt":	61190,
					"rttvar":	140,
					"pmtu":	1500,
					"omitted":	false,
					"sender":	true
				}],
			"sum":	{
				"start":	6.000975,
				"end":	7.000601,
				"seconds":	0.99962598085403442,
				"bytes":	42729472,
				"bits_per_second":	341963676.96240872,
				"retransmits":	0,
				"omitted":	false,
				"sender":	true
			}
		}],
	"end":	{
		"streams":	[{
				"sender":	{
					"socket":	8,
					"start":	0,
					"end":	7.001467,
					"seconds":	7.001467,
					"bytes":	107479040,
					"bits_per_second":	122807451.6383495,
					"retransmits":	2741,
					"max_snd_cwnd":	4653872,
					"max_snd_wnd":	41312256,
					"max_rtt":	292331,
					"min_rtt":	61150,
					"mean_rtt":	218005,
					"sender":	true
				},
				"receiver":	{
					"socket":	8,
					"start":	0,
					"end":	7.058799,
					"seconds":	7.001467,
					"bytes":	105119744,
					"bits_per_second":	119136123.8646971,
					"sender":	true
				}
			}],
		"sum_sent":	{
			"start":	0,
			"end":	7.001467,
			"seconds":	7.001467,
			"bytes":	107479040,
			"bits_per_second":	122807451.6383495,
			"retransmits":	2741,
			"sender":	true
		},
		"sum_received":	{
			"start":	0,
			"end":	7.058799,
			"seconds":	7.058799,
			"bytes":	105119744,
			"bits_per_second":	119136123.8646971,
			"sender":	true
		},
		"cpu_utilization_percent":	{
			"host_total":	3.7369603732452279,
			"host_user":	3.2038629013289062,
			"host_system":	0.533097471916322,
			"remote_total":	1.9668026526257869,
			"remote_user":	0.0814725753621322,
			"remote_system":	1.8853442439434258
		},
		"sender_tcp_congestion":	"cubic",
		"receiver_tcp_congestion":	"cubic"
	}
}
