{
	"start":	{
		"connected":	[{
				"socket":	8,
				"local_host":	"172.16.0.13",
				"local_port":	33794,
				"remote_host":	"172.17.0.13",
				"remote_port":	5201
			}],
		"version":	"iperf 3.16",
		"system_info":	"Linux h1 6.12.54-0b264c55b-l4steam-117 #1 SMP PREEMPT_DYNAMIC Fri Nov  7 18:07:57 UTC 2025 x86_64",
		"timestamp":	{
			"time":	"Sun, 22 Feb 2026 01:54:23 GMT",
			"timesecs":	1771725263
		},
		"connecting_to":	{
			"host":	"172.17.0.13",
			"port":	5201
		},
		"cookie":	"6ttetm74qslwz7ozqv3zzc5hn4w5ut2mzo3u",
		"tcp_mss_default":	1448,
		"target_bitrate":	0,
		"fq_rate":	0,
		"sock_bufsize":	0,
		"sndbuf_actual":	1000000,
		"rcvbuf_actual":	1000000,
		"test_start":	{
			"protocol":	"TCP",
			"num_streams":	1,
			"blksize":	131072,
			"omit":	0,
			"duration":	0,
			"bytes":	107374182,
			"blocks":	0,
			"reverse":	0,
			"tos":	0,
			"target_bitrate":	0,
			"bidir":	0,
			"fqrate":	0
		}
	},
	"intervals":	[{
			"streams":	[{
					"socket":	8,
					"start":	0,
					"end":	1.001045,
					"seconds":	1.0010449886322021,
					"bytes":	82575360,
					"bits_per_second":	659913278.126119,
					"retransmits":	752,
					"snd_cwnd":	6416088,
					"snd_wnd":	32878592,
					"rtt":	272255,
					"rttvar":	264,
					"pmtu":	1500,
					"omitted":	false,
					"sender":	true
				}],
			"sum":	{
				"start":	0,
				"end":	1.001045,
				"seconds":	1.0010449886322021,
				"bytes":	82575360,
				"bits_per_second":	659913278.126119,
				"retransmits":	752,
				"omitted":	false,
				"sender":	true
			}
		}, {
			"streams":	[{
					"socket":	8,
					"start":	1.001045,
					"end":	2.001054,
					"seconds":	1.0000089406967163,
					"bytes":	0,
					"bits_per_second":	0,
					"retransmits":	1275,
					"snd_cwnd":	4572784,
					"snd_wnd":	69779456,
					"rtt":	234143,
					"rttvar":	5238,
					"pmtu":	1500,
					"omitted":	false,
					"sender":	true
				}],
			"sum":	{
				"start":	1.001045,
				"end":	2.001054,
				"seconds":	1.0000089406967163,
				"bytes":	0,
				"bits_per_second":	0,
				"retransmits":	1275,
				"omitted":	false,
				"sender":	true
			}
		}, {
			"streams":	[{
					"socket":	8,
					"start":	2.001054,
					"end":	3.004213,
					"seconds":	1.0031590461730957,
					"bytes":	0,
					"bits_per_second":	0,
					"retransmits":	192,
					"snd_cwnd":	1857784,
					"snd_wnd":	80740352,
					"rtt":	236802,
					"rttvar":	870,
					"pmtu":	1500,
					"omitted":	false,
					"sender":	true
				}],
			"sum":	{
				"start":	2.001054,
				"end":	3.004213,
				"seconds":	1.0031590461730957,
				"bytes":	0,
				"bits_per_second":	0,
				"retransmits":	192,
				"omitted":	false,
				"sender":	true
			}
		}, {
			"streams":	[{
					"socket":	8,
					"start":	3.004213,
					"end":	4.000214,
					"seconds":	0.99600100517272949,
					"bytes":	0,
					"bits_per_second":	0,
					"retransmits":	581,
					"snd_cwnd":	2699072,
					"snd_wnd":	79106048,
					"rtt":	243736,
					"rttvar":	3074,
					"pmtu":	1500,
					"omitted":	false,
					"sender":	true
				}],
			"sum":	{
				"start":	3.004213,
				"end":	4.000214,
				"seconds":	0.99600100517272949,
				"bytes":	0,
				"bits_per_second":	0,
				"retransmits":	581,
				"omitted":	false,
				"sender":	true
			}
		}, {
			"streams":	[{
					"socket":	8,
					"start":	4.000214,
					"end":	5.000212,
					"seconds":	0.99999797344207764,
					"bytes":	18219008,
					"bits_per_second":	145752359.37559861,
					"retransmits":	840,
					"snd_cwnd":	8366544,
					"snd_wnd":	80891904,
					"rtt":	224761,
					"rttvar":	603,
					"pmtu":	1500,
					"omitted":	false,
					"sender":	true
				}],
			"sum":	{
				"start":	4.000214,
				"end":	5.000212,
				"seconds":	0.99999797344207764,
				"bytes":	18219008,
				"bits_per_second":	145752359.37559861,
				"retransmits":	840,
				"omitted":	false,
				"sender":	true
			}
		}, {
			"streams":	[{
					"socket":	8,
					"start":	5.000212,
					"end":	6.000212,
					"seconds":	1,
					"bytes":	6684672,
					"bits_per_second":	53477376,
					"retransmits":	647,
					"snd_cwnd":	2936544,
					"snd_wnd":	80908288,
					"rtt":	230431,
					"rttvar":	1158,
					"pmtu":	1500,
					"omitted":	false,
					"sender":	true
				}],
			"sum":	{
				"start":	5.000212,
				"end":	6.000212,
				"seconds":	1,
				"bytes":	6684672,
				"bits_per_second":	53477376,
				"retransmits":	647,
				"omitted":	false,
				"sender":	true
			}
		}],
	"end":	{
		"streams":	[{
				"sender":	{
					"socket":	8,
					"start":	0,
					"end":	6.000447,
					"seconds":	6.000447,
					"bytes":	107479040,
					"bits_per_second":	143294711.21068147,
					"retransmits":	4287,
					"max_snd_cwnd":	8366544,
					"max_snd_wnd":	80908288,
					"max_rtt":	272255,
					"min_rtt":	224761,
					"mean_rtt":	238937,
					"sender":	true
				},
				"receiver":	{
					"socket":	8,
					"start":	0,
					"end":	6.237068,
					"seconds":	6.000447,
					"bytes":	76939264,
					"bits_per_second":	98686452.0316277,
					"sender":	true
				}
			}],
		"sum_sent":	{
			"start":	0,
			"end":	6.000447,
			"seconds":	6.000447,
			"bytes":	107479040,
			"bits_per_second":	143294711.21068147,
			"retransmits":	4287,
			"sender":	true
		},
		"sum_received":	{
			"start":	0,
			"end":	6.237068,
			"seconds":	6.237068,
			"bytes":	76939264,
			"bits_per_second":	98686452.0316277,
			"sender":	true
		},
		"cpu_utilization_percent":	{
			"host_total":	1.212886703580355,
			"host_user":	0.40680880401534208,
			"host_system":	0.806077899565013,
			"remote_total":	0.9541165022921787,
			"remote_user":	0,
			"remote_system":	0.954132535438464
		},
		"sender_tcp_congestion":	"cubic",
		"receiver_tcp_congestion":	"cubic"
	}
}
