{
	"start":	{
		"connected":	[{
				"socket":	8,
				"local_host":	"172.16.0.66",
				"local_port":	49504,
				"remote_host":	"172.17.0.66",
				"remote_port":	5201
			}],
		"version":	"iperf 3.16",
		"system_info":	"Linux h1 6.12.54-0b264c55b-l4steam-117 #1 SMP PREEMPT_DYNAMIC Fri Nov  7 18:07:57 UTC 2025 x86_64",
		"timestamp":	{
			"time":	"Sun, 22 Feb 2026 01:54:24 GMT",
			"timesecs":	1771725264
		},
		"connecting_to":	{
			"host":	"172.17.0.66",
			"port":	5201
		},
		"cookie":	"vhqge5q62ejdg2m3bpjejnhsw3d6zq34gs52",
		"tcp_mss_default":	1448,
		"target_bitrate":	0,
		"fq_rate":	0,
		"sock_bufsize":	0,
		"sndbuf_actual":	1000000,
		"rcvbuf_actual":	1000000,
		"test_start":	{
			"protocol":	"TCP",
			"num_streams":	1,
			"blksize":	131072,
			"omit":	0,
			"duration":	0,
			"bytes":	107374182,
			"blocks":	0,
			"reverse":	0,
			"tos":	0,
			"target_bitrate":	0,
			"bidir":	0,
			"fqrate":	0
		}
	},
	"intervals":	[{
			"streams":	[{
					"socket":	8,
					"start":	0,
					"end":	1.001083,
					"seconds":	1.0010830163955688,
					"bytes":	27525120,
					"bits_per_second":	219962736.74968588,
					"retransmits":	169,
					"snd_cwnd":	612504,
					"snd_wnd":	3190784,
					"rtt":	274339,
					"rttvar":	707,
					"pmtu":	1500,
					"omitted":	false,
					"sender":	true
				}],
			"sum":	{
				"start":	0,
				"end":	1.001083,
				"seconds":	1.0010830163955688,
				"bytes":	27525120,
				"bits_per_second":	219962736.74968588,
				"retransmits":	169,
				"omitted":	false,
				"sender":	true
			}
		}, {
			"streams":	[{
					"socket":	8,
					"start":	1.001083,
					"end":	2.001066,
					"seconds":	0.999983012676239,
					"bytes":	0,
					"bits_per_second":	0,
					"retransmits":	704,
					"snd_cwnd":	2955368,
					"snd_wnd":	13725696,
					"rtt":	289903,
					"rttvar":	1139,
					"pmtu":	1500,
					"omitted":	false,
					"sender":	true
				}],
			"sum":	{
				"start":	1.001083,
				"end":	2.001066,
				"seconds":	0.999983012676239,
				"bytes":	0,
				"bits_per_second":	0,
				"retransmits":	704,
				"omitted":	false,
				"sender":	true
			}
		}, {
			"streams":	[{
					"socket":	8,
					"start":	2.001066,
					"end":	3.001055,
					"seconds":	0.99998897314071655,
					"bytes":	0,
					"bits_per_second":	0,
					"retransmits":	448,
					"snd_cwnd":	2054712,
					"snd_wnd":	31354880,
					"rtt":	274392,
					"rttvar":	431,
					"pmtu":	1500,
					"omitted":	false,
					"sender":	true
				}],
			"sum":	{
				"start":	2.001066,
				"end":	3.001055,
				"seconds":	0.99998897314071655,
				"bytes":	0,
				"bits_per_second":	0,
				"retransmits":	448,
				"omitted":	false,
				"sender":	true
			}
		}, {
			"streams":	[{
					"socket":	8,
					"start":	3.001055,
					"end":	4.00258,
					"seconds":	1.0015250444412231,
					"bytes":	5767168,
					"bits_per_second":	46067089.641019635,
					"retransmits":	410,
					"snd_cwnd":	5325744,
					"snd_wnd":	48025600,
					"rtt":	271495,
					"rttvar":	864,
					"pmtu":	1500,
					"omitted":	false,
					"sender":	true
				}],
			"sum":	{
				"start":	3.001055,
				"end":	4.00258,
				"seconds":	1.0015250444412231,
				"bytes":	5767168,
				"bits_per_second":	46067089.641019635,
				"retransmits":	410,
				"omitted":	false,
				"sender":	true
			}
		}, {
			"streams":	[{
					"socket":	8,
					"start":	4.00258,
					"end":	5.001032,
					"seconds":	0.99845200777053833,
					"bytes":	46268416,
					"bits_per_second":	370721201.53927952,
					"retransmits":	1776,
					"snd_cwnd":	4530792,
					"snd_wnd":	75698176,
					"rtt":	271247,
					"rttvar":	507,
					"pmtu":	1500,
					"omitted":	false,
					"sender":	true
				}],
			"sum":	{
				"start":	4.00258,
				"end":	5.001032,
				"seconds":	0.99845200777053833,
				"bytes":	46268416,
				"bits_per_second":	370721201.53927952,
				"retransmits":	1776,
				"omitted":	false,
				"sender":	true
			}
		}, {
			"streams":	[{
					"socket":	8,
					"start":	5.001032,
					"end":	6.002341,
					"seconds":	1.0013090372085571,
					"bytes":	27918336,
					"bits_per_second":	223054701.09672081,
					"retransmits":	735,
					"snd_cwnd":	5037592,
					"snd_wnd":	102207488,
					"rtt":	270071,
					"rttvar":	628,
					"pmtu":	1500,
					"omitted":	false,
					"sender":	true
				}],
			"sum":	{
				"start":	5.001032,
				"end":	6.002341,
				"seconds":	1.0013090372085571,
				"bytes":	27918336,
				"bits_per_second":	223054701.09672081,
				"retransmits":	735,
				"omitted":	false,
				"sender":	true
			}
		}],
	"end":	{
		"streams":	[{
				"sender":	{
					"socket":	8,
					"start":	0,
					"end":	6.010015,
					"seconds":	6.010015,
					"bytes":	107479040,
					"bits_per_second":	143066584.6923843,
					"retransmits":	4298,
					"max_snd_cwnd":	5325744,
					"max_snd_wnd":	102522880,
					"max_rtt":	289903,
					"min_rtt":	269994,
					"mean_rtt":	274491,
					"sender":	true
				},
				"receiver":	{
					"socket":	8,
					"start":	0,
					"end":	6.279917,
					"seconds":	6.010015,
					"bytes":	53477376,
					"bits_per_second":	68124946.237346768,
					"sender":	true
				}
			}],
		"sum_sent":	{
			"start":	0,
			"end":	6.010015,
			"seconds":	6.010015,
			"bytes":	107479040,
			"bits_per_second":	143066584.6923843,
			"retransmits":	4298,
			"sender":	true
		},
		"sum_received":	{
			"start":	0,
			"end":	6.279917,
			"seconds":	6.279917,
			"bytes":	53477376,
			"bits_per_second":	68124946.237346768,
			"sender":	true
		},
		"cpu_utilization_percent":	{
			"host_total":	9.16168710225154,
			"host_user":	8.4145552524796532,
			"host_system":	0.747131849771889,
			"remote_total":	0.87416440284461328,
			"remote_user":	0.051640620770262137,
			"remote_system":	0.822523782074351
		},
		"sender_tcp_congestion":	"cubic",
		"receiver_tcp_congestion":	"cubic"
	}
}
