{
	"start":	{
		"connected":	[{
				"socket":	8,
				"local_host":	"172.16.0.67",
				"local_port":	38652,
				"remote_host":	"172.17.0.67",
				"remote_port":	5201
			}],
		"version":	"iperf 3.16",
		"system_info":	"Linux h1 6.12.54-0b264c55b-l4steam-117 #1 SMP PREEMPT_DYNAMIC Fri Nov  7 18:07:57 UTC 2025 x86_64",
		"timestamp":	{
			"time":	"Sun, 22 Feb 2026 01:54:24 GMT",
			"timesecs":	1771725264
		},
		"connecting_to":	{
			"host":	"172.17.0.67",
			"port":	5201
		},
		"cookie":	"xoxwcpe5czhyaseu6xqvqx6kqa3f55ctc6pb",
		"tcp_mss_default":	1448,
		"target_bitrate":	0,
		"fq_rate":	0,
		"sock_bufsize":	0,
		"sndbuf_actual":	1000000,
		"rcvbuf_actual":	1000000,
		"test_start":	{
			"protocol":	"TCP",
			"num_streams":	1,
			"blksize":	131072,
			"omit":	0,
			"duration":	0,
			"bytes":	107374182,
			"blocks":	0,
			"reverse":	0,
			"tos":	0,
			"target_bitrate":	0,
			"bidir":	0,
			"fqrate":	0
		}
	},
	"intervals":	[{
			"streams":	[{
					"socket":	8,
					"start":	0,
					"end":	1.003187,
					"seconds":	1.0031869411468506,
					"bytes":	17432576,
					"bits_per_second":	139017567.19497129,
					"retransmits":	0,
					"snd_cwnd":	144800000,
					"snd_wnd":	12079104,
					"rtt":	298277,
					"rttvar":	2030,
					"pmtu":	1500,
					"omitted":	false,
					"sender":	true
				}],
			"sum":	{
				"start":	0,
				"end":	1.003187,
				"seconds":	1.0031869411468506,
				"bytes":	17432576,
				"bits_per_second":	139017567.19497129,
				"retransmits":	0,
				"omitted":	false,
				"sender":	true
			}
		}, {
			"streams":	[{
					"socket":	8,
					"start":	1.003187,
					"end":	2.001047,
					"seconds":	0.997860014438629,
					"bytes":	90046464,
					"bits_per_second":	721916603.10716319,
					"retransmits":	2012,
					"snd_cwnd":	101387512,
					"snd_wnd":	39006208,
					"rtt":	258706,
					"rttvar":	9382,
					"pmtu":	1500,
					"omitted":	false,
					"sender":	true
				}],
			"sum":	{
				"start":	1.003187,
				"end":	2.001047,
				"seconds":	0.997860014438629,
				"bytes":	90046464,
				"bits_per_second":	721916603.10716319,
				"retransmits":	2012,
				"omitted":	false,
				"sender":	true
			}
		}],
	"end":	{
		"streams":	[{
				"sender":	{
					"socket":	8,
					"start":	0,
					"end":	2.001424,
					"seconds":	2.001424,
					"bytes":	107479040,
					"bits_per_second":	429610277.48243248,
					"retransmits":	2012,
					"max_snd_cwnd":	144800000,
					"max_snd_wnd":	39006208,
					"max_rtt":	298277,
					"min_rtt":	258706,
					"mean_rtt":	271896,
					"sender":	true
				},
				"receiver":	{
					"socket":	8,
					"start":	0,
					"end":	2.266561,
					"seconds":	2.001424,
					"bytes":	26214400,
					"bits_per_second":	92525725.0963023,
					"sender":	true
				}
			}],
		"sum_sent":	{
			"start":	0,
			"end":	2.001424,
			"seconds":	2.001424,
			"bytes":	107479040,
			"bits_per_second":	429610277.48243248,
			"retransmits":	2012,
			"sender":	true
		},
		"sum_received":	{
			"start":	0,
			"end":	2.266561,
			"seconds":	2.266561,
			"bytes":	26214400,
			"bits_per_second":	92525725.0963023,
			"sender":	true
		},
		"cpu_utilization_percent":	{
			"host_total":	6.56383474810967,
			"host_user":	0.26151859219749246,
			"host_system":	6.3023493225059886,
			"remote_total":	0.750732268384139,
			"remote_user":	0.000661787965782915,
			"remote_system":	0.74993812282519934
		},
		"sender_tcp_congestion":	"cubic",
		"receiver_tcp_congestion":	"cubic"
	}
}
