{
	"start":	{
		"connected":	[{
				"socket":	8,
				"local_host":	"172.16.0.92",
				"local_port":	36526,
				"remote_host":	"172.17.0.92",
				"remote_port":	5201
			}],
		"version":	"iperf 3.16",
		"system_info":	"Linux h1 6.12.54-0b264c55b-l4steam-117 #1 SMP PREEMPT_DYNAMIC Fri Nov  7 18:07:57 UTC 2025 x86_64",
		"timestamp":	{
			"time":	"Sun, 22 Feb 2026 01:54:24 GMT",
			"timesecs":	1771725264
		},
		"connecting_to":	{
			"host":	"172.17.0.92",
			"port":	5201
		},
		"cookie":	"v2lh4czdbfg5tdsjz6wpxafeqbhptm7xvs2s",
		"tcp_mss_default":	1448,
		"target_bitrate":	0,
		"fq_rate":	0,
		"sock_bufsize":	0,
		"sndbuf_actual":	1000000,
		"rcvbuf_actual":	1000000,
		"test_start":	{
			"protocol":	"TCP",
			"num_streams":	1,
			"blksize":	131072,
			"omit":	0,
			"duration":	0,
			"bytes":	107374182,
			"blocks":	0,
			"reverse":	0,
			"tos":	0,
			"target_bitrate":	0,
			"bidir":	0,
			"fqrate":	0
		}
	},
	"intervals":	[{
			"streams":	[{
					"socket":	8,
					"start":	0,
					"end":	1.001049,
					"seconds":	1.0010490417480469,
					"bytes":	17563648,
					"bits_per_second":	140361938.46671164,
					"retransmits":	1005,
					"snd_cwnd":	3168224,
					"snd_wnd":	9977856,
					"rtt":	277189,
					"rttvar":	356,
					"pmtu":	1500,
					"omitted":	false,
					"sender":	true
				}],
			"sum":	{
				"start":	0,
				"end":	1.001049,
				"seconds":	1.0010490417480469,
				"bytes":	17563648,
				"bits_per_second":	140361938.46671164,
				"retransmits":	1005,
				"omitted":	false,
				"sender":	true
			}
		}, {
			"streams":	[{
					"socket":	8,
					"start":	1.001049,
					"end":	2.001046,
					"seconds":	0.99999701976776123,
					"bytes":	8781824,
					"bits_per_second":	70254801.375624,
					"retransmits":	1597,
					"snd_cwnd":	6584056,
					"snd_wnd":	26783744,
					"rtt":	275617,
					"rttvar":	81,
					"pmtu":	1500,
					"omitted":	false,
					"sender":	true
				}],
			"sum":	{
				"start":	1.001049,
				"end":	2.001046,
				"seconds":	0.99999701976776123,
				"bytes":	8781824,
				"bits_per_second":	70254801.375624,
				"retransmits":	1597,
				"omitted":	false,
				"sender":	true
			}
		}, {
			"streams":	[{
					"socket":	8,
					"start":	2.001046,
					"end":	3.001391,
					"seconds":	1.00034499168396,
					"bytes":	14680064,
					"bits_per_second":	117400009.97286254,
					"retransmits":	2105,
					"snd_cwnd":	4805912,
					"snd_wnd":	59998208,
					"rtt":	274904,
					"rttvar":	541,
					"pmtu":	1500,
					"omitted":	false,
					"sender":	true
				}],
			"sum":	{
				"start":	2.001046,
				"end":	3.001391,
				"seconds":	1.00034499168396,
				"bytes":	14680064,
				"bits_per_second":	117400009.97286254,
				"retransmits":	2105,
				"omitted":	false,
				"sender":	true
			}
		}, {
			"streams":	[{
					"socket":	8,
					"start":	3.001391,
					"end":	4.000656,
					"seconds":	0.99926501512527466,
					"bytes":	17956864,
					"bits_per_second":	143760573.84735966,
					"retransmits":	1046,
					"snd_cwnd":	9409104,
					"snd_wnd":	76832768,
					"rtt":	266344,
					"rttvar":	454,
					"pmtu":	1500,
					"omitted":	false,
					"sender":	true
				}],
			"sum":	{
				"start":	3.001391,
				"end":	4.000656,
				"seconds":	0.99926501512527466,
				"bytes":	17956864,
				"bits_per_second":	143760573.84735966,
				"retransmits":	1046,
				"omitted":	false,
				"sender":	true
			}
		}, {
			"streams":	[{
					"socket":	8,
					"start":	4.000656,
					"end":	5.001729,
					"seconds":	1.0010730028152466,
					"bytes":	8781824,
					"bits_per_second":	70179289.4248751,
					"retransmits":	1330,
					"snd_cwnd":	3378184,
					"snd_wnd":	82493440,
					"rtt":	274635,
					"rttvar":	625,
					"pmtu":	1500,
					"omitted":	false,
					"sender":	true
				}],
			"sum":	{
				"start":	4.000656,
				"end":	5.001729,
				"seconds":	1.0010730028152466,
				"bytes":	8781824,
				"bits_per_second":	70179289.4248751,
				"retransmits":	1330,
				"omitted":	false,
				"sender":	true
			}
		}, {
			"streams":	[{
					"socket":	8,
					"start":	5.001729,
					"end":	6.000743,
					"seconds":	0.99901401996612549,
					"bytes":	39714816,
					"bits_per_second":	318032101.302015,
					"retransmits":	551,
					"snd_cwnd":	11953240,
					"snd_wnd":	83267584,
					"rtt":	226883,
					"rttvar":	1429,
					"pmtu":	1500,
					"omitted":	false,
					"sender":	true
				}],
			"sum":	{
				"start":	5.001729,
				"end":	6.000743,
				"seconds":	0.99901401996612549,
				"bytes":	39714816,
				"bits_per_second":	318032101.302015,
				"retransmits":	551,
				"omitted":	false,
				"sender":	true
			}
		}],
	"end":	{
		"streams":	[{
				"sender":	{
					"socket":	8,
					"start":	0,
					"end":	6.001091,
					"seconds":	6.001091,
					"bytes":	107479040,
					"bits_per_second":	143279333.7078208,
					"retransmits":	7634,
					"max_snd_cwnd":	11953240,
					"max_snd_wnd":	83300352,
					"max_rtt":	277189,
					"min_rtt":	226647,
					"mean_rtt":	260317,
					"sender":	true
				},
				"receiver":	{
					"socket":	8,
					"start":	0,
					"end":	6.16978,
					"seconds":	6.001091,
					"bytes":	96600064,
					"bits_per_second":	125255764.71122147,
					"sender":	true
				}
			}],
		"sum_sent":	{
			"start":	0,
			"end":	6.001091,
			"seconds":	6.001091,
			"bytes":	107479040,
			"bits_per_second":	143279333.7078208,
			"retransmits":	7634,
			"sender":	true
		},
		"sum_received":	{
			"start":	0,
			"end":	6.16978,
			"seconds":	6.16978,
			"bytes":	96600064,
			"bits_per_second":	125255764.71122147,
			"sender":	true
		},
		"cpu_utilization_percent":	{
			"host_total":	4.71375974573138,
			"host_user":	4.046636730058303,
			"host_system":	0.66712301567307619,
			"remote_total":	1.2145944533660433,
			"remote_user":	0,
			"remote_system":	1.2146268693486788
		},
		"sender_tcp_congestion":	"cubic",
		"receiver_tcp_congestion":	"cubic"
	}
}
