{
	"start":	{
		"connected":	[{
				"socket":	8,
				"local_host":	"172.16.0.123",
				"local_port":	42884,
				"remote_host":	"172.17.0.123",
				"remote_port":	5201
			}],
		"version":	"iperf 3.16",
		"system_info":	"Linux h1 6.12.54-0b264c55b-l4steam-117 #1 SMP PREEMPT_DYNAMIC Fri Nov  7 18:07:57 UTC 2025 x86_64",
		"timestamp":	{
			"time":	"Sun, 22 Feb 2026 01:29:14 GMT",
			"timesecs":	1771723754
		},
		"connecting_to":	{
			"host":	"172.17.0.123",
			"port":	5201
		},
		"cookie":	"fdxmk7rawvxldcxatfl5ym7ku5l3jxcillha",
		"tcp_mss_default":	1448,
		"target_bitrate":	0,
		"fq_rate":	0,
		"sock_bufsize":	0,
		"sndbuf_actual":	1000000,
		"rcvbuf_actual":	1000000,
		"test_start":	{
			"protocol":	"TCP",
			"num_streams":	1,
			"blksize":	131072,
			"omit":	0,
			"duration":	0,
			"bytes":	107374182,
			"blocks":	0,
			"reverse":	0,
			"tos":	0,
			"target_bitrate":	0,
			"bidir":	0,
			"fqrate":	0
		}
	},
	"intervals":	[{
			"streams":	[{
					"socket":	8,
					"start":	0,
					"end":	1.001067,
					"seconds":	1.001067042350769,
					"bytes":	17301504,
					"bits_per_second":	138264497.92510611,
					"retransmits":	1,
					"snd_cwnd":	144801448,
					"snd_wnd":	4497408,
					"rtt":	448895,
					"rttvar":	433,
					"pmtu":	1500,
					"omitted":	false,
					"sender":	true
				}],
			"sum":	{
				"start":	0,
				"end":	1.001067,
				"seconds":	1.001067042350769,
				"bytes":	17301504,
				"bits_per_second":	138264497.92510611,
				"retransmits":	1,
				"omitted":	false,
				"sender":	true
			}
		}, {
			"streams":	[{
					"socket":	8,
					"start":	1.001067,
					"end":	2.004659,
					"seconds":	1.0035920143127441,
					"bytes":	8781824,
					"bits_per_second":	70003139.720188051,
					"retransmits":	0,
					"snd_cwnd":	144801448,
					"snd_wnd":	35364864,
					"rtt":	585156,
					"rttvar":	312,
					"pmtu":	1500,
					"omitted":	false,
					"sender":	true
				}],
			"sum":	{
				"start":	1.001067,
				"end":	2.004659,
				"seconds":	1.0035920143127441,
				"bytes":	8781824,
				"bits_per_second":	70003139.720188051,
				"retransmits":	0,
				"omitted":	false,
				"sender":	true
			}
		}, {
			"streams":	[{
					"socket":	8,
					"start":	2.004659,
					"end":	3.000656,
					"seconds":	0.99599701166152954,
					"bytes":	8126464,
					"bits_per_second":	65272999.054030277,
					"retransmits":	0,
					"snd_cwnd":	144801448,
					"snd_wnd":	52924416,
					"rtt":	631317,
					"rttvar":	327,
					"pmtu":	1500,
					"omitted":	false,
					"sender":	true
				}],
			"sum":	{
				"start":	2.004659,
				"end":	3.000656,
				"seconds":	0.99599701166152954,
				"bytes":	8126464,
				"bits_per_second":	65272999.054030277,
				"retransmits":	0,
				"omitted":	false,
				"sender":	true
			}
		}, {
			"streams":	[{
					"socket":	8,
					"start":	3.000656,
					"end":	4.000741,
					"seconds":	1.00008499622345,
					"bytes":	17432576,
					"bits_per_second":	139448755.38242772,
					"retransmits":	0,
					"snd_cwnd":	144801448,
					"snd_wnd":	84553728,
					"rtt":	643448,
					"rttvar":	363,
					"pmtu":	1500,
					"omitted":	false,
					"sender":	true
				}],
			"sum":	{
				"start":	3.000656,
				"end":	4.000741,
				"seconds":	1.00008499622345,
				"bytes":	17432576,
				"bits_per_second":	139448755.38242772,
				"retransmits":	0,
				"omitted":	false,
				"sender":	true
			}
		}, {
			"streams":	[{
					"socket":	8,
					"start":	4.000741,
					"end":	5.001062,
					"seconds":	1.00032103061676,
					"bytes":	0,
					"bits_per_second":	0,
					"retransmits":	14,
					"snd_cwnd":	7662816,
					"snd_wnd":	84598784,
					"rtt":	534303,
					"rttvar":	889,
					"pmtu":	1500,
					"omitted":	false,
					"sender":	true
				}],
			"sum":	{
				"start":	4.000741,
				"end":	5.001062,
				"seconds":	1.00032103061676,
				"bytes":	0,
				"bits_per_second":	0,
				"retransmits":	14,
				"omitted":	false,
				"sender":	true
			}
		}, {
			"streams":	[{
					"socket":	8,
					"start":	5.001062,
					"end":	6.000692,
					"seconds":	0.99962997436523438,
					"bytes":	15073280,
					"bits_per_second":	120630876.51665542,
					"retransmits":	22,
					"snd_cwnd":	3934216,
					"snd_wnd":	84615168,
					"rtt":	461841,
					"rttvar":	1860,
					"pmtu":	1500,
					"omitted":	false,
					"sender":	true
				}],
			"sum":	{
				"start":	5.001062,
				"end":	6.000692,
				"seconds":	0.99962997436523438,
				"bytes":	15073280,
				"bits_per_second":	120630876.51665542,
				"retransmits":	22,
				"omitted":	false,
				"sender":	true
			}
		}, {
			"streams":	[{
					"socket":	8,
					"start":	6.000692,
					"end":	7.000715,
					"seconds":	1.0000230073928833,
					"bytes":	40763392,
					"bits_per_second":	326099633.29761761,
					"retransmits":	90,
					"snd_cwnd":	144801448,
					"snd_wnd":	84615168,
					"rtt":	551737,
					"rttvar":	137,
					"pmtu":	1500,
					"omitted":	false,
					"sender":	true
				}],
			"sum":	{
				"start":	6.000692,
				"end":	7.000715,
				"seconds":	1.0000230073928833,
				"bytes":	40763392,
				"bits_per_second":	326099633.29761761,
				"retransmits":	90,
				"omitted":	false,
				"sender":	true
			}
		}],
	"end":	{
		"streams":	[{
				"sender":	{
					"socket":	8,
					"start":	0,
					"end":	7.000948,
					"seconds":	7.000948,
					"bytes":	107479040,
					"bits_per_second":	122816555.70074224,
					"retransmits":	127,
					"max_snd_cwnd":	144801448,
					"max_snd_wnd":	84615168,
					"max_rtt":	643448,
					"min_rtt":	448895,
					"mean_rtt":	551054,
					"sender":	true
				},
				"receiver":	{
					"socket":	8,
					"start":	0,
					"end":	7.182034,
					"seconds":	7.000948,
					"bytes":	107479040,
					"bits_per_second":	119719889.93647204,
					"sender":	true
				}
			}],
		"sum_sent":	{
			"start":	0,
			"end":	7.000948,
			"seconds":	7.000948,
			"bytes":	107479040,
			"bits_per_second":	122816555.70074224,
			"retransmits":	127,
			"sender":	true
		},
		"sum_received":	{
			"start":	0,
			"end":	7.182034,
			"seconds":	7.182034,
			"bytes":	107479040,
			"bits_per_second":	119719889.93647204,
			"sender":	true
		},
		"cpu_utilization_percent":	{
			"host_total":	5.7352971798546326,
			"host_user":	2.1983050999277709,
			"host_system":	3.5370153458614961,
			"remote_total":	1.0839099789558808,
			"remote_user":	0,
			"remote_system":	1.0839099789558808
		},
		"sender_tcp_congestion":	"bbr",
		"receiver_tcp_congestion":	"bbr"
	}
}
