{
	"start":	{
		"connected":	[{
				"socket":	8,
				"local_host":	"172.16.0.59",
				"local_port":	36056,
				"remote_host":	"172.17.0.59",
				"remote_port":	5201
			}],
		"version":	"iperf 3.16",
		"system_info":	"Linux h1 6.12.54-0b264c55b-l4steam-117 #1 SMP PREEMPT_DYNAMIC Fri Nov  7 18:07:57 UTC 2025 x86_64",
		"timestamp":	{
			"time":	"Sun, 22 Feb 2026 01:29:14 GMT",
			"timesecs":	1771723754
		},
		"connecting_to":	{
			"host":	"172.17.0.59",
			"port":	5201
		},
		"cookie":	"pvnd2vp4avqb43slgkxugi3h2qq2ynb6v5nj",
		"tcp_mss_default":	1448,
		"target_bitrate":	0,
		"fq_rate":	0,
		"sock_bufsize":	0,
		"sndbuf_actual":	1000000,
		"rcvbuf_actual":	1000000,
		"test_start":	{
			"protocol":	"TCP",
			"num_streams":	1,
			"blksize":	131072,
			"omit":	0,
			"duration":	0,
			"bytes":	107374182,
			"blocks":	0,
			"reverse":	0,
			"tos":	0,
			"target_bitrate":	0,
			"bidir":	0,
			"fqrate":	0
		}
	},
	"intervals":	[{
			"streams":	[{
					"socket":	8,
					"start":	0,
					"end":	1.001058,
					"seconds":	1.0010579824447632,
					"bytes":	26214400,
					"bits_per_second":	209493559.49176675,
					"retransmits":	0,
					"snd_cwnd":	144801448,
					"snd_wnd":	31334400,
					"rtt":	226118,
					"rttvar":	373,
					"pmtu":	1500,
					"omitted":	false,
					"sender":	true
				}],
			"sum":	{
				"start":	0,
				"end":	1.001058,
				"seconds":	1.0010579824447632,
				"bytes":	26214400,
				"bits_per_second":	209493559.49176675,
				"retransmits":	0,
				"omitted":	false,
				"sender":	true
			}
		}, {
			"streams":	[{
					"socket":	8,
					"start":	1.001058,
					"end":	2.001053,
					"seconds":	0.999994993209839,
					"bytes":	20185088,
					"bits_per_second":	161481512.504048,
					"retransmits":	329,
					"snd_cwnd":	144801448,
					"snd_wnd":	71860224,
					"rtt":	390683,
					"rttvar":	397,
					"pmtu":	1500,
					"omitted":	false,
					"sender":	true
				}],
			"sum":	{
				"start":	1.001058,
				"end":	2.001053,
				"seconds":	0.999994993209839,
				"bytes":	20185088,
				"bits_per_second":	161481512.504048,
				"retransmits":	329,
				"omitted":	false,
				"sender":	true
			}
		}, {
			"streams":	[{
					"socket":	8,
					"start":	2.001053,
					"end":	3.001049,
					"seconds":	0.9999960064888,
					"bytes":	10747904,
					"bits_per_second":	85983575.3763713,
					"retransmits":	0,
					"snd_cwnd":	144801448,
					"snd_wnd":	92434432,
					"rtt":	526359,
					"rttvar":	181,
					"pmtu":	1500,
					"omitted":	false,
					"sender":	true
				}],
			"sum":	{
				"start":	2.001053,
				"end":	3.001049,
				"seconds":	0.9999960064888,
				"bytes":	10747904,
				"bits_per_second":	85983575.3763713,
				"retransmits":	0,
				"omitted":	false,
				"sender":	true
			}
		}, {
			"streams":	[{
					"socket":	8,
					"start":	3.001049,
					"end":	4.001043,
					"seconds":	0.99999397993087769,
					"bytes":	19791872,
					"bits_per_second":	158335929.19323829,
					"retransmits":	0,
					"snd_cwnd":	144801448,
					"snd_wnd":	102576128,
					"rtt":	623350,
					"rttvar":	385,
					"pmtu":	1500,
					"omitted":	false,
					"sender":	true
				}],
			"sum":	{
				"start":	3.001049,
				"end":	4.001043,
				"seconds":	0.99999397993087769,
				"bytes":	19791872,
				"bits_per_second":	158335929.19323829,
				"retransmits":	0,
				"omitted":	false,
				"sender":	true
			}
		}, {
			"streams":	[{
					"socket":	8,
					"start":	4.001043,
					"end":	5.001033,
					"seconds":	0.99998998641967773,
					"bytes":	10616832,
					"bits_per_second":	84935506.508516639,
					"retransmits":	0,
					"snd_cwnd":	144801448,
					"snd_wnd":	102576128,
					"rtt":	658176,
					"rttvar":	186,
					"pmtu":	1500,
					"omitted":	false,
					"sender":	true
				}],
			"sum":	{
				"start":	4.001043,
				"end":	5.001033,
				"seconds":	0.99998998641967773,
				"bytes":	10616832,
				"bits_per_second":	84935506.508516639,
				"retransmits":	0,
				"omitted":	false,
				"sender":	true
			}
		}, {
			"streams":	[{
					"socket":	8,
					"start":	5.001033,
					"end":	6.001207,
					"seconds":	1.0001740455627441,
					"bytes":	19922944,
					"bits_per_second":	159355816.82718375,
					"retransmits":	0,
					"snd_cwnd":	144801448,
					"snd_wnd":	102576128,
					"rtt":	529902,
					"rttvar":	728,
					"pmtu":	1500,
					"omitted":	false,
					"sender":	true
				}],
			"sum":	{
				"start":	5.001033,
				"end":	6.001207,
				"seconds":	1.0001740455627441,
				"bytes":	19922944,
				"bits_per_second":	159355816.82718375,
				"retransmits":	0,
				"omitted":	false,
				"sender":	true
			}
		}],
	"end":	{
		"streams":	[{
				"sender":	{
					"socket":	8,
					"start":	0,
					"end":	6.001547,
					"seconds":	6.001547,
					"bytes":	107479040,
					"bits_per_second":	143268447.28534159,
					"retransmits":	329,
					"max_snd_cwnd":	144801448,
					"max_snd_wnd":	102576128,
					"max_rtt":	658176,
					"min_rtt":	226118,
					"mean_rtt":	497784,
					"sender":	true
				},
				"receiver":	{
					"socket":	8,
					"start":	0,
					"end":	6.557039,
					"seconds":	6.001547,
					"bytes":	107347968,
					"bits_per_second":	130971272.85654394,
					"sender":	true
				}
			}],
		"sum_sent":	{
			"start":	0,
			"end":	6.001547,
			"seconds":	6.001547,
			"bytes":	107479040,
			"bits_per_second":	143268447.28534159,
			"retransmits":	329,
			"sender":	true
		},
		"sum_received":	{
			"start":	0,
			"end":	6.557039,
			"seconds":	6.557039,
			"bytes":	107347968,
			"bits_per_second":	130971272.85654394,
			"sender":	true
		},
		"cpu_utilization_percent":	{
			"host_total":	9.4357956680765938,
			"host_user":	5.4656491428882559,
			"host_system":	3.9701465251883374,
			"remote_total":	1.0409409844185982,
			"remote_user":	0.074271226930167356,
			"remote_system":	0.96666975748843065
		},
		"sender_tcp_congestion":	"bbr",
		"receiver_tcp_congestion":	"bbr"
	}
}
