{
	"start":	{
		"connected":	[{
				"socket":	8,
				"local_host":	"172.16.0.73",
				"local_port":	52382,
				"remote_host":	"172.17.0.73",
				"remote_port":	5201
			}],
		"version":	"iperf 3.16",
		"system_info":	"Linux h1 6.12.54-0b264c55b-l4steam-117 #1 SMP PREEMPT_DYNAMIC Fri Nov  7 18:07:57 UTC 2025 x86_64",
		"timestamp":	{
			"time":	"Sun, 22 Feb 2026 01:29:14 GMT",
			"timesecs":	1771723754
		},
		"connecting_to":	{
			"host":	"172.17.0.73",
			"port":	5201
		},
		"cookie":	"o2sadj3p6miwycm4w4xiqxwuyemnvz5ejwi4",
		"tcp_mss_default":	1448,
		"target_bitrate":	0,
		"fq_rate":	0,
		"sock_bufsize":	0,
		"sndbuf_actual":	1000000,
		"rcvbuf_actual":	1000000,
		"test_start":	{
			"protocol":	"TCP",
			"num_streams":	1,
			"blksize":	131072,
			"omit":	0,
			"duration":	0,
			"bytes":	107374182,
			"blocks":	0,
			"reverse":	0,
			"tos":	0,
			"target_bitrate":	0,
			"bidir":	0,
			"fqrate":	0
		}
	},
	"intervals":	[{
			"streams":	[{
					"socket":	8,
					"start":	0,
					"end":	1.001079,
					"seconds":	1.0010789632797241,
					"bytes":	17563648,
					"bits_per_second":	140357743.14911714,
					"retransmits":	3,
					"snd_cwnd":	4426536,
					"snd_wnd":	6332416,
					"rtt":	333948,
					"rttvar":	73,
					"pmtu":	1500,
					"omitted":	false,
					"sender":	true
				}],
			"sum":	{
				"start":	0,
				"end":	1.001079,
				"seconds":	1.0010789632797241,
				"bytes":	17563648,
				"bits_per_second":	140357743.14911714,
				"retransmits":	3,
				"omitted":	false,
				"sender":	true
			}
		}, {
			"streams":	[{
					"socket":	8,
					"start":	1.001079,
					"end":	2.001064,
					"seconds":	0.9999849796295166,
					"bytes":	8781824,
					"bits_per_second":	70255647.2658505,
					"retransmits":	0,
					"snd_cwnd":	144801448,
					"snd_wnd":	34963456,
					"rtt":	540850,
					"rttvar":	1985,
					"pmtu":	1500,
					"omitted":	false,
					"sender":	true
				}],
			"sum":	{
				"start":	1.001079,
				"end":	2.001064,
				"seconds":	0.9999849796295166,
				"bytes":	8781824,
				"bits_per_second":	70255647.2658505,
				"retransmits":	0,
				"omitted":	false,
				"sender":	true
			}
		}, {
			"streams":	[{
					"socket":	8,
					"start":	2.001064,
					"end":	3.001038,
					"seconds":	0.999974012374878,
					"bytes":	10485760,
					"bits_per_second":	83888260.0566545,
					"retransmits":	0,
					"snd_cwnd":	144801448,
					"snd_wnd":	65380352,
					"rtt":	611396,
					"rttvar":	154,
					"pmtu":	1500,
					"omitted":	false,
					"sender":	true
				}],
			"sum":	{
				"start":	2.001064,
				"end":	3.001038,
				"seconds":	0.999974012374878,
				"bytes":	10485760,
				"bits_per_second":	83888260.0566545,
				"retransmits":	0,
				"omitted":	false,
				"sender":	true
			}
		}, {
			"streams":	[{
					"socket":	8,
					"start":	3.001038,
					"end":	4.001037,
					"seconds":	0.99999898672103882,
					"bytes":	14286848,
					"bits_per_second":	114294899.81261735,
					"retransmits":	46,
					"snd_cwnd":	144801448,
					"snd_wnd":	84852736,
					"rtt":	652918,
					"rttvar":	554,
					"pmtu":	1500,
					"omitted":	false,
					"sender":	true
				}],
			"sum":	{
				"start":	3.001038,
				"end":	4.001037,
				"seconds":	0.99999898672103882,
				"bytes":	14286848,
				"bits_per_second":	114294899.81261735,
				"retransmits":	46,
				"omitted":	false,
				"sender":	true
			}
		}, {
			"streams":	[{
					"socket":	8,
					"start":	4.001037,
					"end":	5.00103,
					"seconds":	0.99999302625656128,
					"bytes":	16908288,
					"bits_per_second":	135267247.31907848,
					"retransmits":	0,
					"snd_cwnd":	144801448,
					"snd_wnd":	114655232,
					"rtt":	538942,
					"rttvar":	148,
					"pmtu":	1500,
					"omitted":	false,
					"sender":	true
				}],
			"sum":	{
				"start":	4.001037,
				"end":	5.00103,
				"seconds":	0.99999302625656128,
				"bytes":	16908288,
				"bits_per_second":	135267247.31907848,
				"retransmits":	0,
				"omitted":	false,
				"sender":	true
			}
		}, {
			"streams":	[{
					"socket":	8,
					"start":	5.00103,
					"end":	6.001032,
					"seconds":	1.0000020265579224,
					"bytes":	8781824,
					"bits_per_second":	70254449.625288531,
					"retransmits":	0,
					"snd_cwnd":	144801448,
					"snd_wnd":	129421312,
					"rtt":	576132,
					"rttvar":	266,
					"pmtu":	1500,
					"omitted":	false,
					"sender":	true
				}],
			"sum":	{
				"start":	5.00103,
				"end":	6.001032,
				"seconds":	1.0000020265579224,
				"bytes":	8781824,
				"bits_per_second":	70254449.625288531,
				"retransmits":	0,
				"omitted":	false,
				"sender":	true
			}
		}, {
			"streams":	[{
					"socket":	8,
					"start":	6.001032,
					"end":	7.001032,
					"seconds":	1,
					"bytes":	17563648,
					"bits_per_second":	140509184,
					"retransmits":	0,
					"snd_cwnd":	144801448,
					"snd_wnd":	139530240,
					"rtt":	657435,
					"rttvar":	470,
					"pmtu":	1500,
					"omitted":	false,
					"sender":	true
				}],
			"sum":	{
				"start":	6.001032,
				"end":	7.001032,
				"seconds":	1,
				"bytes":	17563648,
				"bits_per_second":	140509184,
				"retransmits":	0,
				"omitted":	false,
				"sender":	true
			}
		}, {
			"streams":	[{
					"socket":	8,
					"start":	7.001032,
					"end":	8.001068,
					"seconds":	1.0000360012054443,
					"bytes":	11272192,
					"bits_per_second":	90174289.6168737,
					"retransmits":	0,
					"snd_cwnd":	144801448,
					"snd_wnd":	139530240,
					"rtt":	314143,
					"rttvar":	5814,
					"pmtu":	1500,
					"omitted":	false,
					"sender":	true
				}],
			"sum":	{
				"start":	7.001032,
				"end":	8.001068,
				"seconds":	1.0000360012054443,
				"bytes":	11272192,
				"bits_per_second":	90174289.6168737,
				"retransmits":	0,
				"omitted":	false,
				"sender":	true
			}
		}],
	"end":	{
		"streams":	[{
				"sender":	{
					"socket":	8,
					"start":	0,
					"end":	8.001443,
					"seconds":	8.001443,
					"bytes":	107479040,
					"bits_per_second":	107459656.96437505,
					"retransmits":	49,
					"max_snd_cwnd":	144801448,
					"max_snd_wnd":	139530240,
					"max_rtt":	657435,
					"min_rtt":	314143,
					"mean_rtt":	504434,
					"sender":	true
				},
				"receiver":	{
					"socket":	8,
					"start":	0,
					"end":	8.065922,
					"seconds":	8.001443,
					"bytes":	107479040,
					"bits_per_second":	106600624.20638335,
					"sender":	true
				}
			}],
		"sum_sent":	{
			"start":	0,
			"end":	8.001443,
			"seconds":	8.001443,
			"bytes":	107479040,
			"bits_per_second":	107459656.96437505,
			"retransmits":	49,
			"sender":	true
		},
		"sum_received":	{
			"start":	0,
			"end":	8.065922,
			"seconds":	8.065922,
			"bytes":	107479040,
			"bits_per_second":	106600624.20638335,
			"sender":	true
		},
		"cpu_utilization_percent":	{
			"host_total":	10.943347617090939,
			"host_user":	7.4949832921343678,
			"host_system":	3.4483643249565725,
			"remote_total":	0.913806931304982,
			"remote_user":	0.060092286974578371,
			"remote_system":	0.853826224809622
		},
		"sender_tcp_congestion":	"bbr",
		"receiver_tcp_congestion":	"bbr"
	}
}
