{
	"start":	{
		"connected":	[{
				"socket":	8,
				"local_host":	"172.16.0.34",
				"local_port":	36838,
				"remote_host":	"172.17.0.34",
				"remote_port":	5201
			}],
		"version":	"iperf 3.16",
		"system_info":	"Linux h1 6.12.54-0b264c55b-l4steam-117 #1 SMP PREEMPT_DYNAMIC Fri Nov  7 18:07:57 UTC 2025 x86_64",
		"timestamp":	{
			"time":	"Sun, 22 Feb 2026 01:53:53 GMT",
			"timesecs":	1771725233
		},
		"connecting_to":	{
			"host":	"172.17.0.34",
			"port":	5201
		},
		"cookie":	"nxlfrewlusplz5doa6ooukvzmuuelnwlvpgn",
		"tcp_mss_default":	1448,
		"target_bitrate":	0,
		"fq_rate":	0,
		"sock_bufsize":	0,
		"sndbuf_actual":	1000000,
		"rcvbuf_actual":	1000000,
		"test_start":	{
			"protocol":	"TCP",
			"num_streams":	1,
			"blksize":	131072,
			"omit":	0,
			"duration":	0,
			"bytes":	107374182,
			"blocks":	0,
			"reverse":	0,
			"tos":	0,
			"target_bitrate":	0,
			"bidir":	0,
			"fqrate":	0
		}
	},
	"intervals":	[{
			"streams":	[{
					"socket":	8,
					"start":	0,
					"end":	1.001053,
					"seconds":	1.0010529756546021,
					"bytes":	32636928,
					"bits_per_second":	260820786.06206247,
					"retransmits":	5204,
					"snd_cwnd":	12609184,
					"snd_wnd":	50495488,
					"rtt":	271602,
					"rttvar":	324,
					"pmtu":	1500,
					"omitted":	false,
					"sender":	true
				}],
			"sum":	{
				"start":	0,
				"end":	1.001053,
				"seconds":	1.0010529756546021,
				"bytes":	32636928,
				"bits_per_second":	260820786.06206247,
				"retransmits":	5204,
				"omitted":	false,
				"sender":	true
			}
		}, {
			"streams":	[{
					"socket":	8,
					"start":	1.001053,
					"end":	2.001057,
					"seconds":	1.0000040531158447,
					"bytes":	37748736,
					"bits_per_second":	301988664.004961,
					"retransmits":	2064,
					"snd_cwnd":	13110192,
					"snd_wnd":	76455936,
					"rtt":	272504,
					"rttvar":	541,
					"pmtu":	1500,
					"omitted":	false,
					"sender":	true
				}],
			"sum":	{
				"start":	1.001053,
				"end":	2.001057,
				"seconds":	1.0000040531158447,
				"bytes":	37748736,
				"bits_per_second":	301988664.004961,
				"retransmits":	2064,
				"omitted":	false,
				"sender":	true
			}
		}, {
			"streams":	[{
					"socket":	8,
					"start":	2.001057,
					"end":	3.001059,
					"seconds":	1.0000020265579224,
					"bytes":	30932992,
					"bits_per_second":	247463434.50101632,
					"retransmits":	4702,
					"snd_cwnd":	9202040,
					"snd_wnd":	80203776,
					"rtt":	265860,
					"rttvar":	264,
					"pmtu":	1500,
					"omitted":	false,
					"sender":	true
				}],
			"sum":	{
				"start":	2.001057,
				"end":	3.001059,
				"seconds":	1.0000020265579224,
				"bytes":	30932992,
				"bits_per_second":	247463434.50101632,
				"retransmits":	4702,
				"omitted":	false,
				"sender":	true
			}
		}, {
			"streams":	[{
					"socket":	8,
					"start":	3.001059,
					"end":	4.001047,
					"seconds":	0.9999880194664,
					"bytes":	6160384,
					"bits_per_second":	49283662.444573842,
					"retransmits":	2171,
					"snd_cwnd":	49705496,
					"snd_wnd":	82087936,
					"rtt":	200279,
					"rttvar":	8727,
					"pmtu":	1500,
					"omitted":	false,
					"sender":	true
				}],
			"sum":	{
				"start":	3.001059,
				"end":	4.001047,
				"seconds":	0.9999880194664,
				"bytes":	6160384,
				"bits_per_second":	49283662.444573842,
				"retransmits":	2171,
				"omitted":	false,
				"sender":	true
			}
		}],
	"end":	{
		"streams":	[{
				"sender":	{
					"socket":	8,
					"start":	0,
					"end":	4.001433,
					"seconds":	4.001433,
					"bytes":	107479040,
					"bits_per_second":	214881098.84633833,
					"retransmits":	14141,
					"max_snd_cwnd":	49705496,
					"max_snd_wnd":	82087936,
					"max_rtt":	272504,
					"min_rtt":	200279,
					"mean_rtt":	242104,
					"sender":	true
				},
				"receiver":	{
					"socket":	8,
					"start":	0,
					"end":	4.256111,
					"seconds":	4.001433,
					"bytes":	107479040,
					"bits_per_second":	202023001.74971941,
					"sender":	true
				}
			}],
		"sum_sent":	{
			"start":	0,
			"end":	4.001433,
			"seconds":	4.001433,
			"bytes":	107479040,
			"bits_per_second":	214881098.84633833,
			"retransmits":	14141,
			"sender":	true
		},
		"sum_received":	{
			"start":	0,
			"end":	4.256111,
			"seconds":	4.256111,
			"bytes":	107479040,
			"bits_per_second":	202023001.74971941,
			"sender":	true
		},
		"cpu_utilization_percent":	{
			"host_total":	20.9580721788694,
			"host_user":	15.237391371427595,
			"host_system":	5.72068080744181,
			"remote_total":	1.3784607779284626,
			"remote_user":	0.10197071325929413,
			"remote_system":	1.2765135602252189
		},
		"sender_tcp_congestion":	"cubic",
		"receiver_tcp_congestion":	"cubic"
	}
}
