{
	"start":	{
		"connected":	[{
				"socket":	8,
				"local_host":	"172.16.0.57",
				"local_port":	57320,
				"remote_host":	"172.17.0.57",
				"remote_port":	5201
			}],
		"version":	"iperf 3.16",
		"system_info":	"Linux h1 6.12.54-0b264c55b-l4steam-117 #1 SMP PREEMPT_DYNAMIC Fri Nov  7 18:07:57 UTC 2025 x86_64",
		"timestamp":	{
			"time":	"Sun, 22 Feb 2026 01:53:53 GMT",
			"timesecs":	1771725233
		},
		"connecting_to":	{
			"host":	"172.17.0.57",
			"port":	5201
		},
		"cookie":	"v3ei2csjuok4wwf22tygnyyvboa352b2mnb3",
		"tcp_mss_default":	1448,
		"target_bitrate":	0,
		"fq_rate":	0,
		"sock_bufsize":	0,
		"sndbuf_actual":	1000000,
		"rcvbuf_actual":	1000000,
		"test_start":	{
			"protocol":	"TCP",
			"num_streams":	1,
			"blksize":	131072,
			"omit":	0,
			"duration":	0,
			"bytes":	107374182,
			"blocks":	0,
			"reverse":	0,
			"tos":	0,
			"target_bitrate":	0,
			"bidir":	0,
			"fqrate":	0
		}
	},
	"intervals":	[{
			"streams":	[{
					"socket":	8,
					"start":	0,
					"end":	1.001046,
					"seconds":	1.0010459423065186,
					"bytes":	21495808,
					"bits_per_second":	171786784.9339368,
					"retransmits":	170,
					"snd_cwnd":	264984,
					"snd_wnd":	647168,
					"rtt":	263617,
					"rttvar":	2466,
					"pmtu":	1500,
					"omitted":	false,
					"sender":	true
				}],
			"sum":	{
				"start":	0,
				"end":	1.001046,
				"seconds":	1.0010459423065186,
				"bytes":	21495808,
				"bits_per_second":	171786784.9339368,
				"retransmits":	170,
				"omitted":	false,
				"sender":	true
			}
		}, {
			"streams":	[{
					"socket":	8,
					"start":	1.001046,
					"end":	2.00105,
					"seconds":	1.0000040531158447,
					"bytes":	0,
					"bits_per_second":	0,
					"retransmits":	6,
					"snd_cwnd":	185344,
					"snd_wnd":	1740800,
					"rtt":	263118,
					"rttvar":	1355,
					"pmtu":	1500,
					"omitted":	false,
					"sender":	true
				}],
			"sum":	{
				"start":	1.001046,
				"end":	2.00105,
				"seconds":	1.0000040531158447,
				"bytes":	0,
				"bits_per_second":	0,
				"retransmits":	6,
				"omitted":	false,
				"sender":	true
			}
		}, {
			"streams":	[{
					"socket":	8,
					"start":	2.00105,
					"end":	3.013479,
					"seconds":	1.0124289989471436,
					"bytes":	0,
					"bits_per_second":	0,
					"retransmits":	8,
					"snd_cwnd":	139008,
					"snd_wnd":	2830336,
					"rtt":	240851,
					"rttvar":	1825,
					"pmtu":	1500,
					"omitted":	false,
					"sender":	true
				}],
			"sum":	{
				"start":	2.00105,
				"end":	3.013479,
				"seconds":	1.0124289989471436,
				"bytes":	0,
				"bits_per_second":	0,
				"retransmits":	8,
				"omitted":	false,
				"sender":	true
			}
		}, {
			"streams":	[{
					"socket":	8,
					"start":	3.013479,
					"end":	4.001737,
					"seconds":	0.9882580041885376,
					"bytes":	0,
					"bits_per_second":	0,
					"retransmits":	7,
					"snd_cwnd":	70952,
					"snd_wnd":	3567616,
					"rtt":	237666,
					"rttvar":	3745,
					"pmtu":	1500,
					"omitted":	false,
					"sender":	true
				}],
			"sum":	{
				"start":	3.013479,
				"end":	4.001737,
				"seconds":	0.9882580041885376,
				"bytes":	0,
				"bits_per_second":	0,
				"retransmits":	7,
				"omitted":	false,
				"sender":	true
			}
		}, {
			"streams":	[{
					"socket":	8,
					"start":	4.001737,
					"end":	5.001002,
					"seconds":	0.99926501512527466,
					"bytes":	0,
					"bits_per_second":	0,
					"retransmits":	2,
					"snd_cwnd":	55024,
					"snd_wnd":	3981312,
					"rtt":	256973,
					"rttvar":	3359,
					"pmtu":	1500,
					"omitted":	false,
					"sender":	true
				}],
			"sum":	{
				"start":	4.001737,
				"end":	5.001002,
				"seconds":	0.99926501512527466,
				"bytes":	0,
				"bits_per_second":	0,
				"retransmits":	2,
				"omitted":	false,
				"sender":	true
			}
		}, {
			"streams":	[{
					"socket":	8,
					"start":	5.001002,
					"end":	6.00105,
					"seconds":	1.000048041343689,
					"bytes":	0,
					"bits_per_second":	0,
					"retransmits":	0,
					"snd_cwnd":	59368,
					"snd_wnd":	4423680,
					"rtt":	252221,
					"rttvar":	4271,
					"pmtu":	1500,
					"omitted":	false,
					"sender":	true
				}],
			"sum":	{
				"start":	5.001002,
				"end":	6.00105,
				"seconds":	1.000048041343689,
				"bytes":	0,
				"bits_per_second":	0,
				"retransmits":	0,
				"omitted":	false,
				"sender":	true
			}
		}, {
			"streams":	[{
					"socket":	8,
					"start":	6.00105,
					"end":	7.001043,
					"seconds":	0.99999302625656128,
					"bytes":	0,
					"bits_per_second":	0,
					"retransmits":	0,
					"snd_cwnd":	59368,
					"snd_wnd":	4972544,
					"rtt":	148198,
					"rttvar":	17022,
					"pmtu":	1500,
					"omitted":	false,
					"sender":	true
				}],
			"sum":	{
				"start":	6.00105,
				"end":	7.001043,
				"seconds":	0.99999302625656128,
				"bytes":	0,
				"bits_per_second":	0,
				"retransmits":	0,
				"omitted":	false,
				"sender":	true
			}
		}, {
			"streams":	[{
					"socket":	8,
					"start":	7.001043,
					"end":	8.001095,
					"seconds":	1.0000519752502441,
					"bytes":	0,
					"bits_per_second":	0,
					"retransmits":	0,
					"snd_cwnd":	68056,
					"snd_wnd":	6799360,
					"rtt":	64531,
					"rttvar":	171,
					"pmtu":	1500,
					"omitted":	false,
					"sender":	true
				}],
			"sum":	{
				"start":	7.001043,
				"end":	8.001095,
				"seconds":	1.0000519752502441,
				"bytes":	0,
				"bits_per_second":	0,
				"retransmits":	0,
				"omitted":	false,
				"sender":	true
			}
		}, {
			"streams":	[{
					"socket":	8,
					"start":	8.001095,
					"end":	9.001072,
					"seconds":	0.9999769926071167,
					"bytes":	0,
					"bits_per_second":	0,
					"retransmits":	0,
					"snd_cwnd":	79640,
					"snd_wnd":	9052160,
					"rtt":	64409,
					"rttvar":	32,
					"pmtu":	1500,
					"omitted":	false,
					"sender":	true
				}],
			"sum":	{
				"start":	8.001095,
				"end":	9.001072,
				"seconds":	0.9999769926071167,
				"bytes":	0,
				"bits_per_second":	0,
				"retransmits":	0,
				"omitted":	false,
				"sender":	true
			}
		}, {
			"streams":	[{
					"socket":	8,
					"start":	9.001072,
					"end":	10.001088,
					"seconds":	1.0000159740448,
					"bytes":	0,
					"bits_per_second":	0,
					"retransmits":	0,
					"snd_cwnd":	91224,
					"snd_wnd":	11665408,
					"rtt":	64390,
					"rttvar":	23,
					"pmtu":	1500,
					"omitted":	false,
					"sender":	true
				}],
			"sum":	{
				"start":	9.001072,
				"end":	10.001088,
				"seconds":	1.0000159740448,
				"bytes":	0,
				"bits_per_second":	0,
				"retransmits":	0,
				"omitted":	false,
				"sender":	true
			}
		}, {
			"streams":	[{
					"socket":	8,
					"start":	10.001088,
					"end":	11.001069,
					"seconds":	0.99998098611831665,
					"bytes":	0,
					"bits_per_second":	0,
					"retransmits":	0,
					"snd_cwnd":	104256,
					"snd_wnd":	14659584,
					"rtt":	64378,
					"rttvar":	18,
					"pmtu":	1500,
					"omitted":	false,
					"sender":	true
				}],
			"sum":	{
				"start":	10.001088,
				"end":	11.001069,
				"seconds":	0.99998098611831665,
				"bytes":	0,
				"bits_per_second":	0,
				"retransmits":	0,
				"omitted":	false,
				"sender":	true
			}
		}, {
			"streams":	[{
					"socket":	8,
					"start":	11.001069,
					"end":	12.001057,
					"seconds":	0.9999880194664,
					"bytes":	0,
					"bits_per_second":	0,
					"retransmits":	0,
					"snd_cwnd":	137560,
					"snd_wnd":	18214912,
					"rtt":	64397,
					"rttvar":	29,
					"pmtu":	1500,
					"omitted":	false,
					"sender":	true
				}],
			"sum":	{
				"start":	11.001069,
				"end":	12.001057,
				"seconds":	0.9999880194664,
				"bytes":	0,
				"bits_per_second":	0,
				"retransmits":	0,
				"omitted":	false,
				"sender":	true
			}
		}, {
			"streams":	[{
					"socket":	8,
					"start":	12.001057,
					"end":	13.001066,
					"seconds":	1.0000089406967163,
					"bytes":	0,
					"bits_per_second":	0,
					"retransmits":	0,
					"snd_cwnd":	192584,
					"snd_wnd":	23158784,
					"rtt":	64393,
					"rttvar":	26,
					"pmtu":	1500,
					"omitted":	false,
					"sender":	true
				}],
			"sum":	{
				"start":	12.001057,
				"end":	13.001066,