{
	"start":	{
		"connected":	[{
				"socket":	8,
				"local_host":	"172.16.0.76",
				"local_port":	40156,
				"remote_host":	"172.17.0.76",
				"remote_port":	5201
			}],
		"version":	"iperf 3.16",
		"system_info":	"Linux h1 6.12.54-0b264c55b-l4steam-117 #1 SMP PREEMPT_DYNAMIC Fri Nov  7 18:07:57 UTC 2025 x86_64",
		"timestamp":	{
			"time":	"Sun, 22 Feb 2026 01:53:54 GMT",
			"timesecs":	1771725234
		},
		"connecting_to":	{
			"host":	"172.17.0.76",
			"port":	5201
		},
		"cookie":	"yelywabka6ttfmcnwct4gjjmot4vzhy4s7v2",
		"tcp_mss_default":	1448,
		"target_bitrate":	0,
		"fq_rate":	0,
		"sock_bufsize":	0,
		"sndbuf_actual":	1000000,
		"rcvbuf_actual":	1000000,
		"test_start":	{
			"protocol":	"TCP",
			"num_streams":	1,
			"blksize":	131072,
			"omit":	0,
			"duration":	0,
			"bytes":	107374182,
			"blocks":	0,
			"reverse":	0,
			"tos":	0,
			"target_bitrate":	0,
			"bidir":	0,
			"fqrate":	0
		}
	},
	"intervals":	[{
			"streams":	[{
					"socket":	8,
					"start":	0,
					"end":	1.001058,
					"seconds":	1.0010579824447632,
					"bytes":	17563648,
					"bits_per_second":	140360684.85948372,
					"retransmits":	1002,
					"snd_cwnd":	2891656,
					"snd_wnd":	8515584,
					"rtt":	282768,
					"rttvar":	307,
					"pmtu":	1500,
					"omitted":	false,
					"sender":	true
				}],
			"sum":	{
				"start":	0,
				"end":	1.001058,
				"seconds":	1.0010579824447632,
				"bytes":	17563648,
				"bits_per_second":	140360684.85948372,
				"retransmits":	1002,
				"omitted":	false,
				"sender":	true
			}
		}, {
			"streams":	[{
					"socket":	8,
					"start":	1.001058,
					"end":	2.001055,
					"seconds":	0.99999701976776123,
					"bytes":	0,
					"bits_per_second":	0,
					"retransmits":	699,
					"snd_cwnd":	2283496,
					"snd_wnd":	29261824,
					"rtt":	264944,
					"rttvar":	567,
					"pmtu":	1500,
					"omitted":	false,
					"sender":	true
				}],
			"sum":	{
				"start":	1.001058,
				"end":	2.001055,
				"seconds":	0.99999701976776123,
				"bytes":	0,
				"bits_per_second":	0,
				"retransmits":	699,
				"omitted":	false,
				"sender":	true
			}
		}, {
			"streams":	[{
					"socket":	8,
					"start":	2.001055,
					"end":	3.001082,
					"seconds":	1.0000269412994385,
					"bytes":	10878976,
					"bits_per_second":	87029463.3131689,
					"retransmits":	832,
					"snd_cwnd":	4498936,
					"snd_wnd":	50765824,
					"rtt":	267729,
					"rttvar":	897,
					"pmtu":	1500,
					"omitted":	false,
					"sender":	true
				}],
			"sum":	{
				"start":	2.001055,
				"end":	3.001082,
				"seconds":	1.0000269412994385,
				"bytes":	10878976,
				"bits_per_second":	87029463.3131689,
				"retransmits":	832,
				"omitted":	false,
				"sender":	true
			}
		}, {
			"streams":	[{
					"socket":	8,
					"start":	3.001082,
					"end":	4.002277,
					"seconds":	1.001194953918457,
					"bytes":	17956864,
					"bits_per_second":	143483455.88215986,
					"retransmits":	1161,
					"snd_cwnd":	4913064,
					"snd_wnd":	83738624,
					"rtt":	261908,
					"rttvar":	746,
					"pmtu":	1500,
					"omitted":	false,
					"sender":	true
				}],
			"sum":	{
				"start":	3.001082,
				"end":	4.002277,
				"seconds":	1.001194953918457,
				"bytes":	17956864,
				"bits_per_second":	143483455.88215986,
				"retransmits":	1161,
				"omitted":	false,
				"sender":	true
			}
		}, {
			"streams":	[{
					"socket":	8,
					"start":	4.002277,
					"end":	5.001047,
					"seconds":	0.998769998550415,
					"bytes":	15728640,
					"bits_per_second":	125984080.6017648,
					"retransmits":	959,
					"snd_cwnd":	3915392,
					"snd_wnd":	106651648,
					"rtt":	269517,
					"rttvar":	535,
					"pmtu":	1500,
					"omitted":	false,
					"sender":	true
				}],
			"sum":	{
				"start":	4.002277,
				"end":	5.001047,
				"seconds":	0.998769998550415,
				"bytes":	15728640,
				"bits_per_second":	125984080.6017648,
				"retransmits":	959,
				"omitted":	false,
				"sender":	true
			}
		}, {
			"streams":	[{
					"socket":	8,
					"start":	5.001047,
					"end":	6.002279,
					"seconds":	1.0012320280075073,
					"bytes":	45350912,
					"bits_per_second":	362360857.27501279,
					"retransmits":	1820,
					"snd_cwnd":	12099488,
					"snd_wnd":	103497728,
					"rtt":	205697,
					"rttvar":	2457,
					"pmtu":	1500,
					"omitted":	false,
					"sender":	true
				}],
			"sum":	{
				"start":	5.001047,
				"end":	6.002279,
				"seconds":	1.0012320280075073,
				"bytes":	45350912,
				"bits_per_second":	362360857.27501279,
				"retransmits":	1820,
				"omitted":	false,
				"sender":	true
			}
		}],
	"end":	{
		"streams":	[{
				"sender":	{
					"socket":	8,
					"start":	0,
					"end":	6.002604,
					"seconds":	6.002604,
					"bytes":	107479040,
					"bits_per_second":	143243219.10957313,
					"retransmits":	6473,
					"max_snd_cwnd":	12099488,
					"max_snd_wnd":	106651648,
					"max_rtt":	282768,
					"min_rtt":	205697,
					"mean_rtt":	251180,
					"sender":	true
				},
				"receiver":	{
					"socket":	8,
					"start":	0,
					"end":	6.149238,
					"seconds":	6.002604,
					"bytes":	95944704,
					"bits_per_second":	124821584.72318032,
					"sender":	true
				}
			}],
		"sum_sent":	{
			"start":	0,
			"end":	6.002604,
			"seconds":	6.002604,
			"bytes":	107479040,
			"bits_per_second":	143243219.10957313,
			"retransmits":	6473,
			"sender":	true
		},
		"sum_received":	{
			"start":	0,
			"end":	6.149238,
			"seconds":	6.149238,
			"bytes":	95944704,
			"bits_per_second":	124821584.72318032,
			"sender":	true
		},
		"cpu_utilization_percent":	{
			"host_total":	5.4721303825352043,
			"host_user":	3.2413598697507942,
			"host_system":	2.23077051278441,
			"remote_total":	1.1824361133887134,
			"remote_user":	0.049258007556689,
			"remote_system":	1.1331781058320245
		},
		"sender_tcp_congestion":	"cubic",
		"receiver_tcp_congestion":	"cubic"
	}
}
