{
	"start":	{
		"connected":	[{
				"socket":	8,
				"local_host":	"172.16.0.80",
				"local_port":	47434,
				"remote_host":	"172.17.0.80",
				"remote_port":	5201
			}],
		"version":	"iperf 3.16",
		"system_info":	"Linux h1 6.12.54-0b264c55b-l4steam-117 #1 SMP PREEMPT_DYNAMIC Fri Nov  7 18:07:57 UTC 2025 x86_64",
		"timestamp":	{
			"time":	"Sun, 22 Feb 2026 01:53:54 GMT",
			"timesecs":	1771725234
		},
		"connecting_to":	{
			"host":	"172.17.0.80",
			"port":	5201
		},
		"cookie":	"keq7ukri7jlkoj33b7vmvpxnmlv5s6pwmpp5",
		"tcp_mss_default":	1448,
		"target_bitrate":	0,
		"fq_rate":	0,
		"sock_bufsize":	0,
		"sndbuf_actual":	1000000,
		"rcvbuf_actual":	1000000,
		"test_start":	{
			"protocol":	"TCP",
			"num_streams":	1,
			"blksize":	131072,
			"omit":	0,
			"duration":	0,
			"bytes":	107374182,
			"blocks":	0,
			"reverse":	0,
			"tos":	0,
			"target_bitrate":	0,
			"bidir":	0,
			"fqrate":	0
		}
	},
	"intervals":	[{
			"streams":	[{
					"socket":	8,
					"start":	0,
					"end":	1.00104,
					"seconds":	1.001039981842041,
					"bytes":	17432576,
					"bits_per_second":	139315722.17862341,
					"retransmits":	740,
					"snd_cwnd":	1556600,
					"snd_wnd":	6311936,
					"rtt":	269642,
					"rttvar":	497,
					"pmtu":	1500,
					"omitted":	false,
					"sender":	true
				}],
			"sum":	{
				"start":	0,
				"end":	1.00104,
				"seconds":	1.001039981842041,
				"bytes":	17432576,
				"bits_per_second":	139315722.17862341,
				"retransmits":	740,
				"omitted":	false,
				"sender":	true
			}
		}, {
			"streams":	[{
					"socket":	8,
					"start":	1.00104,
					"end":	2.013906,
					"seconds":	1.0128660202026367,
					"bytes":	10354688,
					"bits_per_second":	81785253.2790342,
					"retransmits":	1951,
					"snd_cwnd":	70998336,
					"snd_wnd":	42782720,
					"rtt":	236298,
					"rttvar":	385,
					"pmtu":	1500,
					"omitted":	false,
					"sender":	true
				}],
			"sum":	{
				"start":	1.00104,
				"end":	2.013906,
				"seconds":	1.0128660202026367,
				"bytes":	10354688,
				"bits_per_second":	81785253.2790342,
				"retransmits":	1951,
				"omitted":	false,
				"sender":	true
			}
		}, {
			"streams":	[{
					"socket":	8,
					"start":	2.013906,
					"end":	3.001064,
					"seconds":	0.98715800046920776,
					"bytes":	38797312,
					"bits_per_second":	314416229.06614083,
					"retransmits":	1427,
					"snd_cwnd":	3799552,
					"snd_wnd":	86769664,
					"rtt":	226630,
					"rttvar":	1632,
					"pmtu":	1500,
					"omitted":	false,
					"sender":	true
				}],
			"sum":	{
				"start":	2.013906,
				"end":	3.001064,
				"seconds":	0.98715800046920776,
				"bytes":	38797312,
				"bits_per_second":	314416229.06614083,
				"retransmits":	1427,
				"omitted":	false,
				"sender":	true
			}
		}, {
			"streams":	[{
					"socket":	8,
					"start":	3.001064,
					"end":	4.000623,
					"seconds":	0.999558985233307,
					"bytes":	9175040,
					"bits_per_second":	73432704.9072223,
					"retransmits":	291,
					"snd_cwnd":	3428864,
					"snd_wnd":	101740544,
					"rtt":	261045,
					"rttvar":	454,
					"pmtu":	1500,
					"omitted":	false,
					"sender":	true
				}],
			"sum":	{
				"start":	3.001064,
				"end":	4.000623,
				"seconds":	0.999558985233307,
				"bytes":	9175040,
				"bits_per_second":	73432704.9072223,
				"retransmits":	291,
				"omitted":	false,
				"sender":	true
			}
		}, {
			"streams":	[{
					"socket":	8,
					"start":	4.000623,
					"end":	5.001032,
					"seconds":	1.0004090070724487,
					"bytes":	25427968,
					"bits_per_second":	203340576.26619133,
					"retransmits":	3530,
					"snd_cwnd":	11967720,
					"snd_wnd":	96780288,
					"rtt":	241337,
					"rttvar":	620,
					"pmtu":	1500,
					"omitted":	false,
					"sender":	true
				}],
			"sum":	{
				"start":	4.000623,
				"end":	5.001032,
				"seconds":	1.0004090070724487,
				"bytes":	25427968,
				"bits_per_second":	203340576.26619133,
				"retransmits":	3530,
				"omitted":	false,
				"sender":	true
			}
		}, {
			"streams":	[{
					"socket":	8,
					"start":	5.001032,
					"end":	6.001039,
					"seconds":	1.0000070333480835,
					"bytes":	6291456,
					"bits_per_second":	50331294.0024898,
					"retransmits":	1108,
					"snd_cwnd":	8450528,
					"snd_wnd":	140435456,
					"rtt":	224962,
					"rttvar":	3222,
					"pmtu":	1500,
					"omitted":	false,
					"sender":	true
				}],
			"sum":	{
				"start":	5.001032,
				"end":	6.001039,
				"seconds":	1.0000070333480835,
				"bytes":	6291456,
				"bits_per_second":	50331294.0024898,
				"retransmits":	1108,
				"omitted":	false,
				"sender":	true
			}
		}],
	"end":	{
		"streams":	[{
				"sender":	{
					"socket":	8,
					"start":	0,
					"end":	6.001351,
					"seconds":	6.001351,
					"bytes":	107479040,
					"bits_per_second":	143273126.334387,
					"retransmits":	9047,
					"max_snd_cwnd":	70998336,
					"max_snd_wnd":	140435456,
					"max_rtt":	269642,
					"min_rtt":	224962,
					"mean_rtt":	240696,
					"sender":	true
				},
				"receiver":	{
					"socket":	8,
					"start":	0,
					"end":	6.058707,
					"seconds":	6.001351,
					"bytes":	107479040,
					"bits_per_second":	141916801.720235,
					"sender":	true
				}
			}],
		"sum_sent":	{
			"start":	0,
			"end":	6.001351,
			"seconds":	6.001351,
			"bytes":	107479040,
			"bits_per_second":	143273126.334387,
			"retransmits":	9047,
			"sender":	true
		},
		"sum_received":	{
			"start":	0,
			"end":	6.058707,
			"seconds":	6.058707,
			"bytes":	107479040,
			"bits_per_second":	141916801.720235,
			"sender":	true
		},
		"cpu_utilization_percent":	{
			"host_total":	12.930020884262147,
			"host_user":	10.839425765551756,
			"host_system":	2.09060938781544,
			"remote_total":	1.4175473830707028,
			"remote_user":	0,
			"remote_system":	1.4175803934306741
		},
		"sender_tcp_congestion":	"cubic",
		"receiver_tcp_congestion":	"cubic"
	}
}
