{
	"start":	{
		"connected":	[{
				"socket":	8,
				"local_host":	"172.16.0.9",
				"local_port":	38416,
				"remote_host":	"172.17.0.9",
				"remote_port":	5201
			}],
		"version":	"iperf 3.16",
		"system_info":	"Linux h1 6.12.54-0b264c55b-l4steam-117 #1 SMP PREEMPT_DYNAMIC Fri Nov  7 18:07:57 UTC 2025 x86_64",
		"timestamp":	{
			"time":	"Sun, 22 Feb 2026 01:53:53 GMT",
			"timesecs":	1771725233
		},
		"connecting_to":	{
			"host":	"172.17.0.9",
			"port":	5201
		},
		"cookie":	"cj42iusp5irq7j5tlxzmkcu7vvqruek4gxby",
		"tcp_mss_default":	1448,
		"target_bitrate":	0,
		"fq_rate":	0,
		"sock_bufsize":	0,
		"sndbuf_actual":	1000000,
		"rcvbuf_actual":	1000000,
		"test_start":	{
			"protocol":	"TCP",
			"num_streams":	1,
			"blksize":	131072,
			"omit":	0,
			"duration":	0,
			"bytes":	107374182,
			"blocks":	0,
			"reverse":	0,
			"tos":	0,
			"target_bitrate":	0,
			"bidir":	0,
			"fqrate":	0
		}
	},
	"intervals":	[{
			"streams":	[{
					"socket":	8,
					"start":	0,
					"end":	1.000085,
					"seconds":	1.00008499622345,
					"bytes":	50593792,
					"bits_per_second":	404715936.67381281,
					"retransmits":	490,
					"snd_cwnd":	24326400,
					"snd_wnd":	97939456,
					"rtt":	259533,
					"rttvar":	26839,
					"pmtu":	1500,
					"omitted":	false,
					"sender":	true
				}],
			"sum":	{
				"start":	0,
				"end":	1.000085,
				"seconds":	1.00008499622345,
				"bytes":	50593792,
				"bits_per_second":	404715936.67381281,
				"retransmits":	490,
				"omitted":	false,
				"sender":	true
			}
		}, {
			"streams":	[{
					"socket":	8,
					"start":	1.000085,
					"end":	2.001084,
					"seconds":	1.0009989738464355,
					"bytes":	31195136,
					"bits_per_second":	249312031.80062947,
					"retransmits":	138,
					"snd_cwnd":	101387512,
					"snd_wnd":	128651264,
					"rtt":	211666,
					"rttvar":	175,
					"pmtu":	1500,
					"omitted":	false,
					"sender":	true
				}],
			"sum":	{
				"start":	1.000085,
				"end":	2.001084,
				"seconds":	1.0009989738464355,
				"bytes":	31195136,
				"bits_per_second":	249312031.80062947,
				"retransmits":	138,
				"omitted":	false,
				"sender":	true
			}
		}, {
			"streams":	[{
					"socket":	8,
					"start":	2.001084,
					"end":	3.00011,
					"seconds":	0.99902600049972534,
					"bytes":	21757952,
					"bits_per_second":	174233319.16579869,
					"retransmits":	2698,
					"snd_cwnd":	70989648,
					"snd_wnd":	146866176,
					"rtt":	254524,
					"rttvar":	1677,
					"pmtu":	1500,
					"omitted":	false,
					"sender":	true
				}],
			"sum":	{
				"start":	2.001084,
				"end":	3.00011,
				"seconds":	0.99902600049972534,
				"bytes":	21757952,
				"bits_per_second":	174233319.16579869,
				"retransmits":	2698,
				"omitted":	false,
				"sender":	true
			}
		}, {
			"streams":	[{
					"socket":	8,
					"start":	3.00011,
					"end":	4.000089,
					"seconds":	0.999979019165039,
					"bytes":	3932160,
					"bits_per_second":	31457940.013847642,
					"retransmits":	3629,
					"snd_cwnd":	49705496,
					"snd_wnd":	146870272,
					"rtt":	233707,
					"rttvar":	8203,
					"pmtu":	1500,
					"omitted":	false,
					"sender":	true
				}],
			"sum":	{
				"start":	3.00011,
				"end":	4.000089,
				"seconds":	0.999979019165039,
				"bytes":	3932160,
				"bits_per_second":	31457940.013847642,
				"retransmits":	3629,
				"omitted":	false,
				"sender":	true
			}
		}],
	"end":	{
		"streams":	[{
				"sender":	{
					"socket":	8,
					"start":	0,
					"end":	4.000443,
					"seconds":	4.000443,
					"bytes":	107479040,
					"bits_per_second":	214934276.0289298,
					"retransmits":	6955,
					"max_snd_cwnd":	101387512,
					"max_snd_wnd":	146870272,
					"max_rtt":	259533,
					"min_rtt":	211666,
					"mean_rtt":	238627,
					"sender":	true
				},
				"receiver":	{
					"socket":	8,
					"start":	0,
					"end":	4.270112,
					"seconds":	4.000443,
					"bytes":	107479040,
					"bits_per_second":	201360601.31443858,
					"sender":	true
				}
			}],
		"sum_sent":	{
			"start":	0,
			"end":	4.000443,
			"seconds":	4.000443,
			"bytes":	107479040,
			"bits_per_second":	214934276.0289298,
			"retransmits":	6955,
			"sender":	true
		},
		"sum_received":	{
			"start":	0,
			"end":	4.270112,
			"seconds":	4.270112,
			"bytes":	107479040,
			"bits_per_second":	201360601.31443858,
			"sender":	true
		},
		"cpu_utilization_percent":	{
			"host_total":	28.393899281494733,
			"host_user":	19.584834916650383,
			"host_system":	8.80906436484435,
			"remote_total":	1.6493420453302678,
			"remote_user":	0.063464154579009,
			"remote_system":	1.5858778907512587
		},
		"sender_tcp_congestion":	"cubic",
		"receiver_tcp_congestion":	"cubic"
	}
}
