{
	"start":	{
		"connected":	[{
				"socket":	8,
				"local_host":	"172.16.0.107",
				"local_port":	55774,
				"remote_host":	"172.17.0.107",
				"remote_port":	5201
			}],
		"version":	"iperf 3.16",
		"system_info":	"Linux h1 6.12.54-0b264c55b-l4steam-117 #1 SMP PREEMPT_DYNAMIC Fri Nov  7 18:07:57 UTC 2025 x86_64",
		"timestamp":	{
			"time":	"Sun, 22 Feb 2026 02:54:02 GMT",
			"timesecs":	1771728842
		},
		"connecting_to":	{
			"host":	"172.17.0.107",
			"port":	5201
		},
		"cookie":	"b656rrqiqwh7pd2re6pixjgkmqtyf2ysvpdm",
		"tcp_mss_default":	1448,
		"target_bitrate":	0,
		"fq_rate":	0,
		"sock_bufsize":	0,
		"sndbuf_actual":	1000000,
		"rcvbuf_actual":	1000000,
		"test_start":	{
			"protocol":	"TCP",
			"num_streams":	1,
			"blksize":	131072,
			"omit":	0,
			"duration":	0,
			"bytes":	107374182,
			"blocks":	0,
			"reverse":	0,
			"tos":	0,
			"target_bitrate":	0,
			"bidir":	0,
			"fqrate":	0
		}
	},
	"intervals":	[{
			"streams":	[{
					"socket":	8,
					"start":	0,
					"end":	1.001037,
					"seconds":	1.0010370016098022,
					"bytes":	21233664,
					"bits_per_second":	169693339.73352361,
					"retransmits":	4594,
					"snd_cwnd":	144362704,
					"snd_wnd":	17268736,
					"rtt":	125686,
					"rttvar":	5942,
					"pmtu":	1500,
					"omitted":	false,
					"sender":	true
				}],
			"sum":	{
				"start":	0,
				"end":	1.001037,
				"seconds":	1.0010370016098022,
				"bytes":	21233664,
				"bits_per_second":	169693339.73352361,
				"retransmits":	4594,
				"omitted":	false,
				"sender":	true
			}
		}, {
			"streams":	[{
					"socket":	8,
					"start":	1.001037,
					"end":	2.001046,
					"seconds":	1.0000089406967163,
					"bytes":	15073280,
					"bits_per_second":	120585161.8846391,
					"retransmits":	7772,
					"snd_cwnd":	143285392,
					"snd_wnd":	52744192,
					"rtt":	193413,
					"rttvar":	11399,
					"pmtu":	1500,
					"omitted":	false,
					"sender":	true
				}],
			"sum":	{
				"start":	1.001037,
				"end":	2.001046,
				"seconds":	1.0000089406967163,
				"bytes":	15073280,
				"bits_per_second":	120585161.8846391,
				"retransmits":	7772,
				"omitted":	false,
				"sender":	true
			}
		}, {
			"streams":	[{
					"socket":	8,
					"start":	2.001046,
					"end":	3.001039,
					"seconds":	0.99999302625656128,
					"bytes":	11796480,
					"bits_per_second":	94372498.129589632,
					"retransmits":	7267,
					"snd_cwnd":	142740944,
					"snd_wnd":	79233024,
					"rtt":	124835,
					"rttvar":	4156,
					"pmtu":	1500,
					"omitted":	false,
					"sender":	true
				}],
			"sum":	{
				"start":	2.001046,
				"end":	3.001039,
				"seconds":	0.99999302625656128,
				"bytes":	11796480,
				"bits_per_second":	94372498.129589632,
				"retransmits":	7267,
				"omitted":	false,
				"sender":	true
			}
		}, {
			"streams":	[{
					"socket":	8,
					"start":	3.001039,
					"end":	4.010887,
					"seconds":	1.0098479986190796,
					"bytes":	13107200,
					"bits_per_second":	103835032.740955,
					"retransmits":	4174,
					"snd_cwnd":	141892416,
					"snd_wnd":	110903296,
					"rtt":	141526,
					"rttvar":	4563,
					"pmtu":	1500,
					"omitted":	false,
					"sender":	true
				}],
			"sum":	{
				"start":	3.001039,
				"end":	4.010887,
				"seconds":	1.0098479986190796,
				"bytes":	13107200,
				"bits_per_second":	103835032.740955,
				"retransmits":	4174,
				"omitted":	false,
				"sender":	true
			}
		}, {
			"streams":	[{
					"socket":	8,
					"start":	4.010887,
					"end":	5.001278,
					"seconds":	0.99039101600646973,
					"bytes":	22413312,
					"bits_per_second":	181046165.70838186,
					"retransmits":	1413,
					"snd_cwnd":	140883160,
					"snd_wnd":	133824512,
					"rtt":	162433,
					"rttvar":	7088,
					"pmtu":	1500,
					"omitted":	false,
					"sender":	true
				}],
			"sum":	{
				"start":	4.010887,
				"end":	5.001278,
				"seconds":	0.99039101600646973,
				"bytes":	22413312,
				"bits_per_second":	181046165.70838186,
				"retransmits":	1413,
				"omitted":	false,
				"sender":	true
			}
		}, {
			"streams":	[{
					"socket":	8,
					"start":	5.001278,
					"end":	6.002894,
					"seconds":	1.0016160011291504,
					"bytes":	23855104,
					"bits_per_second":	190532930.56906006,
					"retransmits":	26473,
					"snd_cwnd":	139775440,
					"snd_wnd":	131248128,
					"rtt":	148183,
					"rttvar":	2842,
					"pmtu":	1500,
					"omitted":	false,
					"sender":	true
				}],
			"sum":	{
				"start":	5.001278,
				"end":	6.002894,
				"seconds":	1.0016160011291504,
				"bytes":	23855104,
				"bits_per_second":	190532930.56906006,
				"retransmits":	26473,
				"omitted":	false,
				"sender":	true
			}
		}],
	"end":	{
		"streams":	[{
				"sender":	{
					"socket":	8,
					"start":	0,
					"end":	6.004764,
					"seconds":	6.004764,
					"bytes":	107479040,
					"bits_per_second":	143191692.46285117,
					"retransmits":	51693,
					"max_snd_cwnd":	144362704,
					"max_snd_wnd":	133824512,
					"max_rtt":	193413,
					"min_rtt":	124835,
					"mean_rtt":	149179,
					"sender":	true
				},
				"receiver":	{
					"socket":	8,
					"start":	0,
					"end":	6.095974,
					"seconds":	6.004764,
					"bytes":	107479040,
					"bits_per_second":	141049210.51172462,
					"sender":	true
				}
			}],
		"sum_sent":	{
			"start":	0,
			"end":	6.004764,
			"seconds":	6.004764,
			"bytes":	107479040,
			"bits_per_second":	143191692.46285117,
			"retransmits":	51693,
			"sender":	true
		},
		"sum_received":	{
			"start":	0,
			"end":	6.095974,
			"seconds":	6.095974,
			"bytes":	107479040,
			"bits_per_second":	141049210.51172462,
			"sender":	true
		},
		"cpu_utilization_percent":	{
			"host_total":	6.2257201147431873,
			"host_user":	4.41100769322567,
			"host_system":	1.8147124215175183,
			"remote_total":	1.4915195182150649,
			"remote_user":	0,
			"remote_system":	1.4914703056004941
		},
		"sender_tcp_congestion":	"prague",
		"receiver_tcp_congestion":	"prague"
	}
}
