{
	"start":	{
		"connected":	[{
				"socket":	8,
				"local_host":	"172.16.0.121",
				"local_port":	38386,
				"remote_host":	"172.17.0.121",
				"remote_port":	5201
			}],
		"version":	"iperf 3.16",
		"system_info":	"Linux h1 6.12.54-0b264c55b-l4steam-117 #1 SMP PREEMPT_DYNAMIC Fri Nov  7 18:07:57 UTC 2025 x86_64",
		"timestamp":	{
			"time":	"Sun, 22 Feb 2026 02:54:02 GMT",
			"timesecs":	1771728842
		},
		"connecting_to":	{
			"host":	"172.17.0.121",
			"port":	5201
		},
		"cookie":	"u5aqe7mnbyjvj63wjci7zmc2srcjpmdedy7f",
		"tcp_mss_default":	1448,
		"target_bitrate":	0,
		"fq_rate":	0,
		"sock_bufsize":	0,
		"sndbuf_actual":	1000000,
		"rcvbuf_actual":	1000000,
		"test_start":	{
			"protocol":	"TCP",
			"num_streams":	1,
			"blksize":	131072,
			"omit":	0,
			"duration":	0,
			"bytes":	107374182,
			"blocks":	0,
			"reverse":	0,
			"tos":	0,
			"target_bitrate":	0,
			"bidir":	0,
			"fqrate":	0
		}
	},
	"intervals":	[{
			"streams":	[{
					"socket":	8,
					"start":	0,
					"end":	1.000915,
					"seconds":	1.0009150505065918,
					"bytes":	23855104,
					"bits_per_second":	190666362.6482687,
					"retransmits":	8844,
					"snd_cwnd":	144472752,
					"snd_wnd":	19087360,
					"rtt":	140782,
					"rttvar":	8285,
					"pmtu":	1500,
					"omitted":	false,
					"sender":	true
				}],
			"sum":	{
				"start":	0,
				"end":	1.000915,
				"seconds":	1.0009150505065918,
				"bytes":	23855104,
				"bits_per_second":	190666362.6482687,
				"retransmits":	8844,
				"omitted":	false,
				"sender":	true
			}
		}, {
			"streams":	[{
					"socket":	8,
					"start":	1.000915,
					"end":	2.000949,
					"seconds":	1.000033974647522,
					"bytes":	0,
					"bits_per_second":	0,
					"retransmits":	3567,
					"snd_cwnd":	2896,
					"snd_wnd":	23502848,
					"rtt":	267057,
					"rttvar":	33364,
					"pmtu":	1500,
					"omitted":	false,
					"sender":	true
				}],
			"sum":	{
				"start":	1.000915,
				"end":	2.000949,
				"seconds":	1.000033974647522,
				"bytes":	0,
				"bits_per_second":	0,
				"retransmits":	3567,
				"omitted":	false,
				"sender":	true
			}
		}, {
			"streams":	[{
					"socket":	8,
					"start":	2.000949,
					"end":	3.001026,
					"seconds":	1.00007700920105,
					"bytes":	3670016,
					"bits_per_second":	29357867.1741044,
					"retransmits":	933,
					"snd_cwnd":	677664,
					"snd_wnd":	25227264,
					"rtt":	73843,
					"rttvar":	2201,
					"pmtu":	1500,
					"omitted":	false,
					"sender":	true
				}],
			"sum":	{
				"start":	2.000949,
				"end":	3.001026,
				"seconds":	1.00007700920105,
				"bytes":	3670016,
				"bits_per_second":	29357867.1741044,
				"retransmits":	933,
				"omitted":	false,
				"sender":	true
			}
		}, {
			"streams":	[{
					"socket":	8,
					"start":	3.001026,
					"end":	4.001026,
					"seconds":	1,
					"bytes":	7077888,
					"bits_per_second":	56623104,
					"retransmits":	1777,
					"snd_cwnd":	1724568,
					"snd_wnd":	31555584,
					"rtt":	112919,
					"rttvar":	3994,
					"pmtu":	1500,
					"omitted":	false,
					"sender":	true
				}],
			"sum":	{
				"start":	3.001026,
				"end":	4.001026,
				"seconds":	1,
				"bytes":	7077888,
				"bits_per_second":	56623104,
				"retransmits":	1777,
				"omitted":	false,
				"sender":	true
			}
		}, {
			"streams":	[{
					"socket":	8,
					"start":	4.001026,
					"end":	5.001026,
					"seconds":	1,
					"bytes":	3670016,
					"bits_per_second":	29360128,
					"retransmits":	21,
					"snd_cwnd":	863008,
					"snd_wnd":	41160704,
					"rtt":	63991,
					"rttvar":	832,
					"pmtu":	1500,
					"omitted":	false,
					"sender":	true
				}],
			"sum":	{
				"start":	4.001026,
				"end":	5.001026,
				"seconds":	1,
				"bytes":	3670016,
				"bits_per_second":	29360128,
				"retransmits":	21,
				"omitted":	false,
				"sender":	true
			}
		}, {
			"streams":	[{
					"socket":	8,
					"start":	5.001026,
					"end":	6.00103,
					"seconds":	1.0000040531158447,
					"bytes":	7208960,
					"bits_per_second":	57671446.2509474,
					"retransmits":	0,
					"snd_cwnd":	863008,
					"snd_wnd":	55549952,
					"rtt":	61957,
					"rttvar":	220,
					"pmtu":	1500,
					"omitted":	false,
					"sender":	true
				}],
			"sum":	{
				"start":	5.001026,
				"end":	6.00103,
				"seconds":	1.0000040531158447,
				"bytes":	7208960,
				"bits_per_second":	57671446.2509474,
				"retransmits":	0,
				"omitted":	false,
				"sender":	true
			}
		}, {
			"streams":	[{
					"socket":	8,
					"start":	6.00103,
					"end":	7.001026,
					"seconds":	0.9999960064888,
					"bytes":	10354688,
					"bits_per_second":	82837834.8138211,
					"retransmits":	0,
					"snd_cwnd":	874592,
					"snd_wnd":	72269824,
					"rtt":	61016,
					"rttvar":	90,
					"pmtu":	1500,
					"omitted":	false,
					"sender":	true
				}],
			"sum":	{
				"start":	6.00103,
				"end":	7.001026,
				"seconds":	0.9999960064888,
				"bytes":	10354688,
				"bits_per_second":	82837834.8138211,
				"retransmits":	0,
				"omitted":	false,
				"sender":	true
			}
		}, {
			"streams":	[{
					"socket":	8,
					"start":	7.001026,
					"end":	8.001042,
					"seconds":	1.0000159740448,
					"bytes":	10878976,
					"bits_per_second":	87030417.772207558,
					"retransmits":	0,
					"snd_cwnd":	899208,
					"snd_wnd":	72282112,
					"rtt":	60955,
					"rttvar":	86,
					"pmtu":	1500,
					"omitted":	false,
					"sender":	true
				}],
			"sum":	{
				"start":	7.001026,
				"end":	8.001042,
				"seconds":	1.0000159740448,
				"bytes":	10878976,
				"bits_per_second":	87030417.772207558,
				"retransmits":	0,
				"omitted":	false,
				"sender":	true
			}
		}, {
			"streams":	[{
					"socket":	8,
					"start":	8.001042,
					"end":	9.00106,
					"seconds":	1.0000180006027222,
					"bytes":	18087936,
					"bits_per_second":	144700883.29688624,
					"retransmits":	0,
					"snd_cwnd":	922376,
					"snd_wnd":	72294400,
					"rtt":	60844,
					"rttvar":	42,
					"pmtu":	1500,
					"omitted":	false,
					"sender":	true
				}],
			"sum":	{
				"start":	8.001042,
				"end":	9.00106,
				"seconds":	1.0000180006027222,
				"bytes":	18087936,
				"bits_per_second":	144700883.29688624,
				"retransmits":	0,
				"omitted":	false,
				"sender":	true
			}
		}, {
			"streams":	[{
					"socket":	8,
					"start":	9.00106,
					"end":	10.001047,
					"seconds":	0.999987006187439,
					"bytes":	14548992,
					"bits_per_second":	116393448.39465177,
					"retransmits":	0,
					"snd_cwnd":	945544,
					"snd_wnd":	72294400,
					"rtt":	60857,
					"rttvar":	35,
					"pmtu":	1500,
					"omitted":	false,
					"sender":	true
				}],
			"sum":	{
				"start":	9.00106,
				"end":	10.001047,
				"seconds":	0.999987006187439,
				"bytes":	14548992,
				"bits_per_second":	116393448.39465177,
				"retransmits":	0,
				"omitted":	false,
				"sender":	true
			}
		}, {
			"streams":	[{
					"socket":	8,
					"start":	10.001047,
					"end":	11.001049,
					"seconds":	1.0000020265579224,
					"bytes":	6553600,
					"bits_per_second":	52428693.750215322,
					"retransmits":	0,
					"snd_cwnd":	970160,
					"snd_wnd":	72327168,
					"rtt":	60900,
					"rttvar":	49,
					"pmtu":	1500,
					"omitted":	false,
					"sender":	true
				}],
			"sum":	{
				"start":	10.001047,
				"end":	11.001049,
				"seconds":	1.0000020265579224,
				"bytes":	6553600,
				"bits_per_second":	52428693.750215322,
				"retransmits":	0,
				"omitted":	false,
				"sender":	true
			}
		}],
	"end":	{
		"streams":	[{
				"sender":	{
					"socket":	8,
					"start":	0,
					"end":	11.001344,
					"seconds":	11.001344,
					"bytes":	107479040,
					"bits_per_second":	78157025.1780146,
					"retransmits":	15142,
					"max_snd_cwnd":	144472752,
					"max_snd_wnd":	72327168,
					"max_rtt":	267057,
					"min_rtt":	60844,
					"mean_rtt":	90501,
					"sender":	true
				},
				"receiver":	{
					"socket":	8,
					"start":	0,
					"end":	11.439927,
					"seconds":	11.001344,
					"bytes":	107479040,
					"bits_per_second":	75160647.441194326,
					"sender":	true
				}
			}],
		"sum_sent":	{
			"start":	0,
			"end":	11.001344,