{
	"start":	{
		"connected":	[{
				"socket":	8,
				"local_host":	"172.16.0.36",
				"local_port":	59870,
				"remote_host":	"172.17.0.36",
				"remote_port":	5201
			}],
		"version":	"iperf 3.16",
		"system_info":	"Linux h1 6.12.54-0b264c55b-l4steam-117 #1 SMP PREEMPT_DYNAMIC Fri Nov  7 18:07:57 UTC 2025 x86_64",
		"timestamp":	{
			"time":	"Sun, 22 Feb 2026 02:54:01 GMT",
			"timesecs":	1771728841
		},
		"connecting_to":	{
			"host":	"172.17.0.36",
			"port":	5201
		},
		"cookie":	"lkuyx3kmgw2rbrxfnbwcp542m7e5dre3uuzw",
		"tcp_mss_default":	1448,
		"target_bitrate":	0,
		"fq_rate":	0,
		"sock_bufsize":	0,
		"sndbuf_actual":	1000000,
		"rcvbuf_actual":	1000000,
		"test_start":	{
			"protocol":	"TCP",
			"num_streams":	1,
			"blksize":	131072,
			"omit":	0,
			"duration":	0,
			"bytes":	107374182,
			"blocks":	0,
			"reverse":	0,
			"tos":	0,
			"target_bitrate":	0,
			"bidir":	0,
			"fqrate":	0
		}
	},
	"intervals":	[{
			"streams":	[{
					"socket":	8,
					"start":	0,
					"end":	1.001057,
					"seconds":	1.0010570287704468,
					"bytes":	37355520,
					"bits_per_second":	298528606.67394423,
					"retransmits":	13927,
					"snd_cwnd":	144563976,
					"snd_wnd":	32133120,
					"rtt":	118558,
					"rttvar":	5084,
					"pmtu":	1500,
					"omitted":	false,
					"sender":	true
				}],
			"sum":	{
				"start":	0,
				"end":	1.001057,
				"seconds":	1.0010570287704468,
				"bytes":	37355520,
				"bits_per_second":	298528606.67394423,
				"retransmits":	13927,
				"omitted":	false,
				"sender":	true
			}
		}, {
			"streams":	[{
					"socket":	8,
					"start":	1.001057,
					"end":	2.000707,
					"seconds":	0.999650001525879,
					"bytes":	17432576,
					"bits_per_second":	139509436.08975691,
					"retransmits":	26640,
					"snd_cwnd":	143806672,
					"snd_wnd":	70737920,
					"rtt":	219503,
					"rttvar":	8114,
					"pmtu":	1500,
					"omitted":	false,
					"sender":	true
				}],
			"sum":	{
				"start":	1.001057,
				"end":	2.000707,
				"seconds":	0.999650001525879,
				"bytes":	17432576,
				"bits_per_second":	139509436.08975691,
				"retransmits":	26640,
				"omitted":	false,
				"sender":	true
			}
		}, {
			"streams":	[{
					"socket":	8,
					"start":	2.000707,
					"end":	3.00049,
					"seconds":	0.9997829794883728,
					"bytes":	15204352,
					"bits_per_second":	121661218.97998823,
					"retransmits":	18096,
					"snd_cwnd":	143330280,
					"snd_wnd":	87371776,
					"rtt":	269323,
					"rttvar":	13478,
					"pmtu":	1500,
					"omitted":	false,
					"sender":	true
				}],
			"sum":	{
				"start":	2.000707,
				"end":	3.00049,
				"seconds":	0.9997829794883728,
				"bytes":	15204352,
				"bits_per_second":	121661218.97998823,
				"retransmits":	18096,
				"omitted":	false,
				"sender":	true
			}
		}, {
			"streams":	[{
					"socket":	8,
					"start":	3.00049,
					"end":	4.001277,
					"seconds":	1.0007870197296143,
					"bytes":	18350080,
					"bits_per_second":	146685195.85681835,
					"retransmits":	7928,
					"snd_cwnd":	142990000,
					"snd_wnd":	89444352,
					"rtt":	306609,
					"rttvar":	27099,
					"pmtu":	1500,
					"omitted":	false,
					"sender":	true
				}],
			"sum":	{
				"start":	3.00049,
				"end":	4.001277,
				"seconds":	1.0007870197296143,
				"bytes":	18350080,
				"bits_per_second":	146685195.85681835,
				"retransmits":	7928,
				"omitted":	false,
				"sender":	true
			}
		}, {
			"streams":	[{
					"socket":	8,
					"start":	4.001277,
					"end":	5.003512,
					"seconds":	1.0022350549697876,
					"bytes":	13500416,
					"bits_per_second":	107762472.94927812,
					"retransmits":	13060,
					"snd_cwnd":	142403560,
					"snd_wnd":	84611072,
					"rtt":	270921,
					"rttvar":	8834,
					"pmtu":	1500,
					"omitted":	false,
					"sender":	true
				}],
			"sum":	{
				"start":	4.001277,
				"end":	5.003512,
				"seconds":	1.0022350549697876,
				"bytes":	13500416,
				"bits_per_second":	107762472.94927812,
				"retransmits":	13060,
				"omitted":	false,
				"sender":	true
			}
		}, {
			"streams":	[{
					"socket":	8,
					"start":	5.003512,
					"end":	6.000578,
					"seconds":	0.99706602096557617,
					"bytes":	5636096,
					"bits_per_second":	45221446.7767493,
					"retransmits":	1549,
					"snd_cwnd":	141812776,
					"snd_wnd":	84144128,
					"rtt":	219680,
					"rttvar":	8839,
					"pmtu":	1500,
					"omitted":	false,
					"sender":	true
				}],
			"sum":	{
				"start":	5.003512,
				"end":	6.000578,
				"seconds":	0.99706602096557617,
				"bytes":	5636096,
				"bits_per_second":	45221446.7767493,
				"retransmits":	1549,
				"omitted":	false,
				"sender":	true
			}
		}],
	"end":	{
		"streams":	[{
				"sender":	{
					"socket":	8,
					"start":	0,
					"end":	6.003982,
					"seconds":	6.003982,
					"bytes":	107479040,
					"bits_per_second":	143210342.735871,
					"retransmits":	81200,
					"max_snd_cwnd":	144563976,
					"max_snd_wnd":	89444352,
					"max_rtt":	306609,
					"min_rtt":	118558,
					"mean_rtt":	232039,
					"sender":	true
				},
				"receiver":	{
					"socket":	8,
					"start":	0,
					"end":	6.072928,
					"seconds":	6.003982,
					"bytes":	107479040,
					"bits_per_second":	141584474.573056,
					"sender":	true
				}
			}],
		"sum_sent":	{
			"start":	0,
			"end":	6.003982,
			"seconds":	6.003982,
			"bytes":	107479040,
			"bits_per_second":	143210342.735871,
			"retransmits":	81200,
			"sender":	true
		},
		"sum_received":	{
			"start":	0,
			"end":	6.072928,
			"seconds":	6.072928,
			"bytes":	107479040,
			"bits_per_second":	141584474.573056,
			"sender":	true
		},
		"cpu_utilization_percent":	{
			"host_total":	12.691058660353443,
			"host_user":	9.42012419191557,
			"host_system":	3.2709344684378765,
			"remote_total":	1.1622919141795991,
			"remote_user":	0.15969266818323655,
			"remote_system":	1.0029944433603961
		},
		"sender_tcp_congestion":	"prague",
		"receiver_tcp_congestion":	"prague"
	}
}
