{
	"start":	{
		"connected":	[{
				"socket":	8,
				"local_host":	"172.16.0.51",
				"local_port":	46310,
				"remote_host":	"172.17.0.51",
				"remote_port":	5201
			}],
		"version":	"iperf 3.16",
		"system_info":	"Linux h1 6.12.54-0b264c55b-l4steam-117 #1 SMP PREEMPT_DYNAMIC Fri Nov  7 18:07:57 UTC 2025 x86_64",
		"timestamp":	{
			"time":	"Sun, 22 Feb 2026 02:54:01 GMT",
			"timesecs":	1771728841
		},
		"connecting_to":	{
			"host":	"172.17.0.51",
			"port":	5201
		},
		"cookie":	"6sac5pok3jt5qpaireejomc2p52x2cxjqcib",
		"tcp_mss_default":	1448,
		"target_bitrate":	0,
		"fq_rate":	0,
		"sock_bufsize":	0,
		"sndbuf_actual":	1000000,
		"rcvbuf_actual":	1000000,
		"test_start":	{
			"protocol":	"TCP",
			"num_streams":	1,
			"blksize":	131072,
			"omit":	0,
			"duration":	0,
			"bytes":	107374182,
			"blocks":	0,
			"reverse":	0,
			"tos":	0,
			"target_bitrate":	0,
			"bidir":	0,
			"fqrate":	0
		}
	},
	"intervals":	[{
			"streams":	[{
					"socket":	8,
					"start":	0,
					"end":	1.001053,
					"seconds":	1.0010529756546021,
					"bytes":	32768000,
					"bits_per_second":	261868259.09845629,
					"retransmits":	6258,
					"snd_cwnd":	144517640,
					"snd_wnd":	30818304,
					"rtt":	155234,
					"rttvar":	7713,
					"pmtu":	1500,
					"omitted":	false,
					"sender":	true
				}],
			"sum":	{
				"start":	0,
				"end":	1.001053,
				"seconds":	1.0010529756546021,
				"bytes":	32768000,
				"bits_per_second":	261868259.09845629,
				"retransmits":	6258,
				"omitted":	false,
				"sender":	true
			}
		}, {
			"streams":	[{
					"socket":	8,
					"start":	1.001053,
					"end":	2.001058,
					"seconds":	1.0000050067901611,
					"bytes":	28966912,
					"bits_per_second":	231734135.7558091,
					"retransmits":	6528,
					"snd_cwnd":	143689384,
					"snd_wnd":	38019072,
					"rtt":	192862,
					"rttvar":	8510,
					"pmtu":	1500,
					"omitted":	false,
					"sender":	true
				}],
			"sum":	{
				"start":	1.001053,
				"end":	2.001058,
				"seconds":	1.0000050067901611,
				"bytes":	28966912,
				"bits_per_second":	231734135.7558091,
				"retransmits":	6528,
				"omitted":	false,
				"sender":	true
			}
		}, {
			"streams":	[{
					"socket":	8,
					"start":	2.001058,
					"end":	3.001069,
					"seconds":	1.0000109672546387,
					"bytes":	19005440,
					"bits_per_second":	152041852.51828769,
					"retransmits":	9810,
					"snd_cwnd":	143066744,
					"snd_wnd":	38342656,
					"rtt":	285039,
					"rttvar":	5736,
					"pmtu":	1500,
					"omitted":	false,
					"sender":	true
				}],
			"sum":	{
				"start":	2.001058,
				"end":	3.001069,
				"seconds":	1.0000109672546387,
				"bytes":	19005440,
				"bits_per_second":	152041852.51828769,
				"retransmits":	9810,
				"omitted":	false,
				"sender":	true
			}
		}, {
			"streams":	[{
					"socket":	8,
					"start":	3.001069,
					"end":	4.001063,
					"seconds":	0.99999397993087769,
					"bytes":	0,
					"bits_per_second":	0,
					"retransmits":	10121,
					"snd_cwnd":	142583112,
					"snd_wnd":	37949440,
					"rtt":	253123,
					"rttvar":	22941,
					"pmtu":	1500,
					"omitted":	false,
					"sender":	true
				}],
			"sum":	{
				"start":	3.001069,
				"end":	4.001063,
				"seconds":	0.99999397993087769,
				"bytes":	0,
				"bits_per_second":	0,
				"retransmits":	10121,
				"omitted":	false,
				"sender":	true
			}
		}, {
			"streams":	[{
					"socket":	8,
					"start":	4.001063,
					"end":	5.001056,
					"seconds":	0.99999302625656128,
					"bytes":	22544384,
					"bits_per_second":	180356329.7587713,
					"retransmits":	11636,
					"snd_cwnd":	142047352,
					"snd_wnd":	38285312,
					"rtt":	158070,
					"rttvar":	13203,
					"pmtu":	1500,
					"omitted":	false,
					"sender":	true
				}],
			"sum":	{
				"start":	4.001063,
				"end":	5.001056,
				"seconds":	0.99999302625656128,
				"bytes":	22544384,
				"bits_per_second":	180356329.7587713,
				"retransmits":	11636,
				"omitted":	false,
				"sender":	true
			}
		}, {
			"streams":	[{
					"socket":	8,
					"start":	5.001056,
					"end":	6.004178,
					"seconds":	1.0031219720840454,
					"bytes":	4194304,
					"bits_per_second":	33450002.02745901,
					"retransmits":	18656,
					"snd_cwnd":	141556480,
					"snd_wnd":	36311040,
					"rtt":	235248,
					"rttvar":	12197,
					"pmtu":	1500,
					"omitted":	false,
					"sender":	true
				}],
			"sum":	{
				"start":	5.001056,
				"end":	6.004178,
				"seconds":	1.0031219720840454,
				"bytes":	4194304,
				"bits_per_second":	33450002.02745901,
				"retransmits":	18656,
				"omitted":	false,
				"sender":	true
			}
		}],
	"end":	{
		"streams":	[{
				"sender":	{
					"socket":	8,
					"start":	0,
					"end":	6.033871,
					"seconds":	6.033871,
					"bytes":	107479040,
					"bits_per_second":	142500945.08152395,
					"retransmits":	64144,
					"max_snd_cwnd":	144517640,
					"max_snd_wnd":	38342656,
					"max_rtt":	285039,
					"min_rtt":	155234,
					"mean_rtt":	216724,
					"sender":	true
				},
				"receiver":	{
					"socket":	8,
					"start":	0,
					"end":	6.11086,
					"seconds":	6.033871,
					"bytes":	92930048,
					"bits_per_second":	121658880.09216379,
					"sender":	true
				}
			}],
		"sum_sent":	{
			"start":	0,
			"end":	6.033871,
			"seconds":	6.033871,
			"bytes":	107479040,
			"bits_per_second":	142500945.08152395,
			"retransmits":	64144,
			"sender":	true
		},
		"sum_received":	{
			"start":	0,
			"end":	6.11086,
			"seconds":	6.11086,
			"bytes":	92930048,
			"bits_per_second":	121658880.09216379,
			"sender":	true
		},
		"cpu_utilization_percent":	{
			"host_total":	2.8169020772339972,
			"host_user":	0.47219288350417676,
			"host_system":	2.3447250216010871,
			"remote_total":	1.0774076105668715,
			"remote_user":	0.074686558644985523,
			"remote_system":	1.0027210519218861
		},
		"sender_tcp_congestion":	"prague",
		"receiver_tcp_congestion":	"prague"
	}
}
