{
	"start":	{
		"connected":	[{
				"socket":	8,
				"local_host":	"172.16.0.71",
				"local_port":	50544,
				"remote_host":	"172.17.0.71",
				"remote_port":	5201
			}],
		"version":	"iperf 3.16",
		"system_info":	"Linux h1 6.12.54-0b264c55b-l4steam-117 #1 SMP PREEMPT_DYNAMIC Fri Nov  7 18:07:57 UTC 2025 x86_64",
		"timestamp":	{
			"time":	"Sun, 22 Feb 2026 02:54:02 GMT",
			"timesecs":	1771728842
		},
		"connecting_to":	{
			"host":	"172.17.0.71",
			"port":	5201
		},
		"cookie":	"oshq5ee6c6yt4jlthzbu62mredph54mj5465",
		"tcp_mss_default":	1448,
		"target_bitrate":	0,
		"fq_rate":	0,
		"sock_bufsize":	0,
		"sndbuf_actual":	1000000,
		"rcvbuf_actual":	1000000,
		"test_start":	{
			"protocol":	"TCP",
			"num_streams":	1,
			"blksize":	131072,
			"omit":	0,
			"duration":	0,
			"bytes":	107374182,
			"blocks":	0,
			"reverse":	0,
			"tos":	0,
			"target_bitrate":	0,
			"bidir":	0,
			"fqrate":	0
		}
	},
	"intervals":	[{
			"streams":	[{
					"socket":	8,
					"start":	0,
					"end":	1.001059,
					"seconds":	1.0010590553283691,
					"bytes":	21495808,
					"bits_per_second":	171784534.6732229,
					"retransmits":	5573,
					"snd_cwnd":	144186048,
					"snd_wnd":	33189888,
					"rtt":	230507,
					"rttvar":	35334,
					"pmtu":	1500,
					"omitted":	false,
					"sender":	true
				}],
			"sum":	{
				"start":	0,
				"end":	1.001059,
				"seconds":	1.0010590553283691,
				"bytes":	21495808,
				"bits_per_second":	171784534.6732229,
				"retransmits":	5573,
				"omitted":	false,
				"sender":	true
			}
		}, {
			"streams":	[{
					"socket":	8,
					"start":	1.001059,
					"end":	2.001136,
					"seconds":	1.00007700920105,
					"bytes":	16908288,
					"bits_per_second":	135255888.05212381,
					"retransmits":	8073,
					"snd_cwnd":	143625672,
					"snd_wnd":	57950208,
					"rtt":	270210,
					"rttvar":	13904,
					"pmtu":	1500,
					"omitted":	false,
					"sender":	true
				}],
			"sum":	{
				"start":	1.001059,
				"end":	2.001136,
				"seconds":	1.00007700920105,
				"bytes":	16908288,
				"bits_per_second":	135255888.05212381,
				"retransmits":	8073,
				"omitted":	false,
				"sender":	true
			}
		}, {
			"streams":	[{
					"socket":	8,
					"start":	2.001136,
					"end":	3.001371,
					"seconds":	1.0002349615097046,
					"bytes":	16121856,
					"bits_per_second":	128944550.99363035,
					"retransmits":	3435,
					"snd_cwnd":	142668544,
					"snd_wnd":	74674176,
					"rtt":	242372,
					"rttvar":	6830,
					"pmtu":	1500,
					"omitted":	false,
					"sender":	true
				}],
			"sum":	{
				"start":	2.001136,
				"end":	3.001371,
				"seconds":	1.0002349615097046,
				"bytes":	16121856,
				"bits_per_second":	128944550.99363035,
				"retransmits":	3435,
				"omitted":	false,
				"sender":	true
			}
		}, {
			"streams":	[{
					"socket":	8,
					"start":	3.001371,
					"end":	4.001041,
					"seconds":	0.99967002868652344,
					"bytes":	14548992,
					"bits_per_second":	116430354.67706133,
					"retransmits":	13472,
					"snd_cwnd":	141909792,
					"snd_wnd":	74674176,
					"rtt":	147985,
					"rttvar":	4063,
					"pmtu":	1500,
					"omitted":	false,
					"sender":	true
				}],
			"sum":	{
				"start":	3.001371,
				"end":	4.001041,
				"seconds":	0.99967002868652344,
				"bytes":	14548992,
				"bits_per_second":	116430354.67706133,
				"retransmits":	13472,
				"omitted":	false,
				"sender":	true
			}
		}, {
			"streams":	[{
					"socket":	8,
					"start":	4.001041,
					"end":	5.001037,
					"seconds":	0.9999960064888,
					"bytes":	38404096,
					"bits_per_second":	307233994.9423998,
					"retransmits":	14017,
					"snd_cwnd":	141171312,
					"snd_wnd":	74674176,
					"rtt":	354102,
					"rttvar":	2329,
					"pmtu":	1500,
					"omitted":	false,
					"sender":	true
				}],
			"sum":	{
				"start":	4.001041,
				"end":	5.001037,
				"seconds":	0.9999960064888,
				"bytes":	38404096,
				"bits_per_second":	307233994.9423998,
				"retransmits":	14017,
				"omitted":	false,
				"sender":	true
			}
		}],
	"end":	{
		"streams":	[{
				"sender":	{
					"socket":	8,
					"start":	0,
					"end":	5.001523,
					"seconds":	5.001523,
					"bytes":	107479040,
					"bits_per_second":	171914098.96545514,
					"retransmits":	45084,
					"max_snd_cwnd":	144186048,
					"max_snd_wnd":	74674176,
					"max_rtt":	354102,
					"min_rtt":	147985,
					"mean_rtt":	266546,
					"sender":	true
				},
				"receiver":	{
					"socket":	8,
					"start":	0,
					"end":	5.088348,
					"seconds":	5.001523,
					"bytes":	62783488,
					"bits_per_second":	98709424.74846454,
					"sender":	true
				}
			}],
		"sum_sent":	{
			"start":	0,
			"end":	5.001523,
			"seconds":	5.001523,
			"bytes":	107479040,
			"bits_per_second":	171914098.96545514,
			"retransmits":	45084,
			"sender":	true
		},
		"sum_received":	{
			"start":	0,
			"end":	5.088348,
			"seconds":	5.088348,
			"bytes":	62783488,
			"bits_per_second":	98709424.74846454,
			"sender":	true
		},
		"cpu_utilization_percent":	{
			"host_total":	10.85251242410023,
			"host_user":	6.17933335487648,
			"host_system":	4.6731790692237469,
			"remote_total":	0.93139754833321053,
			"remote_user":	0,
			"remote_system":	0.93141720097280556
		},
		"sender_tcp_congestion":	"prague",
		"receiver_tcp_congestion":	"prague"
	}
}
