{
	"start":	{
		"connected":	[{
				"socket":	8,
				"local_host":	"172.16.0.122",
				"local_port":	58050,
				"remote_host":	"172.17.0.122",
				"remote_port":	5201
			}],
		"version":	"iperf 3.16",
		"system_info":	"Linux h1 6.12.54-0b264c55b-l4steam-117 #1 SMP PREEMPT_DYNAMIC Fri Nov  7 18:07:57 UTC 2025 x86_64",
		"timestamp":	{
			"time":	"Sun, 22 Feb 2026 01:56:52 GMT",
			"timesecs":	1771725412
		},
		"connecting_to":	{
			"host":	"172.17.0.122",
			"port":	5201
		},
		"cookie":	"pjppulgfvmyws73jst6d7m44sz3fezonpiik",
		"tcp_mss_default":	1448,
		"target_bitrate":	0,
		"fq_rate":	0,
		"sock_bufsize":	0,
		"sndbuf_actual":	1000000,
		"rcvbuf_actual":	1000000,
		"test_start":	{
			"protocol":	"TCP",
			"num_streams":	1,
			"blksize":	131072,
			"omit":	0,
			"duration":	0,
			"bytes":	107374182,
			"blocks":	0,
			"reverse":	0,
			"tos":	0,
			"target_bitrate":	0,
			"bidir":	0,
			"fqrate":	0
		}
	},
	"intervals":	[{
			"streams":	[{
					"socket":	8,
					"start":	0,
					"end":	1.001055,
					"seconds":	1.0010550022125244,
					"bytes":	16121856,
					"bits_per_second":	128838922.65154336,
					"retransmits":	107,
					"snd_cwnd":	144810136,
					"snd_wnd":	3715072,
					"rtt":	273069,
					"rttvar":	427,
					"pmtu":	1500,
					"omitted":	false,
					"sender":	true
				}],
			"sum":	{
				"start":	0,
				"end":	1.001055,
				"seconds":	1.0010550022125244,
				"bytes":	16121856,
				"bits_per_second":	128838922.65154336,
				"retransmits":	107,
				"omitted":	false,
				"sender":	true
			}
		}, {
			"streams":	[{
					"socket":	8,
					"start":	1.001055,
					"end":	2.001034,
					"seconds":	0.999979019165039,
					"bytes":	0,
					"bits_per_second":	0,
					"retransmits":	2376,
					"snd_cwnd":	9244032,
					"snd_wnd":	27279360,
					"rtt":	270335,
					"rttvar":	271,
					"pmtu":	1500,
					"omitted":	false,
					"sender":	true
				}],
			"sum":	{
				"start":	1.001055,
				"end":	2.001034,
				"seconds":	0.999979019165039,
				"bytes":	0,
				"bits_per_second":	0,
				"retransmits":	2376,
				"omitted":	false,
				"sender":	true
			}
		}, {
			"streams":	[{
					"socket":	8,
					"start":	2.001034,
					"end":	3.001046,
					"seconds":	1.0000120401382446,
					"bytes":	11010048,
					"bits_per_second":	88079323.5127684,
					"retransmits":	1009,
					"snd_cwnd":	4779848,
					"snd_wnd":	40058880,
					"rtt":	252915,
					"rttvar":	206,
					"pmtu":	1500,
					"omitted":	false,
					"sender":	true
				}],
			"sum":	{
				"start":	2.001034,
				"end":	3.001046,
				"seconds":	1.0000120401382446,
				"bytes":	11010048,
				"bits_per_second":	88079323.5127684,
				"retransmits":	1009,
				"omitted":	false,
				"sender":	true
			}
		}, {
			"streams":	[{
					"socket":	8,
					"start":	3.001046,
					"end":	4.000838,
					"seconds":	0.999791979789734,
					"bytes":	22020096,
					"bits_per_second":	176197420.62448665,
					"retransmits":	738,
					"snd_cwnd":	15224272,
					"snd_wnd":	64532480,
					"rtt":	225841,
					"rttvar":	833,
					"pmtu":	1500,
					"omitted":	false,
					"sender":	true
				}],
			"sum":	{
				"start":	3.001046,
				"end":	4.000838,
				"seconds":	0.999791979789734,
				"bytes":	22020096,
				"bits_per_second":	176197420.62448665,
				"retransmits":	738,
				"omitted":	false,
				"sender":	true
			}
		}, {
			"streams":	[{
					"socket":	8,
					"start":	4.000838,
					"end":	5.00096,
					"seconds":	1.0001219511032104,
					"bytes":	13893632,
					"bits_per_second":	111135502.90281515,
					"retransmits":	779,
					"snd_cwnd":	14957840,
					"snd_wnd":	61681664,
					"rtt":	241174,
					"rttvar":	2430,
					"pmtu":	1500,
					"omitted":	false,
					"sender":	true
				}],
			"sum":	{
				"start":	4.000838,
				"end":	5.00096,
				"seconds":	1.0001219511032104,
				"bytes":	13893632,
				"bits_per_second":	111135502.90281515,
				"retransmits":	779,
				"omitted":	false,
				"sender":	true
			}
		}, {
			"streams":	[{
					"socket":	8,
					"start":	5.00096,
					"end":	6.001044,
					"seconds":	1.0000840425491333,
					"bytes":	44433408,
					"bits_per_second":	355437392.13550764,
					"retransmits":	722,
					"snd_cwnd":	7613584,
					"snd_wnd":	94527488,
					"rtt":	266285,
					"rttvar":	122,
					"pmtu":	1500,
					"omitted":	false,
					"sender":	true
				}],
			"sum":	{
				"start":	5.00096,
				"end":	6.001044,
				"seconds":	1.0000840425491333,
				"bytes":	44433408,
				"bits_per_second":	355437392.13550764,
				"retransmits":	722,
				"omitted":	false,
				"sender":	true
			}
		}],
	"end":	{
		"streams":	[{
				"sender":	{
					"socket":	8,
					"start":	0,
					"end":	6.001214,
					"seconds":	6.001214,
					"bytes":	107479040,
					"bits_per_second":	143276397.07565835,
					"retransmits":	5731,
					"max_snd_cwnd":	144810136,
					"max_snd_wnd":	94527488,
					"max_rtt":	273069,
					"min_rtt":	225841,
					"mean_rtt":	256557,
					"sender":	true
				},
				"receiver":	{
					"socket":	8,
					"start":	0,
					"end":	6.222162,
					"seconds":	6.001214,
					"bytes":	69599232,
					"bits_per_second":	89485592.949846044,
					"sender":	true
				}
			}],
		"sum_sent":	{
			"start":	0,
			"end":	6.001214,
			"seconds":	6.001214,
			"bytes":	107479040,
			"bits_per_second":	143276397.07565835,
			"retransmits":	5731,
			"sender":	true
		},
		"sum_received":	{
			"start":	0,
			"end":	6.222162,
			"seconds":	6.222162,
			"bytes":	69599232,
			"bits_per_second":	89485592.949846044,
			"sender":	true
		},
		"cpu_utilization_percent":	{
			"host_total":	6.7105941223926964,
			"host_user":	2.35796611615187,
			"host_system":	4.3525995742306476,
			"remote_total":	0.94926521745349424,
			"remote_user":	0.01100900150606355,
			"remote_system":	0.938272287482476
		},
		"sender_tcp_congestion":	"bbr",
		"receiver_tcp_congestion":	"bbr"
	}
}
