{
	"start":	{
		"connected":	[{
				"socket":	8,
				"local_host":	"172.16.0.27",
				"local_port":	44792,
				"remote_host":	"172.17.0.27",
				"remote_port":	5201
			}],
		"version":	"iperf 3.16",
		"system_info":	"Linux h1 6.12.54-0b264c55b-l4steam-117 #1 SMP PREEMPT_DYNAMIC Fri Nov  7 18:07:57 UTC 2025 x86_64",
		"timestamp":	{
			"time":	"Sun, 22 Feb 2026 01:56:51 GMT",
			"timesecs":	1771725411
		},
		"connecting_to":	{
			"host":	"172.17.0.27",
			"port":	5201
		},
		"cookie":	"itgl2kntna65xjqy6arw635y4nzrzjox24g7",
		"tcp_mss_default":	1448,
		"target_bitrate":	0,
		"fq_rate":	0,
		"sock_bufsize":	0,
		"sndbuf_actual":	1000000,
		"rcvbuf_actual":	1000000,
		"test_start":	{
			"protocol":	"TCP",
			"num_streams":	1,
			"blksize":	131072,
			"omit":	0,
			"duration":	0,
			"bytes":	107374182,
			"blocks":	0,
			"reverse":	0,
			"tos":	0,
			"target_bitrate":	0,
			"bidir":	0,
			"fqrate":	0
		}
	},
	"intervals":	[{
			"streams":	[{
					"socket":	8,
					"start":	0,
					"end":	1.001046,
					"seconds":	1.0010459423065186,
					"bytes":	47710208,
					"bits_per_second":	381282864.12166458,
					"retransmits":	246,
					"snd_cwnd":	144801448,
					"snd_wnd":	7077888,
					"rtt":	275464,
					"rttvar":	1289,
					"pmtu":	1500,
					"omitted":	false,
					"sender":	true
				}],
			"sum":	{
				"start":	0,
				"end":	1.001046,
				"seconds":	1.0010459423065186,
				"bytes":	47710208,
				"bits_per_second":	381282864.12166458,
				"retransmits":	246,
				"omitted":	false,
				"sender":	true
			}
		}, {
			"streams":	[{
					"socket":	8,
					"start":	1.001046,
					"end":	2.001067,
					"seconds":	1.0000209808349609,
					"bytes":	0,
					"bits_per_second":	0,
					"retransmits":	3348,
					"snd_cwnd":	2726584,
					"snd_wnd":	21114880,
					"rtt":	264301,
					"rttvar":	13165,
					"pmtu":	1500,
					"omitted":	false,
					"sender":	true
				}],
			"sum":	{
				"start":	1.001046,
				"end":	2.001067,
				"seconds":	1.0000209808349609,
				"bytes":	0,
				"bits_per_second":	0,
				"retransmits":	3348,
				"omitted":	false,
				"sender":	true
			}
		}, {
			"streams":	[{
					"socket":	8,
					"start":	2.001067,
					"end":	3.001044,
					"seconds":	0.9999769926071167,
					"bytes":	0,
					"bits_per_second":	0,
					"retransmits":	142,
					"snd_cwnd":	1476960,
					"snd_wnd":	33910784,
					"rtt":	268516,
					"rttvar":	120,
					"pmtu":	1500,
					"omitted":	false,
					"sender":	true
				}],
			"sum":	{
				"start":	2.001067,
				"end":	3.001044,
				"seconds":	0.9999769926071167,
				"bytes":	0,
				"bits_per_second":	0,
				"retransmits":	142,
				"omitted":	false,
				"sender":	true
			}
		}, {
			"streams":	[{
					"socket":	8,
					"start":	3.001044,
					"end":	4.001042,
					"seconds":	0.99999797344207764,
					"bytes":	0,
					"bits_per_second":	0,
					"retransmits":	109,
					"snd_cwnd":	1476960,
					"snd_wnd":	39399424,
					"rtt":	270840,
					"rttvar":	1121,
					"pmtu":	1500,
					"omitted":	false,
					"sender":	true
				}],
			"sum":	{
				"start":	3.001044,
				"end":	4.001042,
				"seconds":	0.99999797344207764,
				"bytes":	0,
				"bits_per_second":	0,
				"retransmits":	109,
				"omitted":	false,
				"sender":	true
			}
		}, {
			"streams":	[{
					"socket":	8,
					"start":	4.001042,
					"end":	5.000801,
					"seconds":	0.999759018421173,
					"bytes":	0,
					"bits_per_second":	0,
					"retransmits":	177,
					"snd_cwnd":	970160,
					"snd_wnd":	39526400,
					"rtt":	270246,
					"rttvar":	842,
					"pmtu":	1500,
					"omitted":	false,
					"sender":	true
				}],
			"sum":	{
				"start":	4.001042,
				"end":	5.000801,
				"seconds":	0.999759018421173,
				"bytes":	0,
				"bits_per_second":	0,
				"retransmits":	177,
				"omitted":	false,
				"sender":	true
			}
		}, {
			"streams":	[{
					"socket":	8,
					"start":	5.000801,
					"end":	6.00106,
					"seconds":	1.0002590417861938,
					"bytes":	0,
					"bits_per_second":	0,
					"retransmits":	129,
					"snd_cwnd":	844184,
					"snd_wnd":	40267776,
					"rtt":	250176,
					"rttvar":	3240,
					"pmtu":	1500,
					"omitted":	false,
					"sender":	true
				}],
			"sum":	{
				"start":	5.000801,
				"end":	6.00106,
				"seconds":	1.0002590417861938,
				"bytes":	0,
				"bits_per_second":	0,
				"retransmits":	129,
				"omitted":	false,
				"sender":	true
			}
		}, {
			"streams":	[{
					"socket":	8,
					"start":	6.00106,
					"end":	7.001073,
					"seconds":	1.000012993812561,
					"bytes":	131072,
					"bits_per_second":	1048562.3751770384,
					"retransmits":	93,
					"snd_cwnd":	842736,
					"snd_wnd":	40263680,
					"rtt":	214219,
					"rttvar":	3013,
					"pmtu":	1500,
					"omitted":	false,
					"sender":	true
				}],
			"sum":	{
				"start":	6.00106,
				"end":	7.001073,
				"seconds":	1.000012993812561,
				"bytes":	131072,
				"bits_per_second":	1048562.3751770384,
				"retransmits":	93,
				"omitted":	false,
				"sender":	true
			}
		}, {
			"streams":	[{
					"socket":	8,
					"start":	7.001073,
					"end":	8.004786,
					"seconds":	1.0037130117416382,
					"bytes":	0,
					"bits_per_second":	0,
					"retransmits":	12,
					"snd_cwnd":	978848,
					"snd_wnd":	40267776,
					"rtt":	199443,
					"rttvar":	3738,
					"pmtu":	1500,
					"omitted":	false,
					"sender":	true
				}],
			"sum":	{
				"start":	7.001073,
				"end":	8.004786,
				"seconds":	1.0037130117416382,
				"bytes":	0,
				"bits_per_second":	0,
				"retransmits":	12,
				"omitted":	false,
				"sender":	true
			}
		}, {
			"streams":	[{
					"socket":	8,
					"start":	8.004786,
					"end":	9.001062,
					"seconds":	0.996276021003723,
					"bytes":	6684672,
					"bits_per_second":	53677269.022416987,
					"retransmits":	0,
					"snd_cwnd":	1407456,
					"snd_wnd":	40267776,
					"rtt":	64608,
					"rttvar":	89,
					"pmtu":	1500,
					"omitted":	false,
					"sender":	true
				}],
			"sum":	{
				"start":	8.004786,
				"end":	9.001062,
				"seconds":	0.996276021003723,
				"bytes":	6684672,
				"bits_per_second":	53677269.022416987,
				"retransmits":	0,
				"omitted":	false,
				"sender":	true
			}
		}, {
			"streams":	[{
					"socket":	8,
					"start":	9.001062,
					"end":	10.001879,
					"seconds":	1.0008169412612915,
					"bytes":	8388608,
					"bits_per_second":	67054084.751428418,
					"retransmits":	0,
					"snd_cwnd":	1398768,
					"snd_wnd":	40267776,
					"rtt":	64716,
					"rttvar":	130,
					"pmtu":	1500,
					"omitted":	false,
					"sender":	true
				}],
			"sum":	{
				"start":	9.001062,
				"end":	10.001879,
				"seconds":	1.0008169412612915,
				"bytes":	8388608,
				"bits_per_second":	67054084.751428418,
				"retransmits":	0,
				"omitted":	false,
				"sender":	true
			}
		}, {
			"streams":	[{
					"socket":	8,
					"start":	10.001879,
					"end":	11.000706,
					"seconds":	0.99882698059082031,
					"bytes":	26083328,
					"bits_per_second":	208911681.45715362,
					"retransmits":	0,
					"snd_cwnd":	3492576,
					"snd_wnd":	40267776,
					"rtt":	64579,
					"rttvar":	54,
					"pmtu":	1500,
					"omitted":	false,
					"sender":	true
				}],
			"sum":	{
				"start":	10.001879,
				"end":	11.000706,
				"seconds":	0.99882698059082031,
				"bytes":	26083328,
				"bits_per_second":	208911681.45715362,
				"retransmits":	0,
				"omitted":	false,
				"sender":	true
			}
		}, {
			"streams":	[{
					"socket":	8,
					"start":	11.000706,
					"end":	12.000775,
					"seconds":	1.00006902217865,
					"bytes":	18481152,
					"bits_per_second":	147839011.82931408,
					"retransmits":	0,
					"snd_cwnd":	15681840,
					"snd_wnd":	40267776,
					"rtt":	64696,
					"rttvar":	60,
					"pmtu":	1500,
					"omitted":	false,
					"sender":	true
				}],
			"sum":	{
				"start":	11.000706,
				"end":	12.000775,
				"seconds":	1.00006902217865,
				"bytes":	18481152,
				"bits_per_second":	147839011.82931408,
				"retransmits":	0,
				"omitted":	false,
				"sender":	true
			}
		}],
	"end":	{
		"streams":	[{
				"sender":	{
					"socket":	8,
					"start":	0,
					"end":	12.001301,