{
	"start":	{
		"connected":	[{
				"socket":	8,
				"local_host":	"172.16.0.38",
				"local_port":	52538,
				"remote_host":	"172.17.0.38",
				"remote_port":	5201
			}],
		"version":	"iperf 3.16",
		"system_info":	"Linux h1 6.12.54-0b264c55b-l4steam-117 #1 SMP PREEMPT_DYNAMIC Fri Nov  7 18:07:57 UTC 2025 x86_64",
		"timestamp":	{
			"time":	"Sun, 22 Feb 2026 01:56:51 GMT",
			"timesecs":	1771725411
		},
		"connecting_to":	{
			"host":	"172.17.0.38",
			"port":	5201
		},
		"cookie":	"goeexqlxy7t44wpz3ls5dxopjhe45xq7qdfy",
		"tcp_mss_default":	1448,
		"target_bitrate":	0,
		"fq_rate":	0,
		"sock_bufsize":	0,
		"sndbuf_actual":	1000000,
		"rcvbuf_actual":	1000000,
		"test_start":	{
			"protocol":	"TCP",
			"num_streams":	1,
			"blksize":	131072,
			"omit":	0,
			"duration":	0,
			"bytes":	107374182,
			"blocks":	0,
			"reverse":	0,
			"tos":	0,
			"target_bitrate":	0,
			"bidir":	0,
			"fqrate":	0
		}
	},
	"intervals":	[{
			"streams":	[{
					"socket":	8,
					"start":	0,
					"end":	1.000784,
					"seconds":	1.0007840394973755,
					"bytes":	58327040,
					"bits_per_second":	466250760.98770428,
					"retransmits":	95,
					"snd_cwnd":	5792,
					"snd_wnd":	724992,
					"rtt":	139157,
					"rttvar":	60570,
					"pmtu":	1500,
					"omitted":	false,
					"sender":	true
				}],
			"sum":	{
				"start":	0,
				"end":	1.000784,
				"seconds":	1.0007840394973755,
				"bytes":	58327040,
				"bits_per_second":	466250760.98770428,
				"retransmits":	95,
				"omitted":	false,
				"sender":	true
			}
		}, {
			"streams":	[{
					"socket":	8,
					"start":	1.000784,
					"end":	2.001064,
					"seconds":	1.0002800226211548,
					"bytes":	0,
					"bits_per_second":	0,
					"retransmits":	85,
					"snd_cwnd":	92672,
					"snd_wnd":	901120,
					"rtt":	239719,
					"rttvar":	19922,
					"pmtu":	1500,
					"omitted":	false,
					"sender":	true
				}],
			"sum":	{
				"start":	1.000784,
				"end":	2.001064,
				"seconds":	1.0002800226211548,
				"bytes":	0,
				"bits_per_second":	0,
				"retransmits":	85,
				"omitted":	false,
				"sender":	true
			}
		}, {
			"streams":	[{
					"socket":	8,
					"start":	2.001064,
					"end":	3.00108,
					"seconds":	1.0000159740448,
					"bytes":	0,
					"bits_per_second":	0,
					"retransmits":	11,
					"snd_cwnd":	159280,
					"snd_wnd":	3506176,
					"rtt":	286420,
					"rttvar":	4419,
					"pmtu":	1500,
					"omitted":	false,
					"sender":	true
				}],
			"sum":	{
				"start":	2.001064,
				"end":	3.00108,
				"seconds":	1.0000159740448,
				"bytes":	0,
				"bits_per_second":	0,
				"retransmits":	11,
				"omitted":	false,
				"sender":	true
			}
		}, {
			"streams":	[{
					"socket":	8,
					"start":	3.00108,
					"end":	4.001083,
					"seconds":	1.0000029802322388,
					"bytes":	0,
					"bits_per_second":	0,
					"retransmits":	36,
					"snd_cwnd":	619744,
					"snd_wnd":	5767168,
					"rtt":	270946,
					"rttvar":	3033,
					"pmtu":	1500,
					"omitted":	false,
					"sender":	true
				}],
			"sum":	{
				"start":	3.00108,
				"end":	4.001083,
				"seconds":	1.0000029802322388,
				"bytes":	0,
				"bits_per_second":	0,
				"retransmits":	36,
				"omitted":	false,
				"sender":	true
			}
		}, {
			"streams":	[{
					"socket":	8,
					"start":	4.001083,
					"end":	5.001053,
					"seconds":	0.999970018863678,
					"bytes":	0,
					"bits_per_second":	0,
					"retransmits":	37,
					"snd_cwnd":	619744,
					"snd_wnd":	10121216,
					"rtt":	270265,
					"rttvar":	568,
					"pmtu":	1500,
					"omitted":	false,
					"sender":	true
				}],
			"sum":	{
				"start":	4.001083,
				"end":	5.001053,
				"seconds":	0.999970018863678,
				"bytes":	0,
				"bits_per_second":	0,
				"retransmits":	37,
				"omitted":	false,
				"sender":	true
			}
		}, {
			"streams":	[{
					"socket":	8,
					"start":	5.001053,
					"end":	6.001057,
					"seconds":	1.0000040531158447,
					"bytes":	0,
					"bits_per_second":	0,
					"retransmits":	42,
					"snd_cwnd":	367792,
					"snd_wnd":	13897728,
					"rtt":	256786,
					"rttvar":	2451,
					"pmtu":	1500,
					"omitted":	false,
					"sender":	true
				}],
			"sum":	{
				"start":	5.001053,
				"end":	6.001057,
				"seconds":	1.0000040531158447,
				"bytes":	0,
				"bits_per_second":	0,
				"retransmits":	42,
				"omitted":	false,
				"sender":	true
			}
		}, {
			"streams":	[{
					"socket":	8,
					"start":	6.001057,
					"end":	7.001068,
					"seconds":	1.0000109672546387,
					"bytes":	0,
					"bits_per_second":	0,
					"retransmits":	46,
					"snd_cwnd":	338832,
					"snd_wnd":	16695296,
					"rtt":	217712,
					"rttvar":	4015,
					"pmtu":	1500,
					"omitted":	false,
					"sender":	true
				}],
			"sum":	{
				"start":	6.001057,
				"end":	7.001068,
				"seconds":	1.0000109672546387,
				"bytes":	0,
				"bits_per_second":	0,
				"retransmits":	46,
				"omitted":	false,
				"sender":	true
			}
		}, {
			"streams":	[{
					"socket":	8,
					"start":	7.001068,
					"end":	8.007737,
					"seconds":	1.0066690444946289,
					"bytes":	0,
					"bits_per_second":	0,
					"retransmits":	2,
					"snd_cwnd":	327248,
					"snd_wnd":	19521536,
					"rtt":	167767,
					"rttvar":	3826,
					"pmtu":	1500,
					"omitted":	false,
					"sender":	true
				}],
			"sum":	{
				"start":	7.001068,
				"end":	8.007737,
				"seconds":	1.0066690444946289,
				"bytes":	0,
				"bits_per_second":	0,
				"retransmits":	2,
				"omitted":	false,
				"sender":	true
			}
		}, {
			"streams":	[{
					"socket":	8,
					"start":	8.007737,
					"end":	9.001054,
					"seconds":	0.99331700801849365,
					"bytes":	0,
					"bits_per_second":	0,
					"retransmits":	0,
					"snd_cwnd":	648704,
					"snd_wnd":	24682496,
					"rtt":	60906,
					"rttvar":	55,
					"pmtu":	1500,
					"omitted":	false,
					"sender":	true
				}],
			"sum":	{
				"start":	8.007737,
				"end":	9.001054,
				"seconds":	0.99331700801849365,
				"bytes":	0,
				"bits_per_second":	0,
				"retransmits":	0,
				"omitted":	false,
				"sender":	true
			}
		}, {
			"streams":	[{
					"socket":	8,
					"start":	9.001054,
					"end":	10.001081,
					"seconds":	1.0000269412994385,
					"bytes":	15073280,
					"bits_per_second":	120582991.33752319,
					"retransmits":	0,
					"snd_cwnd":	5351808,
					"snd_wnd":	28807168,
					"rtt":	61072,
					"rttvar":	81,
					"pmtu":	1500,
					"omitted":	false,
					"sender":	true
				}],
			"sum":	{
				"start":	9.001054,
				"end":	10.001081,
				"seconds":	1.0000269412994385,
				"bytes":	15073280,
				"bits_per_second":	120582991.33752319,
				"retransmits":	0,
				"omitted":	false,
				"sender":	true
			}
		}, {
			"streams":	[{
					"socket":	8,
					"start":	10.001081,
					"end":	11.000501,
					"seconds":	0.99941998720169067,
					"bytes":	34078720,
					"bits_per_second":	272787980.51992649,
					"retransmits":	0,
					"snd_cwnd":	24543600,
					"snd_wnd":	29466624,
					"rtt":	61651,
					"rttvar":	122,
					"pmtu":	1500,
					"omitted":	false,
					"sender":	true
				}],
			"sum":	{
				"start":	10.001081,
				"end":	11.000501,
				"seconds":	0.99941998720169067,
				"bytes":	34078720,
				"bits_per_second":	272787980.51992649,
				"retransmits":	0,
				"omitted":	false,
				"sender":	true
			}
		}],
	"end":	{
		"streams":	[{
				"sender":	{
					"socket":	8,
					"start":	0,
					"end":	11.000766,
					"seconds":	11.000766,
					"bytes":	107479040,
					"bits_per_second":	78161131.688466057,
					"retransmits":	354,
					"max_snd_cwnd":	24543600,
					"max_snd_wnd":	29466624,
					"max_rtt":	286420,
					"min_rtt":	60906,
					"mean_rtt":	174504,
					"sender":	true
				},
				"receiver":	{
					"socket":	8,
					"start":	0,
					"end":	11.072323,
					"seconds":	11.000766,
					"bytes":	107479040,
					"bits_per_second":	77656000.4616917,
					"sender":	true
				}
			}],
		"sum_sent":	{
			"start":	0,
			"end":	11.000766,
			"seconds":	11.000766,
			"bytes":	107479040,
			"bits_per_second":	78161131.688466057,
			"retransmits":	354,
			"sender":	true
		},
		"sum_received":	{
			"start":	0,
			"end":	11.072323,