{
	"start":	{
		"connected":	[{
				"socket":	8,
				"local_host":	"172.16.0.74",
				"local_port":	60866,
				"remote_host":	"172.17.0.74",
				"remote_port":	5201
			}],
		"version":	"iperf 3.16",
		"system_info":	"Linux h1 6.12.54-0b264c55b-l4steam-117 #1 SMP PREEMPT_DYNAMIC Fri Nov  7 18:07:57 UTC 2025 x86_64",
		"timestamp":	{
			"time":	"Sun, 22 Feb 2026 01:56:51 GMT",
			"timesecs":	1771725411
		},
		"connecting_to":	{
			"host":	"172.17.0.74",
			"port":	5201
		},
		"cookie":	"a4k6x3fztze5tt3snyu6ewqmzwi6fpd6uu5l",
		"tcp_mss_default":	1448,
		"target_bitrate":	0,
		"fq_rate":	0,
		"sock_bufsize":	0,
		"sndbuf_actual":	1000000,
		"rcvbuf_actual":	1000000,
		"test_start":	{
			"protocol":	"TCP",
			"num_streams":	1,
			"blksize":	131072,
			"omit":	0,
			"duration":	0,
			"bytes":	107374182,
			"blocks":	0,
			"reverse":	0,
			"tos":	0,
			"target_bitrate":	0,
			"bidir":	0,
			"fqrate":	0
		}
	},
	"intervals":	[{
			"streams":	[{
					"socket":	8,
					"start":	0,
					"end":	1.001047,
					"seconds":	1.0010470151901245,
					"bytes":	56885248,
					"bits_per_second":	454606004.607654,
					"retransmits":	2240,
					"snd_cwnd":	3030664,
					"snd_wnd":	15425536,
					"rtt":	265429,
					"rttvar":	407,
					"pmtu":	1500,
					"omitted":	false,
					"sender":	true
				}],
			"sum":	{
				"start":	0,
				"end":	1.001047,
				"seconds":	1.0010470151901245,
				"bytes":	56885248,
				"bits_per_second":	454606004.607654,
				"retransmits":	2240,
				"omitted":	false,
				"sender":	true
			}
		}, {
			"streams":	[{
					"socket":	8,
					"start":	1.001047,
					"end":	2.001041,
					"seconds":	0.99999397993087769,
					"bytes":	0,
					"bits_per_second":	0,
					"retransmits":	1225,
					"snd_cwnd":	14934672,
					"snd_wnd":	76423168,
					"rtt":	258609,
					"rttvar":	1114,
					"pmtu":	1500,
					"omitted":	false,
					"sender":	true
				}],
			"sum":	{
				"start":	1.001047,
				"end":	2.001041,
				"seconds":	0.99999397993087769,
				"bytes":	0,
				"bits_per_second":	0,
				"retransmits":	1225,
				"omitted":	false,
				"sender":	true
			}
		}, {
			"streams":	[{
					"socket":	8,
					"start":	2.001041,
					"end":	3.001041,
					"seconds":	1,
					"bytes":	5373952,
					"bits_per_second":	42991616,
					"retransmits":	2218,
					"snd_cwnd":	2691832,
					"snd_wnd":	105312256,
					"rtt":	284643,
					"rttvar":	1549,
					"pmtu":	1500,
					"omitted":	false,
					"sender":	true
				}],
			"sum":	{
				"start":	2.001041,
				"end":	3.001041,
				"seconds":	1,
				"bytes":	5373952,
				"bits_per_second":	42991616,
				"retransmits":	2218,
				"omitted":	false,
				"sender":	true
			}
		}, {
			"streams":	[{
					"socket":	8,
					"start":	3.001041,
					"end":	4.001041,
					"seconds":	1,
					"bytes":	45219840,
					"bits_per_second":	361758720,
					"retransmits":	1864,
					"snd_cwnd":	11042448,
					"snd_wnd":	123355136,
					"rtt":	262419,
					"rttvar":	394,
					"pmtu":	1500,
					"omitted":	false,
					"sender":	true
				}],
			"sum":	{
				"start":	3.001041,
				"end":	4.001041,
				"seconds":	1,
				"bytes":	45219840,
				"bits_per_second":	361758720,
				"retransmits":	1864,
				"omitted":	false,
				"sender":	true
			}
		}],
	"end":	{
		"streams":	[{
				"sender":	{
					"socket":	8,
					"start":	0,
					"end":	4.001234,
					"seconds":	4.001234,
					"bytes":	107479040,
					"bits_per_second":	214891785.88405475,
					"retransmits":	7547,
					"max_snd_cwnd":	14934672,
					"max_snd_wnd":	123355136,
					"max_rtt":	284643,
					"min_rtt":	258609,
					"mean_rtt":	266703,
					"sender":	true
				},
				"receiver":	{
					"socket":	8,
					"start":	0,
					"end":	4.270776,
					"seconds":	4.001234,
					"bytes":	65011712,
					"bits_per_second":	121779670.95441204,
					"sender":	true
				}
			}],
		"sum_sent":	{
			"start":	0,
			"end":	4.001234,
			"seconds":	4.001234,
			"bytes":	107479040,
			"bits_per_second":	214891785.88405475,
			"retransmits":	7547,
			"sender":	true
		},
		"sum_received":	{
			"start":	0,
			"end":	4.270776,
			"seconds":	4.270776,
			"bytes":	65011712,
			"bits_per_second":	121779670.95441204,
			"sender":	true
		},
		"cpu_utilization_percent":	{
			"host_total":	8.5817463676117942,
			"host_user":	6.2625899280575537,
			"host_system":	2.3191329289509568,
			"remote_total":	0.783976918550647,
			"remote_user":	0,
			"remote_system":	0.78400033342785147
		},
		"sender_tcp_congestion":	"bbr",
		"receiver_tcp_congestion":	"bbr"
	}
}
