{
	"start":	{
		"connected":	[{
				"socket":	8,
				"local_host":	"172.16.0.125",
				"local_port":	40178,
				"remote_host":	"172.17.0.125",
				"remote_port":	5201
			}],
		"version":	"iperf 3.16",
		"system_info":	"Linux h1 6.12.54-0b264c55b-l4steam-117 #1 SMP PREEMPT_DYNAMIC Fri Nov  7 18:07:57 UTC 2025 x86_64",
		"timestamp":	{
			"time":	"Sun, 22 Feb 2026 02:34:39 GMT",
			"timesecs":	1771727679
		},
		"connecting_to":	{
			"host":	"172.17.0.125",
			"port":	5201
		},
		"cookie":	"zqtrz5e6vabaz3xowm4ai5eqeh6fa7lzyadb",
		"tcp_mss_default":	1448,
		"target_bitrate":	0,
		"fq_rate":	0,
		"sock_bufsize":	0,
		"sndbuf_actual":	1000000,
		"rcvbuf_actual":	1000000,
		"test_start":	{
			"protocol":	"TCP",
			"num_streams":	1,
			"blksize":	131072,
			"omit":	0,
			"duration":	0,
			"bytes":	107374182,
			"blocks":	0,
			"reverse":	0,
			"tos":	0,
			"target_bitrate":	0,
			"bidir":	0,
			"fqrate":	0
		}
	},
	"intervals":	[{
			"streams":	[{
					"socket":	8,
					"start":	0,
					"end":	1.000909,
					"seconds":	1.0009089708328247,
					"bytes":	107479040,
					"bits_per_second":	859051467.272354,
					"retransmits":	3644,
					"snd_cwnd":	3036456,
					"snd_wnd":	22732800,
					"rtt":	126935,
					"rttvar":	1880,
					"pmtu":	1500,
					"omitted":	false,
					"sender":	true
				}],
			"sum":	{
				"start":	0,
				"end":	1.000909,
				"seconds":	1.0009089708328247,
				"bytes":	107479040,
				"bits_per_second":	859051467.272354,
				"retransmits":	3644,
				"omitted":	false,
				"sender":	true
			}
		}],
	"end":	{
		"streams":	[{
				"sender":	{
					"socket":	8,
					"start":	0,
					"end":	1.001227,
					"seconds":	1.001227,
					"bytes":	107479040,
					"bits_per_second":	858778598.65944481,
					"retransmits":	3644,
					"max_snd_cwnd":	3036456,
					"max_snd_wnd":	22732800,
					"max_rtt":	126935,
					"min_rtt":	126935,
					"mean_rtt":	126935,
					"sender":	true
				},
				"receiver":	{
					"socket":	8,
					"start":	0,
					"end":	1.099512,
					"seconds":	1.001227,
					"bytes":	6946816,
					"bits_per_second":	50544721.6583357,
					"sender":	true
				}
			}],
		"sum_sent":	{
			"start":	0,
			"end":	1.001227,
			"seconds":	1.001227,
			"bytes":	107479040,
			"bits_per_second":	858778598.65944481,
			"retransmits":	3644,
			"sender":	true
		},
		"sum_received":	{
			"start":	0,
			"end":	1.099512,
			"seconds":	1.099512,
			"bytes":	6946816,
			"bits_per_second":	50544721.6583357,
			"sender":	true
		},
		"cpu_utilization_percent":	{
			"host_total":	9.16535728232847,
			"host_user":	7.3122791173498234,
			"host_system":	1.8531051718745866,
			"remote_total":	0.87200101860778145,
			"remote_user":	0.016461429324990451,
			"remote_system":	0.855539589282791
		},
		"sender_tcp_congestion":	"prague-reno",
		"receiver_tcp_congestion":	"prague"
	}
}
