{
	"start":	{
		"connected":	[{
				"socket":	8,
				"local_host":	"172.16.0.33",
				"local_port":	38438,
				"remote_host":	"172.17.0.33",
				"remote_port":	5201
			}],
		"version":	"iperf 3.16",
		"system_info":	"Linux h1 6.12.54-0b264c55b-l4steam-117 #1 SMP PREEMPT_DYNAMIC Fri Nov  7 18:07:57 UTC 2025 x86_64",
		"timestamp":	{
			"time":	"Sun, 22 Feb 2026 02:34:38 GMT",
			"timesecs":	1771727678
		},
		"connecting_to":	{
			"host":	"172.17.0.33",
			"port":	5201
		},
		"cookie":	"uabvqm2hzrnho3v25vuezpchkiacn54x5cff",
		"tcp_mss_default":	1448,
		"target_bitrate":	0,
		"fq_rate":	0,
		"sock_bufsize":	0,
		"sndbuf_actual":	1000000,
		"rcvbuf_actual":	1000000,
		"test_start":	{
			"protocol":	"TCP",
			"num_streams":	1,
			"blksize":	131072,
			"omit":	0,
			"duration":	0,
			"bytes":	107374182,
			"blocks":	0,
			"reverse":	0,
			"tos":	0,
			"target_bitrate":	0,
			"bidir":	0,
			"fqrate":	0
		}
	},
	"intervals":	[{
			"streams":	[{
					"socket":	8,
					"start":	0,
					"end":	1.001066,
					"seconds":	1.0010659694671631,
					"bytes":	58327040,
					"bits_per_second":	466119450.89729267,
					"retransmits":	3441,
					"snd_cwnd":	144462616,
					"snd_wnd":	22413312,
					"rtt":	136432,
					"rttvar":	7609,
					"pmtu":	1500,
					"omitted":	false,
					"sender":	true
				}],
			"sum":	{
				"start":	0,
				"end":	1.001066,
				"seconds":	1.0010659694671631,
				"bytes":	58327040,
				"bits_per_second":	466119450.89729267,
				"retransmits":	3441,
				"omitted":	false,
				"sender":	true
			}
		}, {
			"streams":	[{
					"socket":	8,
					"start":	1.001066,
					"end":	2.001052,
					"seconds":	0.99998599290847778,
					"bytes":	0,
					"bits_per_second":	0,
					"retransmits":	4,
					"snd_cwnd":	1448,
					"snd_wnd":	24969216,
					"rtt":	195809,
					"rttvar":	124462,
					"pmtu":	1500,
					"omitted":	false,
					"sender":	true
				}],
			"sum":	{
				"start":	1.001066,
				"end":	2.001052,
				"seconds":	0.99998599290847778,
				"bytes":	0,
				"bits_per_second":	0,
				"retransmits":	4,
				"omitted":	false,
				"sender":	true
			}
		}, {
			"streams":	[{
					"socket":	8,
					"start":	2.001052,
					"end":	3.001051,
					"seconds":	0.99999898672103882,
					"bytes":	0,
					"bits_per_second":	0,
					"retransmits":	102,
					"snd_cwnd":	56472,
					"snd_wnd":	25112576,
					"rtt":	135470,
					"rttvar":	44452,
					"pmtu":	1500,
					"omitted":	false,
					"sender":	true
				}],
			"sum":	{
				"start":	2.001052,
				"end":	3.001051,
				"seconds":	0.99999898672103882,
				"bytes":	0,
				"bits_per_second":	0,
				"retransmits":	102,
				"omitted":	false,
				"sender":	true
			}
		}, {
			"streams":	[{
					"socket":	8,
					"start":	3.001051,
					"end":	4.00959,
					"seconds":	1.0085389614105225,
					"bytes":	0,
					"bits_per_second":	0,
					"retransmits":	1478,
					"snd_cwnd":	973056,
					"snd_wnd":	28393472,
					"rtt":	75748,
					"rttvar":	1074,
					"pmtu":	1500,
					"omitted":	false,
					"sender":	true
				}],
			"sum":	{
				"start":	3.001051,
				"end":	4.00959,
				"seconds":	1.0085389614105225,
				"bytes":	0,
				"bits_per_second":	0,
				"retransmits":	1478,
				"omitted":	false,
				"sender":	true
			}
		}, {
			"streams":	[{
					"socket":	8,
					"start":	4.00959,
					"end":	5.001024,
					"seconds":	0.99143397808074951,
					"bytes":	0,
					"bits_per_second":	0,
					"retransmits":	13508,
					"snd_cwnd":	4525000,
					"snd_wnd":	70557696,
					"rtt":	86472,
					"rttvar":	1051,
					"pmtu":	1500,
					"omitted":	false,
					"sender":	true
				}],
			"sum":	{
				"start":	4.00959,
				"end":	5.001024,
				"seconds":	0.99143397808074951,
				"bytes":	0,
				"bits_per_second":	0,
				"retransmits":	13508,
				"omitted":	false,
				"sender":	true
			}
		}, {
			"streams":	[{
					"socket":	8,
					"start":	5.001024,
					"end":	6.00103,
					"seconds":	1.0000059604644775,
					"bytes":	14548992,
					"bits_per_second":	116391242.25413504,
					"retransmits":	1892,
					"snd_cwnd":	3937112,
					"snd_wnd":	92819456,
					"rtt":	76509,
					"rttvar":	2672,
					"pmtu":	1500,
					"omitted":	false,
					"sender":	true
				}],
			"sum":	{
				"start":	5.001024,
				"end":	6.00103,
				"seconds":	1.0000059604644775,
				"bytes":	14548992,
				"bits_per_second":	116391242.25413504,
				"retransmits":	1892,
				"omitted":	false,
				"sender":	true
			}
		}, {
			"streams":	[{
					"socket":	8,
					"start":	6.00103,
					"end":	7.001031,
					"seconds":	1.0000009536743164,
					"bytes":	19398656,
					"bits_per_second":	155189100.00014114,
					"retransmits":	0,
					"snd_cwnd":	1149712,
					"snd_wnd":	119218176,
					"rtt":	61077,
					"rttvar":	69,
					"pmtu":	1500,
					"omitted":	false,
					"sender":	true
				}],
			"sum":	{
				"start":	6.00103,
				"end":	7.001031,
				"seconds":	1.0000009536743164,
				"bytes":	19398656,
				"bits_per_second":	155189100.00014114,
				"retransmits":	0,
				"omitted":	false,
				"sender":	true
			}
		}, {
			"streams":	[{
					"socket":	8,
					"start":	7.001031,
					"end":	8.001027,
					"seconds":	0.9999960064888,
					"bytes":	15204352,
					"bits_per_second":	121635301.75193986,
					"retransmits":	15,
					"snd_cwnd":	595128,
					"snd_wnd":	119230464,
					"rtt":	60950,
					"rttvar":	68,
					"pmtu":	1500,
					"omitted":	false,
					"sender":	true
				}],
			"sum":	{
				"start":	7.001031,
				"end":	8.001027,
				"seconds":	0.9999960064888,
				"bytes":	15204352,
				"bits_per_second":	121635301.75193986,
				"retransmits":	15,
				"omitted":	false,
				"sender":	true
			}
		}],
	"end":	{
		"streams":	[{
				"sender":	{
					"socket":	8,
					"start":	0,
					"end":	8.00136,
					"seconds":	8.00136,
					"bytes":	107479040,
					"bits_per_second":	107460771.6688163,
					"retransmits":	20440,
					"max_snd_cwnd":	144462616,
					"max_snd_wnd":	119230464,
					"max_rtt":	195809,
					"min_rtt":	60950,
					"mean_rtt":	98824,
					"sender":	true
				},
				"receiver":	{
					"socket":	8,
					"start":	0,
					"end":	8.062217,
					"seconds":	8.00136,
					"bytes":	84934656,
					"bits_per_second":	84279206.0794196,
					"sender":	true
				}
			}],
		"sum_sent":	{
			"start":	0,
			"end":	8.00136,
			"seconds":	8.00136,
			"bytes":	107479040,
			"bits_per_second":	107460771.6688163,
			"retransmits":	20440,
			"sender":	true
		},
		"sum_received":	{
			"start":	0,
			"end":	8.062217,
			"seconds":	8.062217,
			"bytes":	84934656,
			"bits_per_second":	84279206.0794196,
			"sender":	true
		},
		"cpu_utilization_percent":	{
			"host_total":	1.9777727221876318,
			"host_user":	0.915727096550473,
			"host_system":	1.0620092641736683,
			"remote_total":	1.9518168169807071,
			"remote_user":	0,
			"remote_system":	1.9518416240068508
		},
		"sender_tcp_congestion":	"prague",
		"receiver_tcp_congestion":	"prague"
	}
}
