{
	"start":	{
		"connected":	[{
				"socket":	8,
				"local_host":	"172.16.0.53",
				"local_port":	44356,
				"remote_host":	"172.17.0.53",
				"remote_port":	5201
			}],
		"version":	"iperf 3.16",
		"system_info":	"Linux h1 6.12.54-0b264c55b-l4steam-117 #1 SMP PREEMPT_DYNAMIC Fri Nov  7 18:07:57 UTC 2025 x86_64",
		"timestamp":	{
			"time":	"Sun, 22 Feb 2026 17:00:53 GMT",
			"timesecs":	1771779653
		},
		"connecting_to":	{
			"host":	"172.17.0.53",
			"port":	5201
		},
		"cookie":	"a62iddqu2ve75sd5ohx7zosazphal2kdx5pj",
		"tcp_mss_default":	1448,
		"target_bitrate":	0,
		"fq_rate":	0,
		"sock_bufsize":	0,
		"sndbuf_actual":	1000000,
		"rcvbuf_actual":	1000000,
		"test_start":	{
			"protocol":	"TCP",
			"num_streams":	1,
			"blksize":	131072,
			"omit":	0,
			"duration":	0,
			"bytes":	1073741824,
			"blocks":	0,
			"reverse":	0,
			"tos":	0,
			"target_bitrate":	0,
			"bidir":	0,
			"fqrate":	0
		}
	},
	"intervals":	[{
			"streams":	[{
					"socket":	8,
					"start":	0,
					"end":	1.001047,
					"seconds":	1.0010470151901245,
					"bytes":	7864320,
					"bits_per_second":	62848756.397371516,
					"retransmits":	255,
					"snd_cwnd":	144549496,
					"snd_wnd":	10907648,
					"rtt":	81508,
					"rttvar":	283,
					"pmtu":	1500,
					"omitted":	false,
					"sender":	true
				}],
			"sum":	{
				"start":	0,
				"end":	1.001047,
				"seconds":	1.0010470151901245,
				"bytes":	7864320,
				"bits_per_second":	62848756.397371516,
				"retransmits":	255,
				"omitted":	false,
				"sender":	true
			}
		}, {
			"streams":	[{
					"socket":	8,
					"start":	1.001047,
					"end":	2.001037,
					"seconds":	0.99998998641967773,
					"bytes":	0,
					"bits_per_second":	0,
					"retransmits":	2,
					"snd_cwnd":	1448,
					"snd_wnd":	10907648,
					"rtt":	81508,
					"rttvar":	283,
					"pmtu":	1500,
					"omitted":	false,
					"sender":	true
				}],
			"sum":	{
				"start":	1.001047,
				"end":	2.001037,
				"seconds":	0.99998998641967773,
				"bytes":	0,
				"bits_per_second":	0,
				"retransmits":	2,
				"omitted":	false,
				"sender":	true
			}
		}, {
			"streams":	[{
					"socket":	8,
					"start":	2.001037,
					"end":	3.001054,
					"seconds":	1.0000170469284058,
					"bytes":	0,
					"bits_per_second":	0,
					"retransmits":	1,
					"snd_cwnd":	1448,
					"snd_wnd":	10907648,
					"rtt":	81508,
					"rttvar":	283,
					"pmtu":	1500,
					"omitted":	false,
					"sender":	true
				}],
			"sum":	{
				"start":	2.001037,
				"end":	3.001054,
				"seconds":	1.0000170469284058,
				"bytes":	0,
				"bits_per_second":	0,
				"retransmits":	1,
				"omitted":	false,
				"sender":	true
			}
		}, {
			"streams":	[{
					"socket":	8,
					"start":	3.001054,
					"end":	4.001042,
					"seconds":	0.9999880194664,
					"bytes":	0,
					"bits_per_second":	0,
					"retransmits":	0,
					"snd_cwnd":	1448,
					"snd_wnd":	10907648,
					"rtt":	81508,
					"rttvar":	283,
					"pmtu":	1500,
					"omitted":	false,
					"sender":	true
				}],
			"sum":	{
				"start":	3.001054,
				"end":	4.001042,
				"seconds":	0.9999880194664,
				"bytes":	0,
				"bits_per_second":	0,
				"retransmits":	0,
				"omitted":	false,
				"sender":	true
			}
		}, {
			"streams":	[{
					"socket":	8,
					"start":	4.001042,
					"end":	5.003221,
					"seconds":	1.0021790266036987,
					"bytes":	0,
					"bits_per_second":	0,
					"retransmits":	0,
					"snd_cwnd":	1448,
					"snd_wnd":	10907648,
					"rtt":	81508,
					"rttvar":	283,
					"pmtu":	1500,
					"omitted":	false,
					"sender":	true
				}],
			"sum":	{
				"start":	4.001042,
				"end":	5.003221,
				"seconds":	1.0021790266036987,
				"bytes":	0,
				"bits_per_second":	0,
				"retransmits":	0,
				"omitted":	false,
				"sender":	true
			}
		}, {
			"streams":	[{
					"socket":	8,
					"start":	5.003221,
					"end":	6.002105,
					"seconds":	0.99888402223587036,
					"bytes":	0,
					"bits_per_second":	0,
					"retransmits":	1,
					"snd_cwnd":	1448,
					"snd_wnd":	10907648,
					"rtt":	81508,
					"rttvar":	283,
					"pmtu":	1500,
					"omitted":	false,
					"sender":	true
				}],
			"sum":	{
				"start":	5.003221,
				"end":	6.002105,
				"seconds":	0.99888402223587036,
				"bytes":	0,
				"bits_per_second":	0,
				"retransmits":	1,
				"omitted":	false,
				"sender":	true
			}
		}, {
			"streams":	[{
					"socket":	8,
					"start":	6.002105,
					"end":	7.001048,
					"seconds":	0.99894297122955322,
					"bytes":	0,
					"bits_per_second":	0,
					"retransmits":	0,
					"snd_cwnd":	1448,
					"snd_wnd":	10907648,
					"rtt":	81508,
					"rttvar":	283,
					"pmtu":	1500,
					"omitted":	false,
					"sender":	true
				}],
			"sum":	{
				"start":	6.002105,
				"end":	7.001048,
				"seconds":	0.99894297122955322,
				"bytes":	0,
				"bits_per_second":	0,
				"retransmits":	0,
				"omitted":	false,
				"sender":	true
			}
		}, {
			"streams":	[{
					"socket":	8,
					"start":	7.001048,
					"end":	8.001047,
					"seconds":	0.99999898672103882,
					"bytes":	0,
					"bits_per_second":	0,
					"retransmits":	0,
					"snd_cwnd":	1448,
					"snd_wnd":	10907648,
					"rtt":	81508,
					"rttvar":	283,
					"pmtu":	1500,
					"omitted":	false,
					"sender":	true
				}],
			"sum":	{
				"start":	7.001048,
				"end":	8.001047,
				"seconds":	0.99999898672103882,
				"bytes":	0,
				"bits_per_second":	0,
				"retransmits":	0,
				"omitted":	false,
				"sender":	true
			}
		}, {
			"streams":	[{
					"socket":	8,
					"start":	8.001047,
					"end":	9.00186,
					"seconds":	1.0008130073547363,
					"bytes":	0,
					"bits_per_second":	0,
					"retransmits":	0,
					"snd_cwnd":	1448,
					"snd_wnd":	10907648,
					"rtt":	81508,
					"rttvar":	283,
					"pmtu":	1500,
					"omitted":	false,
					"sender":	true
				}],
			"sum":	{
				"start":	8.001047,
				"end":	9.00186,
				"seconds":	1.0008130073547363,
				"bytes":	0,
				"bits_per_second":	0,
				"retransmits":	0,
				"omitted":	false,
				"sender":	true
			}
		}, {
			"streams":	[{
					"socket":	8,
					"start":	9.00186,
					"end":	10.001059,
					"seconds":	0.99919897317886353,
					"bytes":	1703936,
					"bits_per_second":	13642415.9410739,
					"retransmits":	109,
					"snd_cwnd":	144524880,
					"snd_wnd":	12574720,
					"rtt":	328809,
					"rttvar":	536425,
					"pmtu":	1500,
					"omitted":	false,
					"sender":	true
				}],
			"sum":	{
				"start":	9.00186,
				"end":	10.001059,
				"seconds":	0.99919897317886353,
				"bytes":	1703936,
				"bits_per_second":	13642415.9410739,
				"retransmits":	109,
				"omitted":	false,
				"sender":	true
			}
		}, {
			"streams":	[{
					"socket":	8,
					"start":	10.001059,
					"end":	11.001045,
					"seconds":	0.99998599290847778,
					"bytes":	19136512,
					"bits_per_second":	153094240.40503687,
					"retransmits":	1105,
					"snd_cwnd":	143773368,
					"snd_wnd":	13819904,
					"rtt":	62733,
					"rttvar":	1367,
					"pmtu":	1500,
					"omitted":	false,
					"sender":	true
				}],
			"sum":	{
				"start":	10.001059,
				"end":	11.001045,
				"seconds":	0.99998599290847778,
				"bytes":	19136512,
				"bits_per_second":	153094240.40503687,
				"retransmits":	1105,
				"omitted":	false,
				"sender":	true
			}
		}, {
			"streams":	[{
					"socket":	8,
					"start":	11.001045,
					"end":	12.001034,
					"seconds":	0.99998897314071655,
					"bytes":	14548992,
					"bits_per_second":	116393219.45165244,
					"retransmits":	1379,
					"snd_cwnd":	143401232,
					"snd_wnd":	13824000,
					"rtt":	65547,
					"rttvar":	2449,
					"pmtu":	1500,
					"omitted":	false,
					"sender":	true
				}],
			"sum":	{
				"start":	11.001045,
				"end":	12.001034,
				"seconds":	0.99998897314071655,
				"bytes":	14548992,
				"bits_per_second":	116393219.45165244,
				"retransmits":	1379,
				"omitted":	false,
				"sender":	true
			}
		}, {
			"streams":	[{
					"socket":	8,
					"start":	12.001034,
					"end":	13.001084,
					"seconds":	1.0000499486923218,
					"bytes":	26738688,
					"bits_per_second":	213898820.03365016,
					"retransmits":	0,