{
	"start":	{
		"connected":	[{
				"socket":	8,
				"local_host":	"172.16.0.57",
				"local_port":	33168,
				"remote_host":	"172.17.0.57",
				"remote_port":	5201
			}],
		"version":	"iperf 3.16",
		"system_info":	"Linux h1 6.12.54-0b264c55b-l4steam-117 #1 SMP PREEMPT_DYNAMIC Fri Nov  7 18:07:57 UTC 2025 x86_64",
		"timestamp":	{
			"time":	"Sun, 22 Feb 2026 02:34:40 GMT",
			"timesecs":	1771727680
		},
		"connecting_to":	{
			"host":	"172.17.0.57",
			"port":	5201
		},
		"cookie":	"mz23j3sarrrui7oezt5nvbcifsordukcqejf",
		"tcp_mss_default":	1448,
		"target_bitrate":	0,
		"fq_rate":	0,
		"sock_bufsize":	0,
		"sndbuf_actual":	1000000,
		"rcvbuf_actual":	1000000,
		"test_start":	{
			"protocol":	"TCP",
			"num_streams":	1,
			"blksize":	131072,
			"omit":	0,
			"duration":	0,
			"bytes":	107374182,
			"blocks":	0,
			"reverse":	0,
			"tos":	0,
			"target_bitrate":	0,
			"bidir":	0,
			"fqrate":	0
		}
	},
	"intervals":	[{
			"streams":	[{
					"socket":	8,
					"start":	0,
					"end":	1.004375,
					"seconds":	1.0043749809265137,
					"bytes":	21102592,
					"bits_per_second":	168085365.73090124,
					"retransmits":	84,
					"snd_cwnd":	72400,
					"snd_wnd":	790528,
					"rtt":	87351,
					"rttvar":	5788,
					"pmtu":	1500,
					"omitted":	false,
					"sender":	true
				}],
			"sum":	{
				"start":	0,
				"end":	1.004375,
				"seconds":	1.0043749809265137,
				"bytes":	21102592,
				"bits_per_second":	168085365.73090124,
				"retransmits":	84,
				"omitted":	false,
				"sender":	true
			}
		}, {
			"streams":	[{
					"socket":	8,
					"start":	1.004375,
					"end":	2.000157,
					"seconds":	0.99578201770782471,
					"bytes":	0,
					"bits_per_second":	0,
					"retransmits":	1091,
					"snd_cwnd":	36200000,
					"snd_wnd":	24084480,
					"rtt":	149032,
					"rttvar":	4096,
					"pmtu":	1500,
					"omitted":	false,
					"sender":	true
				}],
			"sum":	{
				"start":	1.004375,
				"end":	2.000157,
				"seconds":	0.99578201770782471,
				"bytes":	0,
				"bits_per_second":	0,
				"retransmits":	1091,
				"omitted":	false,
				"sender":	true
			}
		}, {
			"streams":	[{
					"socket":	8,
					"start":	2.000157,
					"end":	3.00011,
					"seconds":	0.99995297193527222,
					"bytes":	86376448,
					"bits_per_second":	691044082.46584,
					"retransmits":	1993,
					"snd_cwnd":	18101448,
					"snd_wnd":	81891328,
					"rtt":	73242,
					"rttvar":	180,
					"pmtu":	1500,
					"omitted":	false,
					"sender":	true
				}],
			"sum":	{
				"start":	2.000157,
				"end":	3.00011,
				"seconds":	0.99995297193527222,
				"bytes":	86376448,
				"bits_per_second":	691044082.46584,
				"retransmits":	1993,
				"omitted":	false,
				"sender":	true
			}
		}],
	"end":	{
		"streams":	[{
				"sender":	{
					"socket":	8,
					"start":	0,
					"end":	3.000484,
					"seconds":	3.000484,
					"bytes":	107479040,
					"bits_per_second":	286564540.92073143,
					"retransmits":	3168,
					"max_snd_cwnd":	36200000,
					"max_snd_wnd":	81891328,
					"max_rtt":	149032,
					"min_rtt":	73242,
					"mean_rtt":	95716,
					"sender":	true
				},
				"receiver":	{
					"socket":	8,
					"start":	0,
					"end":	3.074155,
					"seconds":	3.000484,
					"bytes":	44564480,
					"bits_per_second":	115971979.29187045,
					"sender":	true
				}
			}],
		"sum_sent":	{
			"start":	0,
			"end":	3.000484,
			"seconds":	3.000484,
			"bytes":	107479040,
			"bits_per_second":	286564540.92073143,
			"retransmits":	3168,
			"sender":	true
		},
		"sum_received":	{
			"start":	0,
			"end":	3.074155,
			"seconds":	3.074155,
			"bytes":	44564480,
			"bits_per_second":	115971979.29187045,
			"sender":	true
		},
		"cpu_utilization_percent":	{
			"host_total":	3.5110405900590425,
			"host_user":	1.9452414546608758,
			"host_system":	1.5657830396011332,
			"remote_total":	1.296054195968547,
			"remote_user":	0,
			"remote_system":	1.296054195968547
		},
		"sender_tcp_congestion":	"prague-reno",
		"receiver_tcp_congestion":	"prague"
	}
}
