{
	"start":	{
		"connected":	[{
				"socket":	8,
				"local_host":	"172.16.0.123",
				"local_port":	54774,
				"remote_host":	"172.17.0.123",
				"remote_port":	5201
			}],
		"version":	"iperf 3.16",
		"system_info":	"Linux h1 6.12.54-0b264c55b-l4steam-117 #1 SMP PREEMPT_DYNAMIC Fri Nov  7 18:07:57 UTC 2025 x86_64",
		"timestamp":	{
			"time":	"Sun, 22 Feb 2026 01:56:15 GMT",
			"timesecs":	1771725375
		},
		"connecting_to":	{
			"host":	"172.17.0.123",
			"port":	5201
		},
		"cookie":	"g2uzaiyle6tipxnte5qoeo5jxjbz5hhqoi4u",
		"tcp_mss_default":	1448,
		"target_bitrate":	0,
		"fq_rate":	0,
		"sock_bufsize":	0,
		"sndbuf_actual":	1000000,
		"rcvbuf_actual":	1000000,
		"test_start":	{
			"protocol":	"TCP",
			"num_streams":	1,
			"blksize":	131072,
			"omit":	0,
			"duration":	0,
			"bytes":	107374182,
			"blocks":	0,
			"reverse":	0,
			"tos":	0,
			"target_bitrate":	0,
			"bidir":	0,
			"fqrate":	0
		}
	},
	"intervals":	[{
			"streams":	[{
					"socket":	8,
					"start":	0,
					"end":	1.001062,
					"seconds":	1.0010620355606079,
					"bytes":	16121856,
					"bits_per_second":	128838017.44391634,
					"retransmits":	683,
					"snd_cwnd":	1314784,
					"snd_wnd":	4276224,
					"rtt":	277858,
					"rttvar":	671,
					"pmtu":	1500,
					"omitted":	false,
					"sender":	true
				}],
			"sum":	{
				"start":	0,
				"end":	1.001062,
				"seconds":	1.0010620355606079,
				"bytes":	16121856,
				"bits_per_second":	128838017.44391634,
				"retransmits":	683,
				"omitted":	false,
				"sender":	true
			}
		}, {
			"streams":	[{
					"socket":	8,
					"start":	1.001062,
					"end":	2.002249,
					"seconds":	1.0011869668960571,
					"bytes":	0,
					"bits_per_second":	0,
					"retransmits":	3568,
					"snd_cwnd":	6999632,
					"snd_wnd":	25649152,
					"rtt":	274850,
					"rttvar":	334,
					"pmtu":	1500,
					"omitted":	false,
					"sender":	true
				}],
			"sum":	{
				"start":	1.001062,
				"end":	2.002249,
				"seconds":	1.0011869668960571,
				"bytes":	0,
				"bits_per_second":	0,
				"retransmits":	3568,
				"omitted":	false,
				"sender":	true
			}
		}, {
			"streams":	[{
					"socket":	8,
					"start":	2.002249,
					"end":	3.000394,
					"seconds":	0.99814498424530029,
					"bytes":	3538944,
					"bits_per_second":	28364167.97846901,
					"retransmits":	2624,
					"snd_cwnd":	9032624,
					"snd_wnd":	37220352,
					"rtt":	279913,
					"rttvar":	2055,
					"pmtu":	1500,
					"omitted":	false,
					"sender":	true
				}],
			"sum":	{
				"start":	2.002249,
				"end":	3.000394,
				"seconds":	0.99814498424530029,
				"bytes":	3538944,
				"bits_per_second":	28364167.97846901,
				"retransmits":	2624,
				"omitted":	false,
				"sender":	true
			}
		}, {
			"streams":	[{
					"socket":	8,
					"start":	3.000394,
					"end":	4.00659,
					"seconds":	1.0061960220336914,
					"bytes":	87818240,
					"bits_per_second":	698219735.1367346,
					"retransmits":	554,
					"snd_cwnd":	10929504,
					"snd_wnd":	56905728,
					"rtt":	256710,
					"rttvar":	254,
					"pmtu":	1500,
					"omitted":	false,
					"sender":	true
				}],
			"sum":	{
				"start":	3.000394,
				"end":	4.00659,
				"seconds":	1.0061960220336914,
				"bytes":	87818240,
				"bits_per_second":	698219735.1367346,
				"retransmits":	554,
				"omitted":	false,
				"sender":	true
			}
		}],
	"end":	{
		"streams":	[{
				"sender":	{
					"socket":	8,
					"start":	0,
					"end":	4.039105,
					"seconds":	4.039105,
					"bytes":	107479040,
					"bits_per_second":	212876941.79774973,
					"retransmits":	7429,
					"max_snd_cwnd":	10929504,
					"max_snd_wnd":	58175488,
					"max_rtt":	279913,
					"min_rtt":	256710,
					"mean_rtt":	269405,
					"sender":	true
				},
				"receiver":	{
					"socket":	8,
					"start":	0,
					"end":	4.316137,
					"seconds":	4.039105,
					"bytes":	32768000,
					"bits_per_second":	60735792.214195237,
					"sender":	true
				}
			}],
		"sum_sent":	{
			"start":	0,
			"end":	4.039105,
			"seconds":	4.039105,
			"bytes":	107479040,
			"bits_per_second":	212876941.79774973,
			"retransmits":	7429,
			"sender":	true
		},
		"sum_received":	{
			"start":	0,
			"end":	4.316137,
			"seconds":	4.316137,
			"bytes":	32768000,
			"bits_per_second":	60735792.214195237,
			"sender":	true
		},
		"cpu_utilization_percent":	{
			"host_total":	5.530219164199238,
			"host_user":	4.3763196650221063,
			"host_system":	1.15433109082238,
			"remote_total":	0.62305324820836283,
			"remote_user":	0,
			"remote_system":	0.62309958565059165
		},
		"sender_tcp_congestion":	"bbr",
		"receiver_tcp_congestion":	"bbr"
	}
}
