{
	"start":	{
		"connected":	[{
				"socket":	8,
				"local_host":	"172.16.0.124",
				"local_port":	43342,
				"remote_host":	"172.17.0.124",
				"remote_port":	5201
			}],
		"version":	"iperf 3.16",
		"system_info":	"Linux h1 6.12.54-0b264c55b-l4steam-117 #1 SMP PREEMPT_DYNAMIC Fri Nov  7 18:07:57 UTC 2025 x86_64",
		"timestamp":	{
			"time":	"Sun, 22 Feb 2026 01:56:15 GMT",
			"timesecs":	1771725375
		},
		"connecting_to":	{
			"host":	"172.17.0.124",
			"port":	5201
		},
		"cookie":	"5wnlw5em4nxfxqkt6nbtbdc3hpgnnt33iwhc",
		"tcp_mss_default":	1448,
		"target_bitrate":	0,
		"fq_rate":	0,
		"sock_bufsize":	0,
		"sndbuf_actual":	1000000,
		"rcvbuf_actual":	1000000,
		"test_start":	{
			"protocol":	"TCP",
			"num_streams":	1,
			"blksize":	131072,
			"omit":	0,
			"duration":	0,
			"bytes":	107374182,
			"blocks":	0,
			"reverse":	0,
			"tos":	0,
			"target_bitrate":	0,
			"bidir":	0,
			"fqrate":	0
		}
	},
	"intervals":	[{
			"streams":	[{
					"socket":	8,
					"start":	0,
					"end":	1.001039,
					"seconds":	1.0010390281677246,
					"bytes":	16121856,
					"bits_per_second":	128840978.59408355,
					"retransmits":	360,
					"snd_cwnd":	2147384,
					"snd_wnd":	4714496,
					"rtt":	283145,
					"rttvar":	1452,
					"pmtu":	1500,
					"omitted":	false,
					"sender":	true
				}],
			"sum":	{
				"start":	0,
				"end":	1.001039,
				"seconds":	1.0010390281677246,
				"bytes":	16121856,
				"bits_per_second":	128840978.59408355,
				"retransmits":	360,
				"omitted":	false,
				"sender":	true
			}
		}, {
			"streams":	[{
					"socket":	8,
					"start":	1.001039,
					"end":	2.001037,
					"seconds":	0.99999797344207764,
					"bytes":	0,
					"bits_per_second":	0,
					"retransmits":	2909,
					"snd_cwnd":	7906080,
					"snd_wnd":	25833472,
					"rtt":	267182,
					"rttvar":	627,
					"pmtu":	1500,
					"omitted":	false,
					"sender":	true
				}],
			"sum":	{
				"start":	1.001039,
				"end":	2.001037,
				"seconds":	0.99999797344207764,
				"bytes":	0,
				"bits_per_second":	0,
				"retransmits":	2909,
				"omitted":	false,
				"sender":	true
			}
		}, {
			"streams":	[{
					"socket":	8,
					"start":	2.001037,
					"end":	3.001057,
					"seconds":	1.0000200271606445,
					"bytes":	7995392,
					"bits_per_second":	63961855.025654279,
					"retransmits":	3432,
					"snd_cwnd":	6017888,
					"snd_wnd":	45551616,
					"rtt":	267142,
					"rttvar":	2282,
					"pmtu":	1500,
					"omitted":	false,
					"sender":	true
				}],
			"sum":	{
				"start":	2.001037,
				"end":	3.001057,
				"seconds":	1.0000200271606445,
				"bytes":	7995392,
				"bits_per_second":	63961855.025654279,
				"retransmits":	3432,
				"omitted":	false,
				"sender":	true
			}
		}, {
			"streams":	[{
					"socket":	8,
					"start":	3.001057,
					"end":	4.00103,
					"seconds":	0.99997299909591675,
					"bytes":	24117248,
					"bits_per_second":	192943193.640665,
					"retransmits":	1746,
					"snd_cwnd":	11584000,
					"snd_wnd":	69767168,
					"rtt":	251273,
					"rttvar":	896,
					"pmtu":	1500,
					"omitted":	false,
					"sender":	true
				}],
			"sum":	{
				"start":	3.001057,
				"end":	4.00103,
				"seconds":	0.99997299909591675,
				"bytes":	24117248,
				"bits_per_second":	192943193.640665,
				"retransmits":	1746,
				"omitted":	false,
				"sender":	true
			}
		}, {
			"streams":	[{
					"socket":	8,
					"start":	4.00103,
					"end":	5.001026,
					"seconds":	0.9999960064888,
					"bytes":	23724032,
					"bits_per_second":	189793013.94052684,
					"retransmits":	453,
					"snd_cwnd":	7935040,
					"snd_wnd":	80703488,
					"rtt":	219350,
					"rttvar":	1133,
					"pmtu":	1500,
					"omitted":	false,
					"sender":	true
				}],
			"sum":	{
				"start":	4.00103,
				"end":	5.001026,
				"seconds":	0.9999960064888,
				"bytes":	23724032,
				"bits_per_second":	189793013.94052684,
				"retransmits":	453,
				"omitted":	false,
				"sender":	true
			}
		}, {
			"streams":	[{
					"socket":	8,
					"start":	5.001026,
					"end":	6.002937,
					"seconds":	1.0019110441207886,
					"bytes":	35520512,
					"bits_per_second":	283622081.68826383,
					"retransmits":	188,
					"snd_cwnd":	7935040,
					"snd_wnd":	75157504,
					"rtt":	230780,
					"rttvar":	1339,
					"pmtu":	1500,
					"omitted":	false,
					"sender":	true
				}],
			"sum":	{
				"start":	5.001026,
				"end":	6.002937,
				"seconds":	1.0019110441207886,
				"bytes":	35520512,
				"bits_per_second":	283622081.68826383,
				"retransmits":	188,
				"omitted":	false,
				"sender":	true
			}
		}],
	"end":	{
		"streams":	[{
				"sender":	{
					"socket":	8,
					"start":	0,
					"end":	6.009332,
					"seconds":	6.009332,
					"bytes":	107479040,
					"bits_per_second":	143082845.14817953,
					"retransmits":	9088,
					"max_snd_cwnd":	11584000,
					"max_snd_wnd":	80703488,
					"max_rtt":	283145,
					"min_rtt":	219350,
					"mean_rtt":	249883,
					"sender":	true
				},
				"receiver":	{
					"socket":	8,
					"start":	0,
					"end":	6.2063,
					"seconds":	6.009332,
					"bytes":	69468160,
					"bits_per_second":	89545345.858240828,
					"sender":	true
				}
			}],
		"sum_sent":	{
			"start":	0,
			"end":	6.009332,
			"seconds":	6.009332,
			"bytes":	107479040,
			"bits_per_second":	143082845.14817953,
			"retransmits":	9088,
			"sender":	true
		},
		"sum_received":	{
			"start":	0,
			"end":	6.2063,
			"seconds":	6.2063,
			"bytes":	69468160,
			"bits_per_second":	89545345.858240828,
			"sender":	true
		},
		"cpu_utilization_percent":	{
			"host_total":	4.387549807747626,
			"host_user":	2.24168197139675,
			"host_system":	2.1458678363508756,
			"remote_total":	1.0906661119614121,
			"remote_user":	0.081803986562684131,
			"remote_system":	1.008862125398728
		},
		"sender_tcp_congestion":	"bbr",
		"receiver_tcp_congestion":	"bbr"
	}
}
