{
	"start":	{
		"connected":	[{
				"socket":	8,
				"local_host":	"172.16.0.60",
				"local_port":	55244,
				"remote_host":	"172.17.0.60",
				"remote_port":	5201
			}],
		"version":	"iperf 3.16",
		"system_info":	"Linux h1 6.12.54-0b264c55b-l4steam-117 #1 SMP PREEMPT_DYNAMIC Fri Nov  7 18:07:57 UTC 2025 x86_64",
		"timestamp":	{
			"time":	"Sun, 22 Feb 2026 01:56:14 GMT",
			"timesecs":	1771725374
		},
		"connecting_to":	{
			"host":	"172.17.0.60",
			"port":	5201
		},
		"cookie":	"fbtyrswdxoxrcbhe6dcacfizsout45j47c6a",
		"tcp_mss_default":	1448,
		"target_bitrate":	0,
		"fq_rate":	0,
		"sock_bufsize":	0,
		"sndbuf_actual":	1000000,
		"rcvbuf_actual":	1000000,
		"test_start":	{
			"protocol":	"TCP",
			"num_streams":	1,
			"blksize":	131072,
			"omit":	0,
			"duration":	0,
			"bytes":	107374182,
			"blocks":	0,
			"reverse":	0,
			"tos":	0,
			"target_bitrate":	0,
			"bidir":	0,
			"fqrate":	0
		}
	},
	"intervals":	[{
			"streams":	[{
					"socket":	8,
					"start":	0,
					"end":	1.00105,
					"seconds":	1.0010499954223633,
					"bytes":	15990784,
					"bits_per_second":	127792090.88955174,
					"retransmits":	0,
					"snd_cwnd":	144801448,
					"snd_wnd":	12718080,
					"rtt":	270708,
					"rttvar":	438,
					"pmtu":	1500,
					"omitted":	false,
					"sender":	true
				}],
			"sum":	{
				"start":	0,
				"end":	1.00105,
				"seconds":	1.0010499954223633,
				"bytes":	15990784,
				"bits_per_second":	127792090.88955174,
				"retransmits":	0,
				"omitted":	false,
				"sender":	true
			}
		}, {
			"streams":	[{
					"socket":	8,
					"start":	1.00105,
					"end":	2.004917,
					"seconds":	1.0038670301437378,
					"bytes":	18743296,
					"bits_per_second":	149368754.5237242,
					"retransmits":	1553,
					"snd_cwnd":	144801448,
					"snd_wnd":	43433984,
					"rtt":	258135,
					"rttvar":	541,
					"pmtu":	1500,
					"omitted":	false,
					"sender":	true
				}],
			"sum":	{
				"start":	1.00105,
				"end":	2.004917,
				"seconds":	1.0038670301437378,
				"bytes":	18743296,
				"bits_per_second":	149368754.5237242,
				"retransmits":	1553,
				"omitted":	false,
				"sender":	true
			}
		}, {
			"streams":	[{
					"socket":	8,
					"start":	2.004917,
					"end":	3.000926,
					"seconds":	0.99600899219512939,
					"bytes":	7733248,
					"bits_per_second":	62113880.98379714,
					"retransmits":	2959,
					"snd_cwnd":	6940264,
					"snd_wnd":	42827776,
					"rtt":	272619,
					"rttvar":	4289,
					"pmtu":	1500,
					"omitted":	false,
					"sender":	true
				}],
			"sum":	{
				"start":	2.004917,
				"end":	3.000926,
				"seconds":	0.99600899219512939,
				"bytes":	7733248,
				"bits_per_second":	62113880.98379714,
				"retransmits":	2959,
				"omitted":	false,
				"sender":	true
			}
		}, {
			"streams":	[{
					"socket":	8,
					"start":	3.000926,
					"end":	4.000947,
					"seconds":	1.0000209808349609,
					"bytes":	5767168,
					"bits_per_second":	46136376.020309024,
					"retransmits":	3192,
					"snd_cwnd":	5134608,
					"snd_wnd":	43413504,
					"rtt":	273628,
					"rttvar":	6877,
					"pmtu":	1500,
					"omitted":	false,
					"sender":	true
				}],
			"sum":	{
				"start":	3.000926,
				"end":	4.000947,
				"seconds":	1.0000209808349609,
				"bytes":	5767168,
				"bits_per_second":	46136376.020309024,
				"retransmits":	3192,
				"omitted":	false,
				"sender":	true
			}
		}, {
			"streams":	[{
					"socket":	8,
					"start":	4.000947,
					"end":	5.00104,
					"seconds":	1.0000929832458496,
					"bytes":	11010048,
					"bits_per_second":	88072194.761461973,
					"retransmits":	1044,
					"snd_cwnd":	4170240,
					"snd_wnd":	43438080,
					"rtt":	270035,
					"rttvar":	406,
					"pmtu":	1500,
					"omitted":	false,
					"sender":	true
				}],
			"sum":	{
				"start":	4.000947,
				"end":	5.00104,
				"seconds":	1.0000929832458496,
				"bytes":	11010048,
				"bits_per_second":	88072194.761461973,
				"retransmits":	1044,
				"omitted":	false,
				"sender":	true
			}
		}, {
			"streams":	[{
					"socket":	8,
					"start":	5.00104,
					"end":	6.004915,
					"seconds":	1.0038750171661377,
					"bytes":	48234496,
					"bits_per_second":	384386463.85413426,
					"retransmits":	205,
					"snd_cwnd":	6571024,
					"snd_wnd":	43438080,
					"rtt":	269660,
					"rttvar":	214,
					"pmtu":	1500,
					"omitted":	false,
					"sender":	true
				}],
			"sum":	{
				"start":	5.00104,
				"end":	6.004915,
				"seconds":	1.0038750171661377,
				"bytes":	48234496,
				"bits_per_second":	384386463.85413426,
				"retransmits":	205,
				"omitted":	false,
				"sender":	true
			}
		}],
	"end":	{
		"streams":	[{
				"sender":	{
					"socket":	8,
					"start":	0,
					"end":	6.005079,
					"seconds":	6.005079,
					"bytes":	107479040,
					"bits_per_second":	143184181.25723243,
					"retransmits":	8953,
					"max_snd_cwnd":	144801448,
					"max_snd_wnd":	43438080,
					"max_rtt":	273628,
					"min_rtt":	258135,
					"mean_rtt":	269206,
					"sender":	true
				},
				"receiver":	{
					"socket":	8,
					"start":	0,
					"end":	6.266416,
					"seconds":	6.005079,
					"bytes":	66584576,
					"bits_per_second":	85004986.582442,
					"sender":	true
				}
			}],
		"sum_sent":	{
			"start":	0,
			"end":	6.005079,
			"seconds":	6.005079,
			"bytes":	107479040,
			"bits_per_second":	143184181.25723243,
			"retransmits":	8953,
			"sender":	true
		},
		"sum_received":	{
			"start":	0,
			"end":	6.266416,
			"seconds":	6.266416,
			"bytes":	66584576,
			"bits_per_second":	85004986.582442,
			"sender":	true
		},
		"cpu_utilization_percent":	{
			"host_total":	3.3353163425020274,
			"host_user":	1.2960608588116751,
			"host_system":	2.0392410232443,
			"remote_total":	0.9153054058026312,
			"remote_user":	0.00014362237655776421,
			"remote_system":	0.91517774146791331
		},
		"sender_tcp_congestion":	"bbr",
		"receiver_tcp_congestion":	"bbr"
	}
}
