{
	"start":	{
		"connected":	[{
				"socket":	8,
				"local_host":	"172.16.0.88",
				"local_port":	37490,
				"remote_host":	"172.17.0.88",
				"remote_port":	5201
			}],
		"version":	"iperf 3.16",
		"system_info":	"Linux h1 6.12.54-0b264c55b-l4steam-117 #1 SMP PREEMPT_DYNAMIC Fri Nov  7 18:07:57 UTC 2025 x86_64",
		"timestamp":	{
			"time":	"Sun, 22 Feb 2026 01:56:15 GMT",
			"timesecs":	1771725375
		},
		"connecting_to":	{
			"host":	"172.17.0.88",
			"port":	5201
		},
		"cookie":	"qvvqs7yynf2hmngdumimpl32nfuxtbwang27",
		"tcp_mss_default":	1448,
		"target_bitrate":	0,
		"fq_rate":	0,
		"sock_bufsize":	0,
		"sndbuf_actual":	1000000,
		"rcvbuf_actual":	1000000,
		"test_start":	{
			"protocol":	"TCP",
			"num_streams":	1,
			"blksize":	131072,
			"omit":	0,
			"duration":	0,
			"bytes":	107374182,
			"blocks":	0,
			"reverse":	0,
			"tos":	0,
			"target_bitrate":	0,
			"bidir":	0,
			"fqrate":	0
		}
	},
	"intervals":	[{
			"streams":	[{
					"socket":	8,
					"start":	0,
					"end":	1.001064,
					"seconds":	1.0010639429092407,
					"bytes":	16121856,
					"bits_per_second":	128837771.96607432,
					"retransmits":	0,
					"snd_cwnd":	144808688,
					"snd_wnd":	5394432,
					"rtt":	242291,
					"rttvar":	390,
					"pmtu":	1500,
					"omitted":	false,
					"sender":	true
				}],
			"sum":	{
				"start":	0,
				"end":	1.001064,
				"seconds":	1.0010639429092407,
				"bytes":	16121856,
				"bits_per_second":	128837771.96607432,
				"retransmits":	0,
				"omitted":	false,
				"sender":	true
			}
		}, {
			"streams":	[{
					"socket":	8,
					"start":	1.001064,
					"end":	2.001038,
					"seconds":	0.999974012374878,
					"bytes":	8781824,
					"bits_per_second":	70256417.797448143,
					"retransmits":	2577,
					"snd_cwnd":	4475768,
					"snd_wnd":	41533440,
					"rtt":	276085,
					"rttvar":	278,
					"pmtu":	1500,
					"omitted":	false,
					"sender":	true
				}],
			"sum":	{
				"start":	1.001064,
				"end":	2.001038,
				"seconds":	0.999974012374878,
				"bytes":	8781824,
				"bits_per_second":	70256417.797448143,
				"retransmits":	2577,
				"omitted":	false,
				"sender":	true
			}
		}, {
			"streams":	[{
					"socket":	8,
					"start":	2.001038,
					"end":	3.00105,
					"seconds":	1.0000120401382446,
					"bytes":	9830400,
					"bits_per_second":	78642253.136400372,
					"retransmits":	1562,
					"snd_cwnd":	2565856,
					"snd_wnd":	60039168,
					"rtt":	271467,
					"rttvar":	1009,
					"pmtu":	1500,
					"omitted":	false,
					"sender":	true
				}],
			"sum":	{
				"start":	2.001038,
				"end":	3.00105,
				"seconds":	1.0000120401382446,
				"bytes":	9830400,
				"bits_per_second":	78642253.136400372,
				"retransmits":	1562,
				"omitted":	false,
				"sender":	true
			}
		}, {
			"streams":	[{
					"socket":	8,
					"start":	3.00105,
					"end":	4.001081,
					"seconds":	1.0000309944152832,
					"bytes":	8912896,
					"bits_per_second":	71300958.068495542,
					"retransmits":	841,
					"snd_cwnd":	4551064,
					"snd_wnd":	83701760,
					"rtt":	266768,
					"rttvar":	299,
					"pmtu":	1500,
					"omitted":	false,
					"sender":	true
				}],
			"sum":	{
				"start":	3.00105,
				"end":	4.001081,
				"seconds":	1.0000309944152832,
				"bytes":	8912896,
				"bits_per_second":	71300958.068495542,
				"retransmits":	841,
				"omitted":	false,
				"sender":	true
			}
		}, {
			"streams":	[{
					"socket":	8,
					"start":	4.001081,
					"end":	5.001153,
					"seconds":	1.0000720024108887,
					"bytes":	10354688,
					"bits_per_second":	82831539.92942746,
					"retransmits":	260,
					"snd_cwnd":	7707704,
					"snd_wnd":	97935360,
					"rtt":	265145,
					"rttvar":	189,
					"pmtu":	1500,
					"omitted":	false,
					"sender":	true
				}],
			"sum":	{
				"start":	4.001081,
				"end":	5.001153,
				"seconds":	1.0000720024108887,
				"bytes":	10354688,
				"bits_per_second":	82831539.92942746,
				"retransmits":	260,
				"omitted":	false,
				"sender":	true
			}
		}, {
			"streams":	[{
					"socket":	8,
					"start":	5.001153,
					"end":	6.001064,
					"seconds":	0.99991101026535034,
					"bytes":	15728640,
					"bits_per_second":	125840318.49655123,
					"retransmits":	72,
					"snd_cwnd":	8563472,
					"snd_wnd":	125091840,
					"rtt":	265544,
					"rttvar":	318,
					"pmtu":	1500,
					"omitted":	false,
					"sender":	true
				}],
			"sum":	{
				"start":	5.001153,
				"end":	6.001064,
				"seconds":	0.99991101026535034,
				"bytes":	15728640,
				"bits_per_second":	125840318.49655123,
				"retransmits":	72,
				"omitted":	false,
				"sender":	true
			}
		}, {
			"streams":	[{
					"socket":	8,
					"start":	6.001064,
					"end":	7.003286,
					"seconds":	1.002221941947937,
					"bytes":	37748736,
					"bits_per_second":	301320371.62651509,
					"retransmits":	83,
					"snd_cwnd":	6350928,
					"snd_wnd":	145297408,
					"rtt":	125968,
					"rttvar":	925,
					"pmtu":	1500,
					"omitted":	false,
					"sender":	true
				}],
			"sum":	{
				"start":	6.001064,
				"end":	7.003286,
				"seconds":	1.002221941947937,
				"bytes":	37748736,
				"bits_per_second":	301320371.62651509,
				"retransmits":	83,
				"omitted":	false,
				"sender":	true
			}
		}],
	"end":	{
		"streams":	[{
				"sender":	{
					"socket":	8,
					"start":	0,
					"end":	7.003523,
					"seconds":	7.003523,
					"bytes":	107479040,
					"bits_per_second":	122771399.47994745,
					"retransmits":	5395,
					"max_snd_cwnd":	144808688,
					"max_snd_wnd":	145297408,
					"max_rtt":	276085,
					"min_rtt":	125968,
					"mean_rtt":	229904,
					"sender":	true
				},
				"receiver":	{
					"socket":	8,
					"start":	0,
					"end":	7.128118,
					"seconds":	7.003523,
					"bytes":	83755008,
					"bits_per_second":	93999575.2034408,
					"sender":	true
				}
			}],
		"sum_sent":	{
			"start":	0,
			"end":	7.003523,
			"seconds":	7.003523,
			"bytes":	107479040,
			"bits_per_second":	122771399.47994745,
			"retransmits":	5395,
			"sender":	true
		},
		"sum_received":	{
			"start":	0,
			"end":	7.128118,
			"seconds":	7.128118,
			"bytes":	83755008,
			"bits_per_second":	93999575.2034408,
			"sender":	true
		},
		"cpu_utilization_percent":	{
			"host_total":	4.3083425327235449,
			"host_user":	3.5072449140514115,
			"host_system":	0.80108500236555757,
			"remote_total":	1.2426807674037736,
			"remote_user":	0.00851554781907982,
			"remote_system":	1.2341652195846937
		},
		"sender_tcp_congestion":	"bbr",
		"receiver_tcp_congestion":	"bbr"
	}
}
