{
	"start":	{
		"connected":	[{
				"socket":	8,
				"local_host":	"172.16.0.89",
				"local_port":	45838,
				"remote_host":	"172.17.0.89",
				"remote_port":	5201
			}],
		"version":	"iperf 3.16",
		"system_info":	"Linux h1 6.12.54-0b264c55b-l4steam-117 #1 SMP PREEMPT_DYNAMIC Fri Nov  7 18:07:57 UTC 2025 x86_64",
		"timestamp":	{
			"time":	"Sun, 22 Feb 2026 01:56:16 GMT",
			"timesecs":	1771725376
		},
		"connecting_to":	{
			"host":	"172.17.0.89",
			"port":	5201
		},
		"cookie":	"7yhlik6qgle7a5zobhtmvard2p3zi7jyizuc",
		"tcp_mss_default":	1448,
		"target_bitrate":	0,
		"fq_rate":	0,
		"sock_bufsize":	0,
		"sndbuf_actual":	1000000,
		"rcvbuf_actual":	1000000,
		"test_start":	{
			"protocol":	"TCP",
			"num_streams":	1,
			"blksize":	131072,
			"omit":	0,
			"duration":	0,
			"bytes":	107374182,
			"blocks":	0,
			"reverse":	0,
			"tos":	0,
			"target_bitrate":	0,
			"bidir":	0,
			"fqrate":	0
		}
	},
	"intervals":	[{
			"streams":	[{
					"socket":	8,
					"start":	0,
					"end":	1.00058,
					"seconds":	1.0005799531936646,
					"bytes":	14811136,
					"bits_per_second":	118420409.70519641,
					"retransmits":	198,
					"snd_cwnd":	760200,
					"snd_wnd":	2297856,
					"rtt":	263825,
					"rttvar":	699,
					"pmtu":	1500,
					"omitted":	false,
					"sender":	true
				}],
			"sum":	{
				"start":	0,
				"end":	1.00058,
				"seconds":	1.0005799531936646,
				"bytes":	14811136,
				"bits_per_second":	118420409.70519641,
				"retransmits":	198,
				"omitted":	false,
				"sender":	true
			}
		}, {
			"streams":	[{
					"socket":	8,
					"start":	1.00058,
					"end":	2.001029,
					"seconds":	1.0004489421844482,
					"bytes":	0,
					"bits_per_second":	0,
					"retransmits":	995,
					"snd_cwnd":	2968400,
					"snd_wnd":	11804672,
					"rtt":	265400,
					"rttvar":	359,
					"pmtu":	1500,
					"omitted":	false,
					"sender":	true
				}],
			"sum":	{
				"start":	1.00058,
				"end":	2.001029,
				"seconds":	1.0004489421844482,
				"bytes":	0,
				"bits_per_second":	0,
				"retransmits":	995,
				"omitted":	false,
				"sender":	true
			}
		}, {
			"streams":	[{
					"socket":	8,
					"start":	2.001029,
					"end":	3.006068,
					"seconds":	1.0050389766693115,
					"bytes":	10616832,
					"bits_per_second":	84508818.037557662,
					"retransmits":	2574,
					"snd_cwnd":	144805792,
					"snd_wnd":	35987456,
					"rtt":	258371,
					"rttvar":	1124,
					"pmtu":	1500,
					"omitted":	false,
					"sender":	true
				}],
			"sum":	{
				"start":	2.001029,
				"end":	3.006068,
				"seconds":	1.0050389766693115,
				"bytes":	10616832,
				"bits_per_second":	84508818.037557662,
				"retransmits":	2574,
				"omitted":	false,
				"sender":	true
			}
		}, {
			"streams":	[{
					"socket":	8,
					"start":	3.006068,
					"end":	4.00096,
					"seconds":	0.99489200115203857,
					"bytes":	15597568,
					"bits_per_second":	125421195.32121068,
					"retransmits":	363,
					"snd_cwnd":	13301328,
					"snd_wnd":	53493760,
					"rtt":	215812,
					"rttvar":	1182,
					"pmtu":	1500,
					"omitted":	false,
					"sender":	true
				}],
			"sum":	{
				"start":	3.006068,
				"end":	4.00096,
				"seconds":	0.99489200115203857,
				"bytes":	15597568,
				"bits_per_second":	125421195.32121068,
				"retransmits":	363,
				"omitted":	false,
				"sender":	true
			}
		}, {
			"streams":	[{
					"socket":	8,
					"start":	4.00096,
					"end":	5.004505,
					"seconds":	1.0035450458526611,
					"bytes":	57409536,
					"bits_per_second":	457653883.99658364,
					"retransmits":	408,
					"snd_cwnd":	7574488,
					"snd_wnd":	50642944,
					"rtt":	238627,
					"rttvar":	1376,
					"pmtu":	1500,
					"omitted":	false,
					"sender":	true
				}],
			"sum":	{
				"start":	4.00096,
				"end":	5.004505,
				"seconds":	1.0035450458526611,
				"bytes":	57409536,
				"bits_per_second":	457653883.99658364,
				"retransmits":	408,
				"omitted":	false,
				"sender":	true
			}
		}, {
			"streams":	[{
					"socket":	8,
					"start":	5.004505,
					"end":	6.000536,
					"seconds":	0.99603098630905151,
					"bytes":	9043968,
					"bits_per_second":	72640053.36632216,
					"retransmits":	0,
					"snd_cwnd":	9165840,
					"snd_wnd":	54448128,
					"rtt":	57395,
					"rttvar":	116,
					"pmtu":	1500,
					"omitted":	false,
					"sender":	true
				}],
			"sum":	{
				"start":	5.004505,
				"end":	6.000536,
				"seconds":	0.99603098630905151,
				"bytes":	9043968,
				"bits_per_second":	72640053.36632216,
				"retransmits":	0,
				"omitted":	false,
				"sender":	true
			}
		}],
	"end":	{
		"streams":	[{
				"sender":	{
					"socket":	8,
					"start":	0,
					"end":	6.000842,
					"seconds":	6.000842,
					"bytes":	107479040,
					"bits_per_second":	143285278.96585181,
					"retransmits":	4538,
					"max_snd_cwnd":	144805792,
					"max_snd_wnd":	54448128,
					"max_rtt":	265400,
					"min_rtt":	57395,
					"mean_rtt":	193832,
					"sender":	true
				},
				"receiver":	{
					"socket":	8,
					"start":	0,
					"end":	6.058133,
					"seconds":	6.000842,
					"bytes":	93323264,
					"bits_per_second":	123236995.95238335,
					"sender":	true
				}
			}],
		"sum_sent":	{
			"start":	0,
			"end":	6.000842,
			"seconds":	6.000842,
			"bytes":	107479040,
			"bits_per_second":	143285278.96585181,
			"retransmits":	4538,
			"sender":	true
		},
		"sum_received":	{
			"start":	0,
			"end":	6.058133,
			"seconds":	6.058133,
			"bytes":	93323264,
			"bits_per_second":	123236995.95238335,
			"sender":	true
		},
		"cpu_utilization_percent":	{
			"host_total":	8.8183390159389372,
			"host_user":	6.6874721482155159,
			"host_system":	2.13085264402244,
			"remote_total":	2.00225877238593,
			"remote_user":	0.0033013335076437426,
			"remote_system":	1.9989409322107479
		},
		"sender_tcp_congestion":	"bbr",
		"receiver_tcp_congestion":	"bbr"
	}
}
