{
	"start":	{
		"connected":	[{
				"socket":	8,
				"local_host":	"172.16.0.97",
				"local_port":	49838,
				"remote_host":	"172.17.0.97",
				"remote_port":	5201
			}],
		"version":	"iperf 3.16",
		"system_info":	"Linux h1 6.12.54-0b264c55b-l4steam-117 #1 SMP PREEMPT_DYNAMIC Fri Nov  7 18:07:57 UTC 2025 x86_64",
		"timestamp":	{
			"time":	"Sun, 22 Feb 2026 01:56:15 GMT",
			"timesecs":	1771725375
		},
		"connecting_to":	{
			"host":	"172.17.0.97",
			"port":	5201
		},
		"cookie":	"o43f2hk3emcm23tgwa7nqmi5scjxy2yrumks",
		"tcp_mss_default":	1448,
		"target_bitrate":	0,
		"fq_rate":	0,
		"sock_bufsize":	0,
		"sndbuf_actual":	1000000,
		"rcvbuf_actual":	1000000,
		"test_start":	{
			"protocol":	"TCP",
			"num_streams":	1,
			"blksize":	131072,
			"omit":	0,
			"duration":	0,
			"bytes":	107374182,
			"blocks":	0,
			"reverse":	0,
			"tos":	0,
			"target_bitrate":	0,
			"bidir":	0,
			"fqrate":	0
		}
	},
	"intervals":	[{
			"streams":	[{
					"socket":	8,
					"start":	0,
					"end":	1.001053,
					"seconds":	1.0010529756546021,
					"bytes":	15859712,
					"bits_per_second":	126744237.40365285,
					"retransmits":	1051,
					"snd_cwnd":	2719344,
					"snd_wnd":	8101888,
					"rtt":	275883,
					"rttvar":	1903,
					"pmtu":	1500,
					"omitted":	false,
					"sender":	true
				}],
			"sum":	{
				"start":	0,
				"end":	1.001053,
				"seconds":	1.0010529756546021,
				"bytes":	15859712,
				"bits_per_second":	126744237.40365285,
				"retransmits":	1051,
				"omitted":	false,
				"sender":	true
			}
		}, {
			"streams":	[{
					"socket":	8,
					"start":	1.001053,
					"end":	2.001036,
					"seconds":	0.999983012676239,
					"bytes":	6160384,
					"bits_per_second":	49283909.201721817,
					"retransmits":	1568,
					"snd_cwnd":	2300872,
					"snd_wnd":	34381824,
					"rtt":	266403,
					"rttvar":	419,
					"pmtu":	1500,
					"omitted":	false,
					"sender":	true
				}],
			"sum":	{
				"start":	1.001053,
				"end":	2.001036,
				"seconds":	0.999983012676239,
				"bytes":	6160384,
				"bits_per_second":	49283909.201721817,
				"retransmits":	1568,
				"omitted":	false,
				"sender":	true
			}
		}, {
			"streams":	[{
					"socket":	8,
					"start":	2.001036,
					"end":	3.001043,
					"seconds":	1.0000070333480835,
					"bytes":	8126464,
					"bits_per_second":	65011254.753215976,
					"retransmits":	3869,
					"snd_cwnd":	4685728,
					"snd_wnd":	54587392,
					"rtt":	268550,
					"rttvar":	557,
					"pmtu":	1500,
					"omitted":	false,
					"sender":	true
				}],
			"sum":	{
				"start":	2.001036,
				"end":	3.001043,
				"seconds":	1.0000070333480835,
				"bytes":	8126464,
				"bits_per_second":	65011254.753215976,
				"retransmits":	3869,
				"omitted":	false,
				"sender":	true
			}
		}, {
			"streams":	[{
					"socket":	8,
					"start":	3.001043,
					"end":	4.001056,
					"seconds":	1.000012993812561,
					"bytes":	7995392,
					"bits_per_second":	63962304.885799341,
					"retransmits":	2856,
					"snd_cwnd":	7228416,
					"snd_wnd":	75747328,
					"rtt":	270545,
					"rttvar":	508,
					"pmtu":	1500,
					"omitted":	false,
					"sender":	true
				}],
			"sum":	{
				"start":	3.001043,
				"end":	4.001056,
				"seconds":	1.000012993812561,
				"bytes":	7995392,
				"bits_per_second":	63962304.885799341,
				"retransmits":	2856,
				"omitted":	false,
				"sender":	true
			}
		}, {
			"streams":	[{
					"socket":	8,
					"start":	4.001056,
					"end":	5.00104,
					"seconds":	0.9999840259552002,
					"bytes":	34996224,
					"bits_per_second":	279974264.321441,
					"retransmits":	522,
					"snd_cwnd":	8844384,
					"snd_wnd":	96899072,
					"rtt":	198125,
					"rttvar":	592,
					"pmtu":	1500,
					"omitted":	false,
					"sender":	true
				}],
			"sum":	{
				"start":	4.001056,
				"end":	5.00104,
				"seconds":	0.9999840259552002,
				"bytes":	34996224,
				"bits_per_second":	279974264.321441,
				"retransmits":	522,
				"omitted":	false,
				"sender":	true
			}
		}, {
			"streams":	[{
					"socket":	8,
					"start":	5.00104,
					"end":	6.007554,
					"seconds":	1.0065139532089233,
					"bytes":	34340864,
					"bits_per_second":	272948935.40633768,
					"retransmits":	210,
					"snd_cwnd":	9371456,
					"snd_wnd":	132198400,
					"rtt":	254613,
					"rttvar":	765,
					"pmtu":	1500,
					"omitted":	false,
					"sender":	true
				}],
			"sum":	{
				"start":	5.00104,
				"end":	6.007554,
				"seconds":	1.0065139532089233,
				"bytes":	34340864,
				"bits_per_second":	272948935.40633768,
				"retransmits":	210,
				"omitted":	false,
				"sender":	true
			}
		}],
	"end":	{
		"streams":	[{
				"sender":	{
					"socket":	8,
					"start":	0,
					"end":	6.00923,
					"seconds":	6.00923,
					"bytes":	107479040,
					"bits_per_second":	143085273.82043958,
					"retransmits":	10076,
					"max_snd_cwnd":	9400416,
					"max_snd_wnd":	132255744,
					"max_rtt":	275883,
					"min_rtt":	198125,
					"mean_rtt":	255444,
					"sender":	true
				},
				"receiver":	{
					"socket":	8,
					"start":	0,
					"end":	6.228,
					"seconds":	6.00923,
					"bytes":	71958528,
					"bits_per_second":	92432277.4566474,
					"sender":	true
				}
			}],
		"sum_sent":	{
			"start":	0,
			"end":	6.00923,
			"seconds":	6.00923,
			"bytes":	107479040,
			"bits_per_second":	143085273.82043958,
			"retransmits":	10076,
			"sender":	true
		},
		"sum_received":	{
			"start":	0,
			"end":	6.228,
			"seconds":	6.228,
			"bytes":	71958528,
			"bits_per_second":	92432277.4566474,
			"sender":	true
		},
		"cpu_utilization_percent":	{
			"host_total":	1.610775894264554,
			"host_user":	0.19503218804272926,
			"host_system":	1.4157713194439747,
			"remote_total":	0.94768527446216033,
			"remote_user":	0,
			"remote_system":	0.947701330937279
		},
		"sender_tcp_congestion":	"bbr",
		"receiver_tcp_congestion":	"bbr"
	}
}
