{
	"start":	{
		"connected":	[{
				"socket":	8,
				"local_host":	"172.16.0.108",
				"local_port":	37020,
				"remote_host":	"172.17.0.108",
				"remote_port":	5201
			}],
		"version":	"iperf 3.16",
		"system_info":	"Linux h1 6.12.54-0b264c55b-l4steam-117 #1 SMP PREEMPT_DYNAMIC Fri Nov  7 18:07:57 UTC 2025 x86_64",
		"timestamp":	{
			"time":	"Sun, 22 Feb 2026 02:49:15 GMT",
			"timesecs":	1771728555
		},
		"connecting_to":	{
			"host":	"172.17.0.108",
			"port":	5201
		},
		"cookie":	"fqrgxdsy5kml5chws7f2faetjij3cvvfc5cw",
		"tcp_mss_default":	1448,
		"target_bitrate":	0,
		"fq_rate":	0,
		"sock_bufsize":	0,
		"sndbuf_actual":	1000000,
		"rcvbuf_actual":	1000000,
		"test_start":	{
			"protocol":	"TCP",
			"num_streams":	1,
			"blksize":	131072,
			"omit":	0,
			"duration":	0,
			"bytes":	107374182,
			"blocks":	0,
			"reverse":	0,
			"tos":	0,
			"target_bitrate":	0,
			"bidir":	0,
			"fqrate":	0
		}
	},
	"intervals":	[{
			"streams":	[{
					"socket":	8,
					"start":	0,
					"end":	1.001038,
					"seconds":	1.0010379552841187,
					"bytes":	17563648,
					"bits_per_second":	140363492.97077364,
					"retransmits":	2049,
					"snd_cwnd":	3790864,
					"snd_wnd":	24334336,
					"rtt":	265507,
					"rttvar":	4512,
					"pmtu":	1500,
					"omitted":	false,
					"sender":	true
				}],
			"sum":	{
				"start":	0,
				"end":	1.001038,
				"seconds":	1.0010379552841187,
				"bytes":	17563648,
				"bits_per_second":	140363492.97077364,
				"retransmits":	2049,
				"omitted":	false,
				"sender":	true
			}
		}, {
			"streams":	[{
					"socket":	8,
					"start":	1.001038,
					"end":	2.001036,
					"seconds":	0.99999797344207764,
					"bytes":	11796480,
					"bits_per_second":	94372031.2503876,
					"retransmits":	2214,
					"snd_cwnd":	2574544,
					"snd_wnd":	46428160,
					"rtt":	230593,
					"rttvar":	1175,
					"pmtu":	1500,
					"omitted":	false,
					"sender":	true
				}],
			"sum":	{
				"start":	1.001038,
				"end":	2.001036,
				"seconds":	0.99999797344207764,
				"bytes":	11796480,
				"bits_per_second":	94372031.2503876,
				"retransmits":	2214,
				"omitted":	false,
				"sender":	true
			}
		}, {
			"streams":	[{
					"socket":	8,
					"start":	2.001036,
					"end":	3.001913,
					"seconds":	1.0008770227432251,
					"bytes":	11534336,
					"bits_per_second":	92193831.912627548,
					"retransmits":	1000,
					"snd_cwnd":	1424832,
					"snd_wnd":	67670016,
					"rtt":	123811,
					"rttvar":	1515,
					"pmtu":	1500,
					"omitted":	false,
					"sender":	true
				}],
			"sum":	{
				"start":	2.001036,
				"end":	3.001913,
				"seconds":	1.0008770227432251,
				"bytes":	11534336,
				"bits_per_second":	92193831.912627548,
				"retransmits":	1000,
				"omitted":	false,
				"sender":	true
			}
		}, {
			"streams":	[{
					"socket":	8,
					"start":	3.001913,
					"end":	4.001033,
					"seconds":	0.999119997024536,
					"bytes":	14942208,
					"bits_per_second":	119642950.15212715,
					"retransmits":	7,
					"snd_cwnd":	1456688,
					"snd_wnd":	71565312,
					"rtt":	93169,
					"rttvar":	1075,
					"pmtu":	1500,
					"omitted":	false,
					"sender":	true
				}],
			"sum":	{
				"start":	3.001913,
				"end":	4.001033,
				"seconds":	0.999119997024536,
				"bytes":	14942208,
				"bits_per_second":	119642950.15212715,
				"retransmits":	7,
				"omitted":	false,
				"sender":	true
			}
		}, {
			"streams":	[{
					"socket":	8,
					"start":	4.001033,
					"end":	5.00104,
					"seconds":	1.0000070333480835,
					"bytes":	8388608,
					"bits_per_second":	67108392.003319718,
					"retransmits":	18,
					"snd_cwnd":	1456688,
					"snd_wnd":	71565312,
					"rtt":	60063,
					"rttvar":	177,
					"pmtu":	1500,
					"omitted":	false,
					"sender":	true
				}],
			"sum":	{
				"start":	4.001033,
				"end":	5.00104,
				"seconds":	1.0000070333480835,
				"bytes":	8388608,
				"bits_per_second":	67108392.003319718,
				"retransmits":	18,
				"omitted":	false,
				"sender":	true
			}
		}, {
			"streams":	[{
					"socket":	8,
					"start":	5.00104,
					"end":	6.003964,
					"seconds":	1.0029239654541016,
					"bytes":	19791872,
					"bits_per_second":	157873359.74996814,
					"retransmits":	0,
					"snd_cwnd":	2059056,
					"snd_wnd":	71565312,
					"rtt":	162591,
					"rttvar":	942,
					"pmtu":	1500,
					"omitted":	false,
					"sender":	true
				}],
			"sum":	{
				"start":	5.00104,
				"end":	6.003964,
				"seconds":	1.0029239654541016,
				"bytes":	19791872,
				"bits_per_second":	157873359.74996814,
				"retransmits":	0,
				"omitted":	false,
				"sender":	true
			}
		}, {
			"streams":	[{
					"socket":	8,
					"start":	6.003964,
					"end":	7.00102,
					"seconds":	0.997056007385254,
					"bytes":	12713984,
					"bits_per_second":	102012195.14913309,
					"retransmits":	0,
					"snd_cwnd":	2030096,
					"snd_wnd":	71553024,
					"rtt":	138015,
					"rttvar":	630,
					"pmtu":	1500,
					"omitted":	false,
					"sender":	true
				}],
			"sum":	{
				"start":	6.003964,
				"end":	7.00102,
				"seconds":	0.997056007385254,
				"bytes":	12713984,
				"bits_per_second":	102012195.14913309,
				"retransmits":	0,
				"omitted":	false,
				"sender":	true
			}
		}, {
			"streams":	[{
					"socket":	8,
					"start":	7.00102,
					"end":	8.001023,
					"seconds":	1.0000029802322388,
					"bytes":	10747904,
					"bits_per_second":	85982975.7507637,
					"retransmits":	0,
					"snd_cwnd":	3278272,
					"snd_wnd":	71565312,
					"rtt":	102076,
					"rttvar":	186,
					"pmtu":	1500,
					"omitted":	false,
					"sender":	true
				}],
			"sum":	{
				"start":	7.00102,
				"end":	8.001023,
				"seconds":	1.0000029802322388,
				"bytes":	10747904,
				"bits_per_second":	85982975.7507637,
				"retransmits":	0,
				"omitted":	false,
				"sender":	true
			}
		}],
	"end":	{
		"streams":	[{
				"sender":	{
					"socket":	8,
					"start":	0,
					"end":	8.00121,
					"seconds":	8.00121,
					"bytes":	107479040,
					"bits_per_second":	107462786.25357914,
					"retransmits":	5288,
					"max_snd_cwnd":	3790864,
					"max_snd_wnd":	71565312,
					"max_rtt":	265507,
					"min_rtt":	60063,
					"mean_rtt":	141989,
					"sender":	true
				},
				"receiver":	{
					"socket":	8,
					"start":	0,
					"end":	8.097218,
					"seconds":	8.00121,
					"bytes":	100401152,
					"bits_per_second":	99195701.0420122,
					"sender":	true
				}
			}],
		"sum_sent":	{
			"start":	0,
			"end":	8.00121,
			"seconds":	8.00121,
			"bytes":	107479040,
			"bits_per_second":	107462786.25357914,
			"retransmits":	5288,
			"sender":	true
		},
		"sum_received":	{
			"start":	0,
			"end":	8.097218,
			"seconds":	8.097218,
			"bytes":	100401152,
			"bits_per_second":	99195701.0420122,
			"sender":	true
		},
		"cpu_utilization_percent":	{
			"host_total":	4.1054060382902353,
			"host_user":	3.0600375362810923,
			"host_system":	1.0453572924645294,
			"remote_total":	2.533263564557874,
			"remote_user":	0.13072382963887744,
			"remote_system":	2.4025397349189963
		},
		"sender_tcp_congestion":	"bbr",
		"receiver_tcp_congestion":	"bbr"
	}
}
