{
	"start":	{
		"connected":	[{
				"socket":	8,
				"local_host":	"172.16.0.100",
				"local_port":	43316,
				"remote_host":	"172.17.0.100",
				"remote_port":	5201
			}],
		"version":	"iperf 3.16",
		"system_info":	"Linux h1 6.12.54-0b264c55b-l4steam-117 #1 SMP PREEMPT_DYNAMIC Fri Nov  7 18:07:57 UTC 2025 x86_64",
		"timestamp":	{
			"time":	"Sun, 22 Feb 2026 02:49:15 GMT",
			"timesecs":	1771728555
		},
		"connecting_to":	{
			"host":	"172.17.0.100",
			"port":	5201
		},
		"cookie":	"hb4rtbhn42gzshc63lko5cqrhrsptkuv3bdj",
		"tcp_mss_default":	1448,
		"target_bitrate":	0,
		"fq_rate":	0,
		"sock_bufsize":	0,
		"sndbuf_actual":	1000000,
		"rcvbuf_actual":	1000000,
		"test_start":	{
			"protocol":	"TCP",
			"num_streams":	1,
			"blksize":	131072,
			"omit":	0,
			"duration":	0,
			"bytes":	107374182,
			"blocks":	0,
			"reverse":	0,
			"tos":	0,
			"target_bitrate":	0,
			"bidir":	0,
			"fqrate":	0
		}
	},
	"intervals":	[{
			"streams":	[{
					"socket":	8,
					"start":	0,
					"end":	1.001046,
					"seconds":	1.0010459423065186,
					"bytes":	17563648,
					"bits_per_second":	140362373.05577761,
					"retransmits":	4409,
					"snd_cwnd":	5295336,
					"snd_wnd":	22413312,
					"rtt":	392059,
					"rttvar":	2859,
					"pmtu":	1500,
					"omitted":	false,
					"sender":	true
				}],
			"sum":	{
				"start":	0,
				"end":	1.001046,
				"seconds":	1.0010459423065186,
				"bytes":	17563648,
				"bits_per_second":	140362373.05577761,
				"retransmits":	4409,
				"omitted":	false,
				"sender":	true
			}
		}, {
			"streams":	[{
					"socket":	8,
					"start":	1.001046,
					"end":	2.001054,
					"seconds":	1.0000079870224,
					"bytes":	26738688,
					"bits_per_second":	213907795.51364571,
					"retransmits":	770,
					"snd_cwnd":	2435536,
					"snd_wnd":	35549184,
					"rtt":	223448,
					"rttvar":	946,
					"pmtu":	1500,
					"omitted":	false,
					"sender":	true
				}],
			"sum":	{
				"start":	1.001046,
				"end":	2.001054,
				"seconds":	1.0000079870224,
				"bytes":	26738688,
				"bits_per_second":	213907795.51364571,
				"retransmits":	770,
				"omitted":	false,
				"sender":	true
			}
		}, {
			"streams":	[{
					"socket":	8,
					"start":	2.001054,
					"end":	3.005007,
					"seconds":	1.0039529800415039,
					"bytes":	9043968,
					"bits_per_second":	72066865.1205248,
					"retransmits":	2136,
					"snd_cwnd":	1589904,
					"snd_wnd":	56901632,
					"rtt":	166828,
					"rttvar":	387,
					"pmtu":	1500,
					"omitted":	false,
					"sender":	true
				}],
			"sum":	{
				"start":	2.001054,
				"end":	3.005007,
				"seconds":	1.0039529800415039,
				"bytes":	9043968,
				"bits_per_second":	72066865.1205248,
				"retransmits":	2136,
				"omitted":	false,
				"sender":	true
			}
		}, {
			"streams":	[{
					"socket":	8,
					"start":	3.005007,
					"end":	4.001061,
					"seconds":	0.99605399370193481,
					"bytes":	8126464,
					"bits_per_second":	65269264.930485785,
					"retransmits":	81,
					"snd_cwnd":	1598592,
					"snd_wnd":	77803520,
					"rtt":	145094,
					"rttvar":	288,
					"pmtu":	1500,
					"omitted":	false,
					"sender":	true
				}],
			"sum":	{
				"start":	3.005007,
				"end":	4.001061,
				"seconds":	0.99605399370193481,
				"bytes":	8126464,
				"bits_per_second":	65269264.930485785,
				"retransmits":	81,
				"omitted":	false,
				"sender":	true
			}
		}, {
			"streams":	[{
					"socket":	8,
					"start":	4.001061,
					"end":	5.001059,
					"seconds":	0.99999797344207764,
					"bytes":	16384000,
					"bits_per_second":	131072265.6255383,
					"retransmits":	0,
					"snd_cwnd":	1592800,
					"snd_wnd":	98422784,
					"rtt":	141078,
					"rttvar":	235,
					"pmtu":	1500,
					"omitted":	false,
					"sender":	true
				}],
			"sum":	{
				"start":	4.001061,
				"end":	5.001059,
				"seconds":	0.99999797344207764,
				"bytes":	16384000,
				"bits_per_second":	131072265.6255383,
				"retransmits":	0,
				"omitted":	false,
				"sender":	true
			}
		}, {
			"streams":	[{
					"socket":	8,
					"start":	5.001059,
					"end":	6.001067,
					"seconds":	1.0000079870224,
					"bytes":	8257536,
					"bits_per_second":	66059760.379214115,
					"retransmits":	63,
					"snd_cwnd":	1644928,
					"snd_wnd":	119824384,
					"rtt":	126561,
					"rttvar":	198,
					"pmtu":	1500,
					"omitted":	false,
					"sender":	true
				}],
			"sum":	{
				"start":	5.001059,
				"end":	6.001067,
				"seconds":	1.0000079870224,
				"bytes":	8257536,
				"bits_per_second":	66059760.379214115,
				"retransmits":	63,
				"omitted":	false,
				"sender":	true
			}
		}, {
			"streams":	[{
					"socket":	8,
					"start":	6.001067,
					"end":	7.001057,
					"seconds":	0.99998998641967773,
					"bytes":	16384000,
					"bits_per_second":	131073312.51314296,
					"retransmits":	0,
					"snd_cwnd":	2299424,
					"snd_wnd":	141172736,
					"rtt":	130420,
					"rttvar":	5168,
					"pmtu":	1500,
					"omitted":	false,
					"sender":	true
				}],
			"sum":	{
				"start":	6.001067,
				"end":	7.001057,
				"seconds":	0.99998998641967773,
				"bytes":	16384000,
				"bits_per_second":	131073312.51314296,
				"retransmits":	0,
				"omitted":	false,
				"sender":	true
			}
		}, {
			"streams":	[{
					"socket":	8,
					"start":	7.001057,
					"end":	8.005006,
					"seconds":	1.0039490461349487,
					"bytes":	0,
					"bits_per_second":	0,
					"retransmits":	1464,
					"snd_cwnd":	2299424,
					"snd_wnd":	142041088,
					"rtt":	104302,
					"rttvar":	2033,
					"pmtu":	1500,
					"omitted":	false,
					"sender":	true
				}],
			"sum":	{
				"start":	7.001057,
				"end":	8.005006,
				"seconds":	1.0039490461349487,
				"bytes":	0,
				"bits_per_second":	0,
				"retransmits":	1464,
				"omitted":	false,
				"sender":	true
			}
		}, {
			"streams":	[{
					"socket":	8,
					"start":	8.005006,
					"end":	9.001022,
					"seconds":	0.996016025543213,
					"bytes":	4980736,
					"bits_per_second":	40005267.965712324,
					"retransmits":	19,
					"snd_cwnd":	2137248,
					"snd_wnd":	144531456,
					"rtt":	64664,
					"rttvar":	117,
					"pmtu":	1500,
					"omitted":	false,
					"sender":	true
				}],
			"sum":	{
				"start":	8.005006,
				"end":	9.001022,
				"seconds":	0.996016025543213,
				"bytes":	4980736,
				"bits_per_second":	40005267.965712324,
				"retransmits":	19,
				"omitted":	false,
				"sender":	true
			}
		}],
	"end":	{
		"streams":	[{
				"sender":	{
					"socket":	8,
					"start":	0,
					"end":	9.001204,
					"seconds":	9.001204,
					"bytes":	107479040,
					"bits_per_second":	95524145.4365438,
					"retransmits":	8942,
					"max_snd_cwnd":	5295336,
					"max_snd_wnd":	144531456,
					"max_rtt":	392059,
					"min_rtt":	64664,
					"mean_rtt":	155911,
					"sender":	true
				},
				"receiver":	{
					"socket":	8,
					"start":	0,
					"end":	9.069071,
					"seconds":	9.001204,
					"bytes":	100139008,
					"bits_per_second":	88334523.3486429,
					"sender":	true
				}
			}],
		"sum_sent":	{
			"start":	0,
			"end":	9.001204,
			"seconds":	9.001204,
			"bytes":	107479040,
			"bits_per_second":	95524145.4365438,
			"retransmits":	8942,
			"sender":	true
		},
		"sum_received":	{
			"start":	0,
			"end":	9.069071,
			"seconds":	9.069071,
			"bytes":	100139008,
			"bits_per_second":	88334523.3486429,
			"sender":	true
		},
		"cpu_utilization_percent":	{
			"host_total":	5.5200485735924127,
			"host_user":	4.87170903588178,
			"host_system":	0.64832926584622541,
			"remote_total":	1.6614456356701719,
			"remote_user":	0.0636227008442964,
			"remote_system":	1.5978339612904933
		},
		"sender_tcp_congestion":	"bbr",
		"receiver_tcp_congestion":	"bbr"
	}
}
