{
	"start":	{
		"connected":	[{
				"socket":	8,
				"local_host":	"172.16.0.15",
				"local_port":	33196,
				"remote_host":	"172.17.0.15",
				"remote_port":	5201
			}],
		"version":	"iperf 3.16",
		"system_info":	"Linux h1 6.12.54-0b264c55b-l4steam-117 #1 SMP PREEMPT_DYNAMIC Fri Nov  7 18:07:57 UTC 2025 x86_64",
		"timestamp":	{
			"time":	"Sun, 22 Feb 2026 02:49:14 GMT",
			"timesecs":	1771728554
		},
		"connecting_to":	{
			"host":	"172.17.0.15",
			"port":	5201
		},
		"cookie":	"vensuysmqmpoebcombsieroaae2nati23uta",
		"tcp_mss_default":	1448,
		"target_bitrate":	0,
		"fq_rate":	0,
		"sock_bufsize":	0,
		"sndbuf_actual":	1000000,
		"rcvbuf_actual":	1000000,
		"test_start":	{
			"protocol":	"TCP",
			"num_streams":	1,
			"blksize":	131072,
			"omit":	0,
			"duration":	0,
			"bytes":	107374182,
			"blocks":	0,
			"reverse":	0,
			"tos":	0,
			"target_bitrate":	0,
			"bidir":	0,
			"fqrate":	0
		}
	},
	"intervals":	[{
			"streams":	[{
					"socket":	8,
					"start":	0,
					"end":	1.001049,
					"seconds":	1.0010490417480469,
					"bytes":	97124352,
					"bits_per_second":	776180570.17786062,
					"retransmits":	10806,
					"snd_cwnd":	10854208,
					"snd_wnd":	53186560,
					"rtt":	162721,
					"rttvar":	3158,
					"pmtu":	1500,
					"omitted":	false,
					"sender":	true
				}],
			"sum":	{
				"start":	0,
				"end":	1.001049,
				"seconds":	1.0010490417480469,
				"bytes":	97124352,
				"bits_per_second":	776180570.17786062,
				"retransmits":	10806,
				"omitted":	false,
				"sender":	true
			}
		}, {
			"streams":	[{
					"socket":	8,
					"start":	1.001049,
					"end":	2.00105,
					"seconds":	1.0000009536743164,
					"bytes":	0,
					"bits_per_second":	0,
					"retransmits":	5858,
					"snd_cwnd":	4336760,
					"snd_wnd":	72548352,
					"rtt":	282973,
					"rttvar":	1170,
					"pmtu":	1500,
					"omitted":	false,
					"sender":	true
				}],
			"sum":	{
				"start":	1.001049,
				"end":	2.00105,
				"seconds":	1.0000009536743164,
				"bytes":	0,
				"bits_per_second":	0,
				"retransmits":	5858,
				"omitted":	false,
				"sender":	true
			}
		}, {
			"streams":	[{
					"socket":	8,
					"start":	2.00105,
					"end":	3.001063,
					"seconds":	1.000012993812561,
					"bytes":	0,
					"bits_per_second":	0,
					"retransmits":	6983,
					"snd_cwnd":	6979360,
					"snd_wnd":	87134208,
					"rtt":	319133,
					"rttvar":	4107,
					"pmtu":	1500,
					"omitted":	false,
					"sender":	true
				}],
			"sum":	{
				"start":	2.00105,
				"end":	3.001063,
				"seconds":	1.000012993812561,
				"bytes":	0,
				"bits_per_second":	0,
				"retransmits":	6983,
				"omitted":	false,
				"sender":	true
			}
		}, {
			"streams":	[{
					"socket":	8,
					"start":	3.001063,
					"end":	4.001043,
					"seconds":	0.99997997283935547,
					"bytes":	0,
					"bits_per_second":	0,
					"retransmits":	6319,
					"snd_cwnd":	2519520,
					"snd_wnd":	84295680,
					"rtt":	227306,
					"rttvar":	2668,
					"pmtu":	1500,
					"omitted":	false,
					"sender":	true
				}],
			"sum":	{
				"start":	3.001063,
				"end":	4.001043,
				"seconds":	0.99997997283935547,
				"bytes":	0,
				"bits_per_second":	0,
				"retransmits":	6319,
				"omitted":	false,
				"sender":	true
			}
		}, {
			"streams":	[{
					"socket":	8,
					"start":	4.001043,
					"end":	5.000334,
					"seconds":	0.99929100275039673,
					"bytes":	10354688,
					"bits_per_second":	82896277.232560232,
					"retransmits":	607,
					"snd_cwnd":	1390080,
					"snd_wnd":	87158784,
					"rtt":	121642,
					"rttvar":	92,
					"pmtu":	1500,
					"omitted":	false,
					"sender":	true
				}],
			"sum":	{
				"start":	4.001043,
				"end":	5.000334,
				"seconds":	0.99929100275039673,
				"bytes":	10354688,
				"bits_per_second":	82896277.232560232,
				"retransmits":	607,
				"omitted":	false,
				"sender":	true
			}
		}],
	"end":	{
		"streams":	[{
				"sender":	{
					"socket":	8,
					"start":	0,
					"end":	5.000689,
					"seconds":	5.000689,
					"bytes":	107479040,
					"bits_per_second":	171942770.28625455,
					"retransmits":	30573,
					"max_snd_cwnd":	10854208,
					"max_snd_wnd":	87158784,
					"max_rtt":	319133,
					"min_rtt":	121642,
					"mean_rtt":	205904,
					"sender":	true
				},
				"receiver":	{
					"socket":	8,
					"start":	0,
					"end":	5.074185,
					"seconds":	5.000689,
					"bytes":	87162880,
					"bits_per_second":	137421682.49679506,
					"sender":	true
				}
			}],
		"sum_sent":	{
			"start":	0,
			"end":	5.000689,
			"seconds":	5.000689,
			"bytes":	107479040,
			"bits_per_second":	171942770.28625455,
			"retransmits":	30573,
			"sender":	true
		},
		"sum_received":	{
			"start":	0,
			"end":	5.074185,
			"seconds":	5.074185,
			"bytes":	87162880,
			"bits_per_second":	137421682.49679506,
			"sender":	true
		},
		"cpu_utilization_percent":	{
			"host_total":	15.810970394708651,
			"host_user":	14.878041023525673,
			"host_system":	0.932948415221748,
			"remote_total":	1.0407746953658319,
			"remote_user":	0.069764678222246232,
			"remote_system":	0.97102972467980675
		},
		"sender_tcp_congestion":	"bbr",
		"receiver_tcp_congestion":	"bbr"
	}
}
