{
	"start":	{
		"connected":	[{
				"socket":	8,
				"local_host":	"172.16.0.30",
				"local_port":	50530,
				"remote_host":	"172.17.0.30",
				"remote_port":	5201
			}],
		"version":	"iperf 3.16",
		"system_info":	"Linux h1 6.12.54-0b264c55b-l4steam-117 #1 SMP PREEMPT_DYNAMIC Fri Nov  7 18:07:57 UTC 2025 x86_64",
		"timestamp":	{
			"time":	"Sun, 22 Feb 2026 02:49:14 GMT",
			"timesecs":	1771728554
		},
		"connecting_to":	{
			"host":	"172.17.0.30",
			"port":	5201
		},
		"cookie":	"nhvgtc2zpj5ugvqbdz5qdry76cop63mmxzzp",
		"tcp_mss_default":	1448,
		"target_bitrate":	0,
		"fq_rate":	0,
		"sock_bufsize":	0,
		"sndbuf_actual":	1000000,
		"rcvbuf_actual":	1000000,
		"test_start":	{
			"protocol":	"TCP",
			"num_streams":	1,
			"blksize":	131072,
			"omit":	0,
			"duration":	0,
			"bytes":	107374182,
			"blocks":	0,
			"reverse":	0,
			"tos":	0,
			"target_bitrate":	0,
			"bidir":	0,
			"fqrate":	0
		}
	},
	"intervals":	[{
			"streams":	[{
					"socket":	8,
					"start":	0,
					"end":	1.00104,
					"seconds":	1.001039981842041,
					"bytes":	38666240,
					"bits_per_second":	309008556.71198422,
					"retransmits":	12500,
					"snd_cwnd":	6394368,
					"snd_wnd":	41435136,
					"rtt":	157861,
					"rttvar":	2399,
					"pmtu":	1500,
					"omitted":	false,
					"sender":	true
				}],
			"sum":	{
				"start":	0,
				"end":	1.00104,
				"seconds":	1.001039981842041,
				"bytes":	38666240,
				"bits_per_second":	309008556.71198422,
				"retransmits":	12500,
				"omitted":	false,
				"sender":	true
			}
		}, {
			"streams":	[{
					"socket":	8,
					"start":	1.00104,
					"end":	2.001041,
					"seconds":	1.0000009536743164,
					"bytes":	4849664,
					"bits_per_second":	38797275.000035286,
					"retransmits":	4787,
					"snd_cwnd":	4963744,
					"snd_wnd":	60678144,
					"rtt":	236538,
					"rttvar":	2032,
					"pmtu":	1500,
					"omitted":	false,
					"sender":	true
				}],
			"sum":	{
				"start":	1.00104,
				"end":	2.001041,
				"seconds":	1.0000009536743164,
				"bytes":	4849664,
				"bits_per_second":	38797275.000035286,
				"retransmits":	4787,
				"omitted":	false,
				"sender":	true
			}
		}, {
			"streams":	[{
					"socket":	8,
					"start":	2.001041,
					"end":	3.000083,
					"seconds":	0.999041974544525,
					"bytes":	0,
					"bits_per_second":	0,
					"retransmits":	1665,
					"snd_cwnd":	2539792,
					"snd_wnd":	66293760,
					"rtt":	211011,
					"rttvar":	12499,
					"pmtu":	1500,
					"omitted":	false,
					"sender":	true
				}],
			"sum":	{
				"start":	2.001041,
				"end":	3.000083,
				"seconds":	0.999041974544525,
				"bytes":	0,
				"bits_per_second":	0,
				"retransmits":	1665,
				"omitted":	false,
				"sender":	true
			}
		}, {
			"streams":	[{
					"socket":	8,
					"start":	3.000083,
					"end":	4.001057,
					"seconds":	1.0009740591049194,
					"bytes":	0,
					"bits_per_second":	0,
					"retransmits":	3072,
					"snd_cwnd":	845632,
					"snd_wnd":	63242240,
					"rtt":	144958,
					"rttvar":	1451,
					"pmtu":	1500,
					"omitted":	false,
					"sender":	true
				}],
			"sum":	{
				"start":	3.000083,
				"end":	4.001057,
				"seconds":	1.0009740591049194,
				"bytes":	0,
				"bits_per_second":	0,
				"retransmits":	3072,
				"omitted":	false,
				"sender":	true
			}
		}, {
			"streams":	[{
					"socket":	8,
					"start":	4.001057,
					"end":	5.001046,
					"seconds":	0.99998897314071655,
					"bytes":	8650752,
					"bits_per_second":	69206779.133414969,
					"retransmits":	519,
					"snd_cwnd":	816672,
					"snd_wnd":	68104192,
					"rtt":	129916,
					"rttvar":	853,
					"pmtu":	1500,
					"omitted":	false,
					"sender":	true
				}],
			"sum":	{
				"start":	4.001057,
				"end":	5.001046,
				"seconds":	0.99998897314071655,
				"bytes":	8650752,
				"bits_per_second":	69206779.133414969,
				"retransmits":	519,
				"omitted":	false,
				"sender":	true
			}
		}, {
			"streams":	[{
					"socket":	8,
					"start":	5.001046,
					"end":	6.001047,
					"seconds":	1.0000009536743164,
					"bytes":	6029312,
					"bits_per_second":	48234450.000043869,
					"retransmits":	15,
					"snd_cwnd":	857216,
					"snd_wnd":	68366336,
					"rtt":	70166,
					"rttvar":	642,
					"pmtu":	1500,
					"omitted":	false,
					"sender":	true
				}],
			"sum":	{
				"start":	5.001046,
				"end":	6.001047,
				"seconds":	1.0000009536743164,
				"bytes":	6029312,
				"bits_per_second":	48234450.000043869,
				"retransmits":	15,
				"omitted":	false,
				"sender":	true
			}
		}, {
			"streams":	[{
					"socket":	8,
					"start":	6.001047,
					"end":	7.002115,
					"seconds":	1.0010679960250854,
					"bytes":	6029312,
					"bits_per_second":	48183036.708318971,
					"retransmits":	8,
					"snd_cwnd":	813776,
					"snd_wnd":	68366336,
					"rtt":	65115,
					"rttvar":	321,
					"pmtu":	1500,
					"omitted":	false,
					"sender":	true
				}],
			"sum":	{
				"start":	6.001047,
				"end":	7.002115,
				"seconds":	1.0010679960250854,
				"bytes":	6029312,
				"bits_per_second":	48183036.708318971,
				"retransmits":	8,
				"omitted":	false,
				"sender":	true
			}
		}, {
			"streams":	[{
					"socket":	8,
					"start":	7.002115,
					"end":	8.000273,
					"seconds":	0.99815797805786133,
					"bytes":	5898240,
					"bits_per_second":	47272997.899401374,
					"retransmits":	0,
					"snd_cwnd":	706624,
					"snd_wnd":	68366336,
					"rtt":	64350,
					"rttvar":	294,
					"pmtu":	1500,
					"omitted":	false,
					"sender":	true
				}],
			"sum":	{
				"start":	7.002115,
				"end":	8.000273,
				"seconds":	0.99815797805786133,
				"bytes":	5898240,
				"bits_per_second":	47272997.899401374,
				"retransmits":	0,
				"omitted":	false,
				"sender":	true
			}
		}, {
			"streams":	[{
					"socket":	8,
					"start":	8.000273,
					"end":	9.003124,
					"seconds":	1.0028510093688965,
					"bytes":	6029312,
					"bits_per_second":	48097369.94765994,
					"retransmits":	0,
					"snd_cwnd":	891968,
					"snd_wnd":	68370432,
					"rtt":	65058,
					"rttvar":	667,
					"pmtu":	1500,
					"omitted":	false,
					"sender":	true
				}],
			"sum":	{
				"start":	8.000273,
				"end":	9.003124,
				"seconds":	1.0028510093688965,
				"bytes":	6029312,
				"bits_per_second":	48097369.94765994,
				"retransmits":	0,
				"omitted":	false,
				"sender":	true
			}
		}, {
			"streams":	[{
					"socket":	8,
					"start":	9.003124,
					"end":	10.000485,
					"seconds":	0.99736100435256958,
					"bytes":	31326208,
					"bits_per_second":	251272771.75096858,
					"retransmits":	0,
					"snd_cwnd":	6081600,
					"snd_wnd":	68370432,
					"rtt":	61050,
					"rttvar":	90,
					"pmtu":	1500,
					"omitted":	false,
					"sender":	true
				}],
			"sum":	{
				"start":	9.003124,
				"end":	10.000485,
				"seconds":	0.99736100435256958,
				"bytes":	31326208,
				"bits_per_second":	251272771.75096858,
				"retransmits":	0,
				"omitted":	false,
				"sender":	true
			}
		}],
	"end":	{
		"streams":	[{
				"sender":	{
					"socket":	8,
					"start":	0,
					"end":	10.000767,
					"seconds":	10.000767,
					"bytes":	107479040,
					"bits_per_second":	85976637.5918967,
					"retransmits":	22566,
					"max_snd_cwnd":	6394368,
					"max_snd_wnd":	68370432,
					"max_rtt":	236538,
					"min_rtt":	61050,
					"mean_rtt":	115188,
					"sender":	true
				},
				"receiver":	{
					"socket":	8,
					"start":	0,
					"end":	10.069367,
					"seconds":	10.000767,
					"bytes":	90963968,
					"bits_per_second":	72269860.06170994,
					"sender":	true
				}
			}],
		"sum_sent":	{
			"start":	0,
			"end":	10.000767,
			"seconds":	10.000767,
			"bytes":	107479040,
			"bits_per_second":	85976637.5918967,
			"retransmits":	22566,
			"sender":	true
		},
		"sum_received":	{
			"start":	0,
			"end":	10.069367,
			"seconds":	10.069367,
			"bytes":	90963968,
			"bits_per_second":	72269860.06170994,
			"sender":	true
		},
		"cpu_utilization_percent":	{
			"host_total":	1.5042760016478269,
			"host_user":	0.99841966219547973,
			"host_system":	0.5058563394523472,
			"remote_total":	1.5839604821746722,