{
	"start":	{
		"connected":	[{
				"socket":	8,
				"local_host":	"172.16.0.3",
				"local_port":	59806,
				"remote_host":	"172.17.0.3",
				"remote_port":	5201
			}],
		"version":	"iperf 3.16",
		"system_info":	"Linux h1 6.12.54-0b264c55b-l4steam-117 #1 SMP PREEMPT_DYNAMIC Fri Nov  7 18:07:57 UTC 2025 x86_64",
		"timestamp":	{
			"time":	"Sun, 22 Feb 2026 02:49:14 GMT",
			"timesecs":	1771728554
		},
		"connecting_to":	{
			"host":	"172.17.0.3",
			"port":	5201
		},
		"cookie":	"syh3ht6mbof6bjgk5lysharw7m3el726breh",
		"tcp_mss_default":	1448,
		"target_bitrate":	0,
		"fq_rate":	0,
		"sock_bufsize":	0,
		"sndbuf_actual":	1000000,
		"rcvbuf_actual":	1000000,
		"test_start":	{
			"protocol":	"TCP",
			"num_streams":	1,
			"blksize":	131072,
			"omit":	0,
			"duration":	0,
			"bytes":	107374182,
			"blocks":	0,
			"reverse":	0,
			"tos":	0,
			"target_bitrate":	0,
			"bidir":	0,
			"fqrate":	0
		}
	},
	"intervals":	[{
			"streams":	[{
					"socket":	8,
					"start":	0,
					"end":	1.001025,
					"seconds":	1.0010249614715576,
					"bytes":	107479040,
					"bits_per_second":	858951927.368527,
					"retransmits":	15841,
					"snd_cwnd":	12224016,
					"snd_wnd":	74547200,
					"rtt":	117960,
					"rttvar":	589,
					"pmtu":	1500,
					"omitted":	false,
					"sender":	true
				}],
			"sum":	{
				"start":	0,
				"end":	1.001025,
				"seconds":	1.0010249614715576,
				"bytes":	107479040,
				"bits_per_second":	858951927.368527,
				"retransmits":	15841,
				"omitted":	false,
				"sender":	true
			}
		}],
	"end":	{
		"streams":	[{
				"sender":	{
					"socket":	8,
					"start":	0,
					"end":	1.001285,
					"seconds":	1.001285,
					"bytes":	107479040,
					"bits_per_second":	858728853.423351,
					"retransmits":	15841,
					"max_snd_cwnd":	12224016,
					"max_snd_wnd":	74547200,
					"max_rtt":	117960,
					"min_rtt":	117960,
					"mean_rtt":	117960,
					"sender":	true
				},
				"receiver":	{
					"socket":	8,
					"start":	0,
					"end":	1.062322,
					"seconds":	1.001285,
					"bytes":	28966912,
					"bits_per_second":	218140352.92500767,
					"sender":	true
				}
			}],
		"sum_sent":	{
			"start":	0,
			"end":	1.001285,
			"seconds":	1.001285,
			"bytes":	107479040,
			"bits_per_second":	858728853.423351,
			"retransmits":	15841,
			"sender":	true
		},
		"sum_received":	{
			"start":	0,
			"end":	1.062322,
			"seconds":	1.062322,
			"bytes":	28966912,
			"bits_per_second":	218140352.92500767,
			"sender":	true
		},
		"cpu_utilization_percent":	{
			"host_total":	53.363875852066244,
			"host_user":	48.464006967042572,
			"host_system":	4.8997883970087432,
			"remote_total":	1.817129248306796,
			"remote_user":	0,
			"remote_system":	1.8172233805720417
		},
		"sender_tcp_congestion":	"bbr",
		"receiver_tcp_congestion":	"bbr"
	}
}
