{
	"start":	{
		"connected":	[{
				"socket":	8,
				"local_host":	"172.16.0.54",
				"local_port":	51878,
				"remote_host":	"172.17.0.54",
				"remote_port":	5201
			}],
		"version":	"iperf 3.16",
		"system_info":	"Linux h1 6.12.54-0b264c55b-l4steam-117 #1 SMP PREEMPT_DYNAMIC Fri Nov  7 18:07:57 UTC 2025 x86_64",
		"timestamp":	{
			"time":	"Sun, 22 Feb 2026 02:49:15 GMT",
			"timesecs":	1771728555
		},
		"connecting_to":	{
			"host":	"172.17.0.54",
			"port":	5201
		},
		"cookie":	"x5ks5dejnghn43avyzfxmyr4g3v6o4zodpty",
		"tcp_mss_default":	1448,
		"target_bitrate":	0,
		"fq_rate":	0,
		"sock_bufsize":	0,
		"sndbuf_actual":	1000000,
		"rcvbuf_actual":	1000000,
		"test_start":	{
			"protocol":	"TCP",
			"num_streams":	1,
			"blksize":	131072,
			"omit":	0,
			"duration":	0,
			"bytes":	107374182,
			"blocks":	0,
			"reverse":	0,
			"tos":	0,
			"target_bitrate":	0,
			"bidir":	0,
			"fqrate":	0
		}
	},
	"intervals":	[{
			"streams":	[{
					"socket":	8,
					"start":	0,
					"end":	1.001039,
					"seconds":	1.0010390281677246,
					"bytes":	32112640,
					"bits_per_second":	256634469.55732089,
					"retransmits":	5778,
					"snd_cwnd":	4138384,
					"snd_wnd":	31232000,
					"rtt":	60809,
					"rttvar":	213,
					"pmtu":	1500,
					"omitted":	false,
					"sender":	true
				}],
			"sum":	{
				"start":	0,
				"end":	1.001039,
				"seconds":	1.0010390281677246,
				"bytes":	32112640,
				"bits_per_second":	256634469.55732089,
				"retransmits":	5778,
				"omitted":	false,
				"sender":	true
			}
		}, {
			"streams":	[{
					"socket":	8,
					"start":	1.001039,
					"end":	2.001047,
					"seconds":	1.0000079870224,
					"bytes":	10878976,
					"bits_per_second":	87031112.880551934,
					"retransmits":	69,
					"snd_cwnd":	2460152,
					"snd_wnd":	58191872,
					"rtt":	196302,
					"rttvar":	1146,
					"pmtu":	1500,
					"omitted":	false,
					"sender":	true
				}],
			"sum":	{
				"start":	1.001039,
				"end":	2.001047,
				"seconds":	1.0000079870224,
				"bytes":	10878976,
				"bits_per_second":	87031112.880551934,
				"retransmits":	69,
				"omitted":	false,
				"sender":	true
			}
		}, {
			"streams":	[{
					"socket":	8,
					"start":	2.001047,
					"end":	3.001039,
					"seconds":	0.9999920129776,
					"bytes":	5898240,
					"bits_per_second":	47186296.878010131,
					"retransmits":	1690,
					"snd_cwnd":	2024304,
					"snd_wnd":	70995968,
					"rtt":	167641,
					"rttvar":	407,
					"pmtu":	1500,
					"omitted":	false,
					"sender":	true
				}],
			"sum":	{
				"start":	2.001047,
				"end":	3.001039,
				"seconds":	0.9999920129776,
				"bytes":	5898240,
				"bits_per_second":	47186296.878010131,
				"retransmits":	1690,
				"omitted":	false,
				"sender":	true
			}
		}, {
			"streams":	[{
					"socket":	8,
					"start":	3.001039,
					"end":	4.001049,
					"seconds":	1.0000100135803223,
					"bytes":	13893632,
					"bits_per_second":	111147943.011145,
					"retransmits":	431,
					"snd_cwnd":	1384288,
					"snd_wnd":	74981376,
					"rtt":	125882,
					"rttvar":	782,
					"pmtu":	1500,
					"omitted":	false,
					"sender":	true
				}],
			"sum":	{
				"start":	3.001039,
				"end":	4.001049,
				"seconds":	1.0000100135803223,
				"bytes":	13893632,
				"bits_per_second":	111147943.011145,
				"retransmits":	431,
				"omitted":	false,
				"sender":	true
			}
		}, {
			"streams":	[{
					"socket":	8,
					"start":	4.001049,
					"end":	5.001039,
					"seconds":	0.99998998641967773,
					"bytes":	10878976,
					"bits_per_second":	87032679.508726925,
					"retransmits":	14,
					"snd_cwnd":	1410352,
					"snd_wnd":	75022336,
					"rtt":	110017,
					"rttvar":	179,
					"pmtu":	1500,
					"omitted":	false,
					"sender":	true
				}],
			"sum":	{
				"start":	4.001049,
				"end":	5.001039,
				"seconds":	0.99998998641967773,
				"bytes":	10878976,
				"bits_per_second":	87032679.508726925,
				"retransmits":	14,
				"omitted":	false,
				"sender":	true
			}
		}, {
			"streams":	[{
					"socket":	8,
					"start":	5.001039,
					"end":	6.001044,
					"seconds":	1.0000050067901611,
					"bytes":	10878976,
					"bits_per_second":	87031372.2521817,
					"retransmits":	9,
					"snd_cwnd":	1445104,
					"snd_wnd":	75022336,
					"rtt":	108552,
					"rttvar":	227,
					"pmtu":	1500,
					"omitted":	false,
					"sender":	true
				}],
			"sum":	{
				"start":	5.001039,
				"end":	6.001044,
				"seconds":	1.0000050067901611,
				"bytes":	10878976,
				"bits_per_second":	87031372.2521817,
				"retransmits":	9,
				"omitted":	false,
				"sender":	true
			}
		}, {
			"streams":	[{
					"socket":	8,
					"start":	6.001044,
					"end":	7.001044,
					"seconds":	1,
					"bytes":	10878976,
					"bits_per_second":	87031808,
					"retransmits":	0,
					"snd_cwnd":	1555152,
					"snd_wnd":	75022336,
					"rtt":	96519,
					"rttvar":	326,
					"pmtu":	1500,
					"omitted":	false,
					"sender":	true
				}],
			"sum":	{
				"start":	6.001044,
				"end":	7.001044,
				"seconds":	1,
				"bytes":	10878976,
				"bits_per_second":	87031808,
				"retransmits":	0,
				"omitted":	false,
				"sender":	true
			}
		}, {
			"streams":	[{
					"socket":	8,
					"start":	7.001044,
					"end":	8.001743,
					"seconds":	1.0006990432739258,
					"bytes":	12058624,
					"bits_per_second":	96401603.107751861,
					"retransmits":	0,
					"snd_cwnd":	1801312,
					"snd_wnd":	75022336,
					"rtt":	58153,
					"rttvar":	504,
					"pmtu":	1500,
					"omitted":	false,
					"sender":	true
				}],
			"sum":	{
				"start":	7.001044,
				"end":	8.001743,
				"seconds":	1.0006990432739258,
				"bytes":	12058624,
				"bits_per_second":	96401603.107751861,
				"retransmits":	0,
				"omitted":	false,
				"sender":	true
			}
		}],
	"end":	{
		"streams":	[{
				"sender":	{
					"socket":	8,
					"start":	0,
					"end":	8.003406,
					"seconds":	8.003406,
					"bytes":	107479040,
					"bits_per_second":	107433300.272409,
					"retransmits":	7991,
					"max_snd_cwnd":	4138384,
					"max_snd_wnd":	75022336,
					"max_rtt":	196302,
					"min_rtt":	58104,
					"mean_rtt":	109108,
					"sender":	true
				},
				"receiver":	{
					"socket":	8,
					"start":	0,
					"end":	8.090567,
					"seconds":	8.003406,
					"bytes":	96731136,
					"bits_per_second":	95648313.400037348,
					"sender":	true
				}
			}],
		"sum_sent":	{
			"start":	0,
			"end":	8.003406,
			"seconds":	8.003406,
			"bytes":	107479040,
			"bits_per_second":	107433300.272409,
			"retransmits":	7991,
			"sender":	true
		},
		"sum_received":	{
			"start":	0,
			"end":	8.090567,
			"seconds":	8.090567,
			"bytes":	96731136,
			"bits_per_second":	95648313.400037348,
			"sender":	true
		},
		"cpu_utilization_percent":	{
			"host_total":	0.80611182970218231,
			"host_user":	0.28171804882338147,
			"host_system":	0.52435784134203978,
			"remote_total":	1.6205660715044974,
			"remote_user":	0.18650112081129533,
			"remote_system":	1.4340649506932024
		},
		"sender_tcp_congestion":	"bbr",
		"receiver_tcp_congestion":	"bbr"
	}
}
