{
	"start":	{
		"connected":	[{
				"socket":	8,
				"local_host":	"172.16.0.72",
				"local_port":	48276,
				"remote_host":	"172.17.0.72",
				"remote_port":	5201
			}],
		"version":	"iperf 3.16",
		"system_info":	"Linux h1 6.12.54-0b264c55b-l4steam-117 #1 SMP PREEMPT_DYNAMIC Fri Nov  7 18:07:57 UTC 2025 x86_64",
		"timestamp":	{
			"time":	"Sun, 22 Feb 2026 02:49:15 GMT",
			"timesecs":	1771728555
		},
		"connecting_to":	{
			"host":	"172.17.0.72",
			"port":	5201
		},
		"cookie":	"n5qnxko7ci4qv6luu3v3pbdssyvh3yamsqws",
		"tcp_mss_default":	1448,
		"target_bitrate":	0,
		"fq_rate":	0,
		"sock_bufsize":	0,
		"sndbuf_actual":	1000000,
		"rcvbuf_actual":	1000000,
		"test_start":	{
			"protocol":	"TCP",
			"num_streams":	1,
			"blksize":	131072,
			"omit":	0,
			"duration":	0,
			"bytes":	107374182,
			"blocks":	0,
			"reverse":	0,
			"tos":	0,
			"target_bitrate":	0,
			"bidir":	0,
			"fqrate":	0
		}
	},
	"intervals":	[{
			"streams":	[{
					"socket":	8,
					"start":	0,
					"end":	1.001037,
					"seconds":	1.0010370016098022,
					"bytes":	17563648,
					"bits_per_second":	140363626.69316152,
					"retransmits":	4086,
					"snd_cwnd":	4659664,
					"snd_wnd":	26300416,
					"rtt":	215793,
					"rttvar":	1755,
					"pmtu":	1500,
					"omitted":	false,
					"sender":	true
				}],
			"sum":	{
				"start":	0,
				"end":	1.001037,
				"seconds":	1.0010370016098022,
				"bytes":	17563648,
				"bits_per_second":	140363626.69316152,
				"retransmits":	4086,
				"omitted":	false,
				"sender":	true
			}
		}, {
			"streams":	[{
					"socket":	8,
					"start":	1.001037,
					"end":	2.001042,
					"seconds":	1.0000050067901611,
					"bytes":	28573696,
					"bits_per_second":	228588423.50573024,
					"retransmits":	2728,
					"snd_cwnd":	2644048,
					"snd_wnd":	49278976,
					"rtt":	194258,
					"rttvar":	1246,
					"pmtu":	1500,
					"omitted":	false,
					"sender":	true
				}],
			"sum":	{
				"start":	1.001037,
				"end":	2.001042,
				"seconds":	1.0000050067901611,
				"bytes":	28573696,
				"bits_per_second":	228588423.50573024,
				"retransmits":	2728,
				"omitted":	false,
				"sender":	true
			}
		}, {
			"streams":	[{
					"socket":	8,
					"start":	2.001042,
					"end":	3.001025,
					"seconds":	0.999983012676239,
					"bytes":	9830400,
					"bits_per_second":	78644535.9601944,
					"retransmits":	1750,
					"snd_cwnd":	1465376,
					"snd_wnd":	66465792,
					"rtt":	132699,
					"rttvar":	3301,
					"pmtu":	1500,
					"omitted":	false,
					"sender":	true
				}],
			"sum":	{
				"start":	2.001042,
				"end":	3.001025,
				"seconds":	0.999983012676239,
				"bytes":	9830400,
				"bits_per_second":	78644535.9601944,
				"retransmits":	1750,
				"omitted":	false,
				"sender":	true
			}
		}, {
			"streams":	[{
					"socket":	8,
					"start":	3.001025,
					"end":	4.001037,
					"seconds":	1.0000120401382446,
					"bytes":	7864320,
					"bits_per_second":	62913802.5091203,
					"retransmits":	0,
					"snd_cwnd":	1450896,
					"snd_wnd":	71565312,
					"rtt":	118439,
					"rttvar":	173,
					"pmtu":	1500,
					"omitted":	false,
					"sender":	true
				}],
			"sum":	{
				"start":	3.001025,
				"end":	4.001037,
				"seconds":	1.0000120401382446,
				"bytes":	7864320,
				"bits_per_second":	62913802.5091203,
				"retransmits":	0,
				"omitted":	false,
				"sender":	true
			}
		}, {
			"streams":	[{
					"socket":	8,
					"start":	4.001037,
					"end":	5.001044,
					"seconds":	1.0000070333480835,
					"bytes":	15728640,
					"bits_per_second":	125828235.00622447,
					"retransmits":	0,
					"snd_cwnd":	1485648,
					"snd_wnd":	71565312,
					"rtt":	116000,
					"rttvar":	244,
					"pmtu":	1500,
					"omitted":	false,
					"sender":	true
				}],
			"sum":	{
				"start":	4.001037,
				"end":	5.001044,
				"seconds":	1.0000070333480835,
				"bytes":	15728640,
				"bits_per_second":	125828235.00622447,
				"retransmits":	0,
				"omitted":	false,
				"sender":	true
			}
		}, {
			"streams":	[{
					"socket":	8,
					"start":	5.001044,
					"end":	6.00105,
					"seconds":	1.0000059604644775,
					"bytes":	7864320,
					"bits_per_second":	62914185.002235159,
					"retransmits":	0,
					"snd_cwnd":	1482752,
					"snd_wnd":	71565312,
					"rtt":	115838,
					"rttvar":	633,
					"pmtu":	1500,
					"omitted":	false,
					"sender":	true
				}],
			"sum":	{
				"start":	5.001044,
				"end":	6.00105,
				"seconds":	1.0000059604644775,
				"bytes":	7864320,
				"bits_per_second":	62914185.002235159,
				"retransmits":	0,
				"omitted":	false,
				"sender":	true
			}
		}, {
			"streams":	[{
					"socket":	8,
					"start":	6.00105,
					"end":	7.001033,
					"seconds":	0.999983012676239,
					"bytes":	15859712,
					"bits_per_second":	126879851.34911361,
					"retransmits":	0,
					"snd_cwnd":	1656512,
					"snd_wnd":	71565312,
					"rtt":	91210,
					"rttvar":	255,
					"pmtu":	1500,
					"omitted":	false,
					"sender":	true
				}],
			"sum":	{
				"start":	6.00105,
				"end":	7.001033,
				"seconds":	0.999983012676239,
				"bytes":	15859712,
				"bits_per_second":	126879851.34911361,
				"retransmits":	0,
				"omitted":	false,
				"sender":	true
			}
		}, {
			"streams":	[{
					"socket":	8,
					"start":	7.001033,
					"end":	8.002149,
					"seconds":	1.0011160373687744,
					"bytes":	4194304,
					"bits_per_second":	33517025.746776424,
					"retransmits":	0,
					"snd_cwnd":	2956816,
					"snd_wnd":	71565312,
					"rtt":	138656,
					"rttvar":	237,
					"pmtu":	1500,
					"omitted":	false,
					"sender":	true
				}],
			"sum":	{
				"start":	7.001033,
				"end":	8.002149,
				"seconds":	1.0011160373687744,
				"bytes":	4194304,
				"bits_per_second":	33517025.746776424,
				"retransmits":	0,
				"omitted":	false,
				"sender":	true
			}
		}],
	"end":	{
		"streams":	[{
				"sender":	{
					"socket":	8,
					"start":	0,
					"end":	8.002524,
					"seconds":	8.002524,
					"bytes":	107479040,
					"bits_per_second":	107445141.05799621,
					"retransmits":	8564,
					"max_snd_cwnd":	4659664,
					"max_snd_wnd":	71565312,
					"max_rtt":	215793,
					"min_rtt":	91210,
					"mean_rtt":	140172,
					"sender":	true
				},
				"receiver":	{
					"socket":	8,
					"start":	0,
					"end":	8.352252,
					"seconds":	8.002524,
					"bytes":	96206848,
					"bits_per_second":	92149372.887695432,
					"sender":	true
				}
			}],
		"sum_sent":	{
			"start":	0,
			"end":	8.002524,
			"seconds":	8.002524,
			"bytes":	107479040,
			"bits_per_second":	107445141.05799621,
			"retransmits":	8564,
			"sender":	true
		},
		"sum_received":	{
			"start":	0,
			"end":	8.352252,
			"seconds":	8.352252,
			"bytes":	96206848,
			"bits_per_second":	92149372.887695432,
			"sender":	true
		},
		"cpu_utilization_percent":	{
			"host_total":	3.0836286941246462,
			"host_user":	2.6282063211438849,
			"host_system":	0.45541109428705967,
			"remote_total":	3.1059587647331242,
			"remote_user":	0.058367379973918464,
			"remote_system":	3.0476033575550976
		},
		"sender_tcp_congestion":	"bbr",
		"receiver_tcp_congestion":	"bbr"
	}
}
