{
	"start":	{
		"connected":	[{
				"socket":	8,
				"local_host":	"172.16.0.81",
				"local_port":	55288,
				"remote_host":	"172.17.0.81",
				"remote_port":	5201
			}],
		"version":	"iperf 3.16",
		"system_info":	"Linux h1 6.12.54-0b264c55b-l4steam-117 #1 SMP PREEMPT_DYNAMIC Fri Nov  7 18:07:57 UTC 2025 x86_64",
		"timestamp":	{
			"time":	"Sun, 22 Feb 2026 02:54:51 GMT",
			"timesecs":	1771728891
		},
		"connecting_to":	{
			"host":	"172.17.0.81",
			"port":	5201
		},
		"cookie":	"chqwfb3heagapzkoxi4f7w7jt2fis4jtkqj6",
		"tcp_mss_default":	1448,
		"target_bitrate":	0,
		"fq_rate":	0,
		"sock_bufsize":	0,
		"sndbuf_actual":	1000000,
		"rcvbuf_actual":	1000000,
		"test_start":	{
			"protocol":	"TCP",
			"num_streams":	1,
			"blksize":	131072,
			"omit":	0,
			"duration":	0,
			"bytes":	107374182,
			"blocks":	0,
			"reverse":	0,
			"tos":	0,
			"target_bitrate":	0,
			"bidir":	0,
			"fqrate":	0
		}
	},
	"intervals":	[{
			"streams":	[{
					"socket":	8,
					"start":	0,
					"end":	1.007089,
					"seconds":	1.0070890188217163,
					"bytes":	17039360,
					"bits_per_second":	135355343.4228555,
					"retransmits":	438,
					"snd_cwnd":	144110752,
					"snd_wnd":	28180480,
					"rtt":	213214,
					"rttvar":	4430,
					"pmtu":	1500,
					"omitted":	false,
					"sender":	true
				}],
			"sum":	{
				"start":	0,
				"end":	1.007089,
				"seconds":	1.0070890188217163,
				"bytes":	17039360,
				"bits_per_second":	135355343.4228555,
				"retransmits":	438,
				"omitted":	false,
				"sender":	true
			}
		}, {
			"streams":	[{
					"socket":	8,
					"start":	1.007089,
					"end":	2.003277,
					"seconds":	0.99618798494339,
					"bytes":	55705600,
					"bits_per_second":	447350105.33712125,
					"retransmits":	6234,
					"snd_cwnd":	142836512,
					"snd_wnd":	103456768,
					"rtt":	138394,
					"rttvar":	2140,
					"pmtu":	1500,
					"omitted":	false,
					"sender":	true
				}],
			"sum":	{
				"start":	1.007089,
				"end":	2.003277,
				"seconds":	0.99618798494339,
				"bytes":	55705600,
				"bits_per_second":	447350105.33712125,
				"retransmits":	6234,
				"omitted":	false,
				"sender":	true
			}
		}, {
			"streams":	[{
					"socket":	8,
					"start":	2.003277,
					"end":	3.000582,
					"seconds":	0.99730497598648071,
					"bytes":	31195136,
					"bits_per_second":	250235478.623926,
					"retransmits":	36669,
					"snd_cwnd":	140668856,
					"snd_wnd":	131661824,
					"rtt":	62108,
					"rttvar":	285,
					"pmtu":	1500,
					"omitted":	false,
					"sender":	true
				}],
			"sum":	{
				"start":	2.003277,
				"end":	3.000582,
				"seconds":	0.99730497598648071,
				"bytes":	31195136,
				"bits_per_second":	250235478.623926,
				"retransmits":	36669,
				"omitted":	false,
				"sender":	true
			}
		}],
	"end":	{
		"streams":	[{
				"sender":	{
					"socket":	8,
					"start":	0,
					"end":	3.000807,
					"seconds":	3.000807,
					"bytes":	107479040,
					"bits_per_second":	286533695.76917142,
					"retransmits":	43341,
					"max_snd_cwnd":	144110752,
					"max_snd_wnd":	131661824,
					"max_rtt":	213214,
					"min_rtt":	62108,
					"mean_rtt":	118956,
					"sender":	true
				},
				"receiver":	{
					"socket":	8,
					"start":	0,
					"end":	3.07761,
					"seconds":	3.000807,
					"bytes":	107479040,
					"bits_per_second":	279383131.71584445,
					"sender":	true
				}
			}],
		"sum_sent":	{
			"start":	0,
			"end":	3.000807,
			"seconds":	3.000807,
			"bytes":	107479040,
			"bits_per_second":	286533695.76917142,
			"retransmits":	43341,
			"sender":	true
		},
		"sum_received":	{
			"start":	0,
			"end":	3.07761,
			"seconds":	3.07761,
			"bytes":	107479040,
			"bits_per_second":	279383131.71584445,
			"sender":	true
		},
		"cpu_utilization_percent":	{
			"host_total":	8.89746661054519,
			"host_user":	4.49547715941157,
			"host_system":	4.4019774285373874,
			"remote_total":	2.3236091714847742,
			"remote_user":	0,
			"remote_system":	2.3236416640618449
		},
		"sender_tcp_congestion":	"prague",
		"receiver_tcp_congestion":	"prague"
	}
}
