{
	"start":	{
		"connected":	[{
				"socket":	8,
				"local_host":	"172.16.0.103",
				"local_port":	41994,
				"remote_host":	"172.17.0.103",
				"remote_port":	5201
			}],
		"version":	"iperf 3.16",
		"system_info":	"Linux h1 6.12.54-0b264c55b-l4steam-117 #1 SMP PREEMPT_DYNAMIC Fri Nov  7 18:07:57 UTC 2025 x86_64",
		"timestamp":	{
			"time":	"Sun, 22 Feb 2026 01:27:40 GMT",
			"timesecs":	1771723660
		},
		"connecting_to":	{
			"host":	"172.17.0.103",
			"port":	5201
		},
		"cookie":	"2zpjisbcv7u45m3rj5bcliyavucc5hxldlqf",
		"tcp_mss_default":	1448,
		"target_bitrate":	0,
		"fq_rate":	0,
		"sock_bufsize":	0,
		"sndbuf_actual":	1000000,
		"rcvbuf_actual":	1000000,
		"test_start":	{
			"protocol":	"TCP",
			"num_streams":	1,
			"blksize":	131072,
			"omit":	0,
			"duration":	0,
			"bytes":	107374182,
			"blocks":	0,
			"reverse":	0,
			"tos":	0,
			"target_bitrate":	0,
			"bidir":	0,
			"fqrate":	0
		}
	},
	"intervals":	[{
			"streams":	[{
					"socket":	8,
					"start":	0,
					"end":	1.001148,
					"seconds":	1.001147985458374,
					"bytes":	19267584,
					"bits_per_second":	153963923.65453038,
					"retransmits":	0,
					"snd_cwnd":	144800000,
					"snd_wnd":	1175552,
					"rtt":	616884,
					"rttvar":	47349,
					"pmtu":	1500,
					"omitted":	false,
					"sender":	true
				}],
			"sum":	{
				"start":	0,
				"end":	1.001148,
				"seconds":	1.001147985458374,
				"bytes":	19267584,
				"bits_per_second":	153963923.65453038,
				"retransmits":	0,
				"omitted":	false,
				"sender":	true
			}
		}, {
			"streams":	[{
					"socket":	8,
					"start":	1.001148,
					"end":	2.005853,
					"seconds":	1.00470495223999,
					"bytes":	0,
					"bits_per_second":	0,
					"retransmits":	0,
					"snd_cwnd":	144800000,
					"snd_wnd":	3547136,
					"rtt":	687583,
					"rttvar":	1810,
					"pmtu":	1500,
					"omitted":	false,
					"sender":	true
				}],
			"sum":	{
				"start":	1.001148,
				"end":	2.005853,
				"seconds":	1.00470495223999,
				"bytes":	0,
				"bits_per_second":	0,
				"retransmits":	0,
				"omitted":	false,
				"sender":	true
			}
		}, {
			"streams":	[{
					"socket":	8,
					"start":	2.005853,
					"end":	3.001456,
					"seconds":	0.99560302495956421,
					"bytes":	0,
					"bits_per_second":	0,
					"retransmits":	11,
					"snd_cwnd":	101388960,
					"snd_wnd":	9875456,
					"rtt":	871406,
					"rttvar":	5131,
					"pmtu":	1500,
					"omitted":	false,
					"sender":	true
				}],
			"sum":	{
				"start":	2.005853,
				"end":	3.001456,
				"seconds":	0.99560302495956421,
				"bytes":	0,
				"bits_per_second":	0,
				"retransmits":	11,
				"omitted":	false,
				"sender":	true
			}
		}, {
			"streams":	[{
					"socket":	8,
					"start":	3.001456,
					"end":	4.001062,
					"seconds":	0.99960601329803467,
					"bytes":	19136512,
					"bits_per_second":	153152436.02316672,
					"retransmits":	0,
					"snd_cwnd":	101512040,
					"snd_wnd":	15683584,
					"rtt":	1014218,
					"rttvar":	452,
					"pmtu":	1500,
					"omitted":	false,
					"sender":	true
				}],
			"sum":	{
				"start":	3.001456,
				"end":	4.001062,
				"seconds":	0.99960601329803467,
				"bytes":	19136512,
				"bits_per_second":	153152436.02316672,
				"retransmits":	0,
				"omitted":	false,
				"sender":	true
			}
		}, {
			"streams":	[{
					"socket":	8,
					"start":	4.001062,
					"end":	5.03025,
					"seconds":	1.02918803691864,
					"bytes":	68812800,
					"bits_per_second":	534890010.62253755,
					"retransmits":	0,
					"snd_cwnd":	101512040,
					"snd_wnd":	48975872,
					"rtt":	966615,
					"rttvar":	127,
					"pmtu":	1500,
					"omitted":	false,
					"sender":	true
				}],
			"sum":	{
				"start":	4.001062,
				"end":	5.03025,
				"seconds":	1.02918803691864,
				"bytes":	68812800,
				"bits_per_second":	534890010.62253755,
				"retransmits":	0,
				"omitted":	false,
				"sender":	true
			}
		}],
	"end":	{
		"streams":	[{
				"sender":	{
					"socket":	8,
					"start":	0,
					"end":	5.033403,
					"seconds":	5.033403,
					"bytes":	107479040,
					"bits_per_second":	170825248.84258226,
					"retransmits":	11,
					"max_snd_cwnd":	144800000,
					"max_snd_wnd":	49860608,
					"max_rtt":	1014218,
					"min_rtt":	616884,
					"mean_rtt":	853840,
					"sender":	true
				},
				"receiver":	{
					"socket":	8,
					"start":	0,
					"end":	6.012107,
					"seconds":	5.033403,
					"bytes":	59899904,
					"bits_per_second":	79705705.836572766,
					"sender":	true
				}
			}],
		"sum_sent":	{
			"start":	0,
			"end":	5.033403,
			"seconds":	5.033403,
			"bytes":	107479040,
			"bits_per_second":	170825248.84258226,
			"retransmits":	11,
			"sender":	true
		},
		"sum_received":	{
			"start":	0,
			"end":	6.012107,
			"seconds":	6.012107,
			"bytes":	59899904,
			"bits_per_second":	79705705.836572766,
			"sender":	true
		},
		"cpu_utilization_percent":	{
			"host_total":	15.375619094666696,
			"host_user":	10.021066561561987,
			"host_system":	5.3545369789393487,
			"remote_total":	1.1721951205718961,
			"remote_user":	0,
			"remote_system":	1.1721784875565917
		},
		"sender_tcp_congestion":	"cubic",
		"receiver_tcp_congestion":	"cubic"
	}
}
