{
	"start":	{
		"connected":	[{
				"socket":	8,
				"local_host":	"172.16.0.127",
				"local_port":	56434,
				"remote_host":	"172.17.0.127",
				"remote_port":	5201
			}],
		"version":	"iperf 3.16",
		"system_info":	"Linux h1 6.12.54-0b264c55b-l4steam-117 #1 SMP PREEMPT_DYNAMIC Fri Nov  7 18:07:57 UTC 2025 x86_64",
		"timestamp":	{
			"time":	"Sun, 22 Feb 2026 01:27:40 GMT",
			"timesecs":	1771723660
		},
		"connecting_to":	{
			"host":	"172.17.0.127",
			"port":	5201
		},
		"cookie":	"l6ywf4oc3dct3qtzmrxxrj2clyr3zt3z7hbo",
		"tcp_mss_default":	1448,
		"target_bitrate":	0,
		"fq_rate":	0,
		"sock_bufsize":	0,
		"sndbuf_actual":	1000000,
		"rcvbuf_actual":	1000000,
		"test_start":	{
			"protocol":	"TCP",
			"num_streams":	1,
			"blksize":	131072,
			"omit":	0,
			"duration":	0,
			"bytes":	107374182,
			"blocks":	0,
			"reverse":	0,
			"tos":	0,
			"target_bitrate":	0,
			"bidir":	0,
			"fqrate":	0
		}
	},
	"intervals":	[{
			"streams":	[{
					"socket":	8,
					"start":	0,
					"end":	1.001117,
					"seconds":	1.0011169910430908,
					"bytes":	19267584,
					"bits_per_second":	153968690.35196045,
					"retransmits":	0,
					"snd_cwnd":	144800000,
					"snd_wnd":	561152,
					"rtt":	658144,
					"rttvar":	54458,
					"pmtu":	1500,
					"omitted":	false,
					"sender":	true
				}],
			"sum":	{
				"start":	0,
				"end":	1.001117,
				"seconds":	1.0011169910430908,
				"bytes":	19267584,
				"bits_per_second":	153968690.35196045,
				"retransmits":	0,
				"omitted":	false,
				"sender":	true
			}
		}, {
			"streams":	[{
					"socket":	8,
					"start":	1.001117,
					"end":	2.001212,
					"seconds":	1.000095009803772,
					"bytes":	0,
					"bits_per_second":	0,
					"retransmits":	0,
					"snd_cwnd":	144800000,
					"snd_wnd":	1617920,
					"rtt":	626288,
					"rttvar":	3601,
					"pmtu":	1500,
					"omitted":	false,
					"sender":	true
				}],
			"sum":	{
				"start":	1.001117,
				"end":	2.001212,
				"seconds":	1.000095009803772,
				"bytes":	0,
				"bits_per_second":	0,
				"retransmits":	0,
				"omitted":	false,
				"sender":	true
			}
		}, {
			"streams":	[{
					"socket":	8,
					"start":	2.001212,
					"end":	3.001057,
					"seconds":	0.999845027923584,
					"bytes":	0,
					"bits_per_second":	0,
					"retransmits":	0,
					"snd_cwnd":	144800000,
					"snd_wnd":	4853760,
					"rtt":	822939,
					"rttvar":	195,
					"pmtu":	1500,
					"omitted":	false,
					"sender":	true
				}],
			"sum":	{
				"start":	2.001212,
				"end":	3.001057,
				"seconds":	0.999845027923584,
				"bytes":	0,
				"bits_per_second":	0,
				"retransmits":	0,
				"omitted":	false,
				"sender":	true
			}
		}, {
			"streams":	[{
					"socket":	8,
					"start":	3.001057,
					"end":	4.001052,
					"seconds":	0.999994993209839,
					"bytes":	0,
					"bits_per_second":	0,
					"retransmits":	0,
					"snd_cwnd":	144800000,
					"snd_wnd":	14561280,
					"rtt":	954416,
					"rttvar":	190,
					"pmtu":	1500,
					"omitted":	false,
					"sender":	true
				}],
			"sum":	{
				"start":	3.001057,
				"end":	4.001052,
				"seconds":	0.999994993209839,
				"bytes":	0,
				"bits_per_second":	0,
				"retransmits":	0,
				"omitted":	false,
				"sender":	true
			}
		}, {
			"streams":	[{
					"socket":	8,
					"start":	4.001052,
					"end":	5.002627,
					"seconds":	1.0015749931335449,
					"bytes":	7602176,
					"bits_per_second":	60721771.626631372,
					"retransmits":	0,
					"snd_cwnd":	144800000,
					"snd_wnd":	38236160,
					"rtt":	1090836,
					"rttvar":	76,
					"pmtu":	1500,
					"omitted":	false,
					"sender":	true
				}],
			"sum":	{
				"start":	4.001052,
				"end":	5.002627,
				"seconds":	1.0015749931335449,
				"bytes":	7602176,
				"bits_per_second":	60721771.626631372,
				"retransmits":	0,
				"omitted":	false,
				"sender":	true
			}
		}, {
			"streams":	[{
					"socket":	8,
					"start":	5.002627,
					"end":	6.003315,
					"seconds":	1.0006879568099976,
					"bytes":	8388608,
					"bits_per_second":	67062727.739754423,
					"retransmits":	0,
					"snd_cwnd":	144800000,
					"snd_wnd":	53284864,
					"rtt":	939504,
					"rttvar":	272,
					"pmtu":	1500,
					"omitted":	false,
					"sender":	true
				}],
			"sum":	{
				"start":	5.002627,
				"end":	6.003315,
				"seconds":	1.0006879568099976,
				"bytes":	8388608,
				"bits_per_second":	67062727.739754423,
				"retransmits":	0,
				"omitted":	false,
				"sender":	true
			}
		}, {
			"streams":	[{
					"socket":	8,
					"start":	6.003315,
					"end":	7.001042,
					"seconds":	0.99772697687149048,
					"bytes":	3932160,
					"bits_per_second":	31528946.023529008,
					"retransmits":	46,
					"snd_cwnd":	3961728,
					"snd_wnd":	69681152,
					"rtt":	1199582,
					"rttvar":	1517,
					"pmtu":	1500,
					"omitted":	false,
					"sender":	true
				}],
			"sum":	{
				"start":	6.003315,
				"end":	7.001042,
				"seconds":	0.99772697687149048,
				"bytes":	3932160,
				"bits_per_second":	31528946.023529008,
				"retransmits":	46,
				"omitted":	false,
				"sender":	true
			}
		}, {
			"streams":	[{
					"socket":	8,
					"start":	7.001042,
					"end":	8.001038,
					"seconds":	0.9999960064888,
					"bytes":	15073280,
					"bits_per_second":	120586721.56442313,
					"retransmits":	127,
					"snd_cwnd":	4028336,
					"snd_wnd":	77537280,
					"rtt":	951788,
					"rttvar":	398,
					"pmtu":	1500,
					"omitted":	false,
					"sender":	true
				}],
			"sum":	{
				"start":	7.001042,
				"end":	8.001038,
				"seconds":	0.9999960064888,
				"bytes":	15073280,
				"bits_per_second":	120586721.56442313,
				"retransmits":	127,
				"omitted":	false,
				"sender":	true
			}
		}, {
			"streams":	[{
					"socket":	8,
					"start":	8.001038,
					"end":	9.001112,
					"seconds":	1.000074028968811,
					"bytes":	53215232,
					"bits_per_second":	425690342.58290577,
					"retransmits":	0,
					"snd_cwnd":	103177240,
					"snd_wnd":	131244032,
					"rtt":	223983,
					"rttvar":	1824,
					"pmtu":	1500,
					"omitted":	false,
					"sender":	true
				}],
			"sum":	{
				"start":	8.001038,
				"end":	9.001112,
				"seconds":	1.000074028968811,
				"bytes":	53215232,
				"bits_per_second":	425690342.58290577,
				"retransmits":	0,
				"omitted":	false,
				"sender":	true
			}
		}],
	"end":	{
		"streams":	[{
				"sender":	{
					"socket":	8,
					"start":	0,
					"end":	9.001369,
					"seconds":	9.001369,
					"bytes":	107479040,
					"bits_per_second":	95522394.426892176,
					"retransmits":	173,
					"max_snd_cwnd":	144800000,
					"max_snd_wnd":	131244032,
					"max_rtt":	1199582,
					"min_rtt":	223983,
					"mean_rtt":	769146,
					"sender":	true
				},
				"receiver":	{
					"socket":	8,
					"start":	0,
					"end":	9.062857,
					"seconds":	9.001369,
					"bytes":	107479040,
					"bits_per_second":	94874311.7098725,
					"sender":	true
				}
			}],
		"sum_sent":	{
			"start":	0,
			"end":	9.001369,
			"seconds":	9.001369,
			"bytes":	107479040,
			"bits_per_second":	95522394.426892176,
			"retransmits":	173,
			"sender":	true
		},
		"sum_received":	{
			"start":	0,
			"end":	9.062857,
			"seconds":	9.062857,
			"bytes":	107479040,
			"bits_per_second":	94874311.7098725,
			"sender":	true
		},
		"cpu_utilization_percent":	{
			"host_total":	8.23213754487315,
			"host_user":	6.688626363116386,
			"host_system":	1.543529879877662,
			"remote_total":	1.0079698815055276,
			"remote_user":	0.015447645172004013,
			"remote_system":	0.992544304398055
		},
		"sender_tcp_congestion":	"cubic",
		"receiver_tcp_congestion":	"cubic"
	}
}
