{
	"start":	{
		"connected":	[{
				"socket":	8,
				"local_host":	"172.16.0.21",
				"local_port":	44844,
				"remote_host":	"172.17.0.21",
				"remote_port":	5201
			}],
		"version":	"iperf 3.16",
		"system_info":	"Linux h1 6.12.54-0b264c55b-l4steam-117 #1 SMP PREEMPT_DYNAMIC Fri Nov  7 18:07:57 UTC 2025 x86_64",
		"timestamp":	{
			"time":	"Sun, 22 Feb 2026 01:27:39 GMT",
			"timesecs":	1771723659
		},
		"connecting_to":	{
			"host":	"172.17.0.21",
			"port":	5201
		},
		"cookie":	"kfirmgp3ac7iqddzwd5oywg4nqe33sh74dgy",
		"tcp_mss_default":	1448,
		"target_bitrate":	0,
		"fq_rate":	0,
		"sock_bufsize":	0,
		"sndbuf_actual":	1000000,
		"rcvbuf_actual":	1000000,
		"test_start":	{
			"protocol":	"TCP",
			"num_streams":	1,
			"blksize":	131072,
			"omit":	0,
			"duration":	0,
			"bytes":	107374182,
			"blocks":	0,
			"reverse":	0,
			"tos":	0,
			"target_bitrate":	0,
			"bidir":	0,
			"fqrate":	0
		}
	},
	"intervals":	[{
			"streams":	[{
					"socket":	8,
					"start":	0,
					"end":	1.001199,
					"seconds":	1.0011990070343018,
					"bytes":	61079552,
					"bits_per_second":	488051239.131182,
					"retransmits":	192,
					"snd_cwnd":	101387512,
					"snd_wnd":	22827008,
					"rtt":	338724,
					"rttvar":	13327,
					"pmtu":	1500,
					"omitted":	false,
					"sender":	true
				}],
			"sum":	{
				"start":	0,
				"end":	1.001199,
				"seconds":	1.0011990070343018,
				"bytes":	61079552,
				"bits_per_second":	488051239.131182,
				"retransmits":	192,
				"omitted":	false,
				"sender":	true
			}
		}, {
			"streams":	[{
					"socket":	8,
					"start":	1.001199,
					"end":	2.000414,
					"seconds":	0.999215006828308,
					"bytes":	0,
					"bits_per_second":	0,
					"retransmits":	28,
					"snd_cwnd":	70991096,
					"snd_wnd":	45252608,
					"rtt":	646876,
					"rttvar":	1033,
					"pmtu":	1500,
					"omitted":	false,
					"sender":	true
				}],
			"sum":	{
				"start":	1.001199,
				"end":	2.000414,
				"seconds":	0.999215006828308,
				"bytes":	0,
				"bits_per_second":	0,
				"retransmits":	28,
				"omitted":	false,
				"sender":	true
			}
		}, {
			"streams":	[{
					"socket":	8,
					"start":	2.000414,
					"end":	3.000738,
					"seconds":	1.000324010848999,
					"bytes":	7471104,
					"bits_per_second":	59749472.522680685,
					"retransmits":	0,
					"snd_cwnd":	71147480,
					"snd_wnd":	65740800,
					"rtt":	669598,
					"rttvar":	14044,
					"pmtu":	1500,
					"omitted":	false,
					"sender":	true
				}],
			"sum":	{
				"start":	2.000414,
				"end":	3.000738,
				"seconds":	1.000324010848999,
				"bytes":	7471104,
				"bits_per_second":	59749472.522680685,
				"retransmits":	0,
				"omitted":	false,
				"sender":	true
			}
		}, {
			"streams":	[{
					"socket":	8,
					"start":	3.000738,
					"end":	4.001492,
					"seconds":	1.0007539987564087,
					"bytes":	7995392,
					"bits_per_second":	63914944.211548559,
					"retransmits":	33,
					"snd_cwnd":	71147480,
					"snd_wnd":	80510976,
					"rtt":	637188,
					"rttvar":	155,
					"pmtu":	1500,
					"omitted":	false,
					"sender":	true
				}],
			"sum":	{
				"start":	3.000738,
				"end":	4.001492,
				"seconds":	1.0007539987564087,
				"bytes":	7995392,
				"bits_per_second":	63914944.211548559,
				"retransmits":	33,
				"omitted":	false,
				"sender":	true
			}
		}, {
			"streams":	[{
					"socket":	8,
					"start":	4.001492,
					"end":	5.001029,
					"seconds":	0.99953699111938477,
					"bytes":	8650752,
					"bits_per_second":	69238073.843066037,
					"retransmits":	0,
					"snd_cwnd":	71147480,
					"snd_wnd":	96649216,
					"rtt":	807834,
					"rttvar":	734,
					"pmtu":	1500,
					"omitted":	false,
					"sender":	true
				}],
			"sum":	{
				"start":	4.001492,
				"end":	5.001029,
				"seconds":	0.99953699111938477,
				"bytes":	8650752,
				"bits_per_second":	69238073.843066037,
				"retransmits":	0,
				"omitted":	false,
				"sender":	true
			}
		}, {
			"streams":	[{
					"socket":	8,
					"start":	5.001029,
					"end":	6.001029,
					"seconds":	1,
					"bytes":	9175040,
					"bits_per_second":	73400320,
					"retransmits":	0,
					"snd_cwnd":	71147480,
					"snd_wnd":	113926144,
					"rtt":	939916,
					"rttvar":	1460,
					"pmtu":	1500,
					"omitted":	false,
					"sender":	true
				}],
			"sum":	{
				"start":	5.001029,
				"end":	6.001029,
				"seconds":	1,
				"bytes":	9175040,
				"bits_per_second":	73400320,
				"retransmits":	0,
				"omitted":	false,
				"sender":	true
			}
		}, {
			"streams":	[{
					"socket":	8,
					"start":	6.001029,
					"end":	7.003744,
					"seconds":	1.002714991569519,
					"bytes":	7864320,
					"bits_per_second":	62744209.998817079,
					"retransmits":	0,
					"snd_cwnd":	71147480,
					"snd_wnd":	131207168,
					"rtt":	1086529,
					"rttvar":	547,
					"pmtu":	1500,
					"omitted":	false,
					"sender":	true
				}],
			"sum":	{
				"start":	6.001029,
				"end":	7.003744,
				"seconds":	1.002714991569519,
				"bytes":	7864320,
				"bits_per_second":	62744209.998817079,
				"retransmits":	0,
				"omitted":	false,
				"sender":	true
			}
		}, {
			"streams":	[{
					"socket":	8,
					"start":	7.003744,
					"end":	8.001027,
					"seconds":	0.99728298187255859,
					"bytes":	5242880,
					"bits_per_second":	42057310.474951878,
					"retransmits":	0,
					"snd_cwnd":	71147480,
					"snd_wnd":	131252224,
					"rtt":	976352,
					"rttvar":	605,
					"pmtu":	1500,
					"omitted":	false,
					"sender":	true
				}],
			"sum":	{
				"start":	7.003744,
				"end":	8.001027,
				"seconds":	0.99728298187255859,
				"bytes":	5242880,
				"bits_per_second":	42057310.474951878,
				"retransmits":	0,
				"omitted":	false,
				"sender":	true
			}
		}],
	"end":	{
		"streams":	[{
				"sender":	{
					"socket":	8,
					"start":	0,
					"end":	8.001334,
					"seconds":	8.001334,
					"bytes":	107479040,
					"bits_per_second":	107461120.85809691,
					"retransmits":	253,
					"max_snd_cwnd":	101387512,
					"max_snd_wnd":	131252224,
					"max_rtt":	1086529,
					"min_rtt":	338724,
					"mean_rtt":	786596,
					"sender":	true
				},
				"receiver":	{
					"socket":	8,
					"start":	0,
					"end":	9.074635,
					"seconds":	8.001334,
					"bytes":	107347968,
					"bits_per_second":	94635623.801949054,
					"sender":	true
				}
			}],
		"sum_sent":	{
			"start":	0,
			"end":	8.001334,
			"seconds":	8.001334,
			"bytes":	107479040,
			"bits_per_second":	107461120.85809691,
			"retransmits":	253,
			"sender":	true
		},
		"sum_received":	{
			"start":	0,
			"end":	9.074635,
			"seconds":	9.074635,
			"bytes":	107347968,
			"bits_per_second":	94635623.801949054,
			"sender":	true
		},
		"cpu_utilization_percent":	{
			"host_total":	9.5276269094948631,
			"host_user":	5.63533022301795,
			"host_system":	3.8922966864769135,
			"remote_total":	1.1635818100793287,
			"remote_user":	0,
			"remote_system":	1.163592829785649
		},
		"sender_tcp_congestion":	"cubic",
		"receiver_tcp_congestion":	"cubic"
	}
}
