{
	"start":	{
		"connected":	[{
				"socket":	8,
				"local_host":	"172.16.0.9",
				"local_port":	37300,
				"remote_host":	"172.17.0.9",
				"remote_port":	5201
			}],
		"version":	"iperf 3.16",
		"system_info":	"Linux h1 6.12.54-0b264c55b-l4steam-117 #1 SMP PREEMPT_DYNAMIC Fri Nov  7 18:07:57 UTC 2025 x86_64",
		"timestamp":	{
			"time":	"Sun, 22 Feb 2026 01:27:39 GMT",
			"timesecs":	1771723659
		},
		"connecting_to":	{
			"host":	"172.17.0.9",
			"port":	5201
		},
		"cookie":	"7r3xgzcax4q3yxzotdatc4jkhbkdnki7y4rz",
		"tcp_mss_default":	1448,
		"target_bitrate":	0,
		"fq_rate":	0,
		"sock_bufsize":	0,
		"sndbuf_actual":	1000000,
		"rcvbuf_actual":	1000000,
		"test_start":	{
			"protocol":	"TCP",
			"num_streams":	1,
			"blksize":	131072,
			"omit":	0,
			"duration":	0,
			"bytes":	107374182,
			"blocks":	0,
			"reverse":	0,
			"tos":	0,
			"target_bitrate":	0,
			"bidir":	0,
			"fqrate":	0
		}
	},
	"intervals":	[{
			"streams":	[{
					"socket":	8,
					"start":	0,
					"end":	1.0002,
					"seconds":	1.0002000331878662,
					"bytes":	61865984,
					"bits_per_second":	494828889.799725,
					"retransmits":	113,
					"snd_cwnd":	101387512,
					"snd_wnd":	47869952,
					"rtt":	235853,
					"rttvar":	2326,
					"pmtu":	1500,
					"omitted":	false,
					"sender":	true
				}],
			"sum":	{
				"start":	0,
				"end":	1.0002,
				"seconds":	1.0002000331878662,
				"bytes":	61865984,
				"bits_per_second":	494828889.799725,
				"retransmits":	113,
				"omitted":	false,
				"sender":	true
			}
		}, {
			"streams":	[{
					"socket":	8,
					"start":	1.0002,
					"end":	2.00017,
					"seconds":	0.999970018863678,
					"bytes":	23724032,
					"bits_per_second":	189797946.35810339,
					"retransmits":	397,
					"snd_cwnd":	70989648,
					"snd_wnd":	129667072,
					"rtt":	589158,
					"rttvar":	2808,
					"pmtu":	1500,
					"omitted":	false,
					"sender":	true
				}],
			"sum":	{
				"start":	1.0002,
				"end":	2.00017,
				"seconds":	0.999970018863678,
				"bytes":	23724032,
				"bits_per_second":	189797946.35810339,
				"retransmits":	397,
				"omitted":	false,
				"sender":	true
			}
		}, {
			"streams":	[{
					"socket":	8,
					"start":	2.00017,
					"end":	3.000188,
					"seconds":	1.0000180006027222,
					"bytes":	7208960,
					"bits_per_second":	57670641.89368654,
					"retransmits":	0,
					"snd_cwnd":	70989648,
					"snd_wnd":	144527360,
					"rtt":	646273,
					"rttvar":	963,
					"pmtu":	1500,
					"omitted":	false,
					"sender":	true
				}],
			"sum":	{
				"start":	2.00017,
				"end":	3.000188,
				"seconds":	1.0000180006027222,
				"bytes":	7208960,
				"bits_per_second":	57670641.89368654,
				"retransmits":	0,
				"omitted":	false,
				"sender":	true
			}
		}, {
			"streams":	[{
					"socket":	8,
					"start":	3.000188,
					"end":	4.004663,
					"seconds":	1.0044749975204468,
					"bytes":	14680064,
					"bits_per_second":	116917307.33955817,
					"retransmits":	0,
					"snd_cwnd":	70989648,
					"snd_wnd":	144527360,
					"rtt":	675280,
					"rttvar":	761,
					"pmtu":	1500,
					"omitted":	false,
					"sender":	true
				}],
			"sum":	{
				"start":	3.000188,
				"end":	4.004663,
				"seconds":	1.0044749975204468,
				"bytes":	14680064,
				"bits_per_second":	116917307.33955817,
				"retransmits":	0,
				"omitted":	false,
				"sender":	true
			}
		}],
	"end":	{
		"streams":	[{
				"sender":	{
					"socket":	8,
					"start":	0,
					"end":	4.005553,
					"seconds":	4.005553,
					"bytes":	107479040,
					"bits_per_second":	214660078.1465131,
					"retransmits":	510,
					"max_snd_cwnd":	101387512,
					"max_snd_wnd":	144527360,
					"max_rtt":	675280,
					"min_rtt":	235853,
					"mean_rtt":	564368,
					"sender":	true
				},
				"receiver":	{
					"socket":	8,
					"start":	0,
					"end":	4.892939,
					"seconds":	4.005553,
					"bytes":	107347968,
					"bits_per_second":	175514909.13743252,
					"sender":	true
				}
			}],
		"sum_sent":	{
			"start":	0,
			"end":	4.005553,
			"seconds":	4.005553,
			"bytes":	107479040,
			"bits_per_second":	214660078.1465131,
			"retransmits":	510,
			"sender":	true
		},
		"sum_received":	{
			"start":	0,
			"end":	4.892939,
			"seconds":	4.892939,
			"bytes":	107347968,
			"bits_per_second":	175514909.13743252,
			"sender":	true
		},
		"cpu_utilization_percent":	{
			"host_total":	8.5488819251096757,
			"host_user":	3.9044190769135372,
			"host_system":	4.6444393607081569,
			"remote_total":	2.0421197415467751,
			"remote_user":	0,
			"remote_system":	2.0421401790942282
		},
		"sender_tcp_congestion":	"cubic",
		"receiver_tcp_congestion":	"cubic"
	}
}
