{
	"start":	{
		"connected":	[{
				"socket":	8,
				"local_host":	"172.16.0.53",
				"local_port":	36200,
				"remote_host":	"172.17.0.53",
				"remote_port":	5201
			}],
		"version":	"iperf 3.16",
		"system_info":	"Linux h1 6.12.54-0b264c55b-l4steam-117 #1 SMP PREEMPT_DYNAMIC Fri Nov  7 18:07:57 UTC 2025 x86_64",
		"timestamp":	{
			"time":	"Sun, 22 Feb 2026 02:32:07 GMT",
			"timesecs":	1771727527
		},
		"connecting_to":	{
			"host":	"172.17.0.53",
			"port":	5201
		},
		"cookie":	"oo3dku4ha7a72zjzjzstbbuu7e34hwvbmios",
		"tcp_mss_default":	1448,
		"target_bitrate":	0,
		"fq_rate":	0,
		"sock_bufsize":	0,
		"sndbuf_actual":	1000000,
		"rcvbuf_actual":	1000000,
		"test_start":	{
			"protocol":	"TCP",
			"num_streams":	1,
			"blksize":	131072,
			"omit":	0,
			"duration":	0,
			"bytes":	107374182,
			"blocks":	0,
			"reverse":	0,
			"tos":	0,
			"target_bitrate":	0,
			"bidir":	0,
			"fqrate":	0
		}
	},
	"intervals":	[{
			"streams":	[{
					"socket":	8,
					"start":	0,
					"end":	1.001063,
					"seconds":	1.0010629892349243,
					"bytes":	64880640,
					"bits_per_second":	518493966.49524236,
					"retransmits":	16298,
					"snd_cwnd":	143706760,
					"snd_wnd":	61739008,
					"rtt":	102152,
					"rttvar":	725,
					"pmtu":	1500,
					"omitted":	false,
					"sender":	true
				}],
			"sum":	{
				"start":	0,
				"end":	1.001063,
				"seconds":	1.0010629892349243,
				"bytes":	64880640,
				"bits_per_second":	518493966.49524236,
				"retransmits":	16298,
				"omitted":	false,
				"sender":	true
			}
		}, {
			"streams":	[{
					"socket":	8,
					"start":	1.001063,
					"end":	2.001063,
					"seconds":	1,
					"bytes":	0,
					"bits_per_second":	0,
					"retransmits":	29531,
					"snd_cwnd":	142568632,
					"snd_wnd":	123248640,
					"rtt":	105871,
					"rttvar":	2307,
					"pmtu":	1500,
					"omitted":	false,
					"sender":	true
				}],
			"sum":	{
				"start":	1.001063,
				"end":	2.001063,
				"seconds":	1,
				"bytes":	0,
				"bits_per_second":	0,
				"retransmits":	29531,
				"omitted":	false,
				"sender":	true
			}
		}, {
			"streams":	[{
					"socket":	8,
					"start":	2.001063,
					"end":	3.001273,
					"seconds":	1.0002100467681885,
					"bytes":	32768000,
					"bits_per_second":	262088949.06327134,
					"retransmits":	17598,
					"snd_cwnd":	141465256,
					"snd_wnd":	145788928,
					"rtt":	99882,
					"rttvar":	11555,
					"pmtu":	1500,
					"omitted":	false,
					"sender":	true
				}],
			"sum":	{
				"start":	2.001063,
				"end":	3.001273,
				"seconds":	1.0002100467681885,
				"bytes":	32768000,
				"bits_per_second":	262088949.06327134,
				"retransmits":	17598,
				"omitted":	false,
				"sender":	true
			}
		}, {
			"streams":	[{
					"socket":	8,
					"start":	3.001273,
					"end":	4.001078,
					"seconds":	0.999804973602295,
					"bytes":	8519680,
					"bits_per_second":	68170735.092894077,
					"retransmits":	8514,
					"snd_cwnd":	141007688,
					"snd_wnd":	146083840,
					"rtt":	84889,
					"rttvar":	5071,
					"pmtu":	1500,
					"omitted":	false,
					"sender":	true
				}],
			"sum":	{
				"start":	3.001273,
				"end":	4.001078,
				"seconds":	0.999804973602295,
				"bytes":	8519680,
				"bits_per_second":	68170735.092894077,
				"retransmits":	8514,
				"omitted":	false,
				"sender":	true
			}
		}],
	"end":	{
		"streams":	[{
				"sender":	{
					"socket":	8,
					"start":	0,
					"end":	4.003607,
					"seconds":	4.003607,
					"bytes":	107479040,
					"bits_per_second":	214764416.18770275,
					"retransmits":	71941,
					"max_snd_cwnd":	143706760,
					"max_snd_wnd":	146083840,
					"max_rtt":	105871,
					"min_rtt":	84889,
					"mean_rtt":	95536,
					"sender":	true
				},
				"receiver":	{
					"socket":	8,
					"start":	0,
					"end":	4.074814,
					"seconds":	4.003607,
					"bytes":	107479040,
					"bits_per_second":	211011427.76087448,
					"sender":	true
				}
			}],
		"sum_sent":	{
			"start":	0,
			"end":	4.003607,
			"seconds":	4.003607,
			"bytes":	107479040,
			"bits_per_second":	214764416.18770275,
			"retransmits":	71941,
			"sender":	true
		},
		"sum_received":	{
			"start":	0,
			"end":	4.074814,
			"seconds":	4.074814,
			"bytes":	107479040,
			"bits_per_second":	211011427.76087448,
			"sender":	true
		},
		"cpu_utilization_percent":	{
			"host_total":	15.0217206348717,
			"host_user":	10.062278820506821,
			"host_system":	4.9594651686306435,
			"remote_total":	1.8433675065800372,
			"remote_user":	0,
			"remote_system":	1.8433675065800372
		},
		"sender_tcp_congestion":	"prague",
		"receiver_tcp_congestion":	"prague"
	}
}
