{
	"start":	{
		"connected":	[{
				"socket":	8,
				"local_host":	"172.16.0.18",
				"local_port":	54230,
				"remote_host":	"172.17.0.18",
				"remote_port":	5201
			}],
		"version":	"iperf 3.16",
		"system_info":	"Linux h1 6.12.54-0b264c55b-l4steam-117 #1 SMP PREEMPT_DYNAMIC Fri Nov  7 18:07:57 UTC 2025 x86_64",
		"timestamp":	{
			"time":	"Sun, 22 Feb 2026 02:49:32 GMT",
			"timesecs":	1771728572
		},
		"connecting_to":	{
			"host":	"172.17.0.18",
			"port":	5201
		},
		"cookie":	"khovyy2hw2ohecnbze4gvermnz7oqjq4biar",
		"tcp_mss_default":	1448,
		"target_bitrate":	0,
		"fq_rate":	0,
		"sock_bufsize":	0,
		"sndbuf_actual":	1000000,
		"rcvbuf_actual":	1000000,
		"test_start":	{
			"protocol":	"TCP",
			"num_streams":	1,
			"blksize":	131072,
			"omit":	0,
			"duration":	0,
			"bytes":	107374182,
			"blocks":	0,
			"reverse":	0,
			"tos":	0,
			"target_bitrate":	0,
			"bidir":	0,
			"fqrate":	0
		}
	},
	"intervals":	[{
			"streams":	[{
					"socket":	8,
					"start":	0,
					"end":	1.003249,
					"seconds":	1.0032490491867065,
					"bytes":	105644032,
					"bits_per_second":	842415207.555024,
					"retransmits":	2734,
					"snd_cwnd":	8756056,
					"snd_wnd":	33357824,
					"rtt":	263483,
					"rttvar":	1365,
					"pmtu":	1500,
					"omitted":	false,
					"sender":	true
				}],
			"sum":	{
				"start":	0,
				"end":	1.003249,
				"seconds":	1.0032490491867065,
				"bytes":	105644032,
				"bits_per_second":	842415207.555024,
				"retransmits":	2734,
				"omitted":	false,
				"sender":	true
			}
		}, {
			"streams":	[{
					"socket":	8,
					"start":	1.003249,
					"end":	2.001796,
					"seconds":	0.9985470175743103,
					"bytes":	0,
					"bits_per_second":	0,
					"retransmits":	2023,
					"snd_cwnd":	3822720,
					"snd_wnd":	61210624,
					"rtt":	70625,
					"rttvar":	824,
					"pmtu":	1500,
					"omitted":	false,
					"sender":	true
				}],
			"sum":	{
				"start":	1.003249,
				"end":	2.001796,
				"seconds":	0.9985470175743103,
				"bytes":	0,
				"bits_per_second":	0,
				"retransmits":	2023,
				"omitted":	false,
				"sender":	true
			}
		}, {
			"streams":	[{
					"socket":	8,
					"start":	2.001796,
					"end":	3.001036,
					"seconds":	0.999239981174469,
					"bytes":	0,
					"bits_per_second":	0,
					"retransmits":	0,
					"snd_cwnd":	2560064,
					"snd_wnd":	61210624,
					"rtt":	237606,
					"rttvar":	981,
					"pmtu":	1500,
					"omitted":	false,
					"sender":	true
				}],
			"sum":	{
				"start":	2.001796,
				"end":	3.001036,
				"seconds":	0.999239981174469,
				"bytes":	0,
				"bits_per_second":	0,
				"retransmits":	0,
				"omitted":	false,
				"sender":	true
			}
		}, {
			"streams":	[{
					"socket":	8,
					"start":	3.001036,
					"end":	4.001037,
					"seconds":	1.0000009536743164,
					"bytes":	0,
					"bits_per_second":	0,
					"retransmits":	424,
					"snd_cwnd":	1633344,
					"snd_wnd":	61214720,
					"rtt":	158050,
					"rttvar":	356,
					"pmtu":	1500,
					"omitted":	false,
					"sender":	true
				}],
			"sum":	{
				"start":	3.001036,
				"end":	4.001037,
				"seconds":	1.0000009536743164,
				"bytes":	0,
				"bits_per_second":	0,
				"retransmits":	424,
				"omitted":	false,
				"sender":	true
			}
		}, {
			"streams":	[{
					"socket":	8,
					"start":	4.001037,
					"end":	5.000942,
					"seconds":	0.999904990196228,
					"bytes":	0,
					"bits_per_second":	0,
					"retransmits":	268,
					"snd_cwnd":	1375600,
					"snd_wnd":	60444672,
					"rtt":	114672,
					"rttvar":	5168,
					"pmtu":	1500,
					"omitted":	false,
					"sender":	true
				}],
			"sum":	{
				"start":	4.001037,
				"end":	5.000942,
				"seconds":	0.999904990196228,
				"bytes":	0,
				"bits_per_second":	0,
				"retransmits":	268,
				"omitted":	false,
				"sender":	true
			}
		}, {
			"streams":	[{
					"socket":	8,
					"start":	5.000942,
					"end":	6.001042,
					"seconds":	1.0001000165939331,
					"bytes":	1835008,
					"bits_per_second":	14678595.896834679,
					"retransmits":	557,
					"snd_cwnd":	1595696,
					"snd_wnd":	61034496,
					"rtt":	64828,
					"rttvar":	993,
					"pmtu":	1500,
					"omitted":	false,
					"sender":	true
				}],
			"sum":	{
				"start":	5.000942,
				"end":	6.001042,
				"seconds":	1.0001000165939331,
				"bytes":	1835008,
				"bits_per_second":	14678595.896834679,
				"retransmits":	557,
				"omitted":	false,
				"sender":	true
			}
		}],
	"end":	{
		"streams":	[{
				"sender":	{
					"socket":	8,
					"start":	0,
					"end":	6.001355,
					"seconds":	6.001355,
					"bytes":	107479040,
					"bits_per_second":	143273030.84053516,
					"retransmits":	6006,
					"max_snd_cwnd":	8756056,
					"max_snd_wnd":	61214720,
					"max_rtt":	263483,
					"min_rtt":	64828,
					"mean_rtt":	139156,
					"sender":	true
				},
				"receiver":	{
					"socket":	8,
					"start":	0,
					"end":	6.062942,
					"seconds":	6.001355,
					"bytes":	79036416,
					"bits_per_second":	104287873.44493812,
					"sender":	true
				}
			}],
		"sum_sent":	{
			"start":	0,
			"end":	6.001355,
			"seconds":	6.001355,
			"bytes":	107479040,
			"bits_per_second":	143273030.84053516,
			"retransmits":	6006,
			"sender":	true
		},
		"sum_received":	{
			"start":	0,
			"end":	6.062942,
			"seconds":	6.062942,
			"bytes":	79036416,
			"bits_per_second":	104287873.44493812,
			"sender":	true
		},
		"cpu_utilization_percent":	{
			"host_total":	12.688063446793288,
			"host_user":	11.286804981349761,
			"host_system":	1.4012584654435289,
			"remote_total":	1.4181041122858593,
			"remote_user":	0.0812640175069776,
			"remote_system":	1.3368400947788817
		},
		"sender_tcp_congestion":	"bbr",
		"receiver_tcp_congestion":	"bbr"
	}
}
