{
	"start":	{
		"connected":	[{
				"socket":	8,
				"local_host":	"172.16.0.82",
				"local_port":	59240,
				"remote_host":	"172.17.0.82",
				"remote_port":	5201
			}],
		"version":	"iperf 3.16",
		"system_info":	"Linux h1 6.12.54-0b264c55b-l4steam-117 #1 SMP PREEMPT_DYNAMIC Fri Nov  7 18:07:57 UTC 2025 x86_64",
		"timestamp":	{
			"time":	"Sun, 22 Feb 2026 02:49:33 GMT",
			"timesecs":	1771728573
		},
		"connecting_to":	{
			"host":	"172.17.0.82",
			"port":	5201
		},
		"cookie":	"aw7jd4nlqadieiip4u7o56eni343c22iabcw",
		"tcp_mss_default":	1448,
		"target_bitrate":	0,
		"fq_rate":	0,
		"sock_bufsize":	0,
		"sndbuf_actual":	1000000,
		"rcvbuf_actual":	1000000,
		"test_start":	{
			"protocol":	"TCP",
			"num_streams":	1,
			"blksize":	131072,
			"omit":	0,
			"duration":	0,
			"bytes":	107374182,
			"blocks":	0,
			"reverse":	0,
			"tos":	0,
			"target_bitrate":	0,
			"bidir":	0,
			"fqrate":	0
		}
	},
	"intervals":	[{
			"streams":	[{
					"socket":	8,
					"start":	0,
					"end":	1.001038,
					"seconds":	1.0010379552841187,
					"bytes":	21102592,
					"bits_per_second":	168645689.315631,
					"retransmits":	6268,
					"snd_cwnd":	3912496,
					"snd_wnd":	17920000,
					"rtt":	230304,
					"rttvar":	609,
					"pmtu":	1500,
					"omitted":	false,
					"sender":	true
				}],
			"sum":	{
				"start":	0,
				"end":	1.001038,
				"seconds":	1.0010379552841187,
				"bytes":	21102592,
				"bits_per_second":	168645689.315631,
				"retransmits":	6268,
				"omitted":	false,
				"sender":	true
			}
		}, {
			"streams":	[{
					"socket":	8,
					"start":	1.001038,
					"end":	2.001038,
					"seconds":	1,
					"bytes":	14286848,
					"bits_per_second":	114294784,
					"retransmits":	1914,
					"snd_cwnd":	2470288,
					"snd_wnd":	35401728,
					"rtt":	193780,
					"rttvar":	6378,
					"pmtu":	1500,
					"omitted":	false,
					"sender":	true
				}],
			"sum":	{
				"start":	1.001038,
				"end":	2.001038,
				"seconds":	1,
				"bytes":	14286848,
				"bits_per_second":	114294784,
				"retransmits":	1914,
				"omitted":	false,
				"sender":	true
			}
		}, {
			"streams":	[{
					"socket":	8,
					"start":	2.001038,
					"end":	3.001498,
					"seconds":	1.0004600286483765,
					"bytes":	19267584,
					"bits_per_second":	154069795.48022959,
					"retransmits":	1420,
					"snd_cwnd":	2116976,
					"snd_wnd":	56057856,
					"rtt":	172538,
					"rttvar":	391,
					"pmtu":	1500,
					"omitted":	false,
					"sender":	true
				}],
			"sum":	{
				"start":	2.001038,
				"end":	3.001498,
				"seconds":	1.0004600286483765,
				"bytes":	19267584,
				"bits_per_second":	154069795.48022959,
				"retransmits":	1420,
				"omitted":	false,
				"sender":	true
			}
		}, {
			"streams":	[{
					"socket":	8,
					"start":	3.001498,
					"end":	4.001038,
					"seconds":	0.99953997135162354,
					"bytes":	6422528,
					"bits_per_second":	51403871.253414027,
					"retransmits":	256,
					"snd_cwnd":	1592800,
					"snd_wnd":	76070912,
					"rtt":	135561,
					"rttvar":	1401,
					"pmtu":	1500,
					"omitted":	false,
					"sender":	true
				}],
			"sum":	{
				"start":	3.001498,
				"end":	4.001038,
				"seconds":	0.99953997135162354,
				"bytes":	6422528,
				"bits_per_second":	51403871.253414027,
				"retransmits":	256,
				"omitted":	false,
				"sender":	true
			}
		}, {
			"streams":	[{
					"socket":	8,
					"start":	4.001038,
					"end":	5.001035,
					"seconds":	0.99999701976776123,
					"bytes":	10747904,
					"bits_per_second":	85983488.2507637,
					"retransmits":	0,
					"snd_cwnd":	1326368,
					"snd_wnd":	88875008,
					"rtt":	114748,
					"rttvar":	730,
					"pmtu":	1500,
					"omitted":	false,
					"sender":	true
				}],
			"sum":	{
				"start":	4.001038,
				"end":	5.001035,
				"seconds":	0.99999701976776123,
				"bytes":	10747904,
				"bits_per_second":	85983488.2507637,
				"retransmits":	0,
				"omitted":	false,
				"sender":	true
			}
		}, {
			"streams":	[{
					"socket":	8,
					"start":	5.001035,
					"end":	6.001036,
					"seconds":	1.0000009536743164,
					"bytes":	10616832,
					"bits_per_second":	84934575.000077248,
					"retransmits":	0,
					"snd_cwnd":	1390080,
					"snd_wnd":	88883200,
					"rtt":	77427,
					"rttvar":	299,
					"pmtu":	1500,
					"omitted":	false,
					"sender":	true
				}],
			"sum":	{
				"start":	5.001035,
				"end":	6.001036,
				"seconds":	1.0000009536743164,
				"bytes":	10616832,
				"bits_per_second":	84934575.000077248,
				"retransmits":	0,
				"omitted":	false,
				"sender":	true
			}
		}, {
			"streams":	[{
					"socket":	8,
					"start":	6.001036,
					"end":	7.00297,
					"seconds":	1.0019340515136719,
					"bytes":	17301504,
					"bits_per_second":	138144852.73845521,
					"retransmits":	0,
					"snd_cwnd":	2267568,
					"snd_wnd":	88866816,
					"rtt":	135800,
					"rttvar":	3072,
					"pmtu":	1500,
					"omitted":	false,
					"sender":	true
				}],
			"sum":	{
				"start":	6.001036,
				"end":	7.00297,
				"seconds":	1.0019340515136719,
				"bytes":	17301504,
				"bits_per_second":	138144852.73845521,
				"retransmits":	0,
				"omitted":	false,
				"sender":	true
			}
		}, {
			"streams":	[{
					"socket":	8,
					"start":	7.00297,
					"end":	8.000674,
					"seconds":	0.997704029083252,
					"bytes":	7733248,
					"bits_per_second":	62008353.3759466,
					"retransmits":	325,
					"snd_cwnd":	2224128,
					"snd_wnd":	88444928,
					"rtt":	128794,
					"rttvar":	586,
					"pmtu":	1500,
					"omitted":	false,
					"sender":	true
				}],
			"sum":	{
				"start":	7.00297,
				"end":	8.000674,
				"seconds":	0.997704029083252,
				"bytes":	7733248,
				"bits_per_second":	62008353.3759466,
				"retransmits":	325,
				"omitted":	false,
				"sender":	true
			}
		}],
	"end":	{
		"streams":	[{
				"sender":	{
					"socket":	8,
					"start":	0,
					"end":	8.003956,
					"seconds":	8.003956,
					"bytes":	107479040,
					"bits_per_second":	107425917.88360655,
					"retransmits":	10183,
					"max_snd_cwnd":	3912496,
					"max_snd_wnd":	88883200,
					"max_rtt":	230304,
					"min_rtt":	77427,
					"mean_rtt":	146442,
					"sender":	true
				},
				"receiver":	{
					"socket":	8,
					"start":	0,
					"end":	8.070886,
					"seconds":	8.003956,
					"bytes":	93716480,
					"bits_per_second":	92893375.0272275,
					"sender":	true
				}
			}],
		"sum_sent":	{
			"start":	0,
			"end":	8.003956,
			"seconds":	8.003956,
			"bytes":	107479040,
			"bits_per_second":	107425917.88360655,
			"retransmits":	10183,
			"sender":	true
		},
		"sum_received":	{
			"start":	0,
			"end":	8.070886,
			"seconds":	8.070886,
			"bytes":	93716480,
			"bits_per_second":	92893375.0272275,
			"sender":	true
		},
		"cpu_utilization_percent":	{
			"host_total":	1.9036309722036473,
			"host_user":	1.22669963665888,
			"host_system":	0.676942894769786,
			"remote_total":	2.05974525025149,
			"remote_user":	0.245040795321365,
			"remote_system":	1.8147168451205138
		},
		"sender_tcp_congestion":	"bbr",
		"receiver_tcp_congestion":	"bbr"
	}
}
