{
	"start":	{
		"connected":	[{
				"socket":	8,
				"local_host":	"172.16.0.85",
				"local_port":	60816,
				"remote_host":	"172.17.0.85",
				"remote_port":	5201
			}],
		"version":	"iperf 3.16",
		"system_info":	"Linux h1 6.12.54-0b264c55b-l4steam-117 #1 SMP PREEMPT_DYNAMIC Fri Nov  7 18:07:57 UTC 2025 x86_64",
		"timestamp":	{
			"time":	"Sun, 22 Feb 2026 02:49:33 GMT",
			"timesecs":	1771728573
		},
		"connecting_to":	{
			"host":	"172.17.0.85",
			"port":	5201
		},
		"cookie":	"lajdmhbqjic34wu5uno6bt22ur3bmsbz6ory",
		"tcp_mss_default":	1448,
		"target_bitrate":	0,
		"fq_rate":	0,
		"sock_bufsize":	0,
		"sndbuf_actual":	1000000,
		"rcvbuf_actual":	1000000,
		"test_start":	{
			"protocol":	"TCP",
			"num_streams":	1,
			"blksize":	131072,
			"omit":	0,
			"duration":	0,
			"bytes":	107374182,
			"blocks":	0,
			"reverse":	0,
			"tos":	0,
			"target_bitrate":	0,
			"bidir":	0,
			"fqrate":	0
		}
	},
	"intervals":	[{
			"streams":	[{
					"socket":	8,
					"start":	0,
					"end":	1.001053,
					"seconds":	1.0010529756546021,
					"bytes":	21233664,
					"bits_per_second":	169690631.8957997,
					"retransmits":	2977,
					"snd_cwnd":	7762728,
					"snd_wnd":	22294528,
					"rtt":	457051,
					"rttvar":	3173,
					"pmtu":	1500,
					"omitted":	false,
					"sender":	true
				}],
			"sum":	{
				"start":	0,
				"end":	1.001053,
				"seconds":	1.0010529756546021,
				"bytes":	21233664,
				"bits_per_second":	169690631.8957997,
				"retransmits":	2977,
				"omitted":	false,
				"sender":	true
			}
		}, {
			"streams":	[{
					"socket":	8,
					"start":	1.001053,
					"end":	2.001034,
					"seconds":	0.99998098611831665,
					"bytes":	10747904,
					"bits_per_second":	85984866.9060859,
					"retransmits":	4486,
					"snd_cwnd":	1717328,
					"snd_wnd":	44564480,
					"rtt":	296273,
					"rttvar":	7234,
					"pmtu":	1500,
					"omitted":	false,
					"sender":	true
				}],
			"sum":	{
				"start":	1.001053,
				"end":	2.001034,
				"seconds":	0.99998098611831665,
				"bytes":	10747904,
				"bits_per_second":	85984866.9060859,
				"retransmits":	4486,
				"omitted":	false,
				"sender":	true
			}
		}, {
			"streams":	[{
					"socket":	8,
					"start":	2.001034,
					"end":	3.001043,
					"seconds":	1.0000089406967163,
					"bytes":	13500416,
					"bits_per_second":	108002362.38363329,
					"retransmits":	1161,
					"snd_cwnd":	1624656,
					"snd_wnd":	65064960,
					"rtt":	147165,
					"rttvar":	222,
					"pmtu":	1500,
					"omitted":	false,
					"sender":	true
				}],
			"sum":	{
				"start":	2.001034,
				"end":	3.001043,
				"seconds":	1.0000089406967163,
				"bytes":	13500416,
				"bits_per_second":	108002362.38363329,
				"retransmits":	1161,
				"omitted":	false,
				"sender":	true
			}
		}, {
			"streams":	[{
					"socket":	8,
					"start":	3.001043,
					"end":	4.00104,
					"seconds":	0.99999701976776123,
					"bytes":	8912896,
					"bits_per_second":	71303380.5006333,
					"retransmits":	42,
					"snd_cwnd":	1416144,
					"snd_wnd":	73846784,
					"rtt":	132948,
					"rttvar":	521,
					"pmtu":	1500,
					"omitted":	false,
					"sender":	true
				}],
			"sum":	{
				"start":	3.001043,
				"end":	4.00104,
				"seconds":	0.99999701976776123,
				"bytes":	8912896,
				"bits_per_second":	71303380.5006333,
				"retransmits":	42,
				"omitted":	false,
				"sender":	true
			}
		}, {
			"streams":	[{
					"socket":	8,
					"start":	4.00104,
					"end":	5.003933,
					"seconds":	1.0028929710388184,
					"bytes":	12845056,
					"bits_per_second":	102464022.55024132,
					"retransmits":	14,
					"snd_cwnd":	1450896,
					"snd_wnd":	73846784,
					"rtt":	126470,
					"rttvar":	186,
					"pmtu":	1500,
					"omitted":	false,
					"sender":	true
				}],
			"sum":	{
				"start":	4.00104,
				"end":	5.003933,
				"seconds":	1.0028929710388184,
				"bytes":	12845056,
				"bits_per_second":	102464022.55024132,
				"retransmits":	14,
				"omitted":	false,
				"sender":	true
			}
		}, {
			"streams":	[{
					"socket":	8,
					"start":	5.003933,
					"end":	6.001035,
					"seconds":	0.99710202217102051,
					"bytes":	14548992,
					"bits_per_second":	116730217.58252612,
					"retransmits":	0,
					"snd_cwnd":	1859232,
					"snd_wnd":	73846784,
					"rtt":	87384,
					"rttvar":	314,
					"pmtu":	1500,
					"omitted":	false,
					"sender":	true
				}],
			"sum":	{
				"start":	5.003933,
				"end":	6.001035,
				"seconds":	0.99710202217102051,
				"bytes":	14548992,
				"bits_per_second":	116730217.58252612,
				"retransmits":	0,
				"omitted":	false,
				"sender":	true
			}
		}, {
			"streams":	[{
					"socket":	8,
					"start":	6.001035,
					"end":	7.001035,
					"seconds":	1,
					"bytes":	12189696,
					"bits_per_second":	97517568,
					"retransmits":	0,
					"snd_cwnd":	2018512,
					"snd_wnd":	73846784,
					"rtt":	61656,
					"rttvar":	147,
					"pmtu":	1500,
					"omitted":	false,
					"sender":	true
				}],
			"sum":	{
				"start":	6.001035,
				"end":	7.001035,
				"seconds":	1,
				"bytes":	12189696,
				"bits_per_second":	97517568,
				"retransmits":	0,
				"omitted":	false,
				"sender":	true
			}
		}, {
			"streams":	[{
					"socket":	8,
					"start":	7.001035,
					"end":	8.003935,
					"seconds":	1.0029000043869019,
					"bytes":	13500416,
					"bits_per_second":	107691023.55924822,
					"retransmits":	0,
					"snd_cwnd":	2562960,
					"snd_wnd":	79056896,
					"rtt":	69770,
					"rttvar":	425,
					"pmtu":	1500,
					"omitted":	false,
					"sender":	true
				}],
			"sum":	{
				"start":	7.001035,
				"end":	8.003935,
				"seconds":	1.0029000043869019,
				"bytes":	13500416,
				"bits_per_second":	107691023.55924822,
				"retransmits":	0,
				"omitted":	false,
				"sender":	true
			}
		}],
	"end":	{
		"streams":	[{
				"sender":	{
					"socket":	8,
					"start":	0,
					"end":	8.004236,
					"seconds":	8.004236,
					"bytes":	107479040,
					"bits_per_second":	107422159.96629784,
					"retransmits":	8680,
					"max_snd_cwnd":	7762728,
					"max_snd_wnd":	79056896,
					"max_rtt":	457051,
					"min_rtt":	61656,
					"mean_rtt":	160936,
					"sender":	true
				},
				"receiver":	{
					"socket":	8,
					"start":	0,
					"end":	8.062611,
					"seconds":	8.004236,
					"bytes":	91357184,
					"bits_per_second":	90647740.7876927,
					"sender":	true
				}
			}],
		"sum_sent":	{
			"start":	0,
			"end":	8.004236,
			"seconds":	8.004236,
			"bytes":	107479040,
			"bits_per_second":	107422159.96629784,
			"retransmits":	8680,
			"sender":	true
		},
		"sum_received":	{
			"start":	0,
			"end":	8.062611,
			"seconds":	8.062611,
			"bytes":	91357184,
			"bits_per_second":	90647740.7876927,
			"sender":	true
		},
		"cpu_utilization_percent":	{
			"host_total":	3.524823701766802,
			"host_user":	2.6400858272026193,
			"host_system":	0.884726688660391,
			"remote_total":	2.1210952708093775,
			"remote_user":	0.12400424824315945,
			"remote_system":	1.9971034254716236
		},
		"sender_tcp_congestion":	"bbr",
		"receiver_tcp_congestion":	"bbr"
	}
}
