{
	"start":	{
		"connected":	[{
				"socket":	8,
				"local_host":	"172.16.0.90",
				"local_port":	47002,
				"remote_host":	"172.17.0.90",
				"remote_port":	5201
			}],
		"version":	"iperf 3.16",
		"system_info":	"Linux h1 6.12.54-0b264c55b-l4steam-117 #1 SMP PREEMPT_DYNAMIC Fri Nov  7 18:07:57 UTC 2025 x86_64",
		"timestamp":	{
			"time":	"Sun, 22 Feb 2026 02:49:34 GMT",
			"timesecs":	1771728574
		},
		"connecting_to":	{
			"host":	"172.17.0.90",
			"port":	5201
		},
		"cookie":	"5gx6vww52g4z47engpg3abtxxd4kepzps5ki",
		"tcp_mss_default":	1448,
		"target_bitrate":	0,
		"fq_rate":	0,
		"sock_bufsize":	0,
		"sndbuf_actual":	1000000,
		"rcvbuf_actual":	1000000,
		"test_start":	{
			"protocol":	"TCP",
			"num_streams":	1,
			"blksize":	131072,
			"omit":	0,
			"duration":	0,
			"bytes":	107374182,
			"blocks":	0,
			"reverse":	0,
			"tos":	0,
			"target_bitrate":	0,
			"bidir":	0,
			"fqrate":	0
		}
	},
	"intervals":	[{
			"streams":	[{
					"socket":	8,
					"start":	0,
					"end":	1.001032,
					"seconds":	1.0010319948196411,
					"bytes":	16121856,
					"bits_per_second":	128841883.84332089,
					"retransmits":	418,
					"snd_cwnd":	2710656,
					"snd_wnd":	8486912,
					"rtt":	107653,
					"rttvar":	1771,
					"pmtu":	1500,
					"omitted":	false,
					"sender":	true
				}],
			"sum":	{
				"start":	0,
				"end":	1.001032,
				"seconds":	1.0010319948196411,
				"bytes":	16121856,
				"bits_per_second":	128841883.84332089,
				"retransmits":	418,
				"omitted":	false,
				"sender":	true
			}
		}, {
			"streams":	[{
					"socket":	8,
					"start":	1.001032,
					"end":	2.000922,
					"seconds":	0.9998900294303894,
					"bytes":	10616832,
					"bits_per_second":	84943997.339772463,
					"retransmits":	727,
					"snd_cwnd":	2053264,
					"snd_wnd":	8499200,
					"rtt":	58575,
					"rttvar":	591,
					"pmtu":	1500,
					"omitted":	false,
					"sender":	true
				}],
			"sum":	{
				"start":	1.001032,
				"end":	2.000922,
				"seconds":	0.9998900294303894,
				"bytes":	10616832,
				"bits_per_second":	84943997.339772463,
				"retransmits":	727,
				"omitted":	false,
				"sender":	true
			}
		}, {
			"streams":	[{
					"socket":	8,
					"start":	2.000922,
					"end":	3.001035,
					"seconds":	1.0001130104064941,
					"bytes":	11534336,
					"bits_per_second":	92264261.178339347,
					"retransmits":	466,
					"snd_cwnd":	1922944,
					"snd_wnd":	28155904,
					"rtt":	163103,
					"rttvar":	579,
					"pmtu":	1500,
					"omitted":	false,
					"sender":	true
				}],
			"sum":	{
				"start":	2.000922,
				"end":	3.001035,
				"seconds":	1.0001130104064941,
				"bytes":	11534336,
				"bits_per_second":	92264261.178339347,
				"retransmits":	466,
				"omitted":	false,
				"sender":	true
			}
		}, {
			"streams":	[{
					"socket":	8,
					"start":	3.001035,
					"end":	4.001047,
					"seconds":	1.0000120401382446,
					"bytes":	12976128,
					"bits_per_second":	103807774.14004849,
					"retransmits":	655,
					"snd_cwnd":	1352432,
					"snd_wnd":	34594816,
					"rtt":	119351,
					"rttvar":	299,
					"pmtu":	1500,
					"omitted":	false,
					"sender":	true
				}],
			"sum":	{
				"start":	3.001035,
				"end":	4.001047,
				"seconds":	1.0000120401382446,
				"bytes":	12976128,
				"bits_per_second":	103807774.14004849,
				"retransmits":	655,
				"omitted":	false,
				"sender":	true
			}
		}, {
			"streams":	[{
					"socket":	8,
					"start":	4.001047,
					"end":	5.001025,
					"seconds":	0.999978005886078,
					"bytes":	11927552,
					"bits_per_second":	95422514.7336598,
					"retransmits":	0,
					"snd_cwnd":	1375600,
					"snd_wnd":	35360768,
					"rtt":	85611,
					"rttvar":	527,
					"pmtu":	1500,
					"omitted":	false,
					"sender":	true
				}],
			"sum":	{
				"start":	4.001047,
				"end":	5.001025,
				"seconds":	0.999978005886078,
				"bytes":	11927552,
				"bits_per_second":	95422514.7336598,
				"retransmits":	0,
				"omitted":	false,
				"sender":	true
			}
		}, {
			"streams":	[{
					"socket":	8,
					"start":	5.001025,
					"end":	6.009371,
					"seconds":	1.00834596157074,
					"bytes":	11403264,
					"bits_per_second":	90471044.142323464,
					"retransmits":	7,
					"snd_cwnd":	1520400,
					"snd_wnd":	35360768,
					"rtt":	61006,
					"rttvar":	202,
					"pmtu":	1500,
					"omitted":	false,
					"sender":	true
				}],
			"sum":	{
				"start":	5.001025,
				"end":	6.009371,
				"seconds":	1.00834596157074,
				"bytes":	11403264,
				"bits_per_second":	90471044.142323464,
				"retransmits":	7,
				"omitted":	false,
				"sender":	true
			}
		}, {
			"streams":	[{
					"socket":	8,
					"start":	6.009371,
					"end":	7.001017,
					"seconds":	0.99164599180221558,
					"bytes":	29229056,
					"bits_per_second":	235802342.70400605,
					"retransmits":	0,
					"snd_cwnd":	3263792,
					"snd_wnd":	35360768,
					"rtt":	150425,
					"rttvar":	2422,
					"pmtu":	1500,
					"omitted":	false,
					"sender":	true
				}],
			"sum":	{
				"start":	6.009371,
				"end":	7.001017,
				"seconds":	0.99164599180221558,
				"bytes":	29229056,
				"bits_per_second":	235802342.70400605,
				"retransmits":	0,
				"omitted":	false,
				"sender":	true
			}
		}, {
			"streams":	[{
					"socket":	8,
					"start":	7.001017,
					"end":	8.001028,
					"seconds":	1.0000109672546387,
					"bytes":	3670016,
					"bits_per_second":	29359806.003531419,
					"retransmits":	899,
					"snd_cwnd":	5482128,
					"snd_wnd":	46288896,
					"rtt":	57624,
					"rttvar":	63,
					"pmtu":	1500,
					"omitted":	false,
					"sender":	true
				}],
			"sum":	{
				"start":	7.001017,
				"end":	8.001028,
				"seconds":	1.0000109672546387,
				"bytes":	3670016,
				"bits_per_second":	29359806.003531419,
				"retransmits":	899,
				"omitted":	false,
				"sender":	true
			}
		}],
	"end":	{
		"streams":	[{
				"sender":	{
					"socket":	8,
					"start":	0,
					"end":	8.001325,
					"seconds":	8.001325,
					"bytes":	107479040,
					"bits_per_second":	107461241.73183817,
					"retransmits":	3172,
					"max_snd_cwnd":	5482128,
					"max_snd_wnd":	46288896,
					"max_rtt":	163103,
					"min_rtt":	57624,
					"mean_rtt":	95663,
					"sender":	true
				},
				"receiver":	{
					"socket":	8,
					"start":	0,
					"end":	8.082833,
					"seconds":	8.001325,
					"bytes":	99876864,
					"bits_per_second":	98853324.3232911,
					"sender":	true
				}
			}],
		"sum_sent":	{
			"start":	0,
			"end":	8.001325,
			"seconds":	8.001325,
			"bytes":	107479040,
			"bits_per_second":	107461241.73183817,
			"retransmits":	3172,
			"sender":	true
		},
		"sum_received":	{
			"start":	0,
			"end":	8.082833,
			"seconds":	8.082833,
			"bytes":	99876864,
			"bits_per_second":	98853324.3232911,
			"sender":	true
		},
		"cpu_utilization_percent":	{
			"host_total":	3.0832027802374737,
			"host_user":	0.65421472735537833,
			"host_system":	2.4289759758149487,
			"remote_total":	2.46656901955462,
			"remote_user":	0.062106829437696888,
			"remote_system":	2.4044621901169227
		},
		"sender_tcp_congestion":	"bbr",
		"receiver_tcp_congestion":	"bbr"
	}
}
