{
	"start":	{
		"connected":	[{
				"socket":	8,
				"local_host":	"172.16.0.96",
				"local_port":	60288,
				"remote_host":	"172.17.0.96",
				"remote_port":	5201
			}],
		"version":	"iperf 3.16",
		"system_info":	"Linux h1 6.12.54-0b264c55b-l4steam-117 #1 SMP PREEMPT_DYNAMIC Fri Nov  7 18:07:57 UTC 2025 x86_64",
		"timestamp":	{
			"time":	"Sun, 22 Feb 2026 02:49:33 GMT",
			"timesecs":	1771728573
		},
		"connecting_to":	{
			"host":	"172.17.0.96",
			"port":	5201
		},
		"cookie":	"u6ywx5inrdugdmyrekby2cypzeg4lamtpfqa",
		"tcp_mss_default":	1448,
		"target_bitrate":	0,
		"fq_rate":	0,
		"sock_bufsize":	0,
		"sndbuf_actual":	1000000,
		"rcvbuf_actual":	1000000,
		"test_start":	{
			"protocol":	"TCP",
			"num_streams":	1,
			"blksize":	131072,
			"omit":	0,
			"duration":	0,
			"bytes":	107374182,
			"blocks":	0,
			"reverse":	0,
			"tos":	0,
			"target_bitrate":	0,
			"bidir":	0,
			"fqrate":	0
		}
	},
	"intervals":	[{
			"streams":	[{
					"socket":	8,
					"start":	0,
					"end":	1.001071,
					"seconds":	1.0010709762573242,
					"bytes":	19267584,
					"bits_per_second":	153975767.60868782,
					"retransmits":	417,
					"snd_cwnd":	9827576,
					"snd_wnd":	20013056,
					"rtt":	442000,
					"rttvar":	16423,
					"pmtu":	1500,
					"omitted":	false,
					"sender":	true
				}],
			"sum":	{
				"start":	0,
				"end":	1.001071,
				"seconds":	1.0010709762573242,
				"bytes":	19267584,
				"bits_per_second":	153975767.60868782,
				"retransmits":	417,
				"omitted":	false,
				"sender":	true
			}
		}, {
			"streams":	[{
					"socket":	8,
					"start":	1.001071,
					"end":	2.001832,
					"seconds":	1.0007610321044922,
					"bytes":	10616832,
					"bits_per_second":	84870067.15418525,
					"retransmits":	5508,
					"snd_cwnd":	2342864,
					"snd_wnd":	41406464,
					"rtt":	138289,
					"rttvar":	569,
					"pmtu":	1500,
					"omitted":	false,
					"sender":	true
				}],
			"sum":	{
				"start":	1.001071,
				"end":	2.001832,
				"seconds":	1.0007610321044922,
				"bytes":	10616832,
				"bits_per_second":	84870067.15418525,
				"retransmits":	5508,
				"omitted":	false,
				"sender":	true
			}
		}, {
			"streams":	[{
					"socket":	8,
					"start":	2.001832,
					"end":	3.00106,
					"seconds":	0.999228000640869,
					"bytes":	8126464,
					"bits_per_second":	65061939.775810733,
					"retransmits":	702,
					"snd_cwnd":	1375600,
					"snd_wnd":	53301248,
					"rtt":	123968,
					"rttvar":	347,
					"pmtu":	1500,
					"omitted":	false,
					"sender":	true
				}],
			"sum":	{
				"start":	2.001832,
				"end":	3.00106,
				"seconds":	0.999228000640869,
				"bytes":	8126464,
				"bits_per_second":	65061939.775810733,
				"retransmits":	702,
				"omitted":	false,
				"sender":	true
			}
		}, {
			"streams":	[{
					"socket":	8,
					"start":	3.00106,
					"end":	4.001064,
					"seconds":	1.0000040531158447,
					"bytes":	12189696,
					"bits_per_second":	97517172.751602,
					"retransmits":	0,
					"snd_cwnd":	1358224,
					"snd_wnd":	53309440,
					"rtt":	110299,
					"rttvar":	359,
					"pmtu":	1500,
					"omitted":	false,
					"sender":	true
				}],
			"sum":	{
				"start":	3.00106,
				"end":	4.001064,
				"seconds":	1.0000040531158447,
				"bytes":	12189696,
				"bits_per_second":	97517172.751602,
				"retransmits":	0,
				"omitted":	false,
				"sender":	true
			}
		}, {
			"streams":	[{
					"socket":	8,
					"start":	4.001064,
					"end":	5.00027,
					"seconds":	0.999206006526947,
					"bytes":	12320768,
					"bits_per_second":	98644467.0630008,
					"retransmits":	0,
					"snd_cwnd":	1375600,
					"snd_wnd":	53301248,
					"rtt":	107952,
					"rttvar":	451,
					"pmtu":	1500,
					"omitted":	false,
					"sender":	true
				}],
			"sum":	{
				"start":	4.001064,
				"end":	5.00027,
				"seconds":	0.999206006526947,
				"bytes":	12320768,
				"bits_per_second":	98644467.0630008,
				"retransmits":	0,
				"omitted":	false,
				"sender":	true
			}
		}, {
			"streams":	[{
					"socket":	8,
					"start":	5.00027,
					"end":	6.00106,
					"seconds":	1.000789999961853,
					"bytes":	12976128,
					"bits_per_second":	103727079.61106414,
					"retransmits":	0,
					"snd_cwnd":	1500128,
					"snd_wnd":	53309440,
					"rtt":	61043,
					"rttvar":	350,
					"pmtu":	1500,
					"omitted":	false,
					"sender":	true
				}],
			"sum":	{
				"start":	5.00027,
				"end":	6.00106,
				"seconds":	1.000789999961853,
				"bytes":	12976128,
				"bits_per_second":	103727079.61106414,
				"retransmits":	0,
				"omitted":	false,
				"sender":	true
			}
		}, {
			"streams":	[{
					"socket":	8,
					"start":	6.00106,
					"end":	7.001033,
					"seconds":	0.99997299909591675,
					"bytes":	16121856,
					"bits_per_second":	128978330.5315315,
					"retransmits":	0,
					"snd_cwnd":	1812896,
					"snd_wnd":	53309440,
					"rtt":	60763,
					"rttvar":	171,
					"pmtu":	1500,
					"omitted":	false,
					"sender":	true
				}],
			"sum":	{
				"start":	6.00106,
				"end":	7.001033,
				"seconds":	0.99997299909591675,
				"bytes":	16121856,
				"bits_per_second":	128978330.5315315,
				"retransmits":	0,
				"omitted":	false,
				"sender":	true
			}
		}, {
			"streams":	[{
					"socket":	8,
					"start":	7.001033,
					"end":	8.002592,
					"seconds":	1.0015590190887451,
					"bytes":	15859712,
					"bits_per_second":	126680199.151357,
					"retransmits":	0,
					"snd_cwnd":	3084240,
					"snd_wnd":	53309440,
					"rtt":	57559,
					"rttvar":	159,
					"pmtu":	1500,
					"omitted":	false,
					"sender":	true
				}],
			"sum":	{
				"start":	7.001033,
				"end":	8.002592,
				"seconds":	1.0015590190887451,
				"bytes":	15859712,
				"bits_per_second":	126680199.151357,
				"retransmits":	0,
				"omitted":	false,
				"sender":	true
			}
		}],
	"end":	{
		"streams":	[{
				"sender":	{
					"socket":	8,
					"start":	0,
					"end":	8.004816,
					"seconds":	8.004816,
					"bytes":	107479040,
					"bits_per_second":	107414376.54531972,
					"retransmits":	6627,
					"max_snd_cwnd":	9827576,
					"max_snd_wnd":	53309440,
					"max_rtt":	442000,
					"min_rtt":	57541,
					"mean_rtt":	128823,
					"sender":	true
				},
				"receiver":	{
					"socket":	8,
					"start":	0,
					"end":	8.574131,
					"seconds":	8.004816,
					"bytes":	93716480,
					"bits_per_second":	87441145.930707157,
					"sender":	true
				}
			}],
		"sum_sent":	{
			"start":	0,
			"end":	8.004816,
			"seconds":	8.004816,
			"bytes":	107479040,
			"bits_per_second":	107414376.54531972,
			"retransmits":	6627,
			"sender":	true
		},
		"sum_received":	{
			"start":	0,
			"end":	8.574131,
			"seconds":	8.574131,
			"bytes":	93716480,
			"bits_per_second":	87441145.930707157,
			"sender":	true
		},
		"cpu_utilization_percent":	{
			"host_total":	0.805382248020608,
			"host_user":	0.37123302263590036,
			"host_system":	0.43414922538470757,
			"remote_total":	2.68157756376972,
			"remote_user":	0.11830935189707834,
			"remote_system":	2.5635364606003264
		},
		"sender_tcp_congestion":	"bbr",
		"receiver_tcp_congestion":	"bbr"
	}
}
