{
	"start":	{
		"connected":	[{
				"socket":	8,
				"local_host":	"172.16.0.104",
				"local_port":	40862,
				"remote_host":	"172.17.0.104",
				"remote_port":	5201
			}],
		"version":	"iperf 3.16",
		"system_info":	"Linux h1 6.12.54-0b264c55b-l4steam-117 #1 SMP PREEMPT_DYNAMIC Fri Nov  7 18:07:57 UTC 2025 x86_64",
		"timestamp":	{
			"time":	"Sun, 22 Feb 2026 02:29:30 GMT",
			"timesecs":	1771727370
		},
		"connecting_to":	{
			"host":	"172.17.0.104",
			"port":	5201
		},
		"cookie":	"ckimjdlok6zlrepaownqifvzio4eoevpr2ih",
		"tcp_mss_default":	1448,
		"target_bitrate":	0,
		"fq_rate":	0,
		"sock_bufsize":	0,
		"sndbuf_actual":	1000000,
		"rcvbuf_actual":	1000000,
		"test_start":	{
			"protocol":	"TCP",
			"num_streams":	1,
			"blksize":	131072,
			"omit":	0,
			"duration":	0,
			"bytes":	107374182,
			"blocks":	0,
			"reverse":	0,
			"tos":	0,
			"target_bitrate":	0,
			"bidir":	0,
			"fqrate":	0
		}
	},
	"intervals":	[{
			"streams":	[{
					"socket":	8,
					"start":	0,
					"end":	1.00106,
					"seconds":	1.0010600090026855,
					"bytes":	19267584,
					"bits_per_second":	153977454.51200667,
					"retransmits":	3430,
					"snd_cwnd":	144294648,
					"snd_wnd":	19562496,
					"rtt":	133157,
					"rttvar":	1847,
					"pmtu":	1500,
					"omitted":	false,
					"sender":	true
				}],
			"sum":	{
				"start":	0,
				"end":	1.00106,
				"seconds":	1.0010600090026855,
				"bytes":	19267584,
				"bits_per_second":	153977454.51200667,
				"retransmits":	3430,
				"omitted":	false,
				"sender":	true
			}
		}, {
			"streams":	[{
					"socket":	8,
					"start":	1.00106,
					"end":	2.001063,
					"seconds":	1.0000029802322388,
					"bytes":	21626880,
					"bits_per_second":	173014524.37653667,
					"retransmits":	17476,
					"snd_cwnd":	143365032,
					"snd_wnd":	50003968,
					"rtt":	85551,
					"rttvar":	2144,
					"pmtu":	1500,
					"omitted":	false,
					"sender":	true
				}],
			"sum":	{
				"start":	1.00106,
				"end":	2.001063,
				"seconds":	1.0000029802322388,
				"bytes":	21626880,
				"bits_per_second":	173014524.37653667,
				"retransmits":	17476,
				"omitted":	false,
				"sender":	true
			}
		}, {
			"streams":	[{
					"socket":	8,
					"start":	2.001063,
					"end":	3.002892,
					"seconds":	1.0018290281295776,
					"bytes":	29884416,
					"bits_per_second":	238638850.82902363,
					"retransmits":	16862,
					"snd_cwnd":	141705624,
					"snd_wnd":	102260736,
					"rtt":	105990,
					"rttvar":	2953,
					"pmtu":	1500,
					"omitted":	false,
					"sender":	true
				}],
			"sum":	{
				"start":	2.001063,
				"end":	3.002892,
				"seconds":	1.0018290281295776,
				"bytes":	29884416,
				"bits_per_second":	238638850.82902363,
				"retransmits":	16862,
				"omitted":	false,
				"sender":	true
			}
		}, {
			"streams":	[{
					"socket":	8,
					"start":	3.002892,
					"end":	4.001038,
					"seconds":	0.99814599752426147,
					"bytes":	36700160,
					"bits_per_second":	294146628.577613,
					"retransmits":	38316,
					"snd_cwnd":	140493648,
					"snd_wnd":	127860736,
					"rtt":	102386,
					"rttvar":	5219,
					"pmtu":	1500,
					"omitted":	false,
					"sender":	true
				}],
			"sum":	{
				"start":	3.002892,
				"end":	4.001038,
				"seconds":	0.99814599752426147,
				"bytes":	36700160,
				"bits_per_second":	294146628.577613,
				"retransmits":	38316,
				"omitted":	false,
				"sender":	true
			}
		}],
	"end":	{
		"streams":	[{
				"sender":	{
					"socket":	8,
					"start":	0,
					"end":	4.001274,
					"seconds":	4.001274,
					"bytes":	107479040,
					"bits_per_second":	214889637.65040833,
					"retransmits":	76084,
					"max_snd_cwnd":	144294648,
					"max_snd_wnd":	128106496,
					"max_rtt":	133157,
					"min_rtt":	85551,
					"mean_rtt":	105894,
					"sender":	true
				},
				"receiver":	{
					"socket":	8,
					"start":	0,
					"end":	4.08877,
					"seconds":	4.001274,
					"bytes":	107479040,
					"bits_per_second":	210291192.70587486,
					"sender":	true
				}
			}],
		"sum_sent":	{
			"start":	0,
			"end":	4.001274,
			"seconds":	4.001274,
			"bytes":	107479040,
			"bits_per_second":	214889637.65040833,
			"retransmits":	76084,
			"sender":	true
		},
		"sum_received":	{
			"start":	0,
			"end":	4.08877,
			"seconds":	4.08877,
			"bytes":	107479040,
			"bits_per_second":	210291192.70587486,
			"sender":	true
		},
		"cpu_utilization_percent":	{
			"host_total":	25.85635957676266,
			"host_user":	13.058079593778823,
			"host_system":	12.798279982983834,
			"remote_total":	1.3273866619578527,
			"remote_user":	0,
			"remote_system":	1.3274111190950078
		},
		"sender_tcp_congestion":	"prague",
		"receiver_tcp_congestion":	"prague"
	}
}
