{
	"start":	{
		"connected":	[{
				"socket":	8,
				"local_host":	"172.16.0.111",
				"local_port":	44846,
				"remote_host":	"172.17.0.111",
				"remote_port":	5201
			}],
		"version":	"iperf 3.16",
		"system_info":	"Linux h1 6.12.54-0b264c55b-l4steam-117 #1 SMP PREEMPT_DYNAMIC Fri Nov  7 18:07:57 UTC 2025 x86_64",
		"timestamp":	{
			"time":	"Sun, 22 Feb 2026 02:29:30 GMT",
			"timesecs":	1771727370
		},
		"connecting_to":	{
			"host":	"172.17.0.111",
			"port":	5201
		},
		"cookie":	"c6t5pbs3slib5v4ikon35of4otfmcjybi7jf",
		"tcp_mss_default":	1448,
		"target_bitrate":	0,
		"fq_rate":	0,
		"sock_bufsize":	0,
		"sndbuf_actual":	1000000,
		"rcvbuf_actual":	1000000,
		"test_start":	{
			"protocol":	"TCP",
			"num_streams":	1,
			"blksize":	131072,
			"omit":	0,
			"duration":	0,
			"bytes":	107374182,
			"blocks":	0,
			"reverse":	0,
			"tos":	0,
			"target_bitrate":	0,
			"bidir":	0,
			"fqrate":	0
		}
	},
	"intervals":	[{
			"streams":	[{
					"socket":	8,
					"start":	0,
					"end":	1.001047,
					"seconds":	1.0010470151901245,
					"bytes":	19005440,
					"bits_per_second":	151884494.62698117,
					"retransmits":	7064,
					"snd_cwnd":	144094824,
					"snd_wnd":	27897856,
					"rtt":	123898,
					"rttvar":	1665,
					"pmtu":	1500,
					"omitted":	false,
					"sender":	true
				}],
			"sum":	{
				"start":	0,
				"end":	1.001047,
				"seconds":	1.0010470151901245,
				"bytes":	19005440,
				"bits_per_second":	151884494.62698117,
				"retransmits":	7064,
				"omitted":	false,
				"sender":	true
			}
		}, {
			"streams":	[{
					"socket":	8,
					"start":	1.001047,
					"end":	2.000272,
					"seconds":	0.99922502040863037,
					"bytes":	26738688,
					"bits_per_second":	214075408.07227013,
					"retransmits":	15097,
					"snd_cwnd":	142921944,
					"snd_wnd":	78381056,
					"rtt":	126943,
					"rttvar":	10416,
					"pmtu":	1500,
					"omitted":	false,
					"sender":	true
				}],
			"sum":	{
				"start":	1.001047,
				"end":	2.000272,
				"seconds":	0.99922502040863037,
				"bytes":	26738688,
				"bits_per_second":	214075408.07227013,
				"retransmits":	15097,
				"omitted":	false,
				"sender":	true
			}
		}, {
			"streams":	[{
					"socket":	8,
					"start":	2.000272,
					"end":	3.0036,
					"seconds":	1.0033279657363892,
					"bytes":	15728640,
					"bits_per_second":	125411753.97981471,
					"retransmits":	16190,
					"snd_cwnd":	142257312,
					"snd_wnd":	101642240,
					"rtt":	79216,
					"rttvar":	5294,
					"pmtu":	1500,
					"omitted":	false,
					"sender":	true
				}],
			"sum":	{
				"start":	2.000272,
				"end":	3.0036,
				"seconds":	1.0033279657363892,
				"bytes":	15728640,
				"bits_per_second":	125411753.97981471,
				"retransmits":	16190,
				"omitted":	false,
				"sender":	true
			}
		}, {
			"streams":	[{
					"socket":	8,
					"start":	3.0036,
					"end":	4.001031,
					"seconds":	0.997430980205536,
					"bytes":	24379392,
					"bits_per_second":	195537475.64549282,
					"retransmits":	14676,
					"snd_cwnd":	141504352,
					"snd_wnd":	107180032,
					"rtt":	70038,
					"rttvar":	3321,
					"pmtu":	1500,
					"omitted":	false,
					"sender":	true
				}],
			"sum":	{
				"start":	3.0036,
				"end":	4.001031,
				"seconds":	0.997430980205536,
				"bytes":	24379392,
				"bits_per_second":	195537475.64549282,
				"retransmits":	14676,
				"omitted":	false,
				"sender":	true
			}
		}, {
			"streams":	[{
					"socket":	8,
					"start":	4.001031,
					"end":	5.000995,
					"seconds":	0.99996399879455566,
					"bytes":	17170432,
					"bits_per_second":	137368401.42804137,
					"retransmits":	18615,
					"snd_cwnd":	140955560,
					"snd_wnd":	106143744,
					"rtt":	81344,
					"rttvar":	5506,
					"pmtu":	1500,
					"omitted":	false,
					"sender":	true
				}],
			"sum":	{
				"start":	4.001031,
				"end":	5.000995,
				"seconds":	0.99996399879455566,
				"bytes":	17170432,
				"bits_per_second":	137368401.42804137,
				"retransmits":	18615,
				"omitted":	false,
				"sender":	true
			}
		}],
	"end":	{
		"streams":	[{
				"sender":	{
					"socket":	8,
					"start":	0,
					"end":	5.001299,
					"seconds":	5.001299,
					"bytes":	107479040,
					"bits_per_second":	171921798.7166934,
					"retransmits":	71642,
					"max_snd_cwnd":	144094824,
					"max_snd_wnd":	107180032,
					"max_rtt":	126943,
					"min_rtt":	70038,
					"mean_rtt":	93797,
					"sender":	true
				},
				"receiver":	{
					"socket":	8,
					"start":	0,
					"end":	5.08516,
					"seconds":	5.001299,
					"bytes":	107479040,
					"bits_per_second":	169086581.3465063,
					"sender":	true
				}
			}],
		"sum_sent":	{
			"start":	0,
			"end":	5.001299,
			"seconds":	5.001299,
			"bytes":	107479040,
			"bits_per_second":	171921798.7166934,
			"retransmits":	71642,
			"sender":	true
		},
		"sum_received":	{
			"start":	0,
			"end":	5.08516,
			"seconds":	5.08516,
			"bytes":	107479040,
			"bits_per_second":	169086581.3465063,
			"sender":	true
		},
		"cpu_utilization_percent":	{
			"host_total":	17.858228259371629,
			"host_user":	8.1578635946444447,
			"host_system":	9.70037987556923,
			"remote_total":	1.0885951288234159,
			"remote_user":	0,
			"remote_system":	1.088614793818427
		},
		"sender_tcp_congestion":	"prague",
		"receiver_tcp_congestion":	"prague"
	}
}
