{
	"start":	{
		"connected":	[{
				"socket":	8,
				"local_host":	"172.16.0.120",
				"local_port":	45650,
				"remote_host":	"172.17.0.120",
				"remote_port":	5201
			}],
		"version":	"iperf 3.16",
		"system_info":	"Linux h1 6.12.54-0b264c55b-l4steam-117 #1 SMP PREEMPT_DYNAMIC Fri Nov  7 18:07:57 UTC 2025 x86_64",
		"timestamp":	{
			"time":	"Sat, 21 Feb 2026 03:36:38 GMT",
			"timesecs":	1771644998
		},
		"connecting_to":	{
			"host":	"172.17.0.120",
			"port":	5201
		},
		"cookie":	"rz3it53tczxx7q6we5llc2r2shfu5kds6bqh",
		"tcp_mss_default":	1448,
		"target_bitrate":	0,
		"fq_rate":	0,
		"sock_bufsize":	0,
		"sndbuf_actual":	1000000,
		"rcvbuf_actual":	1000000,
		"test_start":	{
			"protocol":	"TCP",
			"num_streams":	1,
			"blksize":	131072,
			"omit":	0,
			"duration":	0,
			"bytes":	10737418240,
			"blocks":	0,
			"reverse":	0,
			"tos":	0,
			"target_bitrate":	0,
			"bidir":	0,
			"fqrate":	0
		}
	},
	"intervals":	[{
			"streams":	[{
					"socket":	8,
					"start":	0,
					"end":	1.001035,
					"seconds":	1.00103497505188,
					"bytes":	72482816,
					"bits_per_second":	579263005.24109852,
					"retransmits":	0,
					"snd_cwnd":	144800000,
					"snd_wnd":	499712,
					"rtt":	77664,
					"rttvar":	29125,
					"pmtu":	1500,
					"omitted":	false,
					"sender":	true
				}],
			"sum":	{
				"start":	0,
				"end":	1.001035,
				"seconds":	1.00103497505188,
				"bytes":	72482816,
				"bits_per_second":	579263005.24109852,
				"retransmits":	0,
				"omitted":	false,
				"sender":	true
			}
		}, {
			"streams":	[{
					"socket":	8,
					"start":	1.001035,
					"end":	2.001034,
					"seconds":	0.99999898672103882,
					"bytes":	0,
					"bits_per_second":	0,
					"retransmits":	0,
					"snd_cwnd":	144800000,
					"snd_wnd":	499712,
					"rtt":	77664,
					"rttvar":	29125,
					"pmtu":	1500,
					"omitted":	false,
					"sender":	true
				}],
			"sum":	{
				"start":	1.001035,
				"end":	2.001034,
				"seconds":	0.99999898672103882,
				"bytes":	0,
				"bits_per_second":	0,
				"retransmits":	0,
				"omitted":	false,
				"sender":	true
			}
		}, {
			"streams":	[{
					"socket":	8,
					"start":	1.001035,
					"end":	2.001034,
					"seconds":	0.99999898672103882,
					"bytes":	0,
					"bits_per_second":	0,
					"retransmits":	0,
					"snd_cwnd":	144800000,
					"snd_wnd":	499712,
					"rtt":	77664,
					"rttvar":	29125,
					"pmtu":	1500,
					"omitted":	false,
					"sender":	true
				}],
			"sum":	{
				"start":	1.001035,
				"end":	2.001034,
				"seconds":	0.99999898672103882,
				"bytes":	0,
				"bits_per_second":	0,
				"retransmits":	0,
				"omitted":	false,
				"sender":	true
			}
		}],
	"end":	{
	},
	"error":	"control socket has closed unexpectedly"
}
