{
	"start":	{
		"connected":	[{
				"socket":	8,
				"local_host":	"172.16.0.127",
				"local_port":	43044,
				"remote_host":	"172.17.0.127",
				"remote_port":	5201
			}],
		"version":	"iperf 3.16",
		"system_info":	"Linux h1 6.12.54-0b264c55b-l4steam-117 #1 SMP PREEMPT_DYNAMIC Fri Nov  7 18:07:57 UTC 2025 x86_64",
		"timestamp":	{
			"time":	"Sun, 22 Feb 2026 02:29:30 GMT",
			"timesecs":	1771727370
		},
		"connecting_to":	{
			"host":	"172.17.0.127",
			"port":	5201
		},
		"cookie":	"aljk7nyqb32ajxgkaif7wwpr23gj6g4z6uin",
		"tcp_mss_default":	1448,
		"target_bitrate":	0,
		"fq_rate":	0,
		"sock_bufsize":	0,
		"sndbuf_actual":	1000000,
		"rcvbuf_actual":	1000000,
		"test_start":	{
			"protocol":	"TCP",
			"num_streams":	1,
			"blksize":	131072,
			"omit":	0,
			"duration":	0,
			"bytes":	107374182,
			"blocks":	0,
			"reverse":	0,
			"tos":	0,
			"target_bitrate":	0,
			"bidir":	0,
			"fqrate":	0
		}
	},
	"intervals":	[{
			"streams":	[{
					"socket":	8,
					"start":	0,
					"end":	1.005292,
					"seconds":	1.0052920579910278,
					"bytes":	19005440,
					"bits_per_second":	151243132.57168594,
					"retransmits":	1457,
					"snd_cwnd":	144336640,
					"snd_wnd":	18280448,
					"rtt":	131109,
					"rttvar":	9959,
					"pmtu":	1500,
					"omitted":	false,
					"sender":	true
				}],
			"sum":	{
				"start":	0,
				"end":	1.005292,
				"seconds":	1.0052920579910278,
				"bytes":	19005440,
				"bits_per_second":	151243132.57168594,
				"retransmits":	1457,
				"omitted":	false,
				"sender":	true
			}
		}, {
			"streams":	[{
					"socket":	8,
					"start":	1.005292,
					"end":	2.001055,
					"seconds":	0.99576300382614136,
					"bytes":	3932160,
					"bits_per_second":	31591131.50330738,
					"retransmits":	6404,
					"snd_cwnd":	2896,
					"snd_wnd":	43405312,
					"rtt":	120014,
					"rttvar":	9596,
					"pmtu":	1500,
					"omitted":	false,
					"sender":	true
				}],
			"sum":	{
				"start":	1.005292,
				"end":	2.001055,
				"seconds":	0.99576300382614136,
				"bytes":	3932160,
				"bits_per_second":	31591131.50330738,
				"retransmits":	6404,
				"omitted":	false,
				"sender":	true
			}
		}, {
			"streams":	[{
					"socket":	8,
					"start":	2.001055,
					"end":	3.005119,
					"seconds":	1.0040639638900757,
					"bytes":	0,
					"bits_per_second":	0,
					"retransmits":	26,
					"snd_cwnd":	5792,
					"snd_wnd":	43470848,
					"rtt":	68550,
					"rttvar":	11605,
					"pmtu":	1500,
					"omitted":	false,
					"sender":	true
				}],
			"sum":	{
				"start":	2.001055,
				"end":	3.005119,
				"seconds":	1.0040639638900757,
				"bytes":	0,
				"bits_per_second":	0,
				"retransmits":	26,
				"omitted":	false,
				"sender":	true
			}
		}, {
			"streams":	[{
					"socket":	8,
					"start":	3.005119,
					"end":	4.00107,
					"seconds":	0.995950996875763,
					"bytes":	5767168,
					"bits_per_second":	46324913.720383845,
					"retransmits":	79,
					"snd_cwnd":	7240,
					"snd_wnd":	43696128,
					"rtt":	58756,
					"rttvar":	996,
					"pmtu":	1500,
					"omitted":	false,
					"sender":	true
				}],
			"sum":	{
				"start":	3.005119,
				"end":	4.00107,
				"seconds":	0.995950996875763,
				"bytes":	5767168,
				"bits_per_second":	46324913.720383845,
				"retransmits":	79,
				"omitted":	false,
				"sender":	true
			}
		}, {
			"streams":	[{
					"socket":	8,
					"start":	4.00107,
					"end":	5.00107,
					"seconds":	1,
					"bytes":	3670016,
					"bits_per_second":	29360128,
					"retransmits":	84,
					"snd_cwnd":	7240,
					"snd_wnd":	43933696,
					"rtt":	57420,
					"rttvar":	525,
					"pmtu":	1500,
					"omitted":	false,
					"sender":	true
				}],
			"sum":	{
				"start":	4.00107,
				"end":	5.00107,
				"seconds":	1,
				"bytes":	3670016,
				"bits_per_second":	29360128,
				"retransmits":	84,
				"omitted":	false,
				"sender":	true
			}
		}, {
			"streams":	[{
					"socket":	8,
					"start":	5.00107,
					"end":	6.001092,
					"seconds":	1.0000220537185669,
					"bytes":	0,
					"bits_per_second":	0,
					"retransmits":	67,
					"snd_cwnd":	11584,
					"snd_wnd":	44195840,
					"rtt":	57254,
					"rttvar":	70,
					"pmtu":	1500,
					"omitted":	false,
					"sender":	true
				}],
			"sum":	{
				"start":	5.00107,
				"end":	6.001092,
				"seconds":	1.0000220537185669,
				"bytes":	0,
				"bits_per_second":	0,
				"retransmits":	67,
				"omitted":	false,
				"sender":	true
			}
		}, {
			"streams":	[{
					"socket":	8,
					"start":	6.001092,
					"end":	7.00105,
					"seconds":	0.99995797872543335,
					"bytes":	0,
					"bits_per_second":	0,
					"retransmits":	0,
					"snd_cwnd":	34752,
					"snd_wnd":	44953600,
					"rtt":	57212,
					"rttvar":	55,
					"pmtu":	1500,
					"omitted":	false,
					"sender":	true
				}],
			"sum":	{
				"start":	6.001092,
				"end":	7.00105,
				"seconds":	0.99995797872543335,
				"bytes":	0,
				"bits_per_second":	0,
				"retransmits":	0,
				"omitted":	false,
				"sender":	true
			}
		}, {
			"streams":	[{
					"socket":	8,
					"start":	7.00105,
					"end":	8.001042,
					"seconds":	0.9999920129776,
					"bytes":	0,
					"bits_per_second":	0,
					"retransmits":	0,
					"snd_cwnd":	59368,
					"snd_wnd":	46559232,
					"rtt":	57110,
					"rttvar":	17,
					"pmtu":	1500,
					"omitted":	false,
					"sender":	true
				}],
			"sum":	{
				"start":	7.00105,
				"end":	8.001042,
				"seconds":	0.9999920129776,
				"bytes":	0,
				"bits_per_second":	0,
				"retransmits":	0,
				"omitted":	false,
				"sender":	true
			}
		}, {
			"streams":	[{
					"socket":	8,
					"start":	8.001042,
					"end":	9.001064,
					"seconds":	1.0000220537185669,
					"bytes":	0,
					"bits_per_second":	0,
					"retransmits":	0,
					"snd_cwnd":	85432,
					"snd_wnd":	49033216,
					"rtt":	57113,
					"rttvar":	13,
					"pmtu":	1500,
					"omitted":	false,
					"sender":	true
				}],
			"sum":	{
				"start":	8.001042,
				"end":	9.001064,
				"seconds":	1.0000220537185669,
				"bytes":	0,
				"bits_per_second":	0,
				"retransmits":	0,
				"omitted":	false,
				"sender":	true
			}
		}, {
			"streams":	[{
					"socket":	8,
					"start":	9.001064,
					"end":	10.001053,
					"seconds":	0.99998897314071655,
					"bytes":	3145728,
					"bits_per_second":	25166101.503059987,
					"retransmits":	0,
					"snd_cwnd":	110048,
					"snd_wnd":	52375552,
					"rtt":	57111,
					"rttvar":	19,
					"pmtu":	1500,
					"omitted":	false,
					"sender":	true
				}],
			"sum":	{
				"start":	9.001064,
				"end":	10.001053,
				"seconds":	0.99998897314071655,
				"bytes":	3145728,
				"bits_per_second":	25166101.503059987,
				"retransmits":	0,
				"omitted":	false,
				"sender":	true
			}
		}, {
			"streams":	[{
					"socket":	8,
					"start":	10.001053,
					"end":	11.001051,
					"seconds":	0.99999797344207764,
					"bytes":	0,
					"bits_per_second":	0,
					"retransmits":	0,
					"snd_cwnd":	134664,
					"snd_wnd":	56578048,
					"rtt":	57088,
					"rttvar":	14,
					"pmtu":	1500,
					"omitted":	false,
					"sender":	true
				}],
			"sum":	{
				"start":	10.001053,
				"end":	11.001051,
				"seconds":	0.99999797344207764,
				"bytes":	0,
				"bits_per_second":	0,
				"retransmits":	0,
				"omitted":	false,
				"sender":	true
			}
		}, {
			"streams":	[{
					"socket":	8,
					"start":	11.001051,
					"end":	12.001045,
					"seconds":	0.99999397993087769,
					"bytes":	3276800,
					"bits_per_second":	26214557.81345005,
					"retransmits":	0,
					"snd_cwnd":	160728,
					"snd_wnd":	61648896,
					"rtt":	57134,
					"rttvar":	21,
					"pmtu":	1500,
					"omitted":	false,
					"sender":	true
				}],
			"sum":	{
				"start":	11.001051,
				"end":	12.001045,
				"seconds":	0.99999397993087769,
				"bytes":	3276800,
				"bits_per_second":	26214557.81345005,
				"retransmits":	0,
				"omitted":	false,
				"sender":	true
			}
		}, {
			"streams":	[{
					"socket":	8,
					"start":	12.001045,
					"end":	13.001065,
					"seconds":	1.0000200271606445,
					"bytes":	3276800,
					"bits_per_second":	26213875.010514047,
					"retransmits":	0,