{
	"start":	{
		"connected":	[{
				"socket":	8,
				"local_host":	"172.16.0.15",
				"local_port":	50718,
				"remote_host":	"172.17.0.15",
				"remote_port":	5201
			}],
		"version":	"iperf 3.16",
		"system_info":	"Linux h1 6.12.54-0b264c55b-l4steam-117 #1 SMP PREEMPT_DYNAMIC Fri Nov  7 18:07:57 UTC 2025 x86_64",
		"timestamp":	{
			"time":	"Sun, 22 Feb 2026 02:29:28 GMT",
			"timesecs":	1771727368
		},
		"connecting_to":	{
			"host":	"172.17.0.15",
			"port":	5201
		},
		"cookie":	"tx4jicbi2jrwrqfy6sewxnnoxedpgozqljzq",
		"tcp_mss_default":	1448,
		"target_bitrate":	0,
		"fq_rate":	0,
		"sock_bufsize":	0,
		"sndbuf_actual":	1000000,
		"rcvbuf_actual":	1000000,
		"test_start":	{
			"protocol":	"TCP",
			"num_streams":	1,
			"blksize":	131072,
			"omit":	0,
			"duration":	0,
			"bytes":	107374182,
			"blocks":	0,
			"reverse":	0,
			"tos":	0,
			"target_bitrate":	0,
			"bidir":	0,
			"fqrate":	0
		}
	},
	"intervals":	[{
			"streams":	[{
					"socket":	8,
					"start":	0,
					"end":	1.004006,
					"seconds":	1.004006028175354,
					"bytes":	107479040,
					"bits_per_second":	856401551.25625062,
					"retransmits":	5453,
					"snd_cwnd":	144087584,
					"snd_wnd":	42553344,
					"rtt":	139870,
					"rttvar":	4740,
					"pmtu":	1500,
					"omitted":	false,
					"sender":	true
				}],
			"sum":	{
				"start":	0,
				"end":	1.004006,
				"seconds":	1.004006028175354,
				"bytes":	107479040,
				"bits_per_second":	856401551.25625062,
				"retransmits":	5453,
				"omitted":	false,
				"sender":	true
			}
		}],
	"end":	{
		"streams":	[{
				"sender":	{
					"socket":	8,
					"start":	0,
					"end":	1.004401,
					"seconds":	1.004401,
					"bytes":	107479040,
					"bits_per_second":	856064778.90802574,
					"retransmits":	5453,
					"max_snd_cwnd":	144087584,
					"max_snd_wnd":	43442176,
					"max_rtt":	143344,
					"min_rtt":	139870,
					"mean_rtt":	141607,
					"sender":	true
				},
				"receiver":	{
					"socket":	8,
					"start":	0,
					"end":	1.068027,
					"seconds":	1.004401,
					"bytes":	25690112,
					"bits_per_second":	192430431.06588128,
					"sender":	true
				}
			}],
		"sum_sent":	{
			"start":	0,
			"end":	1.004401,
			"seconds":	1.004401,
			"bytes":	107479040,
			"bits_per_second":	856064778.90802574,
			"retransmits":	5453,
			"sender":	true
		},
		"sum_received":	{
			"start":	0,
			"end":	1.068027,
			"seconds":	1.068027,
			"bytes":	25690112,
			"bits_per_second":	192430431.06588128,
			"sender":	true
		},
		"cpu_utilization_percent":	{
			"host_total":	35.706367379986972,
			"host_user":	29.427783435703127,
			"host_system":	6.2786630146691378,
			"remote_total":	1.8782916450149574,
			"remote_user":	0.38397258542477142,
			"remote_system":	1.4950680917002561
		},
		"sender_tcp_congestion":	"prague",
		"receiver_tcp_congestion":	"prague"
	}
}
