{
	"start":	{
		"connected":	[{
				"socket":	8,
				"local_host":	"172.16.0.59",
				"local_port":	34920,
				"remote_host":	"172.17.0.59",
				"remote_port":	5201
			}],
		"version":	"iperf 3.16",
		"system_info":	"Linux h1 6.12.54-0b264c55b-l4steam-117 #1 SMP PREEMPT_DYNAMIC Fri Nov  7 18:07:57 UTC 2025 x86_64",
		"timestamp":	{
			"time":	"Sun, 22 Feb 2026 02:29:28 GMT",
			"timesecs":	1771727368
		},
		"connecting_to":	{
			"host":	"172.17.0.59",
			"port":	5201
		},
		"cookie":	"yf6ac5gk3eusjishkwsz4pzbqjzjctduhh25",
		"tcp_mss_default":	1448,
		"target_bitrate":	0,
		"fq_rate":	0,
		"sock_bufsize":	0,
		"sndbuf_actual":	1000000,
		"rcvbuf_actual":	1000000,
		"test_start":	{
			"protocol":	"TCP",
			"num_streams":	1,
			"blksize":	131072,
			"omit":	0,
			"duration":	0,
			"bytes":	107374182,
			"blocks":	0,
			"reverse":	0,
			"tos":	0,
			"target_bitrate":	0,
			"bidir":	0,
			"fqrate":	0
		}
	},
	"intervals":	[{
			"streams":	[{
					"socket":	8,
					"start":	0,
					"end":	1.001063,
					"seconds":	1.0010629892349243,
					"bytes":	48758784,
					"bits_per_second":	389656071.790364,
					"retransmits":	2527,
					"snd_cwnd":	1448,
					"snd_wnd":	5926912,
					"rtt":	151949,
					"rttvar":	11105,
					"pmtu":	1500,
					"omitted":	false,
					"sender":	true
				}],
			"sum":	{
				"start":	0,
				"end":	1.001063,
				"seconds":	1.0010629892349243,
				"bytes":	48758784,
				"bits_per_second":	389656071.790364,
				"retransmits":	2527,
				"omitted":	false,
				"sender":	true
			}
		}, {
			"streams":	[{
					"socket":	8,
					"start":	1.001063,
					"end":	2.000485,
					"seconds":	0.999422013759613,
					"bytes":	0,
					"bits_per_second":	0,
					"retransmits":	4847,
					"snd_cwnd":	144613208,
					"snd_wnd":	8368128,
					"rtt":	109905,
					"rttvar":	9490,
					"pmtu":	1500,
					"omitted":	false,
					"sender":	true
				}],
			"sum":	{
				"start":	1.001063,
				"end":	2.000485,
				"seconds":	0.999422013759613,
				"bytes":	0,
				"bits_per_second":	0,
				"retransmits":	4847,
				"omitted":	false,
				"sender":	true
			}
		}, {
			"streams":	[{
					"socket":	8,
					"start":	2.000485,
					"end":	3.00106,
					"seconds":	1.0005749464035034,
					"bytes":	0,
					"bits_per_second":	0,
					"retransmits":	13160,
					"snd_cwnd":	144006496,
					"snd_wnd":	31170560,
					"rtt":	139058,
					"rttvar":	9681,
					"pmtu":	1500,
					"omitted":	false,
					"sender":	true
				}],
			"sum":	{
				"start":	2.000485,
				"end":	3.00106,
				"seconds":	1.0005749464035034,
				"bytes":	0,
				"bits_per_second":	0,
				"retransmits":	13160,
				"omitted":	false,
				"sender":	true
			}
		}, {
			"streams":	[{
					"socket":	8,
					"start":	3.00106,
					"end":	4.001072,
					"seconds":	1.0000120401382446,
					"bytes":	19529728,
					"bits_per_second":	156235942.89764872,
					"retransmits":	9401,
					"snd_cwnd":	142617864,
					"snd_wnd":	67772416,
					"rtt":	118866,
					"rttvar":	3610,
					"pmtu":	1500,
					"omitted":	false,
					"sender":	true
				}],
			"sum":	{
				"start":	3.00106,
				"end":	4.001072,
				"seconds":	1.0000120401382446,
				"bytes":	19529728,
				"bits_per_second":	156235942.89764872,
				"retransmits":	9401,
				"omitted":	false,
				"sender":	true
			}
		}, {
			"streams":	[{
					"socket":	8,
					"start":	4.001072,
					"end":	5.010961,
					"seconds":	1.0098890066146851,
					"bytes":	26607616,
					"bits_per_second":	210776557.23131895,
					"retransmits":	22101,
					"snd_cwnd":	141912688,
					"snd_wnd":	61710336,
					"rtt":	85016,
					"rttvar":	1616,
					"pmtu":	1500,
					"omitted":	false,
					"sender":	true
				}],
			"sum":	{
				"start":	4.001072,
				"end":	5.010961,
				"seconds":	1.0098890066146851,
				"bytes":	26607616,
				"bits_per_second":	210776557.23131895,
				"retransmits":	22101,
				"omitted":	false,
				"sender":	true
			}
		}, {
			"streams":	[{
					"socket":	8,
					"start":	5.010961,
					"end":	6.008442,
					"seconds":	0.99748098850250244,
					"bytes":	12320768,
					"bits_per_second":	98815060.2729535,
					"retransmits":	9993,
					"snd_cwnd":	141376928,
					"snd_wnd":	70438912,
					"rtt":	70747,
					"rttvar":	4229,
					"pmtu":	1500,
					"omitted":	false,
					"sender":	true
				}],
			"sum":	{
				"start":	5.010961,
				"end":	6.008442,
				"seconds":	0.99748098850250244,
				"bytes":	12320768,
				"bits_per_second":	98815060.2729535,
				"retransmits":	9993,
				"omitted":	false,
				"sender":	true
			}
		}],
	"end":	{
		"streams":	[{
				"sender":	{
					"socket":	8,
					"start":	0,
					"end":	6.010831,
					"seconds":	6.010831,
					"bytes":	107479040,
					"bits_per_second":	143047162.69680515,
					"retransmits":	62029,
					"max_snd_cwnd":	144613208,
					"max_snd_wnd":	70438912,
					"max_rtt":	151949,
					"min_rtt":	70747,
					"mean_rtt":	106612,
					"sender":	true
				},
				"receiver":	{
					"socket":	8,
					"start":	0,
					"end":	6.076029,
					"seconds":	6.010831,
					"bytes":	107479040,
					"bits_per_second":	141512214.63887021,
					"sender":	true
				}
			}],
		"sum_sent":	{
			"start":	0,
			"end":	6.010831,
			"seconds":	6.010831,
			"bytes":	107479040,
			"bits_per_second":	143047162.69680515,
			"retransmits":	62029,
			"sender":	true
		},
		"sum_received":	{
			"start":	0,
			"end":	6.076029,
			"seconds":	6.076029,
			"bytes":	107479040,
			"bits_per_second":	141512214.63887021,
			"sender":	true
		},
		"cpu_utilization_percent":	{
			"host_total":	10.680749506456328,
			"host_user":	5.46154812387966,
			"host_system":	5.2192013825766672,
			"remote_total":	1.0493512221776025,
			"remote_user":	0.00151414408068413,
			"remote_system":	1.0479029104482525
		},
		"sender_tcp_congestion":	"prague",
		"receiver_tcp_congestion":	"prague"
	}
}
