{
	"start":	{
		"connected":	[{
				"socket":	8,
				"local_host":	"172.16.0.62",
				"local_port":	42582,
				"remote_host":	"172.17.0.62",
				"remote_port":	5201
			}],
		"version":	"iperf 3.16",
		"system_info":	"Linux h1 6.12.54-0b264c55b-l4steam-117 #1 SMP PREEMPT_DYNAMIC Fri Nov  7 18:07:57 UTC 2025 x86_64",
		"timestamp":	{
			"time":	"Sun, 22 Feb 2026 02:29:28 GMT",
			"timesecs":	1771727368
		},
		"connecting_to":	{
			"host":	"172.17.0.62",
			"port":	5201
		},
		"cookie":	"nsvpqovqan7yds2c2bb5cthay7z2xwx5dmyl",
		"tcp_mss_default":	1448,
		"target_bitrate":	0,
		"fq_rate":	0,
		"sock_bufsize":	0,
		"sndbuf_actual":	1000000,
		"rcvbuf_actual":	1000000,
		"test_start":	{
			"protocol":	"TCP",
			"num_streams":	1,
			"blksize":	131072,
			"omit":	0,
			"duration":	0,
			"bytes":	107374182,
			"blocks":	0,
			"reverse":	0,
			"tos":	0,
			"target_bitrate":	0,
			"bidir":	0,
			"fqrate":	0
		}
	},
	"intervals":	[{
			"streams":	[{
					"socket":	8,
					"start":	0,
					"end":	1.001056,
					"seconds":	1.0010559558868408,
					"bytes":	48234496,
					"bits_per_second":	385468929.81436831,
					"retransmits":	2379,
					"snd_cwnd":	144672576,
					"snd_wnd":	11112448,
					"rtt":	196656,
					"rttvar":	1087,
					"pmtu":	1500,
					"omitted":	false,
					"sender":	true
				}],
			"sum":	{
				"start":	0,
				"end":	1.001056,
				"seconds":	1.0010559558868408,
				"bytes":	48234496,
				"bits_per_second":	385468929.81436831,
				"retransmits":	2379,
				"omitted":	false,
				"sender":	true
			}
		}, {
			"streams":	[{
					"socket":	8,
					"start":	1.001056,
					"end":	2.00051,
					"seconds":	0.99945402145385742,
					"bytes":	0,
					"bits_per_second":	0,
					"retransmits":	27325,
					"snd_cwnd":	144207768,
					"snd_wnd":	46940160,
					"rtt":	163031,
					"rttvar":	3025,
					"pmtu":	1500,
					"omitted":	false,
					"sender":	true
				}],
			"sum":	{
				"start":	1.001056,
				"end":	2.00051,
				"seconds":	0.99945402145385742,
				"bytes":	0,
				"bits_per_second":	0,
				"retransmits":	27325,
				"omitted":	false,
				"sender":	true
			}
		}, {
			"streams":	[{
					"socket":	8,
					"start":	2.00051,
					"end":	3.00105,
					"seconds":	1.000540018081665,
					"bytes":	16384000,
					"bits_per_second":	131001256.9525248,
					"retransmits":	33441,
					"snd_cwnd":	143535896,
					"snd_wnd":	63475712,
					"rtt":	115542,
					"rttvar":	8057,
					"pmtu":	1500,
					"omitted":	false,
					"sender":	true
				}],
			"sum":	{
				"start":	2.00051,
				"end":	3.00105,
				"seconds":	1.000540018081665,
				"bytes":	16384000,
				"bits_per_second":	131001256.9525248,
				"retransmits":	33441,
				"omitted":	false,
				"sender":	true
			}
		}, {
			"streams":	[{
					"socket":	8,
					"start":	3.00105,
					"end":	4.00053,
					"seconds":	0.99948000907897949,
					"bytes":	0,
					"bits_per_second":	0,
					"retransmits":	14020,
					"snd_cwnd":	143162312,
					"snd_wnd":	82108416,
					"rtt":	155641,
					"rttvar":	3299,
					"pmtu":	1500,
					"omitted":	false,
					"sender":	true
				}],
			"sum":	{
				"start":	3.00105,
				"end":	4.00053,
				"seconds":	0.99948000907897949,
				"bytes":	0,
				"bits_per_second":	0,
				"retransmits":	14020,
				"omitted":	false,
				"sender":	true
			}
		}, {
			"streams":	[{
					"socket":	8,
					"start":	4.00053,
					"end":	5.004485,
					"seconds":	1.0039550065994263,
					"bytes":	0,
					"bits_per_second":	0,
					"retransmits":	8,
					"snd_cwnd":	5792,
					"snd_wnd":	82108416,
					"rtt":	126790,
					"rttvar":	9971,
					"pmtu":	1500,
					"omitted":	false,
					"sender":	true
				}],
			"sum":	{
				"start":	4.00053,
				"end":	5.004485,
				"seconds":	1.0039550065994263,
				"bytes":	0,
				"bits_per_second":	0,
				"retransmits":	8,
				"omitted":	false,
				"sender":	true
			}
		}, {
			"streams":	[{
					"socket":	8,
					"start":	5.004485,
					"end":	6.000627,
					"seconds":	0.996142029762268,
					"bytes":	7864320,
					"bits_per_second":	63158222.54283832,
					"retransmits":	264,
					"snd_cwnd":	207064,
					"snd_wnd":	82616320,
					"rtt":	74838,
					"rttvar":	1197,
					"pmtu":	1500,
					"omitted":	false,
					"sender":	true
				}],
			"sum":	{
				"start":	5.004485,
				"end":	6.000627,
				"seconds":	0.996142029762268,
				"bytes":	7864320,
				"bits_per_second":	63158222.54283832,
				"retransmits":	264,
				"omitted":	false,
				"sender":	true
			}
		}, {
			"streams":	[{
					"socket":	8,
					"start":	6.000627,
					"end":	7.001047,
					"seconds":	1.0004199743270874,
					"bytes":	0,
					"bits_per_second":	0,
					"retransmits":	15,
					"snd_cwnd":	27512,
					"snd_wnd":	82616320,
					"rtt":	74434,
					"rttvar":	1970,
					"pmtu":	1500,
					"omitted":	false,
					"sender":	true
				}],
			"sum":	{
				"start":	6.000627,
				"end":	7.001047,
				"seconds":	1.0004199743270874,
				"bytes":	0,
				"bits_per_second":	0,
				"retransmits":	15,
				"omitted":	false,
				"sender":	true
			}
		}, {
			"streams":	[{
					"socket":	8,
					"start":	7.001047,
					"end":	8.000511,
					"seconds":	0.999463975429535,
					"bytes":	0,
					"bits_per_second":	0,
					"retransmits":	0,
					"snd_cwnd":	47784,
					"snd_wnd":	82616320,
					"rtt":	66364,
					"rttvar":	489,
					"pmtu":	1500,
					"omitted":	false,
					"sender":	true
				}],
			"sum":	{
				"start":	7.001047,
				"end":	8.000511,
				"seconds":	0.999463975429535,
				"bytes":	0,
				"bits_per_second":	0,
				"retransmits":	0,
				"omitted":	false,
				"sender":	true
			}
		}, {
			"streams":	[{
					"socket":	8,
					"start":	8.000511,
					"end":	9.004486,
					"seconds":	1.0039750337600708,
					"bytes":	3276800,
					"bits_per_second":	26110609.4459563,
					"retransmits":	0,
					"snd_cwnd":	69504,
					"snd_wnd":	82616320,
					"rtt":	65641,
					"rttvar":	151,
					"pmtu":	1500,
					"omitted":	false,
					"sender":	true
				}],
			"sum":	{
				"start":	8.000511,
				"end":	9.004486,
				"seconds":	1.0039750337600708,
				"bytes":	3276800,
				"bits_per_second":	26110609.4459563,
				"retransmits":	0,
				"omitted":	false,
				"sender":	true
			}
		}, {
			"streams":	[{
					"socket":	8,
					"start":	9.004486,
					"end":	10.00107,
					"seconds":	0.99658399820327759,
					"bytes":	0,
					"bits_per_second":	0,
					"retransmits":	0,
					"snd_cwnd":	91224,
					"snd_wnd":	82616320,
					"rtt":	65314,
					"rttvar":	181,
					"pmtu":	1500,
					"omitted":	false,
					"sender":	true
				}],
			"sum":	{
				"start":	9.004486,
				"end":	10.00107,
				"seconds":	0.99658399820327759,
				"bytes":	0,
				"bits_per_second":	0,
				"retransmits":	0,
				"omitted":	false,
				"sender":	true
			}
		}, {
			"streams":	[{
					"socket":	8,
					"start":	10.00107,
					"end":	11.001066,
					"seconds":	0.9999960064888,
					"bytes":	3276800,
					"bits_per_second":	26214504.687918071,
					"retransmits":	0,
					"snd_cwnd":	112944,
					"snd_wnd":	82616320,
					"rtt":	65198,
					"rttvar":	28,
					"pmtu":	1500,
					"omitted":	false,
					"sender":	true
				}],
			"sum":	{
				"start":	10.00107,
				"end":	11.001066,
				"seconds":	0.9999960064888,
				"bytes":	3276800,
				"bits_per_second":	26214504.687918071,
				"retransmits":	0,
				"omitted":	false,
				"sender":	true
			}
		}, {
			"streams":	[{
					"socket":	8,
					"start":	11.001066,
					"end":	12.001073,
					"seconds":	1.0000070333480835,
					"bytes":	0,
					"bits_per_second":	0,
					"retransmits":	0,
					"snd_cwnd":	134664,
					"snd_wnd":	82616320,
					"rtt":	64841,
					"rttvar":	76,
					"pmtu":	1500,
					"omitted":	false,
					"sender":	true
				}],
			"sum":	{
				"start":	11.001066,
				"end":	12.001073,
				"seconds":	1.0000070333480835,
				"bytes":	0,
				"bits_per_second":	0,
				"retransmits":	0,
				"omitted":	false,
				"sender":	true
			}
		}, {
			"streams":	[{
					"socket":	8,
					"start":	12.001073,
					"end":	13.001078,
					"seconds":	1.0000050067901611,
					"bytes":	3145728,
					"bits_per_second":	25165698.000630852,